percentage_bin_center,r=0.0500,r=0.0600,r=0.0700,r=0.0800,r=0.0900,r=0.1000,r=0.1100,r=0.1200,r=0.1300,r=0.1400,r=0.1500,r=0.1600,r=0.1700,r=0.1800,r=0.1900,r=0.2000,r=0.2100,r=0.2200,r=0.2300,r=0.2400,r=0.2500,r=0.2600,r=0.2700,r=0.2800,r=0.2900,r=0.3000,r=0.3100,r=0.3200,r=0.3300,r=0.3400,r=0.3500,r=0.3600,r=0.3700,r=0.3800,r=0.3900,r=0.4000,r=0.4100,r=0.4200,r=0.4300,r=0.4400,r=0.4500,r=0.4600,r=0.4700,r=0.4800,r=0.4900,r=0.5000,r=0.5100,r=0.5200,r=0.5300,r=0.5400,r=0.5500,r=0.5600,r=0.5700,r=0.5800,r=0.5900,r=0.6000,r=0.6100,r=0.6200,r=0.6300,r=0.6400,r=0.6500,r=0.6600,r=0.6700,r=0.6800,r=0.6900,r=0.7000,r=0.7100,r=0.7200,r=0.7300,r=0.7400,r=0.7500,r=0.7600,r=0.7700,r=0.7800,r=0.7900,r=0.8000,r=0.8100,r=0.8200,r=0.8300,r=0.8400,r=0.8500,r=0.8600,r=0.8700
0.05,0.0,0.0,0.0,0.0,0.0,0.0,0.0,0.0,0.0,0.0,0.0,0.0,0.0,0.0,0.0,0.0,0.0,0.0,0.0,0.0,0.0,0.0,0.0,0.0,0.0,0.0,0.0,0.0,0.0,0.0,0.0,0.0,0.0,0.0,0.0,0.0,0.0,0.0,0.0,0.0,0.0,0.0,0.0,0.0,0.0,0.0,0.0,0.0,0.0,0.0,0.0,0.0,0.0,0.0,0.0,0.0,0.0,0.0,0.0,0.0,0.0,0.0,0.0,0.0,0.0,0.0,0.0,0.0,0.0,0.0,0.0,0.0,0.0,0.0,0.0,0.0,0.0,0.0,0.0,0.0,0.0,0.0,0.0
0.15000000000000002,0.0,0.0,0.0,0.0,0.0,0.0,0.0,0.0,0.0,0.0,0.0,0.0,0.0,0.0,0.0,0.0,0.0,0.0,0.0,0.0,0.0,0.0,0.0,0.0,0.0,0.0,0.0,0.0,0.0,0.0,0.0,0.0,0.0,0.0,0.0,0.0,0.0,0.0,0.0,0.0,0.0,0.0,0.0,0.0,0.0,0.0,0.0,0.0,0.0,0.0,0.0,0.0,0.0,0.0,0.0,0.0,0.0,0.0,0.0,0.0,0.0,0.0,0.0,0.0,0.0,0.0,0.0,0.0,0.0,0.0,0.0,0.0,0.0,0.0,0.0,0.0,0.0,0.0,0.0,0.0,0.0,0.0,0.0
0.25,0.0,0.0,0.0,0.0,0.0,0.0,0.0,0.0,0.0,0.0,0.0,0.0,0.0,0.0,0.0,0.0,0.0,0.0,0.0,0.0,0.0,0.0,0.0,0.0,0.0,0.0,0.0,0.0,0.0,0.0,0.0,0.0,0.0,0.0,0.0,0.0,0.0,0.0,0.0,0.0,0.0,0.0,0.0,0.0,0.0,0.0,0.0,0.0,0.0,0.0,0.0,0.0,0.0,0.0,0.0,0.0,0.0,0.0,0.0,0.0,0.0,0.0,0.0,0.0,0.0,0.0,0.0,0.0,0.0,0.0,0.0,0.0,0.0,0.0,0.0,0.0,0.0,0.0,0.0,0.0,0.0,0.0,0.0
0.35000000000000003,0.0,0.0,0.0,0.0,0.0,0.0,0.0,0.0,0.0,0.0,0.0,0.0,0.0,0.0,0.0,0.0,0.0,0.0,0.0,0.0,0.0,0.0,0.0,0.0,0.0,0.0,0.0,0.0,0.0,0.0,0.0,0.0,0.0,0.0,0.0,0.0,0.0,0.0,0.0,0.0,0.0,0.0,0.0,0.0,0.0,0.0,0.0,0.0,0.0,0.0,0.0,0.0,0.0,0.0,0.0,0.0,0.0,0.0,0.0,0.0,0.0,0.0,0.0,0.0,0.0,0.0,0.0,0.0,0.0,0.0,0.0,0.0,0.0,0.0,0.0,0.0,0.0,0.0,0.0,0.0,0.0,0.0,0.0
0.45,0.0,0.0,0.0,0.0,0.0,0.0,0.0,0.0,0.0,0.0,0.0,0.0,0.0,0.0,0.0,0.0,0.0,0.0,0.0,0.0,0.0,0.0,0.0,0.0,0.0,0.0,0.0,0.0,0.0,0.0,0.0,0.0,0.0,0.0,0.0,0.0,0.0,0.0,0.0,0.0,0.0,0.0,0.0,0.0,0.0,0.0,0.0,0.0,0.0,0.0,0.0,0.0,0.0,0.0,0.0,0.0,0.0,0.0,0.0,0.0,0.0,0.0,0.0,0.0,0.0,0.0,0.0,0.0,0.0,0.0,0.0,0.0,0.0,0.0,0.0,0.0,0.0,0.0,0.0,0.0,0.0,0.0,0.0
0.55,0.0,0.0,0.0,0.0,0.0,0.0,0.0,0.0,0.0,0.0,0.0,0.0,0.0,0.0,0.0,0.0,0.0,0.0,0.0,0.0,0.0,0.0,0.0,0.0,0.0,0.0,0.0,0.0,0.0,0.0,0.0,0.0,0.0,0.0,0.0,0.0,0.0,0.0,0.0,0.0,0.0,0.0,0.0,0.0,0.0,0.0,0.0,0.0,0.0,0.0,0.0,0.0,0.0,0.0,0.0,0.0,0.0,0.0,0.0,0.0,0.0,0.0,0.0,0.0,0.0,0.0,0.0,0.0,0.0,0.0,0.0,0.0,0.0,0.0,0.0,0.0,0.0,0.0,0.0,0.0,0.0,0.0,0.0
0.6500000000000001,0.0,0.0,0.0,0.0,0.0,0.0,0.0,0.0,0.0,0.0,0.0,0.0,0.0,0.0,0.0,0.0,0.0,0.0,0.0,0.0,0.0,0.0,0.0,0.0,0.0,0.0,0.0,0.0,0.0,0.0,0.0,0.0,0.0,0.0,0.0,0.0,0.0,0.0,0.0,0.0,0.0,0.0,0.0,0.0,0.0,0.0,0.0,0.0,0.0,0.0,0.0,0.0,0.0,0.0,0.0,0.0,0.0,1.2500156251953151e-05,1.2500140626582052e-05,1.2500140626582052e-05,1.2500140626582052e-05,1.2500125001250015e-05,2.5000218751914082e-05,2.5000187501406265e-05,2.500015625097657e-05,3.750023437646486e-05,3.750023437646486e-05,3.750023437646486e-05,3.7500187500937516e-05,3.7500187500937516e-05,3.7500187500937516e-05,3.7500187500937516e-05,3.7500187500937516e-05,3.7500187500937516e-05,3.7500187500937516e-05,3.7500187500937516e-05,3.7500187500937516e-05,3.7500187500937516e-05,3.7500187500937516e-05,3.7500187500937516e-05,3.7500187500937516e-05,3.7500187500937516e-05,3.7500187500937516e-05
0.75,0.0,0.0,0.0,0.0,0.0,0.0,0.0,0.0,0.0,0.0,0.0,0.0,0.0,0.0,0.0,0.0,0.0,0.0,0.0,0.0,0.0,0.0,0.0,0.0,0.0,0.0,0.0,0.0,0.0,0.0,0.0,0.0,0.0,0.0,0.0,0.0,0.0,0.0,0.0,0.0,0.0,0.0,1.2500562525313642e-05,1.2500468767578786e-05,2.5000875030626077e-05,3.7501125033751025e-05,5.0001437541329324e-05,5.000125003125079e-05,5.000106252257861e-05,6.250132815322328e-05,6.250132815322328e-05,6.250109376914097e-05,7.500121876980503e-05,7.50010312641799e-05,7.50010312641799e-05,7.500093751171891e-05,0.00010000125001562521,8.750109376367207e-05,0.00010000112501265642,0.00010000112501265642,0.00011250126563923846,0.00011250112501125013,0.00011250098438361337,0.00011250084375632819,0.00011250070312939458,0.00011250070312939458,0.00011250070312939458,0.00012500078125488287,0.00012500062500312505,0.00012500062500312505,0.00012500062500312505,0.00012500062500312505,0.00012500062500312505,0.00012500062500312505,0.00012500062500312505,0.00012500062500312505,0.00012500062500312505,0.00012500062500312505,0.00012500062500312505,0.00012500062500312505,0.00012500062500312505,0.00012500062500312505,0.00012500062500312505
0.8500000000000001,0.0,0.0,0.0,0.0,0.0,0.0,0.0,0.0,0.0,0.0,0.0,0.0,0.0,0.0,0.0,0.0,0.0,0.0,0.0,0.0,0.0,0.0,0.0,0.0,0.0,0.0,0.0,0.0,0.0,0.0,0.0,0.0,0.0,0.0,1.2501422036756684e-05,1.250118761282322e-05,3.750318777096054e-05,5.000393781010255e-05,5.0003625262831564e-05,6.25041408993346e-05,6.250375022501352e-05,7.500393770672962e-05,6.250281262656821e-05,8.75032813730515e-05,0.00010000350012250431,0.00010000300009000272,0.00010000287508265865,0.00011250281257031427,0.00011250239067580188,0.00010000212504515722,0.00011250239067580188,0.00013750240629211016,0.00017500284379621172,0.00020000275003781307,0.00020000275003781307,0.00021250265628320358,0.00021250265628320358,0.00022500281253515672,0.0002250025312784769,0.0002625029531582231,0.0002750030937848051,0.0003125031250312504,0.0003250028437748831,0.0003375025312689846,0.00033750210938818373,0.00033750210938818373,0.0003625022656391603,0.00035000218751367204,0.0003500017500087501,0.0003500017500087501,0.0003625018125090626,0.0003625018125090626,0.0003750018750093751,0.0003750018750093751,0.0003750018750093751,0.0003750018750093751,0.0003750018750093751,0.0003750018750093751,0.0003750018750093751,0.0003750018750093751,0.0003750018750093751,0.0003750018750093751,0.0003750018750093751
0.95,0.0,0.0,0.0,0.0,0.0,0.0,0.0,0.0,0.0,0.0,0.0,0.0,0.0,0.0,0.0,0.0,0.0,0.0,0.0,0.0,0.0,0.0,0.0,0.0,0.0,0.0,0.0,0.0,0.0,1.2502500500100022e-05,3.750675121521875e-05,5.0008063800287806e-05,5.000718853335168e-05,6.25078134766846e-05,6.250711018378342e-05,8.750831328976254e-05,7.500637554192108e-05,8.750689116767947e-05,0.00011250815684137101,0.00010000662543893535,0.00010000600036002161,0.0001375072191290043,0.00020000900040501827,0.0001875070315136818,0.00020000700024500861,0.00023750712521375644,0.00030000862524797594,0.00033750843771094283,0.00037500796891933963,0.0004000085001806289,0.0004250090314419182,0.0004625080938916432,0.00046250751574713095,0.000475006531339806,0.000512507046971896,0.000575007187589845,0.0006125076563457044,0.0006625082813535171,0.0007000078750885949,0.0007625085782215051,0.0008250092813544154,0.000800008000080001,0.0008375073281891219,0.0008750065625492192,0.0009125057031606449,0.001000006250039063,0.001000006250039063,0.0010250064062900396,0.0010750053750268754,0.001087505437527188,0.0011000055000275003,0.0011250056250281255,0.001112505562527813,0.0011375056875284379,0.001162505812529063,0.0011750058750293754,0.0011750058750293754,0.001187505937529688,0.001187505937529688,0.0012000060000300005,0.0012000060000300005,0.0012000060000300005,0.0012000060000300005
1.05,0.0,0.0,0.0,0.0,0.0,0.0,0.0,0.0,0.0,0.0,0.0,0.0,0.0,0.0,0.0,0.0,0.0,0.0,0.0,0.0,0.0,0.0,0.0,0.0,0.0,1.2503641685640932e-05,3.7510080834224166e-05,5.001269072027023e-05,6.251453462930126e-05,6.251250250050005e-05,6.251125202536451e-05,7.501209570043163e-05,0.00010001437706670325,0.00010001250156269524,0.00010001137629405336,0.00015001425135387848,0.00016251381367416215,0.00018751476678788436,0.00025001812631415756,0.00031252070449667264,0.0003750225013500807,0.00037501968853364767,0.00041251856333534973,0.00046251734440041456,0.00053751881315846,0.000612518375551266,0.0007375212037346066,0.0008000200005000118,0.0009500201879289927,0.0010875231098660836,0.0012375262974338194,0.0013500236254134436,0.0015000243753960987,0.0017250237190761359,0.0019375266409913119,0.0020250253128164084,0.002175027187839846,0.0023000287503593775,0.0024750278440632436,0.002562528828449318,0.002600029250329064,0.0027125271252712506,0.0028250247189662886,0.00288752165641242,0.0029875186719916973,0.003025018906368162,0.0031000193751210916,0.0032250201563759746,0.003287516437582185,0.0033500167500837476,0.0033500167500837476,0.0033625168125840602,0.003387516937584685,0.003387516937584685,0.0034250171250856227,0.0034375171875859352,0.00346251731258656,0.0034500172500862474,0.0034750173750868725,0.00346251731258656,0.00346251731258656,0.00346251731258656,0.00346251731258656
1.1500000000000001,0.0,0.0,0.0,0.0,0.0,0.0,0.0,0.0,0.0,0.0,0.0,0.0,0.0,0.0,0.0,0.0,0.0,0.0,0.0,0.0,0.0,1.2504454711991136e-05,3.7512566709847767e-05,5.001594258169787e-05,6.25188337986818e-05,6.251820842820467e-05,6.251680139037361e-05,7.501903608040534e-05,0.000100023255406882,8.751750350070007e-05,0.00012502250405072902,0.00015002419140086327,0.00018752695700006858,0.00028753594199274884,0.0003375383949924301,0.00033753206554622663,0.0004125350654805655,0.00046253642474344814,0.0005250380652597308,0.0007000463780725468,0.0008125487529251747,0.0010125531590408489,0.0011875534399047947,0.0014625548458067164,0.0018000630022050755,0.0020125603768113027,0.00221256361120382,0.0025125628140703496,0.0026625565793273083,0.002912561891940201,0.003162567204553094,0.003375059063533609,0.0036375591103355396,0.0037375513913316272,0.00397505465700153,0.004150051875648442,0.004275053438167973,0.004450055625695317,0.0045625513287024435,0.0048000540006075025,0.005137557797525218,0.0052375523755237505,0.00538754714103748,0.005550041625312185,0.005700035625222653,0.005862536640854,0.005975037343983395,0.006037537734610836,0.006100030500152495,0.006187530937654682,0.006262531312656558,0.0063625318126590575,0.006412532062660308,0.006462532312661557,0.0064500322501612455,0.006462532312661557,0.006487532437662182,0.00652503262516312,0.00652503262516312,0.006550032750163745,0.006550032750163745,0.006562532812664058,0.006562532812664058
1.25,0.0,0.0,0.0,0.0,0.0,0.0,0.0,0.0,0.0,0.0,0.0,0.0,0.0,0.0,0.0,0.0,0.0,0.0,1.2505267844079337e-05,2.500962870705225e-05,5.001825666368231e-05,5.001781884796466e-05,3.751256670984785e-05,5.0015942581697984e-05,7.502260055841832e-05,8.752549179948673e-05,0.000100026882224598,0.000150038072160811,0.00017504069696204394,0.00031256251250250095,0.00031255626012682326,0.00036255846255208704,0.00041255930540015184,0.0004750593824228035,0.0006875782120216184,0.00085008075767198,0.0011125945705384973,0.0013501063208727704,0.0017626277905148145,0.001987631680598842,0.002350141008460511,0.002562634538313265,0.0029876344435499635,0.003200120004500173,0.0034501207542264023,0.003850115503465109,0.004112618237774342,0.004400110002750074,0.004937604924104644,0.005187610236717537,0.005600119002528812,0.006062606095606681,0.0065376062361013456,0.006975095907568738,0.007350101063889639,0.007825097813722683,0.008275103438792996,0.008562607032587918,0.008850099563620102,0.009087602235525162,0.009275104344923893,0.009800098000980022,0.010237589578908829,0.010587579406845566,0.010975068594178728,0.011075069219182634,0.011275070469190449,0.011450071562947285,0.01161255806279033,0.011737558687793455,0.011900059500297518,0.011962559812799079,0.012075060375301892,0.012200061000305018,0.012325061625308142,0.012387561937809705,0.01241256206281033,0.012437562187810955,0.012437562187810955,0.012425062125310643,0.012450062250311268,0.01246256231281158,0.01246256231281158
1.35,0.0,0.0,0.0,0.0,0.0,0.0,0.0,0.0,0.0,0.0,0.0,0.0,0.0,0.0,0.0,0.0,1.2506128002721322e-05,3.751674184604877e-05,5.002107137631723e-05,5.0019257414104386e-05,5.00182566636822e-05,7.502672827194681e-05,8.752932232297813e-05,0.00010003188516339574,0.00013754143435709996,0.00021256190865589586,0.00031258400695186804,0.0003125793170016889,0.00037508720777580754,0.00043758751750350036,0.0006751215218739367,0.0008751411165050357,0.0011251617420004116,0.0014626828353544179,0.0017877033512562037,0.002200209019856884,0.002412705079931792,0.002875226424080894,0.003137727485242677,0.003537734374902334,0.0038752325139508334,0.004375229699559223,0.00478771544719512,0.005487705788967082,0.00620021700759526,0.006787703631108927,0.007550217068740719,0.008162704067601683,0.008562681956991579,0.00942520028550606,0.010300218879651183,0.01086269009707669,0.011612688706191464,0.01248767170548594,0.013425184596288187,0.014137676720959,0.014937686721084,0.015675195939949236,0.016400184502075636,0.01711269251779081,0.017525197158468016,0.017875178751787502,0.018337660454528962,0.018775140813556086,0.0189751185944912,0.01960012250076561,0.020037625235157702,0.02056262851642821,0.02093760468802342,0.021187605938029673,0.021375106875534358,0.021637608188040922,0.02186260931304655,0.021912609563047795,0.021837609188045923,0.02198760993804967,0.022012610063050296,0.022112610563052797,0.022137610688053422,0.022200111000554985,0.022187610938054672,0.02217511087555436,0.02217511087555436
1.4500000000000002,0.0,0.0,0.0,0.0,0.0,0.0,0.0,0.0,0.0,0.0,0.0,0.0,0.0,0.0,2.5014351984451115e-05,5.00273274276074e-05,5.0024512010885405e-05,3.751674184604885e-05,5.002107137631735e-05,8.753370047468287e-05,6.252282082960289e-05,0.0001375490018319028,0.00017505864464595664,0.00027508768419933887,0.0003125941689934097,0.0003375983255123059,0.0004251142494545415,0.0006751713247236495,0.000937718019439521,0.0012377475495099037,0.0016377948030645538,0.002087836663662018,0.0023753414553342074,0.0027878484810601365,0.0031128540871524176,0.0035003325315905057,0.004037843216673422,0.004550358340719338,0.005225378839965904,0.005962895041796527,0.006975418525111516,0.00767540295865534,0.008287872954282955,0.009437853919521995,0.01027535963758733,0.011675350260507832,0.013112876995213631,0.014362859071476806,0.015637832303936477,0.016587852491865476,0.017375369226596087,0.018587825286942545,0.019850322567741753,0.021075289785234576,0.02193780164477264,0.023025287816097733,0.023775297191214923,0.02498781234765438,0.025787790112638802,0.02673780080025904,0.027975314722290662,0.02927529275292757,0.030212764361688207,0.03113773353300154,0.03227520172001079,0.03288770554815972,0.033300208126300836,0.03337520859505377,0.033737668688343485,0.03410017050085255,0.03442517212586067,0.034775173875869425,0.034925174625873176,0.0351501757508788,0.03537517687588442,0.03540017700088505,0.03552517762588817,0.035512677563387864,0.03563767818839099,0.035675178375891924,0.035825179125895674,0.03583767918839599,0.03585017925089631
1.55,0.0,0.0,0.0,0.0,0.0,0.0,0.0,0.0,0.0,0.0,0.0,1.2508349323173208e-05,2.5015947666637458e-05,5.0030518616355936e-05,3.752152797667659e-05,2.5013663713803643e-05,6.253064001360662e-05,8.753906430744713e-05,7.503160706447584e-05,0.00012504814353526096,0.0002250821549865699,0.0002500890942398227,0.00032510891148534733,0.0003501115980718851,0.0006126845712270815,0.0008752549179948652,0.0011878192264170985,0.0016129092757287146,0.0020754825496928017,0.0024129825965193016,0.0027129883379008197,0.003200516083218416,0.0036880301543346823,0.004288036004500558,0.005038073080812938,0.005938064116091023,0.006950590800218013,0.007663103469398208,0.0087256326083641,0.00981315012119552,0.011138168290097396,0.01300068253583312,0.01488816996764853,0.0157255897096141,0.017175601146040095,0.018850565516965494,0.020425587235633005,0.02211305282632064,0.023900507885792552,0.025525542417776353,0.02780059076255368,0.029800521509126383,0.031450511070804876,0.03302545409999385,0.035137983147268244,0.03685046063075785,0.03856298203727543,0.0400380004750059,0.042212974895967544,0.044000495005568775,0.04532550991198647,0.04660046600466,0.04772541759740393,0.04910036825276185,0.049537809611310026,0.05035031468946676,0.05097531859574118,0.051925324533278285,0.05252526262631309,0.05315026575132871,0.05366276831384152,0.05372526862634309,0.05388776943884715,0.05410027050135246,0.05435027175135871,0.0545377726888634,0.05462527312636559,0.054737773688868396,0.05466277331386652,0.05475027375136871,0.054687773438867146,0.05470027350136746,0.05470027350136746
1.6500000000000001,0.0,0.0,0.0,0.0,0.0,0.0,0.0,0.0,0.0,1.250924120193792e-05,2.5017574846329525e-05,3.752504796951962e-05,3.752392149995619e-05,2.5015259308177968e-05,6.253587996112764e-05,8.754782299831276e-05,7.503676801632793e-05,0.0001250558061534959,0.00022509482119342753,0.0002500962870705219,0.0003251186683139343,0.00040014255078371636,0.000637713634067412,0.001012822837279382,0.0013128955097723178,0.001800524402732294,0.002188088048663076,0.002588156744773984,0.003075715103761622,0.003525705141028202,0.0042507651377247865,0.005075818475729207,0.006238396769535615,0.007113389173646699,0.008025912947597783,0.009300883583940467,0.010925928703939826,0.013013524815079176,0.014576056764115384,0.015976058413869905,0.01780106806408383,0.019688533648016503,0.021475966418488812,0.023963398627448507,0.02693844284549957,0.02947588427652827,0.03166341032304676,0.03461336533413332,0.03712578892301458,0.04043835931513541,0.04298841350378692,0.045500796263934586,0.04780077676262235,0.04972568372815122,0.05170071088477462,0.053813172664658265,0.056488206102576224,0.058638232977912166,0.06035067894513808,0.06221319989849881,0.06398821986747345,0.06573815738157376,0.06721308811452094,0.06838801291009676,0.07065044156525972,0.07197544984656147,0.07361296008100045,0.07502546890918062,0.0759503797518987,0.07661288306441526,0.07725038625193119,0.07793788968944837,0.078362891814459,0.07862539312696556,0.07895039475197368,0.079162895814479,0.07938789693948463,0.07963789818949088,0.07978789893949463,0.07981289906449525,0.07983789918949588,0.07983789918949588,0.07983789918949588
1.75,0.0,0.0,0.0,0.0,0.0,0.0,0.0,1.2509992356394688e-05,2.5019170939732606e-05,3.752772360581385e-05,3.752636226949437e-05,2.5016698646346473e-05,6.253986916659378e-05,8.755340757862308e-05,6.253587996112778e-05,0.00011256148671211664,0.00020009804804354162,0.0002501116123069923,0.000300126428257904,0.000400154059312836,0.0006627419007937906,0.001000356376959293,0.001462990101684066,0.00186309386116825,0.0022506780167525497,0.0026257647539846014,0.00323837031202136,0.0038259708401006806,0.004651081376420024,0.005913682736547317,0.006876237722790111,0.007963784160195842,0.009288835270070085,0.011501437679709979,0.013426527267476694,0.014701396632680126,0.016613912182535537,0.018738975694335955,0.021076528048283527,0.023739072713567306,0.026751605096305815,0.029426544893606955,0.033238995754809014,0.03672637723914652,0.0404139144870071,0.043588807664229984,0.04668884230421631,0.04960124003100084,0.052863623351996306,0.056413698791099386,0.05983877157389603,0.06278859880047909,0.06632607779876432,0.07035096732580082,0.07411351906088719,0.07712596407455104,0.08018850235627956,0.08315103938799245,0.08671347552659979,0.08948850674570101,0.09246354021482754,0.09510095100951023,0.09821335936689458,0.1009132568494265,0.10270064187901189,0.10487565547284686,0.10655066594166228,0.1079131744573405,0.10915054575272891,0.11026305131525672,0.11101305506527546,0.11155055775278891,0.11251306256531297,0.11311306556532798,0.11346306731533672,0.11378806894034485,0.11402557012785078,0.11406307031535172,0.1142380711903561,0.11418807094035485,0.1142380711903561,0.11428807144035735,0.11435057175285891
1.85,0.0,0.0,0.0,0.0,0.0,1.2510634038933081e-05,2.502082984084248e-05,3.752997706918398e-05,3.7528756409598826e-05,2.501848240387584e-05,5.003514969265905e-05,8.755844526221245e-05,3.752392149995619e-05,0.00011256866688680084,0.00018760763988338291,0.0002376298052811346,0.0002876409440625904,0.00037516741846048765,0.0005877475886717275,0.0009378610765144572,0.0013880066224171812,0.0018381548426626968,0.0022007372469777355,0.0025883250286028647,0.003138445456693826,0.0039261434892912525,0.005001344111229889,0.00623908316735371,0.007026633692333462,0.008514202840568105,0.010776939849172842,0.012764558285023448,0.014277052326271888,0.0160895111888986,0.018714628789024735,0.021639555757796972,0.024539585864798485,0.02763967662453416,0.031564788447162394,0.035327340436303874,0.039327359641578456,0.04346478190104977,0.046464590906590754,0.05042689100841277,0.054676913691979176,0.05901427042811279,0.06412684364675479,0.06965174129353227,0.07448908289301141,0.07875167347306122,0.08387678238162553,0.08927656233984087,0.09483904113441834,0.09978887209699125,0.10422643311345522,0.10897636220452747,0.1129889123614044,0.11730146626832824,0.1208138591559154,0.12455140120326343,0.12880144901630133,0.13210132101321,0.13565118694788567,0.13851353885154125,0.1405883786773666,0.14292589328683292,0.1450884068025424,0.14728842055262834,0.1490132450662252,0.15036325181625895,0.15155075775378865,0.1533007665038324,0.1539382696913483,0.1547382736913683,0.15526327631638143,0.15550077750388738,0.15576327881639393,0.1562007810039049,0.15643828219141082,0.15668828344141705,0.15677578387891924,0.1568257841289205,0.15680078400391986
1.9500000000000002,0.0,0.0,0.0,1.2511354053803846e-05,3.753288819327941e-05,3.753190211679933e-05,3.75312447612638e-05,2.5019984712789376e-05,3.75287564095989e-05,6.254620600968974e-05,5.0035149692659165e-05,0.00010006679458538589,0.00016260365983314384,0.0002001220744654242,0.00022512916786006,0.00027515030085184067,0.000537763504117018,0.0008378739012284243,0.0012380215165638541,0.0017506740094936574,0.002100766779874657,0.0025008909423982328,0.0029509885811746977,0.0038512275787907445,0.004963995403615346,0.006176798992706634,0.0072144388804491295,0.008864749430167917,0.011565188906420758,0.01321514302860574,0.014840171230821568,0.01756533240985111,0.02075298324134097,0.023802975371921522,0.02691556164513717,0.031390482095799144,0.035515518819099666,0.04002815221698714,0.043290638571296475,0.04809068600794809,0.05239064343860639,0.05739051300193267,0.0635403593161693,0.07012762978611707,0.07552764346752146,0.08271498144944359,0.08960257607406226,0.09640241006025163,0.10315219198407981,0.10985233436210534,0.11563995734909381,0.12217713809991691,0.1279270788150309,0.1340018425253349,0.13933941591696905,0.14573932174152196,0.1518893986174829,0.15640195502443802,0.16178932012985167,0.16730188214617436,0.1718019327717439,0.1766767667676679,0.17975157282626247,0.18340137551031657,0.18831367696048126,0.19121369508559455,0.19408871305445685,0.19582622391389973,0.1984384921924612,0.20108850544252746,0.20265101325506654,0.20316351581757935,0.20425102125510652,0.20501352506762563,0.20552602763013844,0.20597602988014968,0.20635103175515906,0.20647603238016218,0.206588532942665,0.20673853369266876,0.20687603438017219,0.2068885344426725,0.2069010345051728
2.05,1.2511886291977368e-05,1.2511698438039555e-05,3.753453176922766e-05,3.753406216141145e-05,2.5021925462186218e-05,2.5021268077866163e-05,3.7531244761263724e-05,6.25499617819733e-05,6.254792734933137e-05,6.254620600968961e-05,0.00012508787423164762,0.0001751168905244249,0.00023765150283305587,0.00025015259308177966,0.0003877224557589914,0.0007253962477003056,0.0009504657282068205,0.0014756585126112513,0.0017882533017033408,0.0022508665836346972,0.002751004116502521,0.0035262562287815,0.004726583405440818,0.005814353325122377,0.0070521244524913065,0.008790060105005574,0.011190507448876877,0.01289077103314965,0.01535356970495639,0.018291158231646315,0.02124132343821886,0.025041537947994092,0.029341717871944065,0.03357919739967493,0.038641895515614866,0.042391527195083496,0.047066500652555424,0.052341621902724796,0.058441737025934325,0.06502930819166765,0.07125427525651533,0.07919165756202193,0.08764144386497386,0.09570358888458308,0.10362862700194497,0.11144084322529667,0.11946593464562096,0.12756568914222843,0.13599038979578304,0.14469057467471172,0.1524407393657114,0.1603903068303694,0.16881524324770264,0.17582741762699222,0.18436503501923132,0.1914648933111662,0.19770247128089083,0.20471505893823655,0.2099523619640719,0.21596492960545788,0.21996497460596415,0.22465224652246504,0.22975201033009016,0.23426425698192715,0.23836398977493586,0.24192651204070004,0.24566403540022103,0.2485640535253343,0.2500012500062498,0.2514137570687851,0.25310126550632733,0.2543887719438595,0.255488777443887,0.25626378131890637,0.25705128525642607,0.25793878969394823,0.2580637903189514,0.258488792443962,0.25861379306896515,0.25893879469397324,0.25896379481897386,0.25900129500647484,0.25902629513147546
2.1500000000000004,3.7535658875932104e-05,3.753509531411867e-05,2.5023021179485104e-05,2.502270810760763e-05,3.753288819327933e-05,5.0042536155732326e-05,6.25520746021062e-05,3.752997706918398e-05,0.00011258626922879645,0.0001751293768271309,0.0002251581736169657,0.00020013358917077132,0.0003126993458329682,0.0005503357047799153,0.000875502319455787,0.001250683185690182,0.001663315024361936,0.001975881737225235,0.002613600979412575,0.0032137372888562067,0.004176524431417463,0.005464446709140126,0.006352127962867555,0.008215118569043877,0.010690720579574587,0.01235359798541324,0.015079052495358115,0.018292141630938834,0.021242438867036566,0.025267553510702118,0.030167930227440912,0.03488062450070071,0.03909311963594763,0.0439679959994999,0.04943062273333587,0.055655287252288924,0.06303035758039428,0.06983049915180814,0.07853069347527689,0.08753079891542807,0.09663079784787078,0.10505551541455917,0.1142051392312653,0.12364213658012164,0.13491722210277346,0.14452933588007627,0.15551697111291934,0.16564164104102588,0.17619124406393621,0.18659146506863253,0.19610416721355312,0.20469108209393647,0.2123034499310612,0.2214155444637362,0.22990316116846585,0.23767797097463697,0.24467805847573074,0.25140314253928153,0.25899041364215325,0.2646529773459949,0.27247806537823527,0.27831528315283127,0.28335247933419394,0.28818966142246044,0.29243932774579817,0.2960393502459388,0.29882686766792266,0.3010393814961341,0.3039140195700976,0.30517652588262917,0.30647653238266165,0.3085390426952132,0.309451547257736,0.31050155250776224,0.31130155650778224,0.3117640588202938,0.3123890619453094,0.3126015630078148,0.31310156550782725,0.31292656463282287,0.31308906544532694,0.31330156650783225,0.31341406707033503
2.25,1.2511886291977368e-05,2.502339687607911e-05,3.753453176922766e-05,5.004541621521526e-05,6.255481365546555e-05,3.753190211679925e-05,0.00010008331936336992,0.00015011990827673593,0.0002001533675178604,0.00020014785923100673,0.0002376669610401305,0.0003877588290183694,0.0006379066654992552,0.0009380722240566737,0.0014133108871214849,0.0016509018051110405,0.0021260417604626247,0.0026261719292234136,0.0035014749963422063,0.004664295753865234,0.005639558438830169,0.0071900614593949025,0.009928325989206375,0.01161620266459933,0.013754143435709996,0.01720501095944192,0.020355470532705647,0.02475628190653376,0.02953186615888191,0.035082016403280625,0.039444600028005004,0.04423213243135452,0.05096982691261864,0.05836979622452801,0.06524492160983307,0.07461958886094172,0.0836821129796032,0.0932323420469361,0.10316997982353712,0.11281997432329881,0.12331989919395153,0.13594463709344728,0.14730662879829579,0.15961848569321335,0.17164350752276314,0.1844805344160323,0.1958806315681574,0.20659266481662023,0.21784212914524415,0.2286173581188598,0.2391675823111239,0.24921686129507245,0.2610417419283061,0.2712787300825384,0.2796413450684944,0.2872285903573792,0.29420367754596904,0.30157876973462144,0.3077284619451966,0.31362852832094334,0.3186535848528293,0.3232907329073288,0.3287903769157977,0.33349000117500854,0.3364271026693914,0.3406896293101829,0.343789648685304,0.3475396721229505,0.3498267491337454,0.3525142625713126,0.3549142745713726,0.35591427957139754,0.35693928469642316,0.35772678863394286,0.3584642923214613,0.3592267961339804,0.35986429932149633,0.3601893009465044,0.360451802259011,0.3607768038840191,0.3607893039465194,0.3607768038840191,0.36068930344651695
2.3500000000000005,5.004754516790947e-05,5.004679375215822e-05,6.255755294871277e-05,3.753406216141145e-05,5.0043850924372436e-05,0.00012510634038933084,0.00011259373428379114,0.0001876498853459199,0.00017513419657812785,0.0002877125476445722,0.00048784270950342573,0.000788026007359912,0.0011882575141652794,0.001538438447452945,0.001751004638911574,0.002388804884668248,0.0030139768486558386,0.003964269055065819,0.005114654548228436,0.0063274360628842044,0.008490599068660053,0.010766335507024369,0.01217907999179724,0.015792533870171103,0.01865562000552665,0.023019204343264956,0.027920003500940854,0.03355851547330132,0.03808385449617033,0.04349619923984793,0.0505215938868996,0.05859694875798717,0.06703463622895785,0.07595949493686704,0.08672236466898102,0.09633415174441563,0.10678407664651486,0.11843432670322777,0.13099699728230285,0.14339700005125328,0.1570844250655038,0.17115898584675682,0.18368326574695848,0.19659487230771136,0.21044486557029476,0.22428172845185337,0.2364942992111021,0.25104377609440215,0.2630180891343939,0.27440583112391115,0.2851185587693736,0.2952801674029293,0.30284242118934407,0.31056677029309127,0.31961689473230226,0.3276165952074398,0.33686671083388514,0.3451543144289301,0.3523664641227211,0.35794152684217667,0.3627540809834108,0.36956619566195625,0.3736657695754834,0.3780403353025144,0.3822773892336824,0.38602741267132884,0.3885024281401755,0.3909524434527712,0.3933019665098322,0.3961144805724025,0.3967269836349178,0.3982019910099547,0.3994269971349853,0.39995199975999846,0.40025200126000593,0.40087700438502155,0.4012270061350303,0.4015270076350378,0.4017145085725425,0.4019520097600484,0.4022270111350553,0.40227701138505656,0.4023520117600584
2.45,5.0047545167909694e-05,3.753509531411883e-05,3.7534531769227824e-05,0.00011260218648423485,0.00012510962731093165,0.00018765951058399708,0.000212677053647162,0.00021266987005871013,0.00033775880768639093,0.0005754250952891469,0.0008756151196215372,0.0012008015350246331,0.0014259090169983415,0.0018136062998429106,0.0024138849664995378,0.002976625981942647,0.004089503856889891,0.005139793632908704,0.006577770885985745,0.009141019292427617,0.010941493645180529,0.013692377909630354,0.01730579744214318,0.02086915204221353,0.025995331093492006,0.031284111497473746,0.03590965071863076,0.041385501571023796,0.04887386317318794,0.05681136227245469,0.06612440239243088,0.07589973883288707,0.08601236427736518,0.0965995749468687,0.10906240584866567,0.1219365839754781,0.13462394303515846,0.1492617543631566,0.163586860047354,0.17758676512319002,0.19138648318899204,0.20523577487818184,0.22148496682350785,0.2366588747078024,0.25163380718325234,0.2658829764892956,0.2788580171679946,0.2893572339308493,0.30053138629195975,0.31140661739062064,0.3234818739898234,0.33470585735250485,0.34460559984099864,0.35442987341076065,0.3619299765371787,0.3695046188077364,0.37631720396505086,0.3833922924036564,0.3887793737679563,0.39410443367488024,0.3987919864098485,0.4023790237902394,0.4072160631405539,0.41082808121061054,0.4145775911099459,0.41876511728198446,0.42141513384458806,0.4232026450165329,0.42498962494812625,0.4247271236356197,0.42576462882314564,0.4263021315106591,0.42718963594818127,0.4280271401357022,0.42911464557322937,0.429577147885741,0.43025215126075783,0.4306146530732669,0.43087715438577345,0.4310396551982775,0.4311021555107791,0.430977154885776,0.4311021555107791
2.55,6.255943145988684e-05,0.000112605285942356,0.00012511510589742554,0.00017515895675325344,0.00020017540369748974,0.0001876595105839962,0.00021267705364716108,0.00047537970954299706,0.0006630080299029126,0.0009131746077414681,0.0012758963171628057,0.0015510353160734776,0.002001275813330997,0.0024890183011637076,0.0032768801099630884,0.004514966300341558,0.005215055377134792,0.007390798143671606,0.009816635257602256,0.011091770331577648,0.014930449614109137,0.01783135241929936,0.0224075065146824,0.02734621660654331,0.03297243294542478,0.03766096875715049,0.045387197809411244,0.0533760441712084,0.0627520898608926,0.07322714542908576,0.08371506871236815,0.09465276275799464,0.107515455346706,0.12224028003500427,0.13510286795122933,0.15011426085478108,0.166451648390113,0.18080173813687814,0.19590170287345815,0.21257658319863673,0.22855121307278414,0.24455033889279165,0.2598366926511691,0.27421028288560795,0.28652252828848984,0.2994214826444791,0.3149215539946771,0.3288582214555361,0.33979472063781324,0.3505824498770596,0.36009515202198017,0.37043148255094427,0.3781936456467414,0.38509279502593124,0.3918553880115848,0.3992049900623754,0.40629257865723284,0.40930511631395355,0.4154796741463338,0.4214047408033337,0.4286298220854981,0.43342933429334257,0.4371288248772173,0.4398032985247386,0.4410027562672263,0.44175276095475563,0.44521528259551585,0.44722779517371947,0.4483022415112072,0.45038975194875935,0.4531522657613284,0.45465227326136587,0.454777273886369,0.4554897774488868,0.4560522802614009,0.45657728288641397,0.45700228501142465,0.4566647833239162,0.45680228401141965,0.45682728413642026,0.4568647843239212,0.4570647853239262,0.4568897844489218
2.6500000000000004,0.0001126069766277963,0.00016265207969451423,0.00018767265884613827,0.00013762489459184197,0.00021268636642858286,0.000312765850973327,0.0005379478415781133,0.0006755395872453116,0.0010883339358783658,0.0014135442558189852,0.0016136335775882543,0.002126419384939445,0.0026767064003302083,0.0034771210438367377,0.004565119237162318,0.005515512848893704,0.007878860641714433,0.009854397524895475,0.011792467576966786,0.015580998684493516,0.019019442096365156,0.02413359759414289,0.029384843922714083,0.034023344941199976,0.04026212896635108,0.048439107890172965,0.057040329588576875,0.06786722130740669,0.07930593863073157,0.09015553110622117,0.10383118961413046,0.11856911927048226,0.13371922213818224,0.14825603200400037,0.16424368271890913,0.17982958381046185,0.19700424536085548,0.21365432527811548,0.23212932937637956,0.24796642777583994,0.2635283116987017,0.2763770097930139,0.292238150716782,0.3087365776216605,0.3229863045206579,0.33592257767733,0.3477349973811744,0.35942148553713815,0.3689953411509991,0.37785802948312613,0.38813324783151604,0.3939818946831566,0.4032440527158563,0.41218066748417753,0.4199307740481428,0.4242303028787856,0.42816785209815084,0.43414292678658445,0.4390799396493207,0.44321748619671936,0.4457050141814092,0.4483169831698313,0.4507664442063864,0.45519091393185407,0.4578028612678825,0.4607903799398742,0.46156538478365444,0.4626903918149484,0.46443982219911056,0.46558982794913933,0.4656898284491418,0.46616483082415366,0.4673023365116821,0.4674023370116846,0.46773983869919306,0.4678648393241962,0.4676273381366903,0.4681898409492043,0.4686148430742149,0.46895234476172337,0.46890234451172214,0.46903984519922554,0.4691523457617284
2.75,0.00020019018067163788,0.00015014038125647468,0.00020018416943588083,0.0002877611432374878,0.00043788369558825884,0.0005754891657909218,0.0007881561399865381,0.0011258993120755194,0.0013009968888660925,0.0016136921150499918,0.002113985074514845,0.0025642116112505075,0.003552264568662519,0.004590300083050657,0.0058033296603926445,0.008154454370699988,0.009667236946103582,0.012305491325503995,0.015356468912529389,0.019770111492924757,0.024558964021867958,0.030573391770818328,0.035074249873707664,0.04262608706525201,0.05100286461296461,0.06120532605121236,0.0731071475459029,0.08430889338169553,0.09756018274248754,0.11259751950390069,0.1276104698845791,0.14353564512277592,0.15963544759559173,0.1759094886860856,0.19469714680044836,0.21238267635425348,0.22984453678562655,0.24764450200453264,0.26075640483935064,0.2769308466685915,0.29450517031021833,0.3106788106375582,0.3245896065322937,0.33770016375614054,0.3511622906801735,0.36136084082522446,0.3734357362774176,0.38127203180079466,0.3934583609901707,0.40475860112027345,0.40857118213762006,0.41698229719020047,0.4241693927526319,0.4293059029561653,0.4335184608788367,0.43985549819372705,0.44374304678808446,0.44784309803872513,0.4505425686038964,0.453605103057409,0.4557551272451811,0.4584670846708463,0.4598290235039552,0.46072845546341556,0.462627891424321,0.46422790142438347,0.4651154069712931,0.4662154138463361,0.4672523362616809,0.467577337886689,0.46716483582417867,0.4672148360741799,0.4672148360741799,0.46790233951169713,0.4684773423867115,0.4681898409492043,0.4687648438242187,0.469177345886729,0.46910234551172714,0.4687898439492193,0.4688523442617209,0.4688023440117196,0.46875234376171837
2.8500000000000005,0.00017516640808768315,0.00021269887344667245,0.0003127877647435638,0.00047543145404454497,0.0006255481365546555,0.0009132762848421149,0.0012009998323604392,0.001326059189777834,0.0017638515512511444,0.0021265710043294464,0.0026143365714414355,0.0036774547010129228,0.004452838684661468,0.005766017270535021,0.008042114163001015,0.009317589733391857,0.012706226050764864,0.015319336253803247,0.02020851283603216,0.025297239437183292,0.030636182206505345,0.03588778502341456,0.04410227426187769,0.053229466892571964,0.06384423307521385,0.0756970467648702,0.08827372356320753,0.10270106039407491,0.11777738324160357,0.1350020004000799,0.15271498869796551,0.16882722338977146,0.18797702169686875,0.20650081260157502,0.22512560803791412,0.24221050999844965,0.2573843776721019,0.2743591057795799,0.29390880838860794,0.3081454146337192,0.32245684741084435,0.3377427314934031,0.3484281792680668,0.36193857269647584,0.371750511267894,0.3860240807224213,0.3941988332164546,0.40362259056476374,0.41177125013906507,0.4158338364690246,0.4252590367545307,0.4299950249129356,0.43395705180209143,0.43864353134855566,0.44210607895858534,0.4445680571007134,0.44741809272615873,0.449743121789022,0.45076757113517485,0.4534426012292634,0.45354260235427607,0.45390453904539,0.4583540105975923,0.4594784460883452,0.46151538447115253,0.4604653779086115,0.4600153750960939,0.46116538228363885,0.46171480857404246,0.4625898129490643,0.4641898209491043,0.4649023245116221,0.46442732213661025,0.46496482482412366,0.46475232376161835,0.464777323886619,0.4647148235741174,0.4647023235116171,0.4642648213241062,0.46422732113660525,0.4641648208241037,0.4641148205741024,0.46403982019910056
2.95,0.00035033281617536787,0.00047544454064550525,0.0005755294871281599,0.0007506812432282324,0.0009633441302941737,0.0012385527698543807,0.001363635226325921,0.001788928906964444,0.002026552846118345,0.002802070029234107,0.0037776538017957753,0.004402938961756989,0.0058787477016598285,0.008305066090315122,0.009392889170161412,0.01285702314889513,0.015332512931336409,0.020659219176557612,0.025748346490959407,0.03054926146566439,0.03721358295777972,0.04526612605740812,0.05503093536334691,0.06608356413606861,0.07792347444667734,0.09220185378991665,0.10716630094337891,0.12443157451203286,0.14293323197643504,0.15906931386277312,0.17789452101378309,0.1972067995964356,0.2162435850153467,0.2346668333541701,0.24949087958755395,0.268362994484477,0.28721191301260707,0.30246131882885885,0.31731050501161445,0.33175947906548925,0.34347060823649544,0.3562312021381135,0.37061667775050006,0.3807892795979863,0.3910136854789931,0.40026200786023725,0.4064616857734674,0.41502287557189077,0.4205589368774102,0.42598405216110996,0.42858410741228403,0.43304507828887157,0.4358445824744667,0.43816852481721774,0.4387810332392086,0.44321804022550443,0.445205565069565,0.4452430655383208,0.4480175401973288,0.4485300459630187,0.4503175660726199,0.45290452904529205,0.44985393622194353,0.45030337727533115,0.45062781642385424,0.45180282376765013,0.45410283814274,0.4537903361896028,0.45447727238636354,0.454214771073857,0.4540522702613529,0.45327726638633353,0.45388976944884885,0.4534647673238382,0.4538022690113467,0.4540272701363523,0.4541647708238557,0.454177270886356,0.45430227151135916,0.4543397716988601,0.4545647728238657,0.45451477257386447,0.4545897729488663
3.05,0.0005380111105550267,0.0006506083187780569,0.0008632942306922362,0.001075976448627128,0.0011885414594538454,0.0014011910123605054,0.0018515414082223435,0.0021517186852998815,0.0029272429999487076,0.003740263119379438,0.004290514086145513,0.006104074469708525,0.00818021488699045,0.009205615425409493,0.012744812336077813,0.015420923679559946,0.020660123460495623,0.025373823068544316,0.02998763229010218,0.03752694787493182,0.045791713975601056,0.055619814558936574,0.06768517453346864,0.07910021319295518,0.0939908147329382,0.10958191573295713,0.12769681851997713,0.14556193634134648,0.16290037433703322,0.18401180236047196,0.20477435938468908,0.22374857945843749,0.24010951574288783,0.2587073384173019,0.27868170004337967,0.2946154884714045,0.31116394893565924,0.323925509133844,0.33794950133884677,0.35101075446248287,0.3661344680680838,0.37470717212653626,0.38546734603057103,0.39310224133404964,0.4027140949933244,0.4073997219916594,0.41456191865516095,0.4171854296357405,0.421483956534076,0.4241090123165114,0.4264215614581806,0.43072003760065763,0.43123200752012186,0.43421847050396906,0.4368685069419701,0.4349054363179536,0.4360554506931333,0.43894298678733445,0.4394049433056118,0.43896743838368146,0.44030495343072573,0.43882938829388257,0.4408038570337487,0.44140331052482856,0.4406902543140891,0.4410777567359792,0.4400152500953127,0.44027775173594796,0.4390271951359753,0.43888969444847187,0.43793968969844815,0.4385146925734625,0.4391396956984781,0.4393271966359828,0.4381896909484544,0.4379771898859491,0.4375146875734375,0.437414687073435,0.4373771868859341,0.4374396871984356,0.43721468607343,0.43726468632343124,0.4372271861359303
3.1500000000000004,0.0007882488363945741,0.0010009358750431646,0.0011510589742563149,0.0011760672810575588,0.0015388484159244524,0.001839063203723163,0.0022768955155166655,0.00292733821139635,0.0038279331537790797,0.004240632767456955,0.00627941128642871,0.008142935409385758,0.009043265081489442,0.012620198320975783,0.015308783414484047,0.020298588103751656,0.024824664085401824,0.029388114446071534,0.03704060335416291,0.04530494240282505,0.05565781510251237,0.06781165790312793,0.08010183411442826,0.09570550613007887,0.11225881796891304,0.13085061024023237,0.14896503435298222,0.1691054104979137,0.18986914457611376,0.21057961592318444,0.22622822107979415,0.2461521920409664,0.2670633903623643,0.2832979122390296,0.300759211360292,0.31359229126767013,0.3285529269987946,0.34388958130452746,0.35610081730925464,0.3664742789209782,0.37553503210192574,0.3858702581885545,0.392442659919696,0.4002400090003371,0.4038766356822485,0.40883726511795315,0.4107993104801759,0.4170729268231702,0.4170588625008278,0.4211089485651566,0.4241715136446646,0.42185738250419347,0.4252194098154091,0.42458083798652196,0.4263558623931075,0.4269803372542153,0.42710533881673485,0.4269678370979634,0.4249422806006564,0.42514228285068173,0.4244297748349665,0.4239542395423951,0.4222911950479563,0.42109065817993596,0.4214526340789626,0.42034012712579416,0.4200901255632844,0.42089013056331565,0.419814599072995,0.4205771028855141,0.4211646058230287,0.4209396046980231,0.4201646008230038,0.41947709738548655,0.42023960119800563,0.4209521047605234,0.4210271051355253,0.42066460332301625,0.4206021030105147,0.42105210526052594,0.42105210526052594,0.4212021060105297,0.42127710638553156
3.25,0.0011260697662779631,0.0011135411609855205,0.0013262201225127106,0.0016139646729406922,0.001826600558739594,0.0022519141270079548,0.002802332942174358,0.0037529977069183976,0.004165691961465469,0.006179565153757333,0.007893044864016966,0.008818386272837112,0.01249546585948541,0.014934109806982246,0.019698802187755205,0.024163199147534318,0.028614020870226384,0.03621616146205241,0.04479386941749208,0.05522126018517125,0.06733707803348216,0.08045366161695097,0.09604467496611356,0.11346116574658162,0.13182721294790045,0.14918094895138195,0.17113349212600873,0.19269889734520115,0.2123493712288105,0.22908331666333245,0.251582784901282,0.26984351226635267,0.28610362739643797,0.3028753594199272,0.3154358808314443,0.33263160000199987,0.3449543211172947,0.35597803327011973,0.36592652967340106,0.37616242076037504,0.3835480128807725,0.3893954432607708,0.39515528198768907,0.3981649311849191,0.40323911336896756,0.4046496394891843,0.40921176483823873,0.4081977049426232,0.41147124376392963,0.4121087573110925,0.41242126395185863,0.41391974359551253,0.41375672354675724,0.41214316696854547,0.4105931456557524,0.41003012537656686,0.4080926011575141,0.407055088188602,0.4080795908953972,0.40751708456720104,0.4068170766921124,0.4067915679156788,0.4064035560311149,0.4051905389290416,0.40459002868767896,0.4042775267345417,0.4036650229063928,0.40242751517196945,0.40318951594757935,0.4015770078850391,0.4009395046975231,0.3993894969474844,0.3988019940099697,0.3985894929474644,0.39837699188495906,0.3976519882599409,0.39737698688493406,0.3974894874474369,0.3976519882599409,0.39733948669743313,0.39736448682243375,0.39738948694743437,0.39736448682243375
3.3500000000000005,0.0012511886291977367,0.001463868717250628,0.0016139848660767892,0.0018641917540167686,0.0023520609934455047,0.003077615973577538,0.0038406973805693205,0.004303437370599763,0.006092168123824875,0.007805766510009263,0.008681098471676345,0.012108082144831663,0.014559281541983,0.019186703889372502,0.023563519569352893,0.027802687217892752,0.03544236675971223,0.04379454331495426,0.05419783083623972,0.06611295348709248,0.08004171522605744,0.0956340696373082,0.11240015405160719,0.1311793134061481,0.14923245627745346,0.1717625258356495,0.19350200366348438,0.21135363098386198,0.23171637405696802,0.2548884776955389,0.27056120101618264,0.28960919948341646,0.3022684510898439,0.31752719089886206,0.3344505437493512,0.3447452507988256,0.3547426531255154,0.3657913060653524,0.37383960337124406,0.37945013857168003,0.38427305638338266,0.38725783103612904,0.3926176677950504,0.3958023425878467,0.3969138919862192,0.39907447223416664,0.4001490042838728,0.4008975224380606,0.4012460264780623,0.3993709866334656,0.3987834741488253,0.3962569344963533,0.3948439162136381,0.39489292977778406,0.3953554361372465,0.39474243428042816,0.39302991287391054,0.39195489943624257,0.3903418913462773,0.38890437517422033,0.38512933270499256,0.3823163231632313,0.3808658325760347,0.37891534186506365,0.37640235251470283,0.3738148363427268,0.37352733454584053,0.3715148219676369,0.3692018460092297,0.3680018400091998,0.3675643378216888,0.3682143410717051,0.3679393396966982,0.3674143370716851,0.366851834259171,0.36696433482167384,0.3668393341966707,0.3668143340716701,0.36678933394666946,0.36636433182165884,0.36633933169665817,0.36608933044665193,0.36611433057165255
3.45,0.0015264501276212455,0.0017266143844494664,0.001976818673179332,0.00255231622697599,0.0031402516455043845,0.00359055196917381,0.004316093147545347,0.006079856285207831,0.007680885478497926,0.008456247052510071,0.011770768965198092,0.014196976481801652,0.018661896959311627,0.022851439378020675,0.027028007319199486,0.034331253447195655,0.04232073716120915,0.052398382778315,0.064289581986412,0.0784677100683766,0.093396589755261,0.11081447765766594,0.1299560352718165,0.14907251686475118,0.1707889501712397,0.1935563732937225,0.21088167445000922,0.2331716673105809,0.2527212576924144,0.27032906581316357,0.28743923906303237,0.3030613686456952,0.3199084868449851,0.3317539692461569,0.34228893536639915,0.35349608212780337,0.3617057449883253,0.36795397637564087,0.3726895199902006,0.3762999298703552,0.3815103906234388,0.3855827430940138,0.385079828592288,0.3875395327324789,0.38958863560224744,0.3900242007260232,0.3882361617896528,0.38700967524188246,0.3847706763768744,0.3846956747830905,0.3835831511419632,0.3838067166175422,0.3811186931787655,0.3796302199155252,0.3750176564927781,0.3710046375579708,0.3684046050575645,0.3643545544319317,0.36131656481135543,0.3568165141857858,0.35615400673257697,0.35449104491045036,0.35291558801139633,0.35152763645727464,0.34996468727929675,0.34918968243551646,0.3469021681385521,0.34608966306039535,0.34683923419617224,0.3474267371336869,0.34697673488367564,0.3459392296961497,0.34537672688363563,0.34586422932114785,0.3455392276961397,0.3451017255086288,0.3449267246336244,0.3447267236336194,0.34435172175861,0.3444017220086113,0.34446422232111285,0.3445267226336144,0.34448922244611346
3.55,0.001801711626044741,0.002139500432904764,0.0026149057132561935,0.003127838513450954,0.003603157266554815,0.004441275083821244,0.005879895012597982,0.007368385497916454,0.008131230555413078,0.011395918734965446,0.013672104653519085,0.017849414484168165,0.021951494077474373,0.02595333153223464,0.033018944619475396,0.04072224452607233,0.05044972036297781,0.06215273565828745,0.07570689152805612,0.09074743776353889,0.10883972650017247,0.12830820979974106,0.1475744374365411,0.16876629425629405,0.19150769169212206,0.2088233197918892,0.23251248773107752,0.2512262486605974,0.2721632779621259,0.2849444888977793,0.30182932927927003,0.3171011325576246,0.3291723185207871,0.34095511938992346,0.34888968620180516,0.3575214645391309,0.36219328642934623,0.365616292283017,0.3707518795112642,0.37538736941322326,0.3743349600976055,0.3781948552298992,0.3782295203284144,0.37866419990749617,0.37531313595975824,0.3731861955858672,0.3733857348398763,0.3730218255456383,0.37108288551131674,0.3685328313226653,0.36534526358685093,0.35949379114134467,0.3562182885471886,0.3514423323320693,0.3477922821438792,0.3447918098976234,0.342241778022225,0.3402167527094086,0.3369787910113986,0.33754129733959476,0.33544127371432897,0.3335408354083538,0.33092789561908637,0.3293899704247779,0.32857705360658473,0.3273520459502869,0.3255270345439656,0.3239270245439031,0.32228911144555694,0.321451607258036,0.3200391001955007,0.3196390981954907,0.3198390991954957,0.3196390981954907,0.31878909394546945,0.31837659188295914,0.3186765933829666,0.3186640933204663,0.3187515937579685,0.3187515937579685,0.31861409307046507,0.3184765923829616,0.3184765923829616
3.6500000000000004,0.0024648415995195414,0.0029027140376251767,0.003390619369820232,0.0035407131972264795,0.00466658909869773,0.005867487364259615,0.007343613558287268,0.007956355138667003,0.011121021482711118,0.013059647814823189,0.0172871442188137,0.02125168550007128,0.025078487535804054,0.031681825913807395,0.03878475275189136,0.048251357303927225,0.05971676121299431,0.07240731176287411,0.08833721205057624,0.10566568128729552,0.12524571468586024,0.14491412565726527,0.16605562863559278,0.18784737635121176,0.2052993464281113,0.22980443054039468,0.24789162087310943,0.26775544294364667,0.28110285641411603,0.3003600720144026,0.31393150767138056,0.32516493284542103,0.33626083749538965,0.3458182272784095,0.3511899478565684,0.35477120326430983,0.3604056344789304,0.3650912509360109,0.36441392000920036,0.3676868592544253,0.3683220993259593,0.36714427507444114,0.3665164932421956,0.3621260797279895,0.36366272819548656,0.3631483944518333,0.3593978326876895,0.35498387459686465,0.34924492145458064,0.3436198019207905,0.3383071890277666,0.3353058678526871,0.3318803930563869,0.32810451143703195,0.32756700404630534,0.3251290641133011,0.3221790272378402,0.31932899161239486,0.31724106896202553,0.3123910143989117,0.31076599611745603,0.3090905909059088,0.3057901756640368,0.30372727795458443,0.3003143769648558,0.2986893668085423,0.2977143607147542,0.296864355402221,0.29612648063240293,0.29438897194485947,0.2933264666323329,0.2924139620698101,0.29196395981979884,0.2911139555697776,0.2915139575697876,0.2913389566947832,0.2905389526947632,0.2901139505697526,0.2900139500697501,0.2899264496322479,0.2900264501322504,0.2901514507572535,0.29007645038225166
3.75,0.0030904359141184098,0.0033406234829565615,0.0033781078592304893,0.004679246416122627,0.005704999005378459,0.007081018866036124,0.007743946835740747,0.010796123403568591,0.012472056713456674,0.016337069009730924,0.019951515939947796,0.02375335536470592,0.02981900961863185,0.03696004562783295,0.0459513645954366,0.05721875574532583,0.06932146751908429,0.08477533099145486,0.1011676168586016,0.12058392481105215,0.1407388696874358,0.16190767961086122,0.18332391351102606,0.2020644080300594,0.22600558418223468,0.24378350194494125,0.2630581968904141,0.27945841257218995,0.29700655402381027,0.3092993598719741,0.3225330559500707,0.33081584405485354,0.3382111178481904,0.3435054381797722,0.3471394871166592,0.35267100374535554,0.35394258511973486,0.356603082492746,0.3582134704766093,0.3579737157586687,0.35662139728383674,0.35293102887901584,0.35289088008960373,0.35148818080677996,0.3482746896141362,0.3415977479324377,0.3357471527306407,0.32900822520562983,0.3256819207408155,0.3215318325514414,0.318556769331348,0.3166680416907293,0.31213007211367155,0.3099667620429778,0.30370417593241883,0.30089126114076403,0.29742871785897296,0.29434117926474057,0.2903532664742476,0.2879157390520641,0.2839281941921844,0.28049030490304877,0.27991494925580573,0.2780020850156374,0.2777892361827259,0.27697673110456916,0.2764642279014241,0.2752892205576282,0.27347636738183667,0.27241386206931006,0.27225136125680605,0.2719513597567985,0.27157635788178913,0.2708138540692701,0.2699888499442495,0.26970134850674227,0.2698138490692451,0.26976384881924387,0.2693263466317329,0.26935134675673356,0.26927634638173165,0.26925134625673103,0.26926384631923134
3.8500000000000005,0.0033156498673740024,0.0038285797220401043,0.004967069704127793,0.0063057224431171234,0.006981117203949955,0.007781614372216377,0.010521258948074264,0.011884492738574925,0.015699529764682175,0.019464379310215402,0.023166274307701136,0.02855656150480443,0.03488473902112594,0.04347652067761331,0.05436869403820437,0.06498549832846187,0.08010174985743007,0.0970683167363435,0.11597385398599148,0.13548966352045524,0.15694478484646882,0.17840105537597756,0.19779126007212397,0.22135805788094937,0.2392845844810747,0.25758752236588883,0.27563657733015723,0.292049107461018,0.30403318771614374,0.3173884776955388,0.32635874457402303,0.3317409932351589,0.3373609956431234,0.34226778347293385,0.34540178945355005,0.34670793725403887,0.34926718771095516,0.3488399711477276,0.3465126221651067,0.3437977766026996,0.344083144988699,0.34224296775580687,0.3390277562490309,0.331899946247984,0.3236988294590308,0.31849705491164704,0.3139715266813918,0.3109452736318405,0.3084315541705258,0.304168963590476,0.2993688615883085,0.2944051520901613,0.28955470526396027,0.28380390230365643,0.2812163667250422,0.2765909573869671,0.2734659183239788,0.27029087863598267,0.26940303078409605,0.26789051376827966,0.2652279838148177,0.2627276272762725,0.2598272734886428,0.257514431358235,0.2542515890724315,0.25143907149419664,0.24873905461909115,0.2465515409471307,0.24640123200615982,0.245088725443627,0.24381371906859511,0.2427887139435695,0.24227621138105668,0.242288711443557,0.24211371056855263,0.24203871019355075,0.24162620813104044,0.24166370831854136,0.24177620888104417,0.24152620763103794,0.2414762073810367,0.24143870719353575,0.24145120725603605
3.95,0.0044917671788198945,0.005129796359596241,0.006305801337230275,0.006743619835000287,0.00783186266966432,0.01024620927788624,0.011522092141708013,0.015137090751237606,0.018414109811643237,0.022429069475074795,0.027018980834036005,0.03304705891182376,0.041013646199452296,0.05151892654519275,0.06187299963353996,0.07640423581381357,0.092195175636062,0.11001159267323081,0.12829154281241018,0.15073303221740422,0.17286309502968644,0.19156824618770507,0.2154846873702698,0.23297426054554973,0.25146325330505903,0.26981608393444684,0.2859893596404044,0.29776305737581016,0.30992205687822527,0.31900130026005313,0.3248209677742005,0.32924059004514594,0.33482313082505727,0.33602950368796214,0.3408387704101354,0.3404948470104672,0.33891630788617155,0.3356764345192196,0.33578684454623076,0.3338346165433472,0.3300948056883425,0.323604489235686,0.3150641778880061,0.3097991174669061,0.30528568499897607,0.3030715921477655,0.29737104941767184,0.2931698292457322,0.28651858852000706,0.2808934689862169,0.27618086884346393,0.27044223273907386,0.26657933191414457,0.26390362867489525,0.26195360186202654,0.2579032237902983,0.2544906811335151,0.25037812972662243,0.24521525867166094,0.2400652007335091,0.23730266965503446,0.23523985239852482,0.23381454587727726,0.23166423748178194,0.23030143938399694,0.2283389271182953,0.22727642047762878,0.22727642047762878,0.22578862894314553,0.22591362956814864,0.22571362856814364,0.22655113275566457,0.22646363231816238,0.22623863119315676,0.22642613213066146,0.22612613063065395,0.22595112975564957,0.22546362731813738,0.22531362656813364,0.22553862769313926,0.22546362731813738,0.22523862619313176,0.2251761258806302
4.050000000000001,0.005505229968470017,0.006293384314333869,0.00661858910197378,0.007807084929573546,0.010083835961261,0.01115948556272826,0.014524591722608995,0.017764189146080335,0.021941812914145344,0.025181102539500923,0.03113437189625696,0.03893849144303802,0.04906878134810916,0.058273046558400314,0.07142848209159967,0.08709757705146388,0.10538914067893211,0.12202945564458074,0.14426076984929825,0.1673019112358249,0.18515508160478478,0.2096997055200904,0.22717610399483706,0.24535320633451782,0.26367943342931915,0.2804691866506105,0.2919784692135996,0.30406465640656155,0.31389798128064605,0.3192638527705524,0.3238707967434121,0.32985318882669656,0.32952236884051905,0.3324290536317022,0.3313751939283076,0.3293437876598259,0.3263402389203065,0.3269382463869012,0.3234109472936771,0.31649596785786893,0.30739344360661475,0.3023908755209633,0.29695086278882393,0.2946985511956683,0.28841009435330084,0.2815209456283674,0.27775798554208286,0.26959423985599495,0.2643681178225023,0.2592930099764606,0.2556304321466818,0.2528544249524353,0.2485915396125174,0.24344084731164922,0.235965744528986,0.23216540206752462,0.22905286316078827,0.226202827535343,0.22285250709070356,0.22161499316867198,0.22053998107478592,0.22057720577205656,0.21726440106350814,0.21491411185583778,0.2128263301645624,0.21086381789886074,0.20895130594566103,0.20715129469559077,0.20502602513012455,0.20368851844259112,0.20321351606757926,0.20157600788003832,0.2001135005675018,0.19910099550497648,0.19850099250496148,0.1981384906924524,0.1980509902549502,0.1980384901924499,0.1979509897549477,0.1978259891299446,0.1975509877549377,0.19761348806743928,0.19767598837994085
4.15,0.00645613332666035,0.006706270362789232,0.008245085478640378,0.009846435640343647,0.010884537576051054,0.01427463343842271,0.017026674706693383,0.020904197227535566,0.02358056861069803,0.029959632678641452,0.036700782299565575,0.0453802913444726,0.054884989180602826,0.06785389087343303,0.08194701710106203,0.09854132820052988,0.1149563286010149,0.13766143141376888,0.16064267072504348,0.17725574346123318,0.202073756921277,0.21982831383680512,0.239030075075151,0.2571319608125099,0.27380748450470804,0.28503301586587193,0.2972673906112278,0.30650277507917745,0.3109222894322941,0.3173134626925396,0.31987007661379163,0.32243949336830674,0.3239090619276533,0.32245280660082626,0.31847372638637755,0.3193928423200215,0.3172644674797369,0.31212457981066116,0.3034469999074944,0.2965946493955235,0.2922800368022092,0.28794011685613596,0.2815251686325895,0.2738977711664197,0.2687469061417159,0.26177035311059427,0.25446981600721114,0.25115627890697356,0.2476302621430714,0.24234264978130873,0.23553000501260735,0.2280289905073347,0.22362863396530275,0.22004052555722717,0.21707798482229207,0.2146401830022883,0.2142151776897219,0.20992762409530197,0.2075273346825159,0.20317728574446536,0.19890223765017426,0.19351443514435213,0.19206418056158062,0.18991392435443336,0.18830117688235617,0.18711366946043478,0.18588866180413693,0.18481365508534495,0.18366341831709224,0.1826384131920666,0.18150090750453818,0.18105090525452694,0.18081340406702098,0.18061340306701598,0.18015090075450443,0.17980089900449567,0.18000090000450067,0.17997589987950005,0.17976339881699474,0.1797258986294938,0.17983839919199662,0.17990089950449817,0.17985089925449693
4.25,0.006906561233171538,0.008745677208189688,0.009746466749409492,0.010847343964647956,0.01387465766878232,0.016376419956963477,0.020229340926321237,0.022430416295015725,0.028309191918307504,0.03452550571734882,0.04285510571176267,0.052460017061388656,0.06329034759659305,0.07659672400164128,0.09237800187857816,0.11008513400445032,0.13023881702034043,0.15128000870388467,0.16882111589507137,0.1933119250911608,0.21190234435569058,0.23255784873361218,0.24922098903132636,0.2657472069222074,0.27824632170441443,0.29039707814901194,0.29900535768988024,0.3042897135148055,0.3111473417569596,0.31246249249850083,0.3165194735052321,0.3162134894251709,0.3146077248604498,0.31142642830353906,0.31179796701874946,0.3071166760842291,0.30017551491876915,0.29203549779545246,0.2851956766865608,0.28074359926345216,0.2761040662439756,0.26886411536605764,0.2633118490332074,0.2559220970786414,0.24873370567969966,0.24386981609448372,0.23950688582296825,0.2321308032700826,0.22391725824173844,0.21827963844231765,0.2148420653938904,0.21096619190835916,0.2099909123523265,0.20500281878875906,0.20107776481926698,0.19555244440555575,0.1887523594044932,0.18671483393542485,0.18316456060130742,0.18127703936669354,0.17830200589756698,0.17638926389263954,0.1739765222945707,0.1727762958222193,0.17185107406921354,0.17047606547540983,0.16850105313158265,0.16645104031900257,0.16633833169165904,0.1654008270041356,0.16492582462912372,0.16457582287911499,0.16407582037910248,0.16376331881659467,0.16343831719158655,0.16302581512907624,0.16242581212906124,0.16247581237906247,0.1625008125040631,0.16221331106655593,0.16203831019155154,0.16190080950404812,0.16185080925404685
4.35,0.009208748310895302,0.009608984400414336,0.011047663850742625,0.013687421334861314,0.01610160903491676,0.01934144022419046,0.021480382418363173,0.027184213390445473,0.03267503724729057,0.03976687778096047,0.0495848333454249,0.05890181696282237,0.0722710728089153,0.08721570157796209,0.10454748411901273,0.12200414476407673,0.14264489599903876,0.16238496429031368,0.18404002686131435,0.20412858950695908,0.2255698329890398,0.24191118085817945,0.2586366432754959,0.27101138487892873,0.28299775307311176,0.29272275550253857,0.29800508886763155,0.30383959929832033,0.3059711382896507,0.30851170234046643,0.30824298373707104,0.3063493988405614,0.3046937997337101,0.30380047505938085,0.29944656204643116,0.2892649801731149,0.28199896991244106,0.2759342298205969,0.273269812061373,0.2669051824683371,0.2591280476828596,0.2505006512841911,0.2436359636183615,0.23815893095990973,0.23399568984914348,0.22614428432852865,0.21706874072629473,0.2121178029450725,0.20700439884347432,0.20501685660820182,0.20022925487166496,0.19517841562227234,0.18724054265881723,0.1828150137064375,0.17871495733066234,0.176377204715058,0.1724396554956928,0.1694771184639799,0.16821439241191372,0.1645018506458189,0.16252682842681893,0.1605266052660518,0.15786388130896062,0.15541366560249117,0.1529759560997248,0.15093844336527024,0.1505634410215056,0.15041344008399973,0.14925074625373047,0.1483757418787086,0.1478507392536955,0.1472507362536805,0.14691323456617206,0.14615073075365298,0.14587572937864612,0.1457632288161433,0.1453632268161333,0.1449382246911227,0.1447382236911177,0.144750723753618,0.14478822394111895,0.144950724753623,0.1449632248161233
4.45,0.009734247535158435,0.011448204070806245,0.013299735756896393,0.01570174933752386,0.018716400245715373,0.020867737576940472,0.025533756852579862,0.03027418150247521,0.037228526358322196,0.046446812582795705,0.054750962551192404,0.06699471897491599,0.08092659070157254,0.09809733937702032,0.11372775129730724,0.1339981965148467,0.15493841982571516,0.17370251474720655,0.19555737854571306,0.21720862532074925,0.2303215673720916,0.24928880913825638,0.26345075600326207,0.2751126921706304,0.2854985064250616,0.29022202716541295,0.296954806604276,0.29898836829845676,0.3015076005171213,0.30211042208441796,0.29887879818367413,0.29706040098966063,0.29451733686717574,0.2885485685710724,0.27815664031783716,0.2730884434021242,0.26838531275158484,0.26254567547194435,0.25500598793412615,0.24741639133592688,0.23990189411364765,0.23407478892641947,0.22917281277657575,0.2216708126554754,0.21190741675958735,0.20540616218486626,0.20054326561888727,0.1989174729368241,0.1928915989464783,0.1842789159269641,0.17839129081493044,0.17466555664724195,0.16959025584165804,0.16607728356264956,0.1642272581247998,0.1595394942436786,0.1570019625245321,0.15303941299266297,0.149526682175175,0.14832666867502312,0.14563913844030796,0.1436889368893694,0.1415012381358342,0.14017605132038538,0.13841336508353227,0.13760086000537552,0.13641335258345413,0.13492584328652102,0.13452567262836362,0.13307566537832735,0.1321256606283036,0.13115065575327925,0.13036315181575953,0.13037565187825984,0.13018815094075517,0.13026315131575703,0.12995064975324921,0.12968814844074267,0.1299256496282486,0.12970064850324298,0.12958814794074017,0.1294381471907364,0.12946314731573702
4.550000000000001,0.01247435063310138,0.013562681106834817,0.015639388237178118,0.018379179105037724,0.020130139034328722,0.02425811940149114,0.029074204275058833,0.0349904486208357,0.04360841494795363,0.05161312919919563,0.06305679740017328,0.07611330563150863,0.09127068506172636,0.10557690191016464,0.12689780761711966,0.1479933413627186,0.16416794229172207,0.1874836645853202,0.20687464594460309,0.22124768035693626,0.24172572989140909,0.2548908048492262,0.26851495250908913,0.2791264715628092,0.28382300167925434,0.29074718011620726,0.29257863050694716,0.29508737842227306,0.29563123426196436,0.2914332866573299,0.29113990518293137,0.2880964555534565,0.28109040674596825,0.27213401675209253,0.26580523534551914,0.26179987098774243,0.25512168534325286,0.24760699905117398,0.2381297644079183,0.23011524513498896,0.22657609456567274,0.21857397513369337,0.2085218834847557,0.20190757153393143,0.1961443650527758,0.19410582317469421,0.18698037568579998,0.17656691417285336,0.17170364870253402,0.16774106449761966,0.16279095930788443,0.15980279654893875,0.15515252122846915,0.1516270848724162,0.14615200959013108,0.14426430330379053,0.14121426517831398,0.13880173502168702,0.13613903156410437,0.13357650273565508,0.13215148670422472,0.1284137841378407,0.12671360874407583,0.12392592944447017,0.12278826742667076,0.1210632566453534,0.11993824961405945,0.11907574422340075,0.1179255896279475,0.11805059025295063,0.11766308831544096,0.11768808844044158,0.11743808719043533,0.11707558537792627,0.11665058325291565,0.11647558237791127,0.11675058375291815,0.11677558387791877,0.11637558187790877,0.11635058175290815,0.11646308231541096,0.1164005820029094,0.1164130820654097
4.65,0.014100895851058556,0.015514506063169118,0.018129178844537037,0.019467666907718822,0.02345805512079968,0.027573437421808636,0.033102557879434745,0.04102026493661827,0.048211942400864835,0.058918526061127866,0.07079973681511287,0.08483162510976107,0.10055160164604972,0.11908514193658173,0.13881714633771175,0.15482207155658834,0.17744945023061362,0.19577486453329868,0.21425275397261173,0.23256453734687937,0.24774042525521903,0.26130559011647997,0.27081572326729547,0.27703830596002577,0.28376048284545824,0.2858082416503817,0.2885275417768535,0.2891733777446037,0.28480371686417194,0.2848319663932797,0.2809005621011792,0.27228140537661794,0.2640754608474978,0.2582072759094896,0.2541039043191172,0.24479825583430515,0.23719516158873588,0.22910554206143813,0.22349120311222645,0.21867698735041272,0.20696241774506544,0.19928546248678125,0.19362121295458365,0.19080715526832326,0.18374393103758696,0.17185515565467027,0.16735481145082978,0.16164154103852654,0.15769085093058283,0.15307825291287494,0.1487031599421493,0.1429400014500259,0.14073978702153958,0.13633937466640214,0.1333143330720802,0.13043913048913156,0.12731409142614328,0.1236765459568249,0.1204263547964919,0.11815132920245394,0.1158138029052831,0.11520115201152054,0.11407599816498434,0.11255084413133139,0.11000068750429728,0.10820067625422697,0.10680066750417229,0.1054006587541176,0.1043255216276085,0.1033130165650832,0.10300051500257537,0.10238801194006006,0.10196300981504944,0.10137550687753476,0.10126300631503193,0.10096300481502445,0.10068800344001756,0.10085050425252162,0.10075050375251912,0.1007255036275185,0.10068800344001756,0.10070050350251787,0.100625503127516
4.75,0.015764976727891414,0.01825456802109963,0.019330283861152157,0.022983357396837507,0.02663583965449711,0.03207726567582428,0.03863216127426062,0.04593669193268098,0.054829513114423634,0.06574857175738542,0.07971850224782867,0.09520104669867085,0.11070807639870359,0.12902870751158138,0.14723447578047827,0.16704124628078001,0.18630378885653873,0.20719245963511107,0.2237942733376423,0.24169305182495132,0.2541677712365,0.2641190924266756,0.27050311854471104,0.27585042732370796,0.27814629157033405,0.28299492227110995,0.2825634389242094,0.2792333554639475,0.27905237967827373,0.2747799559911968,0.26602288411914005,0.25804160920948366,0.2522737643536245,0.24688086010751212,0.23871465379186754,0.23037188532910502,0.2221188801048077,0.2168795792668661,0.20846511372074364,0.19753808689825594,0.1918115086905204,0.18739733836026293,0.18232070443169845,0.16993137242646508,0.16429325026375835,0.15856725701770968,0.15425443481500012,0.14865371634290778,0.14257802978313214,0.13846544239065006,0.13431535420127608,0.13042728247744267,0.1269145623616377,0.12261418594505609,0.1185641302567904,0.11550144376804648,0.11307641345516758,0.11181389767372032,0.1093387300607126,0.10582619054464307,0.10332616241932667,0.10062600626006207,0.09843836133566115,0.09720072900546703,0.0962256014100083,0.09595059969124756,0.09478809242557715,0.09483809273807911,0.09428797143985669,0.09391296956484732,0.09285046425232077,0.09262546312731515,0.0925754628773139,0.09251296256481233,0.09231296156480734,0.09221296106480484,0.09221296106480484,0.09191295956479734,0.09170045850229203,0.09173795868979295,0.0916754583772914,0.09173795868979295,0.09180045900229453
4.8500000000000005,0.01835493719033088,0.01903029332425825,0.02244564999799824,0.025798412058943582,0.030526749063867323,0.03600560476404957,0.04344867101862316,0.051253438684149145,0.06135951672969435,0.07375448612662631,0.08871232040508488,0.10220572231964872,0.12040175611952664,0.14031058945957084,0.15607704920698307,0.17896025704040894,0.19672139348280726,0.2100812487572587,0.22980930717064643,0.2425683888297003,0.25563080524391496,0.26313124050443065,0.2674395922634092,0.27455001281658625,0.2773085391974342,0.27651803587795043,0.2743737379420729,0.2734818960311189,0.26948765587999307,0.26015203040608215,0.2516452961533085,0.246414734375919,0.24010951574288888,0.2328291036379556,0.22283784780518864,0.21510793525384989,0.2100053504547894,0.19941570398668965,0.19038880318823184,0.185387281907427,0.18131087865271983,0.17238405016263417,0.16209479426574255,0.15664337412653032,0.1510802878100739,0.14600438013140446,0.13904149744305197,0.1350158753968854,0.12984025910550645,0.12579017304117757,0.12110257342968582,0.11642703747315619,0.11260182977973432,0.11040151802087318,0.1080389855360515,0.10355129439118026,0.09995124939061775,0.09731371642145561,0.09503856918390366,0.09390105638688467,0.09273854330861254,0.09145091450914541,0.09036329067879377,0.08930066975502347,0.08822555140969662,0.08727554547215952,0.08635053969087338,0.08545053406583822,0.08463792318961626,0.084587922939615,0.0844004220021103,0.0831004155020778,0.08225041125205655,0.08215041075205405,0.08168790843954249,0.0812004060020303,0.08072540362701842,0.08038790193950998,0.08066290331451687,0.08055040275201404,0.0805129025645131,0.08040040200201029,0.08036290181450935
4.95,0.019268304889645232,0.022471010394719146,0.02533580894422878,0.029664420461568978,0.03455527906327932,0.04144773057098548,0.04796493080489525,0.058108914495453454,0.06895283510990322,0.08224826090274219,0.09579229408659617,0.11397607903275477,0.1317089644648468,0.14702718658381667,0.1687092969591309,0.18498854999543565,0.20231163270002375,0.22167392198768782,0.23428619305882686,0.24775788678641364,0.257193875764655,0.26358140087406234,0.26905263263193263,0.26894822724743606,0.2712317085522023,0.2688658071663381,0.26690923185606225,0.26375442768602625,0.25509681000832785,0.24673684736947477,0.24161849132844,0.23531294421225507,0.22772023478375097,0.21662707838479886,0.2093238105834546,0.204631940034304,0.19301640639454423,0.18500206891292756,0.17968802738198586,0.17452406221912264,0.16184721083265055,0.15575817730430902,0.1496317334280048,0.14404290160881084,0.13734230698074482,0.13207896236887154,0.12656613877649028,0.12256556413910391,0.11726499188107789,0.11230238642571194,0.10890231417417659,0.10627685984504767,0.10122664493298053,0.09683883153393394,0.0941512945803008,0.09196364954561964,0.09102613782672316,0.08877610970137158,0.08750098438607465,0.08561346315146076,0.08407594585439115,0.08296332963329663,0.08041320361553192,0.07890059175443843,0.07846299039369024,0.0771129819561375,0.0764629778936121,0.07575047344045928,0.07570037850189278,0.07483787418937121,0.0741253706268534,0.07463787318936621,0.07497537487687465,0.07461287306436559,0.0746253731268659,0.07473787368936871,0.07495037475187402,0.07511287556437808,0.07477537387686965,0.07476287381436933,0.07466287331436683,0.07466287331436683,0.07463787318936621
5.050000000000001,0.022971823232070344,0.02506093197139312,0.02891410097289491,0.03304248605609573,0.0396347299321028,0.04546364409748262,0.05439528407399131,0.06418877078066071,0.07680885478497858,0.09021664754837588,0.10518639344139201,0.12254429831912736,0.1401268308546691,0.15773371756771548,0.17620109537847245,0.1954192477640901,0.21212894318215814,0.22711384955536287,0.23996358466003676,0.2501463063279349,0.2559309147838948,0.26125557229762963,0.2636508230257122,0.2674227409986919,0.2645797046360202,0.2616261986303497,0.25926967872615625,0.25077613444411384,0.24220631296776374,0.236659831966392,0.22981636694604904,0.2219607911775762,0.21123036436487633,0.20442555319414818,0.19834756203518045,0.18609267880448543,0.17979028217398385,0.17605136404491759,0.16667458390733242,0.1556978149802416,0.14948396903814148,0.14418256958490244,0.13744368496582274,0.13114241784066832,0.12575440140404848,0.12071612148364387,0.11485330203243281,0.10945273631840738,0.10615225573543381,0.10162715957714047,0.09648955040294556,0.09290162577845062,0.09018896557069005,0.08872621998552432,0.08650118939135368,0.08427605345066767,0.08207602595032394,0.08021350266878294,0.07731336977540956,0.07630085838465642,0.07461333940006785,0.07356323563235594,0.07345064269312318,0.07210054075405527,0.07075044219026332,0.07095044344027111,0.07025043906524378,0.06922543265895374,0.06876284381421871,0.06811284056420246,0.0680628403142012,0.06737533687668402,0.0668503342516709,0.06680033400166965,0.06667533337666653,0.06650033250166215,0.06632533162665778,0.06611283056415247,0.06612533062665278,0.06601283006414997,0.0660503302516509,0.06616283081415372,0.0661503307516534
5.15,0.025136379560582643,0.028764394709053065,0.03210453617327953,0.037846846012756716,0.04345057356508656,0.05135615272982053,0.060150074937385584,0.07115683652317314,0.08519027704978971,0.0975345536515104,0.11395505342503148,0.13231331914052677,0.14704374038449564,0.16911566055293792,0.18524378362085311,0.19817075077261023,0.21688127182319414,0.2299651219356646,0.24161428001545737,0.24887081526387747,0.2547429811881346,0.2582044853479061,0.26148759834544666,0.2598078137406307,0.25707744458018067,0.2560870853636131,0.2488918896953565,0.23886061088001165,0.23212896998552246,0.22625775155031086,0.21782670880758612,0.20705838816509234,0.20037880445314088,0.19249906238279854,0.18154565081778118,0.17472909926443073,0.170364480980884,0.15691235684810234,0.1512484655137503,0.14389703317844857,0.13883332999980047,0.13063185817255454,0.12518063312849123,0.11954198282435634,0.11374148095183371,0.10760322809684329,0.10387798649211201,0.09880247006175188,0.09330198266713201,0.08981440855618214,0.08743935808635965,0.0849514866510167,0.08293884775627633,0.08026360362455012,0.0765885530926053,0.0755259440743012,0.07311341391767423,0.07140089251115664,0.07110079988399895,0.0698007852588344,0.06863827218056227,0.0666756667566678,0.06542557247375938,0.06503798778490862,0.0635128969556062,0.061600385002406485,0.06127538297114379,0.06103788148675951,0.06010030050150272,0.05946279731398678,0.05911279556397803,0.05920029600148022,0.05910029550147772,0.05911279556397803,0.059062795313976776,0.05878779393896991,0.05893779468897365,0.05886279431397178,0.058900294501472716,0.05882529412647084,0.05881279406397053,0.05871279356396803,0.05877529387646959
5.25,0.02936539712727075,0.03187980762012465,0.03688393321856088,0.042238331285641494,0.047954520148279674,0.056685682830405544,0.0670308031436167,0.07896307175356274,0.09160769439583032,0.10790471460791602,0.12439989092337302,0.13805465147986207,0.15831342480831445,0.17350583856152163,0.19034671142567947,0.20756338149714174,0.22082070214404942,0.23376681844272884,0.2429523436747717,0.24703260755390694,0.2530923787182308,0.25524092958116196,0.2559107300945803,0.2518927908270748,0.2519884115089657,0.24569655912284322,0.23626349581449888,0.22869553149111466,0.22250173165260803,0.21375525105020893,0.2027239903182562,0.1964816826713297,0.18842708639366806,0.1768846105763211,0.1706444108017278,0.16622829168770947,0.15281298910407304,0.14698657519279565,0.13932260088856369,0.13338383667917927,0.12607006420385156,0.12039382067558484,0.11515518198318862,0.10779154218283127,0.10270359462581136,0.09875296258887714,0.09196514399788945,0.08785219630490715,0.08563931983554605,0.0831267664437865,0.07995169897360276,0.07703884817984274,0.07378869906635943,0.0711509783259516,0.07052596973208344,0.06830085376067165,0.06733834172927126,0.06568832110401346,0.06405072057060607,0.06116318808586564,0.06016317683573908,0.05915059150591474,0.05800050750444036,0.057487931159483384,0.05696285601784981,0.05662535390846163,0.05598784992406172,0.05551284695529317,0.05527527637638159,0.05557527787638908,0.055150275751378465,0.05476277381386878,0.054312771563857526,0.054037770188850656,0.053712768563842536,0.05370026850134223,0.05333776668883316,0.053300266501332225,0.053250266251330974,0.05343776718883566,0.05343776718883566,0.053400267001334725,0.053350266751333475
5.3500000000000005,0.03235573795105361,0.036158808485934474,0.04126296192497112,0.04639210083150475,0.05482303868765025,0.06295351048391155,0.0738489792752469,0.08585607754193693,0.09931359904526878,0.11512254678143519,0.13164247884138655,0.14842407306877392,0.16549300178864085,0.183599495692373,0.19923931355615354,0.21464224832815001,0.2252853898410229,0.23591777830857102,0.2416643010868337,0.2484581563902111,0.2491284318776362,0.25090188379610323,0.2491209555201001,0.24825413100425847,0.2435858802464251,0.23152993309301417,0.22464787411616952,0.22010585185991022,0.21088653111848582,0.19970244048809832,0.19300974175351632,0.18437973123166176,0.17234977528019715,0.16738342292786657,0.1618309082658158,0.14851410884034036,0.14226209227784412,0.13597320789012185,0.12847181420653042,0.12180806978462366,0.11600696041762548,0.10963075561467016,0.10285462845828099,0.09920372013950558,0.09264074242598523,0.08705261157834766,0.08422742153836951,0.08168954223855625,0.07758914876941163,0.07358906376760532,0.07120151303215219,0.06907620883365484,0.06761359872097945,0.06616340974688426,0.06373837640267577,0.06162577032212924,0.05923824047800618,0.05743821797772492,0.05657563647591055,0.05611313127272702,0.05476311608505615,0.054288042880428995,0.053862971300999075,0.05227539206544067,0.051937824611404004,0.051287820548878614,0.05068781679885517,0.050125313283208205,0.04976274881374424,0.049375246876234555,0.04913774568872862,0.04867524337621705,0.049062745313726744,0.0487252436262183,0.04857524287621456,0.0487252436262183,0.048700243501217676,0.0487252436262183,0.048750243751218926,0.04865024325121643,0.04860024300121518,0.04851274256371299,0.04855024275121393
5.45,0.036872528902457465,0.0405879497330005,0.04474116186891956,0.052284948590846377,0.06011517592290265,0.0706725716859333,0.08188066565415737,0.09262398340674646,0.10706954203658592,0.12499233808976425,0.13804697800204693,0.15726747604025743,0.17308534190546535,0.18525050280671276,0.20130299759487078,0.21584290418641258,0.22748646836950184,0.23342916776611647,0.23895065796466847,0.24441910135402217,0.24674006012194538,0.24512482571916333,0.2422186432454881,0.23992647656440574,0.22923155600624767,0.22262734021283778,0.21678326050126048,0.207302603035521,0.19704581315155842,0.1901380276055218,0.181470164629634,0.16938981410752546,0.16404858198366074,0.15841980247530998,0.14482897429582667,0.13796310649511753,0.13237375176890082,0.1232972096552608,0.11715849399081475,0.11189491303798917,0.10449376962617793,0.09913020433572797,0.09367921556470074,0.08672825230946192,0.08292790247658698,0.08007740232206995,0.07706471561057408,0.07215180379509513,0.06982648381278127,0.06811394742138295,0.06595140146728141,0.06353861192570892,0.061313496344315814,0.05797579716721126,0.055863268119936846,0.055550694383679995,0.053950674383429986,0.05345066813335186,0.05196308458470176,0.05105057431896127,0.0499130615219423,0.04878798787987897,0.04788791901929159,0.04775035812768613,0.04693779336120867,0.045900286876793144,0.045575284845530445,0.04522528265801678,0.04451272256361297,0.04390021950109766,0.043462717313586724,0.0433377166885836,0.042775213876069536,0.0424377121885611,0.042262711313556724,0.041762708813544214,0.041650208251041404,0.041650208251041404,0.04157520787603953,0.04147520737603703,0.04141270706353546,0.04150020750103765,0.04147520737603703
5.550000000000001,0.040000500475451464,0.044028666803461,0.050609060335508396,0.05738958104479785,0.06572008722643181,0.07541410198668828,0.08703495660137019,0.10228169750588227,0.11811550600647683,0.12994599760573053,0.14724093675807176,0.16262104955057413,0.17911418529312342,0.1947437937141646,0.20758159994296618,0.21925726928334485,0.22898720372982637,0.23561764437380056,0.2405513322487085,0.24136792665175966,0.24250101286969614,0.2387600582707577,0.23826731955204866,0.22964820036386474,0.22031637030655368,0.21537522803516407,0.2055677463318256,0.19521203505389387,0.18738106609786678,0.17961092218443594,0.1677676981856725,0.16143853196327823,0.1557973958756563,0.14195524440554994,0.13489034377660386,0.13008735829903773,0.12011020936779562,0.11485904514980493,0.1088328903845523,0.10015663537709321,0.09618077084625026,0.08941719440270567,0.08392877679495532,0.08080303011362884,0.07721520253208822,0.07322719681590409,0.0689269816507221,0.06687667191679757,0.06438886826345025,0.061576308496555224,0.0587637487296602,0.056025980454657655,0.05440088401436494,0.053263232369444795,0.052513222056803,0.05023812797659944,0.04927561594519905,0.0478255978199725,0.04707552959970774,0.04633802130273941,0.044825504286922994,0.04410044100440981,0.04268787351889306,0.04086280647104831,0.04003775023593876,0.03941274632966435,0.03850024062650371,0.037925237032731256,0.037737688688443245,0.037737688688443245,0.03751268756343762,0.03751268756343762,0.03712518562592793,0.03716268581342887,0.03711268556342762,0.03718768593842949,0.03700018500092481,0.03682518412592043,0.03677518387591919,0.036850184250921056,0.036850184250921056,0.03680018400091981,0.036787683938419496
5.65,0.04465492217606742,0.04959637260838902,0.0550006005525085,0.062394122666319905,0.07226332073479412,0.08308312065255496,0.0949290284161568,0.10814888392103231,0.12266899511750923,0.13713881129684605,0.15522154313405223,0.17035120943229667,0.18240378241128785,0.19977186083511012,0.2125969775158505,0.22102073257517,0.22741143160148553,0.23319156173442482,0.23542417243263808,0.23731636680121931,0.23494825611348225,0.23510875749485838,0.22992702555356123,0.21904482053654678,0.21213890684568804,0.20417196508483168,0.1943272254418382,0.18524700642788172,0.1791041417129489,0.16570814162832626,0.1590036206517179,0.15323720950003242,0.13935753264531825,0.13209151143893033,0.12628936541531643,0.11699861486841291,0.11129696024162093,0.10512077826128846,0.09790709826462453,0.09388121963080087,0.08520511230673872,0.08067923565987244,0.07731597921906513,0.07302773854019552,0.06866490327161476,0.06582697480924452,0.06345182423994712,0.06076401910047773,0.05751372216659624,0.054751163462223765,0.053351133711591565,0.0516634041095721,0.05015081495074313,0.04853816739980192,0.04687564454011259,0.046113076413455335,0.044525556569457274,0.04351304391304907,0.0413254649114804,0.0391629405830817,0.038600434254885505,0.03715037150371517,0.0368753226590734,0.03652527393955468,0.03596272476702992,0.03546272164201039,0.03486271789198695,0.03451271570447328,0.03406267031335169,0.033575167875839494,0.033412667063335434,0.033275166375832,0.033075165375827,0.033075165375827,0.03318766593832981,0.03301266506332543,0.03318766593832981,0.03311266556332793,0.03308766543832731,0.03303766518832606,0.03308766543832731,0.03305016525082637,0.03305016525082637
5.75,0.049446974625894334,0.053812814982007885,0.060730872402610075,0.06913774250131959,0.07913183927416356,0.08863784216584049,0.10123427753604822,0.11790667795901913,0.12873614407039324,0.1467459085399331,0.16061283051343483,0.17430384781841785,0.18990856671127743,0.20188565024664937,0.21330988654740546,0.22223389526528747,0.22591069624115698,0.23076547909504494,0.23459882475492677,0.23348989360903824,0.22960880721463212,0.2266932594736863,0.21600986330420574,0.20876654433600597,0.2041740074197341,0.19479423382059918,0.18396193977131256,0.1783577582811629,0.16427569409887713,0.15669383876775272,0.15113970514692565,0.13747216738699042,0.1301687117523137,0.12411551443930426,0.11553814246370463,0.10857281441736907,0.10263372386652811,0.09456994738335593,0.08950648922046801,0.08164290884271039,0.07861721703302156,0.0748914318001691,0.07062817826802169,0.06617748165556173,0.06408974314100958,0.06055181655449632,0.057964166469785694,0.05436385909647712,0.05265111883627499,0.05067607686663314,0.0484760301156397,0.04690082076436313,0.04531323634009028,0.04396310449268654,0.042550585070544496,0.03997549969374596,0.03806297578719713,0.036637957974474486,0.03625040781708775,0.03576290233265105,0.03452538841061944,0.03405034050340485,0.03277528678375918,0.032537744033080074,0.031975199844998865,0.03205020031375179,0.031837698985618494,0.031500196876230305,0.03132515662578296,0.030887654438272027,0.030575152875764216,0.03026265131325641,0.030337651688258277,0.03040015200075984,0.03026265131325641,0.03026265131325641,0.030000150000749844,0.03007515037575172,0.03007515037575172,0.030162650813253908,0.030137650688253283,0.030150150750753595,0.030137650688253283
5.8500000000000005,0.05355087332966337,0.059555684565068545,0.06683648957040501,0.07660702087144111,0.08358574200643343,0.0975954561377174,0.11064210955620594,0.12124684591817758,0.1368048266984582,0.15144938323186308,0.1681306117547583,0.18209654944675638,0.19597493402043872,0.20581304595803512,0.21526100600219453,0.22124585554859422,0.22749897449750459,0.22836440761689983,0.22990934931339907,0.22598700499692462,0.22683279396979977,0.2178901233564465,0.20788214051707396,0.2041525736328462,0.19294562486949263,0.18270321231058612,0.17679751433197735,0.16436670805216883,0.15559867669233152,0.15055511102220498,0.13639955191934597,0.12877076428574152,0.12303018558917889,0.1136142017752223,0.10678714703797595,0.10032203059290669,0.0923578504172858,0.08729437443198683,0.07981828682579516,0.07655507177350526,0.0723918435106109,0.06754104590491024,0.06369036606647321,0.06137730164881205,0.05830204057142021,0.05366410992329789,0.0515889831832667,0.04995124878121971,0.04776351497469339,0.046113479911448284,0.04471345016081607,0.04247574332550835,0.04067566097949106,0.0380380230228167,0.035875493288032835,0.03550044375554707,0.03465043313041425,0.033312916411455264,0.03205036056655649,0.03173785705089194,0.03152535466024004,0.03078780787807889,0.030287765017944016,0.02972522293917215,0.029575184844905386,0.029150182188638782,0.028875180469878043,0.028312676954231064,0.02803764018820104,0.028100140500702604,0.02803764018820104,0.027612638063190417,0.027337636688183536,0.027037635188176038,0.026862634313171662,0.02685013425067135,0.026912634563172912,0.026775133875669474,0.026837634188171037,0.026725133625668224,0.026687633438167286,0.02671263356316791,0.026737633688168536
5.95,0.05926880536509705,0.06539864773563306,0.07351763622532756,0.08032289302542085,0.0924309926573163,0.1024620927788624,0.11624677544055469,0.1280647917524127,0.14526130647608781,0.1585421229933619,0.16925640262284317,0.18389775174929332,0.19584985428210552,0.20722640810894719,0.21459812567460657,0.21773143579680476,0.2234094706406147,0.22635100913782855,0.22415692610512258,0.2233484891683306,0.21782950777033694,0.20834922441119721,0.2010173408091718,0.19281145865244617,0.18465562750778738,0.17422574324772153,0.1649193220678063,0.15435166673543466,0.14894713020777384,0.1349519903980801,0.12779800364065577,0.12154459906659992,0.11151603042937462,0.10492561570196311,0.09818616867668732,0.09110865532225594,0.0851197351774904,0.07848118039295622,0.07424288260898941,0.07046716844991006,0.0651539092345543,0.06260328667255052,0.05942767424534125,0.05596459867245042,0.05156430475066646,0.049788993669810266,0.047801374289511,0.04525113127828212,0.04390093289482417,0.04137587923743394,0.03928833487711628,0.036500638761178456,0.03516307139991037,0.03447547403776814,0.032850451693710904,0.03172539656745721,0.031050388129851732,0.03060038250478142,0.029687833988132472,0.028950325691164132,0.0285503211911135,0.027737777377773876,0.02766274204899303,0.026587699407745653,0.026125163282270606,0.025850161563509864,0.025112656954106055,0.024650154063462982,0.024437622188111026,0.02410012050060259,0.023612618063090396,0.023612618063090396,0.023937619688098526,0.023837619188096026,0.023787618938094775,0.023562617813089146,0.023650118250591334,0.023650118250591334,0.02337511687558446,0.023287616438082272,0.023262616313081647,0.023237616188081022,0.023200116000580084
6.050000000000001,0.06472398778839863,0.07047839730147651,0.07665802538335227,0.0865035019279992,0.09738533389882832,0.1114071961166986,0.1205878894179398,0.13644648663119593,0.14927688341191359,0.16492183600634883,0.17813764169328858,0.19078985222636008,0.20089056773693123,0.20957784248391406,0.21427293909880682,0.2202077885044694,0.22144600854418547,0.2222491786959919,0.21834197655762375,0.21649585090259635,0.2067754730476613,0.19880832546594618,0.19460269190178608,0.18434626037049212,0.17342724495754255,0.16718619297870418,0.15376632469976223,0.1463871457382303,0.13570655177328655,0.12781306261252184,0.12013412414234499,0.11026778067963401,0.10392743956943756,0.09766220777597147,0.08966019884761844,0.08350793325365866,0.07673152217938484,0.07199316946209476,0.06845496298481603,0.06321668810558666,0.061303678220692916,0.05721550381394992,0.052589866543994196,0.05000187507031487,0.04820168705904681,0.046101383041491,0.04348875030157094,0.04156353908847699,0.038900826642565944,0.035938263688103184,0.034188226499812936,0.033450585385244064,0.031375509852034925,0.030500419380766322,0.0301004138806907,0.02891286141076748,0.028562857035712798,0.027787847348091702,0.027162805581562647,0.025950291940784197,0.02552528715948041,0.024575245752457394,0.023625206720558678,0.023600177001327383,0.02263764148525916,0.021550134688341688,0.02117513234457704,0.021300133125831924,0.021050105250526138,0.020937604688023328,0.021037605188025825,0.020937604688023328,0.020700103500517392,0.02042510212551052,0.02033760168800833,0.020250101250506147,0.01992509962549802,0.019900099500497394,0.02002510012550052,0.020012600063000208,0.020050100250501145,0.02002510012550052,0.020037600188000833
6.15,0.07134277563685527,0.07604610310640476,0.08366447131360881,0.09427305279541216,0.10566759122681288,0.11568583295801473,0.12841940915812458,0.14255136290111778,0.15553167614684807,0.165784973649284,0.17996392465707226,0.19186557026815468,0.2021538730940982,0.20748906833168304,0.212459398579936,0.21771892896494788,0.21918239937569486,0.21542113168001298,0.2152281648644499,0.21021843409712815,0.19933525736894037,0.19384405694528745,0.18338643445554326,0.17359283271542866,0.1675629783472277,0.1548826095600349,0.14593922116568878,0.13936036269203358,0.1273171012260355,0.11861122224444931,0.10991978556140143,0.10314163158809395,0.09645136488370237,0.08794849356169553,0.0823593683781533,0.07529465299203451,0.07098103338783822,0.06729279930794574,0.06191698898170139,0.059253925572569394,0.05519081144868712,0.05124019010998095,0.04946472591266624,0.046651749440604184,0.04366402824098859,0.0424262727881838,0.039551137095191626,0.03620090502262569,0.033950721452831,0.03293819993674878,0.031050659826521422,0.02997552457168011,0.029437978367148572,0.028175387411577008,0.027350376067671028,0.026675333441668118,0.0254253178164728,0.02435030437880482,0.02341276339358826,0.022962758331031306,0.02118773836205665,0.020687706877068845,0.02070018112658493,0.02018765140738563,0.019800123750773512,0.019812623828899,0.019400121250757886,0.018800117500734445,0.018275091375456944,0.017987589937949754,0.017762588812944128,0.01787508937544694,0.017712588562942878,0.01777508887544444,0.01762508812544069,0.017650088250441315,0.017700088500442565,0.017762588812944128,0.017750088750443815,0.01772508862544319,0.017687588437942253,0.017700088500442565,0.017700088500442565
6.25,0.07410790250738163,0.08098822398942969,0.09098370500860743,0.09954033285206272,0.1104217570646273,0.12057749086723651,0.13616335599386417,0.14707998013413134,0.15987250230489028,0.17355321243568594,0.18446708812940993,0.19455486537263522,0.20337965452976164,0.20800188114749887,0.21325985784343654,0.2144921663458653,0.2151929445428248,0.21244480349355788,0.20927565737066628,0.19920169265166984,0.19204509646020695,0.1846407782772603,0.17578388760234584,0.16580284965832773,0.15645963346458036,0.14618007494682747,0.1413004745025218,0.1263070504140419,0.11793992103163922,0.11038457691538249,0.10260596907443285,0.09599047846465192,0.08707501703369812,0.08156019502437761,0.07442096538481212,0.06975662687955318,0.06586809878839665,0.0603297509678884,0.057654179928044474,0.054128586018823456,0.05005300318019055,0.04692746369184358,0.04501452565365418,0.04227658537195122,0.04027640967433839,0.03686360590817705,0.033575965309002455,0.0327633190829769,0.03067565185760181,0.029600629013366374,0.02882561254426641,0.027837987164775233,0.02648793042886933,0.02525034719227376,0.024500336879631962,0.023012787659845626,0.022225277815972583,0.020425255315691337,0.020325228658822303,0.019700221627493204,0.019562720080600803,0.019000190001899918,0.017612654110723377,0.01738763040722796,0.017237607735048253,0.01647510296939347,0.01662510390689933,0.016600103750648354,0.0166875834379171,0.016362581812908977,0.016262581312906477,0.01601258006290023,0.015925079625398044,0.01595007975039867,0.015975079875399294,0.016037580187900854,0.01586257931289648,0.015750078750393668,0.015687578437892105,0.015675078375391793,0.015637578187890855,0.015637578187890855,0.015625078125390542
6.3500000000000005,0.08040138131224692,0.08879552381476712,0.09522510709853099,0.10720979288704538,0.11483812690870415,0.1278336586098188,0.13925342847920943,0.15426071574670322,0.16331263830910495,0.1775186418967018,0.18850742646709379,0.19609339233938725,0.20086555178926638,0.20816448033300386,0.21043323606919548,0.21201581363820063,0.20911496633350415,0.2089057241794158,0.20201009675325804,0.19147371738119245,0.18680568407468792,0.17705057426708326,0.16666833389185434,0.1603010959743424,0.1460940108207603,0.13839030617667444,0.12653400601411674,0.11929277054052508,0.11158844431330324,0.10280806161232282,0.09585475385569438,0.08645144029474784,0.08156172449789686,0.07332166520815128,0.06888283542252956,0.06494366964861685,0.05921753349034689,0.05650444972541608,0.05300384277860164,0.04837820505608514,0.045940256415385086,0.04410231537155716,0.041114350145756706,0.03876395364826195,0.03502622591790725,0.032700981029431,0.031063393072550946,0.029400735018375562,0.02848810537223926,0.027175577481021566,0.02601305277737161,0.024562929851272484,0.023450381068692447,0.022212805426074685,0.020462781363243816,0.01996274953436925,0.019200240003000104,0.019350241878023543,0.017612698142854172,0.017237693924056708,0.016425184783328873,0.01618766187661882,0.01621264186061634,0.01567511756338178,0.015350095938099668,0.015400096250601621,0.014887593047456599,0.014650091563072322,0.014537572687863492,0.014450072250361304,0.014487572437862242,0.014400072000360054,0.01433757168785849,0.014125070625353177,0.01408757043785224,0.013975069875349426,0.01418757093785474,0.014162570812854115,0.014150070750353802,0.014162570812854115,0.014175070875354428,0.014175070875354428,0.014175070875354428
6.45,0.087558180271258,0.0926741503305594,0.10294470913240217,0.109912245362667,0.1211936959760995,0.1342516138717915,0.14548361510957925,0.15444836563204914,0.16864172171926797,0.1779189376151638,0.18863251434132544,0.1972691771757655,0.20257914420443104,0.20502506528982753,0.20780672911082806,0.20851390071826809,0.2049254134525925,0.2022277441308191,0.19284373542354785,0.185759017221631,0.17809000285104123,0.16743464859356205,0.15961597135040295,0.1483347817116711,0.13980461614061285,0.1328511929099355,0.12081997036703658,0.11224098114896695,0.10291142690675618,0.0958066613322668,0.08665309755756068,0.08165066616992019,0.0727479575188936,0.06877109638704863,0.06411979362652524,0.05868057465459239,0.05577974127800883,0.05227911698046239,0.047353433123901646,0.04507798641660026,0.04282756965417941,0.04072713817475432,0.03752668870099168,0.03318874457792179,0.03202612091423211,0.0295008850265509,0.028575821554869804,0.027125678141953644,0.025975551980479676,0.024538021432955536,0.023075490354170107,0.02203788566299918,0.0199128235833833,0.019750271566234105,0.018987761081714943,0.017587719846498144,0.01687521094013681,0.01585019812747665,0.016162681830170646,0.015387673111322556,0.015187670861297244,0.014662646626466318,0.014425126219854477,0.014187606407048104,0.01398758742242144,0.013862586641166557,0.01385008656304107,0.01385008656304107,0.013587567937839736,0.013550067750338799,0.013250066250331299,0.012950064750323797,0.012837564187820985,0.013000065000325047,0.012950064750323797,0.012900064500322547,0.012787563937819735,0.01276256381281911,0.012750063750318797,0.012775063875319423,0.012737563687818485,0.012737563687818485,0.012750063750318797
6.550000000000001,0.09162454331614985,0.10064410223558976,0.10716108820114449,0.11580509312200761,0.12834996665828363,0.13804233598558702,0.150950666429802,0.16190432107645897,0.17430856393711586,0.18388584566848662,0.19102169273914824,0.19635606767517214,0.20102815544909775,0.20394940913957404,0.20581808812806238,0.20227299162167225,0.20221158367600015,0.19507455201883736,0.18530305891356635,0.18045697593573432,0.1705372460948237,0.15981943567395798,0.15208844963062543,0.13960699973116356,0.13524074127330785,0.12041006943272164,0.11186756440793404,0.10367630786311972,0.09657245309534415,0.08785507101420237,0.08155217939229017,0.07239917436686627,0.06784725304262451,0.06370796349543659,0.05836913948961663,0.05500522549642187,0.05157938424766078,0.04641615527222744,0.04485325186075967,0.042077787653431814,0.039589875392523344,0.036089394693221206,0.03197643893975212,0.03091365926222217,0.028851009785342333,0.0276758302749081,0.026175752552885755,0.02500062501562526,0.023237993807368285,0.021525457415969975,0.01955041544632813,0.019075333818341717,0.018725304286194552,0.016712729800034663,0.01602522034677968,0.015837697971224557,0.0152126901586269,0.014912686408580027,0.01412515890803764,0.013962657079892074,0.013575152720468033,0.01360013600135994,0.013400117251025877,0.012775095813218531,0.012575078594241148,0.012287576797354918,0.01248757804736273,0.011975074844217712,0.011975059875299314,0.012087560437802125,0.012200061000304935,0.01257506287531431,0.012387561937809623,0.01222506112530556,0.012200061000304935,0.012250061250306185,0.012187560937804624,0.01227506137530681,0.012312561562807748,0.012250061250306185,0.01232506162530806,0.012362561812808998,0.012350061750308686
6.65,0.0994694960212205,0.10384709703572877,0.11154011690755535,0.12203574744080296,0.1321658102912682,0.1433468448180959,0.1515761871758244,0.16408105974647308,0.17389574761661183,0.1827475047191119,0.19173469362227033,0.19609339233938725,0.19948967466760129,0.20184812735768892,0.20221602144230325,0.1985709693920311,0.19588348290662494,0.1863581623299404,0.18020090963318364,0.17221630327676218,0.16063363127541608,0.15553040770774643,0.14196005661896785,0.1338426623486241,0.12232435021050135,0.11380814662270426,0.1057409178716784,0.09699961365196454,0.0894207903337529,0.08141628325665162,0.07390080214438625,0.06816099095979251,0.0635591366258902,0.057569696212026705,0.054893744163398775,0.051067351398383025,0.04592890395683649,0.04427848693084596,0.0406529473386822,0.03857755576306944,0.034864591875512656,0.0312641413674219,0.02970133656014531,0.028013550508144157,0.026400924032341226,0.02520075602268077,0.023275669175488876,0.021613040326008227,0.01975041969641862,0.019250409071192832,0.018462892336462217,0.01643778766128413,0.015425250660323285,0.01537521140915693,0.014662701612147219,0.013987674845935624,0.01373767172089656,0.013450168127101637,0.013387650611069422,0.01271264301723399,0.012450140064075764,0.012262622626226306,0.011775103032151572,0.012312592344442626,0.012012575078594285,0.011937574609841354,0.011687573047331586,0.011762573516084517,0.011562557812789104,0.011350056750283792,0.01105005525027629,0.010775053875269416,0.010837554187770977,0.010687553437767228,0.010712553562767853,0.010637553187765977,0.01060005300026504,0.010475052375261912,0.010350051750258788,0.010425052125260662,0.0103625518127591,0.010337551687758476,0.0103625518127591
6.75,0.10238476552725034,0.10827623828279383,0.1172328542258872,0.12834146988391895,0.1376080790792925,0.1481133963869281,0.15994565475758482,0.1703986058864509,0.1780864587490155,0.18601241667281607,0.19045879730510581,0.19488008245503768,0.19763849454026836,0.19970932268683791,0.1964502133098855,0.19660739679049574,0.18954287600924352,0.17996781063549513,0.17467358124609897,0.16495100613736202,0.15419378072996562,0.14401380491800128,0.1348201647551923,0.12879105214787145,0.11555981239348292,0.10765635491336793,0.0984139487487257,0.09024790040472723,0.08119387757653611,0.07529005801160192,0.06753715668820351,0.06394781158461768,0.0575707757990208,0.054606825853231365,0.05014320378943078,0.045529325285901916,0.04300365531070118,0.04010315812370203,0.03815276607554027,0.0342022659001157,0.030739344360661475,0.02907652651764202,0.027426234180537978,0.025688463317374264,0.02453835884255936,0.02275068252047549,0.020950602329816867,0.01887547188679707,0.01805038357065078,0.016337847179252473,0.015362826460062195,0.015087764035870548,0.014537736238213793,0.013825190096363751,0.013450184940042853,0.013287666095826127,0.012575157189464803,0.01200015000187496,0.011750132188987062,0.011887633735879465,0.011937634298385793,0.01152511525115245,0.011462600297752545,0.010662579969349713,0.010537565859786567,0.01066256664104145,0.010337564609778756,0.009975062344139597,0.00950004750023745,0.00950004750023745,0.009525047625238075,0.009312546562732763,0.009225046125230577,0.009225046125230577,0.009237546187730889,0.00928754643773214,0.00928754643773214,0.00928754643773214,0.009337546687733388,0.009312546562732763,0.009375046875234326,0.009362546812734013,0.009337546687733388
6.8500000000000005,0.10648866423101985,0.11396906107210282,0.12398906994434923,0.13096885423521892,0.14325052327101673,0.14917680028023872,0.15963289438457573,0.16904752671196177,0.17872444760798023,0.1867379526625301,0.19044628851768436,0.19370429761866115,0.1962250934971051,0.19596954142026704,0.1928106250961496,0.1903915013576173,0.18095116607137562,0.17491555606689546,0.16703286259336803,0.15492214502583548,0.15084255753350026,0.13659866327379178,0.12841802003671277,0.11709982556940067,0.10827011637255761,0.09969153515961558,0.0924498458960849,0.08333364591265062,0.07728046770874256,0.06818863772754576,0.064261567082075,0.058846989076988876,0.05475787144402027,0.050318789848731275,0.04516763781880205,0.04269155569779144,0.04027842366601175,0.037602961233197243,0.03350242892609726,0.03027700585163778,0.02838920335220123,0.02681390773015593,0.025301138551234895,0.023988399564983772,0.021488252088823188,0.01928807864235934,0.01832552685889726,0.017075426885672203,0.015712833897720383,0.015275324600647818,0.01432530441271882,0.013625238441672778,0.013037711862817816,0.012887677205561622,0.012137666892919821,0.011712646408080143,0.011600145001812563,0.011700146251828188,0.011312627267056796,0.010812621641993512,0.010137614048158078,0.010237602376023797,0.009437582578847598,0.009387570406778083,0.00912505703160648,0.008587553672210481,0.008437552734704621,0.00860005375033597,0.009037545187725971,0.008675043375216906,0.008650043250216281,0.008662543312716594,0.008712543562717844,0.008800044000220032,0.008725043625218157,0.008712543562717844,0.008687543437717219,0.008750043750218782,0.008712543562717844,0.008637543187715969,0.008587542937714718,0.008587542937714718,0.008587542937714718
6.95,0.1124443221060011,0.12041258576769322,0.12727959722945156,0.1369993268891524,0.14317545749463018,0.15680828704398794,0.16612579972827438,0.17356363395262028,0.1801630499370149,0.18491160344704716,0.18912035705082886,0.1921407539532645,0.1935734030444415,0.19130419555929187,0.19055933341754902,0.18373786680974546,0.17478564496603397,0.16978826801460215,0.16024250215403296,0.14969513262606157,0.13870062572839134,0.13079659628742787,0.12399153716495069,0.11123545630169657,0.1040438432077667,0.09361476530039407,0.08568552798564645,0.07780724358806074,0.06879099390608341,0.06377525505101043,0.05896061291032407,0.052996045612355186,0.050332235258818636,0.04483060382547835,0.04219229937405394,0.039516254044134336,0.03722816439397362,0.03327762061262336,0.029877166094541958,0.02773933773112479,0.026301578094685776,0.024651294192945216,0.023101039546779688,0.02080078002925117,0.0185381488352093,0.017588027640829285,0.015850455700601448,0.014812870321758096,0.01440030600650269,0.013262781834114022,0.013050277318393061,0.012737722910150974,0.011950194190655641,0.011400156752155383,0.01153765864280638,0.011112638907986389,0.010875135939199278,0.009987624845310602,0.009962612079385928,0.00925010406367075,0.0090751020948986,0.008325083250832538,0.008812577110049746,0.008525063937979565,0.008575053594084994,0.008337552109700715,0.008112550703441924,0.007950049687810577,0.007650038250191278,0.007700038500192528,0.007637538187690965,0.007700038500192528,0.007525037625188153,0.00751253756268784,0.007450037250186277,0.007400037000185027,0.00751253756268784,0.007437537187685965,0.007437537187685965,0.007450037250186277,0.007425037125185652,0.007400037000185027,0.00741253706268534
7.050000000000001,0.1182873730043535,0.12452893455380716,0.1318963446370654,0.14114058508096022,0.1477294479287468,0.15662062753340256,0.16477467491686743,0.17431423349400238,0.1816266714369876,0.18486156648223778,0.188119654056974,0.1901769431095246,0.1906965690627765,0.18700157095828357,0.18504366880497589,0.17689662978401857,0.17017088373302827,0.1627226149669281,0.15048839323564972,0.1464188712654364,0.13208571128461818,0.12465690902383907,0.11211255770683119,0.10410818448380367,0.09479105580556092,0.08842575400085227,0.0779334446132394,0.07165568262946685,0.06470254334132651,0.06033706741348238,0.05412224200356035,0.05062066258184105,0.045781581102283204,0.043380422552818876,0.040267080380393054,0.03729104264905146,0.03320282223989021,0.02935231149453004,0.02737698483140013,0.02591421681686398,0.024276456587395117,0.022176164248622933,0.020425919166362376,0.017800667525032093,0.017488112083922844,0.015587967639029086,0.014737923715306736,0.013950348758718893,0.012825272537041344,0.012612768021320385,0.011875252349112355,0.011325198190968281,0.011475186471780105,0.011025151595834384,0.010337642142579406,0.00997512468905856,0.009050113126414032,0.008987612345154267,0.00813759154790487,0.008425094782316256,0.00845009506356942,0.008012580125801215,0.007700067375589496,0.007512556344172541,0.007350045937787072,0.007387546172163536,0.007387546172163536,0.00736254601591256,0.007362536812684024,0.007137535687678401,0.006975034875174338,0.006950034750173713,0.007025035125175588,0.006937534687673401,0.006850034250171214,0.006850034250171214,0.0067750338751693395,0.0067750338751693395,0.006812534062670277,0.006800034000169965,0.006800034000169965,0.006800034000169965,0.006787533937669652
7.15,0.12277914018317446,0.1273190433054911,0.13700104095768156,0.14110305101880008,0.152283438362866,0.16191262573187268,0.1697037783955149,0.17500228307360566,0.17977525278744905,0.18414853973372894,0.18741916196127845,0.18832570740969662,0.1848303293349517,0.18535056384394547,0.17997826252812615,0.17003037909458105,0.165493591860012,0.15548188379064212,0.1454862860980193,0.13467685058747667,0.12692132628409414,0.11840468166784458,0.1072734366012618,0.09926914203902529,0.08995209806954378,0.0814487219402654,0.07459504741899411,0.06567916608839516,0.06105169451897588,0.05444838967793578,0.05100918165269767,0.04705758803607098,0.042131056339348924,0.03962995374421817,0.03676668221010153,0.03340317330146376,0.029039968397313876,0.02717714019979083,0.0255268506966756,0.023889082651725763,0.02181380882852979,0.02028856514967043,0.01758829147311635,0.017200645024188468,0.014913021955768505,0.014012920387611679,0.012975373041975002,0.01253781344533618,0.012187758989878578,0.011412742520778608,0.011325240661364096,0.010762688347046112,0.010062663518282207,0.009737633892466055,0.008837621517295894,0.008137601720021528,0.008575107188839892,0.008350104376304733,0.00787508859474672,0.0074250835321897635,0.007237581422791033,0.007425074250742534,0.007237563328679152,0.00688755165663745,0.006775042344014674,0.006637541484634303,0.0064250401565010004,0.006312539453371607,0.00618753093765471,0.0062375311876559595,0.006250031250156274,0.006075030375151898,0.006075030375151898,0.005962529812649085,0.006050030250151273,0.005975029875149397,0.005950029750148772,0.00598752993764971,0.005950029750148772,0.005925029625148148,0.005937529687648459,0.005937529687648459,0.005975029875149397
7.25,0.1250688153746052,0.13264902684009477,0.13745145533891107,0.14924794250782505,0.1570626261261422,0.16138717910223604,0.1695536534164683,0.17627830229395636,0.17945000356523091,0.18248481065386957,0.1849424220514902,0.18498597814040774,0.18327934057961853,0.18028497383403783,0.17183609095718577,0.16524026249338614,0.15855269081850024,0.1475908624223552,0.14317281154686334,0.12904968412838874,0.12110670394694,0.10890129608673031,0.10050867040458501,0.09200432637903283,0.08390027495783059,0.07512187924733038,0.06754315222215934,0.06102798585140947,0.05618806372481572,0.05161032206441261,0.04732101778320072,0.0421943038314926,0.04015577239228118,0.036267033379172205,0.033541315324618,0.028827738635170186,0.026977293069910795,0.025489507298699636,0.023776723812476277,0.021526426125730715,0.01988869332159919,0.017300908297685536,0.016250731282907646,0.014288035801342476,0.013675478641752389,0.012775383261497776,0.012225351478854951,0.011512787819695431,0.01071272764546241,0.010737728176723698,0.010037713301407602,0.009662669096709141,0.008750142189810538,0.007937609142125662,0.008175112407795565,0.008012600157501926,0.007362592032400366,0.007125089063613257,0.007187580860284639,0.0071625805790314755,0.006712575516474525,0.006400064000639972,0.006187554141098702,0.006287547156603642,0.005925037031481415,0.00588753679710495,0.0058500365627284865,0.00582503640647751,0.005725028625143095,0.005862529312646533,0.006012530062650281,0.006037530187650906,0.0060000300001499685,0.006050030250151219,0.006062530312651531,0.006100030500152467,0.006025030125150594,0.005975029875149344,0.005987529937649657,0.006025030125150594,0.006025030125150594,0.006037530187650906,0.006025030125150594
7.3500000000000005,0.12981082027926577,0.13588955673554823,0.14105477038875816,0.14854730668081337,0.1561243039213116,0.165778411649903,0.170954819887557,0.1749522431041801,0.17934992688147358,0.18194691328218787,0.18210292730643343,0.18162123217247578,0.18100288934195616,0.1777834479032216,0.16645800528053029,0.16270137562643652,0.15247471260917905,0.14225097949960222,0.1316304493267794,0.12323494545400022,0.11492944924897627,0.10398704538491874,0.09523190268740063,0.08588987739842105,0.07817354978187208,0.07100818113275517,0.06267934507398885,0.058152256134994466,0.051974584090801294,0.04822214442888595,0.04255766037886835,0.0398189208009793,0.03646774223794683,0.03375421927740979,0.02905330481342263,0.027415104434921414,0.02531465174539845,0.02332683698841292,0.02136404889354486,0.019713806039650197,0.017051023061383744,0.015850832168688912,0.014088133966028522,0.013625510956660923,0.012487937077797768,0.012062861885856618,0.011000316259092488,0.011050276256906461,0.010662726582939926,0.00945020081676739,0.008687684613298063,0.007812636721142647,0.00810013162713897,0.007687605704578465,0.007237599516993385,0.007125089063613321,0.007037587969849648,0.0066500831260390995,0.00632507115705054,0.006100068625772062,0.005900066375746748,0.005862558625586277,0.005712549984812388,0.0056875426565699445,0.005925037031481469,0.006087538047112816,0.006125038281489281,0.005800036250226584,0.005850029250146271,0.005662528312641584,0.005425027125135645,0.005437527187635957,0.005462527312636582,0.005462527312636582,0.005362526812634083,0.005325026625133145,0.00540002700013502,0.005375026875134395,0.00535002675013377,0.00535002675013377,0.0053375266876334575,0.00535002675013377,0.005325026625133145
7.45,0.13437765877583752,0.13662774694339255,0.1465223005164757,0.15430252954556314,0.16019036680891688,0.165403092628735,0.17190561142150904,0.17461447331055743,0.177060672740488,0.17919488021776148,0.18102717158804124,0.1765053172992979,0.17579957222729553,0.16666416514073643,0.16176781428344572,0.15404664798146042,0.14429570489539925,0.1387494169273043,0.12585301558281473,0.11793290416810513,0.10591365848534753,0.09768480021007518,0.0894049506584709,0.08197612989140318,0.07280943384194515,0.06405615635553878,0.058953343711122576,0.05406371866861235,0.049098915497853425,0.04449639927985612,0.0410073813286393,0.0375435538980662,0.03489251579914625,0.030216277034629438,0.027690649811416147,0.024964871662808058,0.02327697854317625,0.02167670704067953,0.019476412039872958,0.01685111638646066,0.015700942056523448,0.013913230444598391,0.013375601902085641,0.01206295236071357,0.011725410389363668,0.010712821384641578,0.010937814462165825,0.009725243131078311,0.009225196035415786,0.008450179566315814,0.008300176378748077,0.007850137377404132,0.007087615173746598,0.007062597110710297,0.006912595048181937,0.0064500806260078475,0.006037575469693393,0.005812572657158235,0.005750064688227763,0.0055750627194556136,0.005862565953867001,0.005962559625596278,0.005737550203564302,0.005525041437810803,0.0054500340627129116,0.005137532109575703,0.004900030625191425,0.004912530703316913,0.004825024125120643,0.004850024250121268,0.0048625243126215805,0.004800024000120018,0.004750023750118767,0.004750023750118767,0.004675023375116892,0.00461252306261533,0.00461252306261533,0.0046250231251156425,0.004600023000115017,0.00456252281261408,0.004550022750113766,0.004525022625113142,0.004537522687613454
7.550000000000001,0.13381462389269735,0.1437093682593217,0.14839902710493577,0.15318901903477325,0.16144146308202478,0.16779262373016973,0.17026674706693232,0.1736512038991135,0.17722329735159473,0.1790197508409328,0.17602365661877376,0.17626765866215605,0.17214724386796493,0.16343719668998002,0.1574653457421187,0.1495692021766882,0.139493351742353,0.1307583509140947,0.12071335049889702,0.11338115174342062,0.10148704277061073,0.09227037131978218,0.08345295674050764,0.07489887401609223,0.06849563430983548,0.060267552924789025,0.05507730202491891,0.04829975606310076,0.045423060861650086,0.04038307661532285,0.03780680522494029,0.03479311038905005,0.03087943891934449,0.027615951993999105,0.024915334119255932,0.02361474340062293,0.02176434996974731,0.01915150818126917,0.01647619452410291,0.01562603522483356,0.013688321299277884,0.01312568909867761,0.012075543399452911,0.011462929859869684,0.010425364887771018,0.010225306759202722,0.009262766304531206,0.008462711567789149,0.0075751609721706175,0.007825166284783509,0.007075150346944835,0.007025122939651406,0.006987613548720129,0.006325086969945802,0.005962581985502269,0.005650070625882794,0.0055125689071113095,0.005812572657158184,0.0059375667976264415,0.005700064125721383,0.005287559485044178,0.004912549125491229,0.004862542547247262,0.004862536469023492,0.004650029062681617,0.004437527734548317,0.004437527734548317,0.004437527734548317,0.004375021875109352,0.00441252206261029,0.004275021375106853,0.004087520437602166,0.004075020375101854,0.004012520062600292,0.0041125205626027905,0.0041125205626027905,0.004137520687603416,0.0041125205626027905,0.004125020625103103,0.004150020750103728,0.004162520812604041,0.004175020875104353,0.004175020875104353
7.65,0.14194734998248387,0.14385950864057945,0.15132672058293684,0.15723018639415326,0.1625048949141691,0.16631636891357712,0.1696537367358332,0.17322586415899763,0.17463381315933396,0.17572982040482468,0.1731841618737169,0.17316558803001064,0.16434226819597553,0.1570082750477797,0.15179959501764193,0.14239028069082788,0.13501615791737998,0.12398032622057636,0.11566122228989004,0.10367741580508533,0.09543483371430607,0.08721857161613857,0.07960166655829731,0.07088509462391163,0.061193434522150016,0.05697909516146598,0.05062610576592477,0.04714946417653496,0.04137211901767175,0.038207641528305795,0.03456872237002673,0.03179262656103308,0.027066390793676686,0.025003125390673925,0.023577681961323184,0.021739565258699654,0.01936414595240602,0.016488798492881374,0.015988659177790448,0.013600901059695253,0.013088285297117872,0.011938126751654505,0.011087998959953237,0.010050376889133378,0.010162855699949534,0.009125273758212779,0.00827523791309003,0.008075201880047029,0.007475158847125528,0.006950147690638451,0.006812644768701359,0.0062251089394064615,0.0057625936421467055,0.005600077001058785,0.005487575454162514,0.005725071563394563,0.005800072500906282,0.005212565157064482,0.004825054281860688,0.004762553578727778,0.004600051750582211,0.00436254362543627,0.004387538390960936,0.0043250324377432986,0.004025025156407242,0.004137525859536637,0.004062525390783707,0.0038750242189013817,0.0039125195625978266,0.0038000190000950142,0.0038000190000950142,0.003962519812599077,0.003825019125095639,0.0037875189375947017,0.003712518562592826,0.0037250186250931384,0.003662518312591576,0.0036750183750918885,0.003712518562592826,0.0037000185000925136,0.003687518437592201,0.003687518437592201,0.003687518437592201
7.75,0.1407962564436207,0.14843879026890064,0.15098890979701246,0.1573678112887437,0.16259247165328533,0.16694190061552233,0.1686153722974367,0.17209996484692056,0.17404586264224872,0.17213966817986698,0.1709075625626994,0.16728666384811774,0.15971431787764614,0.1542065660052624,0.14637148063701472,0.13723746596578307,0.12975107802823313,0.11771503033228517,0.11154698916918691,0.09910065375169387,0.09058306281792805,0.08149153135804586,0.07276187522820106,0.06634614783462194,0.058617658569643794,0.05320299537240193,0.04860056140087623,0.043973658315797394,0.0392341219333493,0.036032206441288066,0.03318097257506333,0.027929503632460585,0.025741200297542635,0.023715464433054004,0.021764975765993264,0.019614363364519525,0.016901436622112787,0.015926254192517576,0.013625987884121527,0.013013362135241392,0.011688201292077463,0.010950574905182463,0.009962948332674916,0.010300386264484863,0.009062817198601903,0.007987739632188923,0.007712721740750005,0.0070001750043750715,0.006837645299962588,0.00618763148716907,0.005762622455727153,0.005600098001715,0.005462588767067436,0.00570007837607764,0.005525075969794555,0.005137564219552717,0.004712558906986312,0.004637557969474594,0.004362549078677112,0.004312548516170784,0.004075045844265726,0.004137541375413732,0.003887534015922619,0.0037625282189616225,0.003850024062650371,0.0036500228126425597,0.0036250226563915833,0.0037625235157719536,0.003675018375091856,0.0037125185625927933,0.003662518312591544,0.003625018125090606,0.003600018000089981,0.003562517812589044,0.0035750178750893562,0.0035750178750893562,0.0035500177500887315,0.003600018000089981,0.0035500177500887315,0.003512517562587794,0.0035500177500887315,0.0035500177500887315,0.0035375176875884194
7.8500000000000005,0.14592612982333267,0.14751292458448703,0.1553679385034237,0.15920698033465427,0.16303035534887503,0.16529049692238462,0.16934097636282266,0.17071135569536228,0.17106858130042207,0.16947519980385573,0.16865598082653122,0.16190807363915471,0.15423582533865393,0.14960375829255898,0.1409808877843668,0.13130922766561282,0.1222098828425933,0.11327554921383708,0.10193043819709088,0.09353601136437562,0.08518109109825117,0.0776401593067533,0.06891058504599065,0.05954397964351158,0.05564176208082705,0.048614158873772156,0.04482454659689808,0.03953503201437379,0.036858569617436186,0.03346919383876787,0.02959282670880769,0.02659178792580313,0.023715909161942116,0.02184023002875367,0.019589728331597788,0.017226636530470456,0.015926353740067963,0.013801086835588353,0.012600913566233598,0.011425756956398402,0.01097565853951241,0.009900519777288343,0.010175457895605339,0.008812830481143074,0.007550264259249101,0.00752522575677273,0.006825196224391475,0.006512662816570437,0.006050128565232033,0.005937626174556231,0.0054501158149610875,0.005537596907945908,0.005600091001478794,0.005037569266577433,0.004687564454011259,0.00450005625070315,0.004212552656908226,0.004225052813160179,0.004037545422386016,0.003750042187974628,0.0037625423286012103,0.0036000360003600167,0.00368753226590734,0.003675027562706733,0.0035500221876386853,0.0035125219532622202,0.0034625216407602674,0.0033250207813798954,0.003250016250081262,0.003162515812579074,0.0032875164375822,0.0032625163125815744,0.003362516812584075,0.003362516812584075,0.0033125165625828247,0.0033000165000825125,0.0032875164375822,0.003212516062580324,0.003237516187580949,0.0032625163125815744,0.003237516187580949,0.0032250161250806366,0.003237516187580949
7.95,0.14407437065212003,0.15142908619559342,0.15511770829162885,0.15966990043464502,0.1621796098831607,0.16427713556523102,0.1678522369872925,0.1702359759858193,0.16905453803977355,0.16609770467933244,0.1644405194649247,0.15692975060853176,0.150746100639158,0.1445756911716152,0.1346397495563084,0.12968333952421557,0.11540654920911288,0.11153727350830347,0.0984039526650605,0.09073493294918576,0.0800417152260578,0.0712628874036378,0.06480921108571394,0.056905638672327,0.05146550398307508,0.047263765571722925,0.04202379389460932,0.03800964494740554,0.0342079533491538,0.03079365873174646,0.02607969434498219,0.02387885046463751,0.022540740231408347,0.02034004250531324,0.018152064797370766,0.015763997579770136,0.013438642284594238,0.01258849134369336,0.011538336529398422,0.011075733767362126,0.009875592535552168,0.010063028308986257,0.008737893205194264,0.007425278447941824,0.007425259884095969,0.006712701381041455,0.0065376879585288305,0.005900147503687613,0.005475116346222377,0.005175109971086903,0.005700121127573982,0.005037588157792779,0.004587574548086423,0.0043875603289545385,0.0042000577507940885,0.00387504843810549,0.003937549219365256,0.003675045938074239,0.0035500399379493146,0.0036875414848417175,0.0036250407817088074,0.003450034500345016,0.003225028218996928,0.003100023250174387,0.0032625203907524535,0.0031625197657485474,0.003187519921999524,0.0031625197657485474,0.003125015625078137,0.003050015250076261,0.0030125150625753237,0.0029000145000725105,0.0029000145000725105,0.0028750143750718854,0.0028625143125715733,0.002837514187570948,0.0028250141250706355,0.0028000140000700104,0.0028500142500712607,0.0028625143125715733,0.0028625143125715733,0.0028625143125715733,0.0028500142500712607
8.05,0.1498423502327216,0.1515792265768499,0.15533040397165446,0.15819356065629614,0.1627426032060599,0.16504028424160594,0.16623839346255817,0.16580743869165554,0.1652140953005246,0.1642463369814456,0.16013749659135598,0.151388551858366,0.14793180652666127,0.13895976545692923,0.12922414235167473,0.1199655311714028,0.11281778071254955,0.10099506904956373,0.09196373972535964,0.08273185176292902,0.07597773187213361,0.06749904653532844,0.05804444488903804,0.05417976980162446,0.04768936642163469,0.04347516214097372,0.03832279925229919,0.03545899772067175,0.03225749986871959,0.027730546109221946,0.024804464803664748,0.02249112669417952,0.020565456284340946,0.01831478934866865,0.015464259059468069,0.013951325375910761,0.01300110509393303,0.011513406680776153,0.010975795745191565,0.00982565094937543,0.00966307978478712,0.00861295217998948,0.007275327389732564,0.00736277610410393,0.006550229258024054,0.0064876946308389475,0.0055626599264729055,0.005262631565789163,0.005437615549330443,0.005375114221177219,0.004637598548969182,0.004500078751378165,0.00411256682921099,0.003950054313246821,0.0038500529382279143,0.0037000462505781453,0.003500043750546894,0.0035750446880586134,0.003450038812936658,0.0032000360004050157,0.00316253557852527,0.0031875318753187645,0.003225028218996928,0.003075023062672981,0.002812517578234874,0.002812517578234874,0.0028250176563603623,0.002750017187607432,0.0026000130000650096,0.0025500127500637593,0.002562512812564072,0.0026000130000650096,0.0024625123125615717,0.0024875124375621964,0.002500012500062509,0.0024625123125615717,0.0024625123125615717,0.0025125125625628216,0.002437512187560946,0.002400012000060009,0.002400012000060009,0.0024125120625603214,0.002425012125060634
8.15,0.1491166608277843,0.15275532623002291,0.15666913560475415,0.15944469606167372,0.16100357938643506,0.1642771355652281,0.16613831014319183,0.16579492869929618,0.1620366605911757,0.16104397123374664,0.15268225928714704,0.1474984552188565,0.1410899448398334,0.13215561492510244,0.12704789372902522,0.11461260713664677,0.1076527498474237,0.09651807118926685,0.0895627282992948,0.07935555188747555,0.07108844728325737,0.06403531258010575,0.0560562788534151,0.05032854222283281,0.045701267506835785,0.04081188646193146,0.0363597716886408,0.032245682341893796,0.02946935162425222,0.025667633526704977,0.02311666099897949,0.021015888812070647,0.01880270288853996,0.016089511188898384,0.014914196489850508,0.012626199488951271,0.011488476520504078,0.010863355489244624,0.009688202394673476,0.009450626103979254,0.008713022781366759,0.007250380644983758,0.007325329639833688,0.0064502418840705605,0.006137714820018613,0.00545016350490507,0.0052501509418395025,0.005437635940898445,0.0048626033303207,0.0045625969551852325,0.004225089783157832,0.004050070876240277,0.003862562766644903,0.0036125496725579465,0.003425047094397499,0.00357504468805855,0.003350041875523396,0.0030125376567206666,0.0031625355785252136,0.003125035156645468,0.00293753304724674,0.0027750277502774636,0.002725023843958596,0.002587519406395511,0.002550015937599574,0.0024375152344701806,0.0021875136719604186,0.0021750135938349304,0.002212511062555281,0.0021750108750543443,0.0021375106875534075,0.002162510812554032,0.002212511062555281,0.002187510937554657,0.00215001075005372,0.002237511187555906,0.002212511062555281,0.002162510812554032,0.0021375106875534075,0.0021750108750543443,0.002162510812554032,0.002187510937554657,0.0021750108750543443
8.25,0.15005505229968522,0.15400649607382957,0.15481743203747503,0.15806844711575813,0.16000270236795047,0.1615748386128215,0.1627855189445219,0.16054073190961338,0.16094832665530018,0.15765396686802433,0.1501805018025168,0.1435333084834132,0.1359491675943419,0.1283658031399158,0.12036906174917901,0.11106066688928867,0.10383838080659559,0.09221615145758828,0.08238470455679484,0.07499137167809633,0.06626168551521329,0.05727040258091965,0.05285520649417574,0.04613970703161649,0.0424377843825454,0.03726085222321014,0.03457179116887676,0.03152049832645045,0.025518433035680885,0.02316713342668542,0.02156638194875085,0.019603161009712888,0.01675240815867287,0.015301912739092441,0.012913968963969697,0.012113650796825741,0.010900926578759233,0.009888278701947814,0.009713204207305063,0.008588068959568602,0.007200432025921581,0.007137874738423792,0.006312784075283411,0.005962723602135102,0.0055126929442530686,0.004950148504455151,0.005400155254463585,0.004750118752968841,0.004437594298878867,0.0040125852674369475,0.0037125788923014747,0.0035875627823487035,0.003425055657154441,0.0035375486412938303,0.0033250457193786534,0.003025037812972673,0.0030500381254765794,0.0030625382817285325,0.002800031500354389,0.002700030375341732,0.0024625277034366726,0.0024250242502425108,0.002112518484536747,0.002100015750118133,0.002162513515709481,0.0022125138282114345,0.002312514453215341,0.002287514296964364,0.0023000115000575087,0.002287511437557196,0.0022500112500562584,0.0022500112500562584,0.002287511437557196,0.0023000115000575087,0.0023250116250581334,0.002237511187555946,0.002237511187555946,0.002237511187555946,0.002275011375056883,0.002262511312556571,0.002262511312556571,0.0022500112500562584,0.0022500112500562584
8.350000000000001,0.15158150242730647,0.15237997527688443,0.15688183128478256,0.15825611742656517,0.15975248311332862,0.16171245558724975,0.160383519279801,0.15803873343833444,0.15803359324082134,0.15014842214686153,0.1437009499173174,0.14130682230388836,0.13199664786301316,0.12336275127828018,0.11411547375306622,0.10539507205811213,0.0947214134926117,0.08757658104929356,0.07914584018517828,0.07118990811462439,0.06301049883207394,0.05490706064035332,0.04967914251274194,0.0453769639072456,0.03986200843003969,0.035247765911821945,0.031608494782973034,0.027982100457991314,0.02493079641016545,0.022054410882176512,0.020116120901762388,0.017715356601252015,0.015289697894072328,0.012851606450806395,0.01195135946713943,0.010788524909866476,0.010038353260027137,0.009825773779685186,0.008675628983101305,0.0075630010488195116,0.007250435026101593,0.006362834048787584,0.006112775074878391,0.005450204382664369,0.004862670193456788,0.005512665379961418,0.004600132253802313,0.004237605940148518,0.004062586329959526,0.0037500796891934084,0.0035750759703643826,0.0033625588447797955,0.0032500528133582282,0.0029250402193030257,0.003000041250567206,0.002900036250453141,0.002675033437917984,0.0025125314066425917,0.002400027000303762,0.0020625232033860456,0.002125023906518956,0.0021750217502175097,0.0023375204533039747,0.0023375175313814934,0.002237513984462411,0.0022250139063369227,0.0021125132032075275,0.002050012812580086,0.002037510187550945,0.00196250981254907,0.0019375096875484446,0.0018875094375471945,0.001787508937544694,0.0018250091250456317,0.0018125090625453193,0.0018375091875459442,0.0018625093125465692,0.0018750093750468818,0.0018500092500462568,0.0018625093125465692,0.0018500092500462568,0.0018250091250456317,0.0018250091250456317
8.45,0.1510685150893354,0.15283039642065385,0.1530157745125521,0.15622927806984893,0.15812605795828652,0.1594730520942807,0.15780637380619422,0.15816383336189838,0.15343006578791052,0.14617048344464526,0.14142435060630143,0.13521525618350297,0.12653066329785284,0.12116140845916053,0.10839969432461913,0.10493231927940674,0.0922577062760756,0.08333718922069003,0.07473148063621828,0.06476243353691194,0.05732092213658005,0.052118567239579285,0.045477735041238976,0.04151323234280942,0.036398465037592705,0.033809847117973225,0.030195615071550587,0.024956332669414952,0.022580249908103717,0.020741648329666004,0.018078254085735497,0.015590013889739775,0.014139532557805234,0.012326540817602243,0.010901240016051864,0.010413489281481777,0.009300790567198245,0.0087131861634104,0.007513044695740467,0.007225478687963104,0.006337880272816392,0.006200325517089668,0.0053127390732583156,0.004825180944285428,0.005450190756676503,0.004425132753982635,0.004150119315930348,0.003925098127453201,0.0034750738453192256,0.003325070657751489,0.0033500711890127786,0.0031125544697032308,0.003087550172690317,0.003025041594321933,0.0026500364380010323,0.0024875310941386854,0.0023500293753672004,0.0021625270315879025,0.0021500241877721203,0.0023250261565442693,0.0022750255940379408,0.0022625226252262604,0.002075018156408876,0.002000015000112508,0.0018375114844467843,0.0018125113281958077,0.0018375114844467843,0.0019125119531997142,0.001925009625048132,0.001950009750048757,0.0019000095000475071,0.0018375091875459442,0.0018125090625453193,0.001762508812544069,0.0017500087500437564,0.0017250086250431315,0.0016625083125415686,0.001625008125040631,0.0016875084375421938,0.0016500082500412563,0.0016500082500412563,0.0016500082500412563,0.0016500082500412563
8.55,0.15049296831990444,0.15293049000815817,0.1563063017976544,0.15582891474012722,0.15788834966639576,0.1569459040184162,0.15525424916242828,0.15386039599129858,0.14885155750593945,0.14265538666690067,0.1384847855618577,0.1297240908306299,0.12175261729352506,0.113081479702619,0.10646108204582418,0.09488933329831455,0.08621724645076118,0.07858506858685717,0.0707798159974892,0.0626366150968125,0.05436984499342279,0.04889241792388556,0.04378966953929582,0.03933753884050555,0.034797982892346445,0.030833980396790674,0.02748238589120836,0.023843550300888937,0.02120493014625908,0.0195039007801561,0.016965553799684004,0.014652362693484376,0.012401782756271258,0.011338917364670624,0.010526197354949161,0.009238377645876391,0.009250786316836963,0.008013131034068961,0.007163019318900645,0.006312918230832815,0.006175370522231356,0.005137769732910996,0.004837717697296395,0.00543770391389679,0.004425154880420831,0.004100123003690125,0.0036376045811317204,0.003400085002125065,0.0033500711890127786,0.003212568267075687,0.002975063220093438,0.0029875522821649486,0.0027250442819695916,0.002487534203595308,0.0023625324848216746,0.0021500268753359493,0.002125026562832043,0.0022000275003437623,0.0021500241877721203,0.0020625232033860456,0.0019500219377468066,0.0017000170001700077,0.0018375160782656914,0.0019125143438575858,0.0018500115625722726,0.001712510703191901,0.001600010000062506,0.0015000093750585995,0.0014500072500362553,0.0014500072500362553,0.0014625073125365678,0.0015250076250381305,0.001625008125040631,0.001600008000040006,0.0016375081875409435,0.0017000085000425061,0.0017250086250431315,0.001737508687543444,0.0016875084375421938,0.0017000085000425061,0.0017000085000425061,0.0017125085625428187,0.0017125085625428187
8.65,0.1500425404133906,0.150565779003366,0.15309084357608785,0.15482800641582015,0.15551126674748528,0.1543061602361986,0.1525144682948533,0.15088301781047397,0.14437312590772475,0.13929040078357688,0.13339370908062725,0.12534616856751704,0.11970130958485865,0.1084786719899123,0.1010955035451576,0.09121232473238378,0.08421626597032426,0.07444572140317511,0.06575269832416812,0.05893519004816771,0.05110615374611661,0.046454049255046446,0.04140136945876809,0.03573639097462265,0.03297243294542434,0.029708652645082458,0.024068968535293517,0.021755520463317257,0.019617060966674472,0.01740348069613898,0.0143525834650235,0.012889578444523994,0.011551660551204072,0.010563820477559546,0.009538585014045212,0.009225876458263404,0.00815069280888864,0.006488010930860713,0.006362961314695224,0.005962895041796434,0.0052253135188110545,0.005012763170066358,0.005287737948207595,0.0043126617248146195,0.003987639567384802,0.0034251027530825436,0.003475099909122338,0.0032250806270156295,0.0030875656107691852,0.0030625650795078957,0.0028125597668950068,0.002625045938303883,0.0023500381881205235,0.0020750285316422806,0.0020750285316422806,0.002150026875335911,0.002200027500343723,0.0020250253128163815,0.0017750199689746257,0.0017750199689746257,0.0019125215158670263,0.0017750177501774764,0.001537513453242694,0.0014250106875801367,0.0014875092969330848,0.001625010156313454,0.001625010156313454,0.0015125094531840608,0.0015500077500387283,0.001500007500037479,0.0014125070625352924,0.0013625068125340434,0.0012625063125315447,0.0012500062500312324,0.0012250061250306079,0.0012000060000299832,0.0012500062500312324,0.00123750618753092,0.0012125060625302955,0.0012250061250306079,0.00123750618753092,0.00123750618753092,0.00123750618753092
8.75,0.1486787448075677,0.1529680251034723,0.1526904752372188,0.1547654496455539,0.15424765951164762,0.15164139518590858,0.15223923916660675,0.14919416884236336,0.14014488601891248,0.13537500828737278,0.12815252715032355,0.12085567116050007,0.11452300841786679,0.10468886020472525,0.09900680515445771,0.08738523418417342,0.07812578163300045,0.07049395792872595,0.06258886555961721,0.0532204898886073,0.049518074097045596,0.04210249901527434,0.038863019111402455,0.03438596052491744,0.03022160425828292,0.02672028228221479,0.02326875347749716,0.020755266648912234,0.01905443015501111,0.01566563312662538,0.01416504970894766,0.011714388945217457,0.01055151678053724,0.010038754844355579,0.009138539508869167,0.008113270760722296,0.006713070611001959,0.006950547355604279,0.006062939563118348,0.005425359430062261,0.004837790267416062,0.004975261201213082,0.0043251946337585345,0.003987649536857646,0.003412619441680471,0.003462603878116356,0.003150090565103758,0.003000075001875058,0.002912561891940214,0.0026000552511740967,0.002425051532345071,0.002112536969396972,0.0020000325005281407,0.0021375293910291344,0.0021375293910291344,0.001975024687808605,0.0017125214065175874,0.0018375229690371195,0.0018500208127341497,0.0015625175783227619,0.0014000157501771946,0.0015750157501575072,0.001612514109498464,0.0015500116250871936,0.0013875086719292043,0.0012125075781723679,0.0012125075781723679,0.0012250076562978563,0.0011375056875284415,0.0012500062500312545,0.0012875064375321922,0.0012875064375321922,0.0012875064375321922,0.0012875064375321922,0.0012875064375321922,0.0012625063125315673,0.0012375061875309421,0.0012625063125315673,0.0012875064375321922,0.0013125065625328172,0.0013125065625328172,0.0013125065625328172,0.0013125065625328172
8.850000000000001,0.1519693709023578,0.15080350127369144,0.1511765824558599,0.15193788362939423,0.1502816843258911,0.14911424711004406,0.14738519817748327,0.1396490446744342,0.1360917803266758,0.1332109095594375,0.12510038301907134,0.11652778229468212,0.10855670489937373,0.09998599145478779,0.08977650927219524,0.08239500827326957,0.07519934768036364,0.06758015764534947,0.05938751699153289,0.05156985439394185,0.04557913638478061,0.04126470054957093,0.03518678757383736,0.03229779492213154,0.029221302917504,0.02360687550249018,0.021255712472727124,0.019404923999464932,0.01706646795379932,0.014415383076615376,0.012327218899401936,0.011376834514565514,0.010101452083737073,0.008913614201775253,0.008675986893509168,0.007300693565888786,0.006875584424676121,0.005812957770424442,0.005425393341017243,0.004800318021068913,0.004987799267956095,0.004437732980981517,0.0038751743828472416,0.0034876307861544933,0.003425119879195784,0.003250097502925099,0.0029875858930944374,0.002912572814320368,0.0025625544542821625,0.002300048876038624,0.00205004356342573,0.0020250354381201744,0.002087533922426247,0.0020125276722555005,0.0017500240628308703,0.0018625232815410258,0.0017750221877773536,0.0014500181252265704,0.0014375161720569408,0.001637518422082254,0.0015125170158164333,0.0012750127501275057,0.001212510609467837,0.0011375085313139889,0.0012375077344233445,0.001250007812548833,0.001325008281301763,0.001375008593803716,0.0015125075625378182,0.0014125070625353178,0.0013875069375346924,0.00137500687503438,0.00137500687503438,0.0013625068125340675,0.0013000065000325048,0.0012750063750318797,0.0012500062500312545,0.0012375061875309421,0.0012250061250306296,0.0011750058750293793,0.0011625058125290667,0.0011500057500287543,0.0011500057500287543
8.95,0.14784044842600524,0.1482386030938933,0.1511140249029112,0.15016127135375407,0.14817984258706746,0.1489015663313822,0.14573382340798766,0.13851063537000227,0.1337399782583409,0.12794451901342163,0.12003432411268958,0.11523942231439525,0.10276551301454714,0.0998358998989387,0.08762527500153244,0.0806190381495895,0.07035947614331046,0.06184009614290399,0.05386018860444981,0.048756271164398464,0.04221540862414796,0.038576242786492826,0.03408641895034849,0.03015961337676395,0.026983128667511184,0.023269277176977878,0.020367973892983813,0.01837966383969939,0.015191031914920274,0.013477695539107869,0.011552079374287413,0.010139134935508387,0.009351344255736796,0.008826103262907895,0.007788385928899439,0.006688135372860445,0.006138021731847228,0.00578795580151939,0.005162874308387376,0.004800318021068913,0.004437766265975975,0.003962708042172228,0.003712667070018164,0.003362626098478705,0.0032001120039201487,0.002812584377531336,0.0028250812210851165,0.002487562189054735,0.0022750483447773343,0.0019375411727499277,0.0021125448915789535,0.002162537844412285,0.0018625302661168309,0.0017500240628308703,0.0017375238909535069,0.001412517656470711,0.0014250178127226641,0.0015375192189902428,0.0013625153282974482,0.001187513359525299,0.0011500129376455527,0.0012625126251262558,0.0012625110469716655,0.001375010312577349,0.0014375089844311578,0.0013625085156782279,0.0011375071094194378,0.0011500071875449262,0.000962504812524066,0.0010250051250256288,0.0010750053750268789,0.0011125055625278166,0.001100005500027504,0.0011125055625278166,0.0011250056250281292,0.0011250056250281292,0.001100005500027504,0.001100005500027504,0.0011125055625278166,0.0011250056250281292,0.0011500057500287543,0.0011500057500287543,0.0011500057500287543
9.05,0.14726490165657427,0.14842627857046392,0.14829893502021912,0.1473086826294868,0.14576522677996645,0.14537356753240305,0.13896568893603975,0.13388193819813624,0.13135064743359648,0.12272816543221349,0.11544359912838811,0.10772190437116813,0.10040150596004989,0.09171844825343492,0.08299761988440897,0.07434060855742476,0.06795829956678798,0.0596266083739871,0.0515091982497629,0.04581763979131982,0.04116502523421063,0.03590028947812671,0.031948202647887156,0.0289092148122215,0.023407051374226568,0.02093109618176301,0.018905080740449064,0.0167542513912906,0.013715688897668755,0.011852370474094862,0.010626912844312015,0.009589046233705219,0.008613738224869856,0.007950993874234308,0.0064132295048562,0.006500617558668096,0.005700484541186021,0.004850381967579964,0.004400319023129193,0.004712812223809844,0.0041002460147609,0.0036626922913453085,0.003237645694056244,0.0030251134417540767,0.0028626001910066956,0.0028625858775763375,0.0024750711582958097,0.0021500537513437913,0.0019500414383805723,0.0021500456884708877,0.001975041969641862,0.001587527781736186,0.0018125294536036275,0.0014750202815288762,0.0014375197658967863,0.0015250190627382897,0.001337516718958992,0.0011750146876836002,0.0012375139220316272,0.001212513640778463,0.001350015187670866,0.0013500135001350063,0.0011375099532120946,0.00106250796880977,0.0010500065625410197,0.001100006875042973,0.0011375071094194378,0.0011625072656704146,0.0012250061250306296,0.0011625058125290667,0.0010875054375271915,0.0010125050625253162,0.0010000050000250036,0.0009750048750243785,0.000962504812524066,0.0009500047500237536,0.000987504937524691,0.0010125050625253162,0.0010000050000250036,0.0010000050000250036,0.0009750048750243785,0.0009750048750243785,0.000987504937524691
9.15,0.14611380811770974,0.147387807600104,0.1465848580694218,0.14470632098629302,0.14581527063088826,0.14164539858879846,0.13631348097290802,0.131730219512834,0.12498326842943228,0.11887531914201448,0.11284177134436782,0.10354411569722642,0.09606123903988656,0.08657781246560278,0.07950811778257663,0.07118888692948422,0.06406889375794048,0.05651271880076404,0.048695512984844175,0.04395442245264364,0.03813892070605717,0.033049273803792134,0.030447699979492697,0.02622085789845476,0.022806870569758816,0.01979326478836933,0.0181798858443204,0.014728737417119385,0.01315305808600481,0.01112722544508886,0.009939289072032825,0.00888893334050103,0.008638741819136379,0.007288411051381319,0.006625753679480946,0.005613033238157546,0.005162938849802159,0.004700370154149573,0.005075367964177331,0.004100271642996291,0.003587715262915724,0.003262671290242691,0.0031376411938536792,0.002887608285310658,0.002737595815853516,0.0024500735022050316,0.002075059657965137,0.002000050001250003,0.002000042500903116,0.0018625395789660267,0.0016750355945063594,0.0017125299692744378,0.0013625221409847717,0.0016000220003024813,0.0013500185627552189,0.0011875148439355323,0.0012000150001874852,0.00126251578144725,0.0013500151876708422,0.0012375139220316051,0.0010500118126328772,0.0010500105001049862,0.0011125097344601607,0.0011750088125660775,0.0010750067187919772,0.0009875061719135604,0.0009500059375370961,0.0008000050000312388,0.0007375036875184271,0.0007500037500187395,0.0007875039375196764,0.0008625043125215504,0.0008625043125215504,0.000850004250021238,0.0009000045000224873,0.0009000045000224873,0.0008750043750218627,0.0008750043750218627,0.0008750043750218627,0.000887504437522175,0.000887504437522175,0.0009125045625227997,0.0009000045000224873
9.25,0.14627646263950805,0.14467276903905202,0.14399497537734768,0.14301728818903206,0.142750084761773,0.13779212330480958,0.13157203371807077,0.12791467184413596,0.12286914848502709,0.11480981575138674,0.10948941631496165,0.09832813402946501,0.09609876296138824,0.08383864157135883,0.07639383096051387,0.06811220629268763,0.058541185180738774,0.05126037494231819,0.046744691201168656,0.0398778529733949,0.03688846428946579,0.03191136842500152,0.02858457583290412,0.02415770026696018,0.02060620762004561,0.01886799530363225,0.01642941540539026,0.013465916976432818,0.011527680185643202,0.010177035407081453,0.009576723810285886,0.008726407133150252,0.0074635728886027625,0.006238279784973143,0.005988181155606472,0.005513023737255059,0.004675397408779763,0.004725372123054707,0.004025291833657955,0.0036502418285211525,0.003375202512150741,0.0030751614459759245,0.0028001260056702655,0.0028001050039376577,0.0024625861905166768,0.0020250607518225616,0.0019375557047265177,0.0019875496887422255,0.0017875379851821913,0.0018000382508128363,0.001475031344416074,0.0013875242816749343,0.0014125229534979996,0.0011250154689627023,0.0011750161564721556,0.0012500156251953193,0.0014000175002187578,0.0011250140626757874,0.0010000112501265675,0.0011125125157658063,0.001200013500151881,0.001075010750107505,0.0009875086407006098,0.0008125060937957063,0.0008250051562822297,0.0008375052344077181,0.0008875055469096713,0.0009750060937880895,0.0009750048750243785,0.000987504937524691,0.000962504812524066,0.0008375041875209406,0.0008500042500212531,0.0008875044375221907,0.0008500042500212531,0.0009000045000225034,0.0009000045000225034,0.0008750043750218782,0.0008875044375221907,0.0008750043750218782,0.0008750043750218782,0.0008500042500212531,0.0008500042500212531
9.350000000000001,0.14339872879235324,0.14467276903905202,0.14223085238419397,0.1421414934052658,0.13847133550773916,0.13333833758694938,0.12909497156382735,0.12601315300596397,0.11931642621158504,0.1106067107075356,0.10376039167515216,0.09762766646736731,0.08699295801073215,0.0793108796365786,0.07182871172335152,0.06497299149660525,0.05706546207641765,0.04947207691432319,0.04364338477583698,0.03929012669877917,0.032686930729716464,0.030698436317938376,0.02689651033096097,0.02239463829095532,0.019780959013903008,0.017892711252152253,0.014353857599229842,0.012803248824389234,0.010877529025498467,0.009776955391078252,0.008213978516132934,0.008151314399446939,0.006938497409002569,0.006450806350793872,0.005500625696172959,0.004737950105260017,0.0045128835951056,0.004262835698311257,0.003725270082080964,0.0033127194676647446,0.0029876792607556562,0.002900152257993555,0.0027376231930436967,0.0023875895346075564,0.002025070877480719,0.0019250577517325588,0.0019875571422678473,0.0016875421885547198,0.0018000382508128363,0.0013375284224789825,0.001562533203830587,0.0013375234066596213,0.0011625188909319818,0.0011750161564721556,0.0013750189065099693,0.0011250140626757874,0.0009375117188964895,0.0010875135939199278,0.001187513359525299,0.0009500106876202391,0.0007875088594746719,0.0007500075000750035,0.0008375073281891247,0.000937507031302738,0.0009125057031606481,0.0008375052344077181,0.0008500053125332063,0.0007750048437802764,0.0007750038750193778,0.0007375036875184401,0.0007250036250181276,0.0008500042500212531,0.0008250041250206281,0.0008250041250206281,0.0008500042500212531,0.0007875039375196904,0.0008125040625203154,0.0008500042500212531,0.0008250041250206281,0.0008250041250206281,0.0008250041250206281,0.0008375041875209406,0.0008375041875209406
9.45,0.1421475401631555,0.14080665422169777,0.1397535732874249,0.13953913176207458,0.1374829694519828,0.13128659360456435,0.12696820102735573,0.12158461571180024,0.11278642259631483,0.10988117471782317,0.09910712275373484,0.09277442692997609,0.08357828115423611,0.07697195289126395,0.06846428138144285,0.060508052523691284,0.05427659553181078,0.04642071524417788,0.04064212049325793,0.036701630127599257,0.03224927098390924,0.027884934007740357,0.02464575632837009,0.020969183927376924,0.01894320664100067,0.01596715043256354,0.013266065255037339,0.011327874448141257,0.009814781936800342,0.009151830366073248,0.00866405953071556,0.0072886752988919725,0.006300905755202333,0.005400675084385568,0.005013070236739446,0.0044879263530035515,0.004737902721731364,0.003912808133640538,0.00345025014313539,0.003150208701326474,0.0030126807608456614,0.00278764635143346,0.002437609692436168,0.00213758015925598,0.001962568689904154,0.0019625588767663103,0.0016500474388638734,0.001737543438585971,0.0012875273599564036,0.0015125321413080083,0.0011250239067580226,0.001162520344106026,0.0012750207190866897,0.0013125180471231525,0.0009375128908022518,0.0010875135939199278,0.0011875148439355534,0.0009375117188964895,0.000675007593835433,0.0008375094219810002,0.000937510546993657,0.0009500095000950044,0.0009000078750689101,0.0007625057187928936,0.0007000043750273465,0.0008500053125332063,0.0008250051562822297,0.000875005468784183,0.0009000045000225034,0.0009000045000225034,0.0009375046875234409,0.0009375046875234409,0.0009375046875234409,0.0010000050000250036,0.0009750048750243785,0.0010125050625253162,0.000987504937524691,0.000987504937524691,0.000987504937524691,0.000987504937524691,0.000987504937524691,0.0009750048750243785,0.0009750048750243785
9.55,0.13952004404183777,0.1383918964231537,0.13929064739560196,0.13666152032969725,0.12946344234134977,0.125881999699743,0.12446611804326926,0.11730619832591115,0.11153546404932621,0.10456474720699768,0.09530445137709107,0.09113583316863877,0.08095160664923774,0.07298201903160824,0.06598786053498101,0.05708118059489915,0.04916158917869686,0.0454452799561798,0.039316562101784816,0.03445076354396393,0.030286054409859167,0.027322233545700268,0.021669759369388437,0.01950621760686191,0.017555288530669615,0.015104399156254045,0.012965984608363313,0.010652703123417415,0.009602232519060545,0.008276655331066095,0.007813906503170459,0.006113485799585097,0.005800833869868712,0.0055381922740341755,0.004575520465452881,0.004612938229131702,0.00395033577854112,0.0035002756467071286,0.003062722047348389,0.0029126929659089498,0.002662659759585537,0.002425127319184223,0.0021250956293032883,0.0017875670337637408,0.001850064752266303,0.001637549126473771,0.0017125492357905046,0.001300032500812502,0.0014375305475241144,0.001137524172388647,0.0011750249692805805,0.0013750240629210814,0.0010750174690338566,0.0010625146095758666,0.0011125152970853191,0.0009375117188964729,0.0006625082813535076,0.000887511093888661,0.0009500106876202222,0.0008375094219809854,0.0007625085782214942,0.0006875068750687408,0.0007750067813093255,0.0009250069375520186,0.0009000056250351437,0.0009125057031606318,0.0009750060937880724,0.0010250064062900248,0.0010250051250256106,0.0011000055000274845,0.0011375056875284214,0.0010625053125265477,0.0010500052500262353,0.0009875049375246735,0.0010125050625252982,0.0010000050000249859,0.0010125050625252982,0.0009750048750243614,0.0009750048750243614,0.0009750048750243614,0.0009750048750243614,0.0009750048750243614,0.0009750048750243614
9.650000000000002,0.1377183324157955,0.1372783552621706,0.13638797693878418,0.13474728315946768,0.12818732414278056,0.12439323424911218,0.11883643132908188,0.11282762106232393,0.10660668737420087,0.09972367086184954,0.09331555417680953,0.0843437994861573,0.07602346495891157,0.06932979117261553,0.06214815750536892,0.05513011482522348,0.04772338445838478,0.04169360577157571,0.037878456299716395,0.0316997043861888,0.029148139070760932,0.025146458425814287,0.021582230047065845,0.018818498396363906,0.016454957055813124,0.013078809203180471,0.011127990647486551,0.009814990553853075,0.009014595893545281,0.008276655331066243,0.007176291732511877,0.006463542246187221,0.005388274564468662,0.004638079759970013,0.004387999134901611,0.004237902600747086,0.003637809213783185,0.0032877589110142545,0.002975215703138488,0.0027251805432109972,0.0026001560093605706,0.0021876148497796213,0.001775079878594543,0.0019625735965098762,0.001712559939597892,0.0017375521265638031,0.0013250380948452317,0.001387534688367214,0.0011375241723886671,0.0011000233754967332,0.001312527891217693,0.0008750153127679766,0.0010250166565206721,0.0009625132345569786,0.0007750106563965282,0.0008250103126289109,0.0009250115626445363,0.0008250103126289109,0.0007500084375949256,0.0008125091407278361,0.0008250092813544182,0.0009125091250912541,0.0009875086407006098,0.0009625072188041444,0.0011125069531684613,0.0010375064844155312,0.0009750060937880895,0.0009750060937880895,0.0010625053125265665,0.000987504937524691,0.000987504937524691,0.0010125050625253162,0.0010125050625253162,0.0010625053125265665,0.0010250051250256288,0.0010000050000250036,0.0009750048750243785,0.0009750048750243785,0.0010000050000250036,0.0010250051250256288,0.0010250051250256288,0.0010250051250256288,0.0010250051250256288
9.75,0.13564135929132723,0.13630244278400352,0.13362293309845105,0.12760329999474568,0.12547244523013334,0.12170344793074157,0.11680974411197363,0.10998785279742232,0.10605626561352674,0.09478252058708403,0.09015083095874885,0.08064132808649802,0.07467260378491315,0.06619037612943919,0.05843352623567793,0.05175327022385996,0.045047073065802405,0.03857971619835365,0.03512729737401893,0.030974425153684277,0.027034867726720348,0.022407982843888216,0.019393996988991382,0.01755559584617603,0.014866978677326597,0.013078809203180471,0.010602849515807412,0.009252347783250032,0.007864328456366134,0.00758901780356074,0.005926066692004583,0.005438376938281317,0.005225751201735267,0.0043630453806726,0.004713036107857285,0.003700351533395686,0.0032877794612542186,0.002937731346343535,0.002775201202087161,0.0026251739177720616,0.002337640258415513,0.0018625977863837918,0.0020250911291008165,0.0017875670337637725,0.0017375608146285183,0.0012625378761362887,0.001337538454230564,0.0011125278131953339,0.001150024438019312,0.001275027094325759,0.0009375199222983521,0.0011375199065983695,0.0009000146252376634,0.0007500103126418015,0.0009125125470475252,0.0008250103126289109,0.0007500093751171917,0.0008000100001250044,0.0009250104063670748,0.0009125102657404928,0.0009750109688734033,0.001100011000110005,0.0010000087500765668,0.000987507406305551,0.0009625060156626013,0.001025006406290043,0.0009750060937880895,0.0009250057812861363,0.0007750038750193778,0.0007625038125190653,0.0007250036250181276,0.0007000035000175026,0.0007375036875184401,0.0006375031875159398,0.0006375031875159398,0.00068750343751719,0.0007000035000175026,0.0007250036250181276,0.0007125035625178152,0.00068750343751719,0.00068750343751719,0.0007000035000175026,0.0007000035000175026
9.850000000000001,0.13491566988639256,0.13364996271513913,0.13214657484886141,0.12586422178126697,0.12188179892630961,0.11942651253565573,0.11293151548664303,0.10624736508286031,0.0994136757290277,0.09363167039650575,0.08759903832442321,0.07777691609149134,0.06995709764975196,0.06328860604969054,0.05490650260587031,0.04738838590580122,0.043333733529429576,0.03821705436050851,0.03292637023346096,0.028973654857120095,0.025959475208451176,0.021245068555673034,0.0187312749771174,0.016705324822287163,0.013729135902190583,0.011065722891792274,0.01012772182524057,0.008964774811608478,0.008326936012622965,0.007038907781556337,0.006051089196055312,0.005450878954231389,0.004513148765135004,0.004375546943367936,0.003825435143247558,0.0034003230306879273,0.002875244395773651,0.0029502323307960604,0.0026501921389300823,0.0023501556978149886,0.0018751125067504116,0.0019126004115216117,0.0018375826912211115,0.001675062814855563,0.0012375433140159949,0.0013750412512375419,0.001112531985294581,0.0012125303132578358,0.0011625247036499567,0.000987520984820931,0.001112523641127378,0.0007500131252296942,0.0008625140158527607,0.0008875122032927984,0.0007500103126418015,0.0008125101563769575,0.00090001125014063,0.0008750109376367235,0.0009125102657404928,0.0010500118126328959,0.000937510546993657,0.0009625096250962543,0.0010125088594525238,0.0009000067500506287,0.0007625047656547881,0.0007000043750273465,0.0007000043750273465,0.0007125044531528348,0.0007375036875184401,0.0007500037500187528,0.0006750033750168776,0.0006375031875159398,0.0006125030625153148,0.0006375031875159398,0.0006500032500162524,0.0006250031250156273,0.0006375031875159398,0.0006250031250156273,0.0006250031250156273,0.0006250031250156273,0.0006250031250156273,0.0006125030625153148,0.0006125030625153148
9.95,0.13253841149091686,0.13064715509000963,0.1246521800056056,0.12242359941647088,0.11952973793286409,0.11504779062202912,0.10899073478671031,0.1034326168026715,0.09643639438719953,0.08850288150371118,0.08121955673860916,0.0738743111026613,0.0673179151709217,0.06054943515544504,0.05344316301477992,0.04605015489711271,0.04066992826484992,0.03611611681712977,0.03078796943212339,0.027210476033272906,0.023796185607746913,0.020207198814577765,0.017868485942790897,0.015179838573545372,0.012503766759736416,0.010465548090881505,0.009002419400213839,0.007814482925042257,0.007451732527812742,0.00575115023004603,0.005500990178232101,0.004688255981276998,0.0043131200110015965,0.004438054756844621,0.0034753953262183696,0.0031377980908186393,0.002950250771315572,0.002512697874957662,0.002412674918931631,0.002050135821498182,0.0018126087565253982,0.001887599098952702,0.0014875669405123285,0.0012500468767578828,0.0014375503142610043,0.0011125333760012841,0.0011875341416065755,0.0010750268756718956,0.0010375220473435097,0.0009625204535596416,0.0006375135471628795,0.0008750153127679766,0.0007875127970829554,0.0007000096251323481,0.0008375115157833451,0.0008625107813847704,0.0009250115626445363,0.0010500131251640682,0.0010125113907531495,0.0010125113907531495,0.0010250115313797318,0.0007375073750737533,0.0006375055781738113,0.000712505343790081,0.000725004531278323,0.0006375039843999048,0.0006250039062744165,0.0005625035156469748,0.0005375026875134394,0.0005375026875134394,0.0005250026250131269,0.0005250026250131269,0.0005625028125140646,0.0005375026875134394,0.0005875029375146896,0.0005625028125140646,0.0005625028125140646,0.0005375026875134394,0.0005250026250131269,0.0005125025625128144,0.0005125025625128144,0.0005125025625128144,0.0005125025625128144
10.05,0.12961063009859183,0.12801969841801902,0.12386395483844961,0.11978370371111614,0.118053444330593,0.11180753640594347,0.10531267280010459,0.10258193732243484,0.09215811615650361,0.08809007654404566,0.07797978079600809,0.0721981922933548,0.06451612903225715,0.056509470777173276,0.05024132596076928,0.043923993481438606,0.03731828596011993,0.034390346692210916,0.02983756907597283,0.02636014865723266,0.020932640413750724,0.018594124156730573,0.016605562863559055,0.014029471894166066,0.011678518153593604,0.009965402423455689,0.00870233875353989,0.008214584450804275,0.006914107530000628,0.006038707741548225,0.005200936168510258,0.0046882559812769144,0.0044131343880682225,0.0036754594324290013,0.003250369729556691,0.002937779089013415,0.00265022526914784,0.0025251988594101426,0.00223766223051168,0.0016626101479222763,0.0017876072564353609,0.001487578097850116,0.001487566940512302,0.0014750553145742756,0.001075037626316906,0.0010750322509675138,0.001087531266523897,0.001062526563164064,0.0009375199222983355,0.0007000148753160905,0.0008875188597757575,0.0007750135627373369,0.0008000130002112421,0.0008000110001512407,0.0009000123751701458,0.0010625132814160027,0.000912511406392567,0.0010125126564081907,0.0008625097032341492,0.0006750075938354211,0.0006500073125822574,0.0007125071250712406,0.0006375055781738,0.0005500041250309299,0.0005625035156469648,0.0005125032031450124,0.0005625035156469648,0.0004875030468940362,0.0005250026250131176,0.0004750023750118683,0.0005000025000124929,0.0005125025625128053,0.0004875024375121807,0.0005250026250131176,0.0004750023750118683,0.0005000025000124929,0.0005125025625128053,0.00053750268751343,0.0005500027500137423,0.0005625028125140546,0.0005750028750143669,0.0005750028750143669,0.0005750028750143669
10.150000000000002,0.12888494069365944,0.1221141767552666,0.12001040957681108,0.11784444383277866,0.11249857687798974,0.10796677175599298,0.10190983994175187,0.0956138715799248,0.08975627574629093,0.08456247052510073,0.07550304088622284,0.06784528672889177,0.061101452175762266,0.053282502326419304,0.04603891482738237,0.04222306434890073,0.037080669528068884,0.031939252891602994,0.027961778899361456,0.02508465759317346,0.020795090207925967,0.01786886578343541,0.015667748695813152,0.01207885013348009,0.010440645244379905,0.00897761473029023,0.008177197621860905,0.0075019036080405666,0.0057013255581923,0.0052510502100420265,0.00465083715068714,0.004125665263523758,0.004038080474068162,0.0034754344293036754,0.003075349821042154,0.0027752636500467643,0.002587719956196286,0.0022251752325495714,0.001725125071567695,0.0019251275396995119,0.001675100506030368,0.0015875833481257824,0.001262556815056682,0.0010375389077090429,0.0010500367512862986,0.0011875356260687864,0.001037529828982587,0.0009125228130703301,0.000737515672208037,0.0008750185941451287,0.000737515672208037,0.0007250126877220377,0.0008375136095961589,0.0010000137501890688,0.0009500130626796153,0.0009375117188964895,0.0009750121876523491,0.0006750084376054725,0.0007000078750885973,0.0006500073125822689,0.0006000067500759405,0.0005500055000550025,0.0005375047031661546,0.00048750365627742376,0.0004750029687685565,0.0005250032812705098,0.0004750029687685565,0.0006250039062744165,0.0006000030000150022,0.0005625028125140646,0.0005750028750143772,0.0006000030000150022,0.0006000030000150022,0.0005750028750143772,0.0006000030000150022,0.0006000030000150022,0.0005750028750143772,0.0005750028750143772,0.0005625028125140646,0.0005625028125140646,0.000550002750013752,0.000550002750013752,0.000550002750013752
10.25,0.12269155697913062,0.12051267935519755,0.11777084918124717,0.11683102415442055,0.11123496964214934,0.10445128359105275,0.10077139218399354,0.09258645342967728,0.08615351513096942,0.07867061791898794,0.07130008831203946,0.06521853337102539,0.058674905252098425,0.05201923173135631,0.04496329769205098,0.03935899985367021,0.035442366759712386,0.029925854412531698,0.026273567740410744,0.022608704351175284,0.01883187363387643,0.016768473768780188,0.014429833994388172,0.012616521516233345,0.009952998340750186,0.00899011837197587,0.0075520296079571655,0.006476643448275023,0.00610141857981983,0.005238547709541927,0.004575823648256702,0.004238183407074406,0.003663026560068023,0.003112889111138903,0.002725310004012966,0.0026002470234672385,0.002375201892160842,0.0020126584968566345,0.0017626277905148187,0.0017751176015411083,0.0016250975058503567,0.001225064315876588,0.001225055127480741,0.0010375389077090429,0.001225042876500682,0.0009750292508775298,0.0009250265945145956,0.0007250181254531389,0.0008375177972531946,0.000700014875316103,0.0008125172659919052,0.0009625168440447742,0.0010750174690338757,0.0009875135783117054,0.0009750134064343419,0.0006625082813535194,0.0006375079688496129,0.0006375079688496129,0.0005375060469430301,0.0005250059063164479,0.0005125057656898659,0.0004750047500475022,0.00048750426566232627,0.0006250046875351588,0.0005625035156469748,0.0005750035937724631,0.0006000037500234397,0.00048750304689404477,0.0004625023125115642,0.0005625028125140646,0.000550002750013752,0.0005125025625128144,0.0005000025000125018,0.0005125025625128144,0.0005000025000125018,0.0005000025000125018,0.0005000025000125018,0.00048750243751218925,0.0005000025000125018,0.00048750243751218925,0.00048750243751218925,0.00048750243751218925,0.00048750243751218925
10.350000000000001,0.12056453630949446,0.11851080760511119,0.11541868519037557,0.11118840347615501,0.1078069658538298,0.10197417805134401,0.09765629886880862,0.0887458857762641,0.08580324673781316,0.0751680303824453,0.07027436774333994,0.06241666312263458,0.055172672578769164,0.04907993876264539,0.04234929790967583,0.03626981238501544,0.033316324999249754,0.02885037447961163,0.02552325166976598,0.020207779995298263,0.018069095219755273,0.01616825994260461,0.012954339703800818,0.010553363884738296,0.009202772335166002,0.008327425362636897,0.007714573291572138,0.006276592685393941,0.005138694746528586,0.004575915183036624,0.004038226880838565,0.004025649135923182,0.0033629834288679116,0.0028753594199275013,0.00286282564641729,0.002475235147339006,0.0022126880784866794,0.0016251279788283383,0.0018251323220933582,0.0014750977252243013,0.0011875712542752607,0.0013125689098677726,0.0010125455645504083,0.0012750478142930406,0.0008875310635872287,0.0009500285008550291,0.0006625190474226158,0.0008375209380234535,0.000662514078424169,0.0008500180628838392,0.0008875188597757734,0.0009125159690294613,0.0008875144221093624,0.0007875108282738916,0.0006250085938681679,0.0007000087501093789,0.0005875073438418001,0.0005250065625820341,0.0005000056250632838,0.0004625052031835374,0.0005125057656898659,0.0005750057500575026,0.0005750050312940259,0.00048750365627742376,0.0005375033593959981,0.0005125032031450215,0.00048750304689404477,0.00048750304689404477,0.0004750023750118768,0.00041250206251031407,0.0003875019375096889,0.0003875019375096889,0.0003875019375096889,0.0003625018125090638,0.0003750018750093764,0.0003625018125090638,0.0003750018750093764,0.0003625018125090638,0.0003625018125090638,0.0003625018125090638,0.0003625018125090638,0.0003625018125090638,0.0003625018125090638
10.45,0.11816225414143477,0.11491995015339382,0.11429264923729872,0.10999982484104363,0.10367834815256906,0.09895911524796111,0.09275221622000349,0.0868693869228049,0.08107462343020369,0.07340422737297204,0.0656711339716153,0.05991499325799993,0.051820535591439724,0.044864867569217384,0.041298695126328874,0.036219785057587835,0.031177777110784392,0.02731218806392362,0.024285230153202123,0.02028280888141942,0.017218784856472675,0.014517671920621774,0.011803954324698815,0.010090716415857591,0.008852666865893382,0.007527192294755875,0.006939364954331502,0.005676440396750696,0.005001162770344123,0.004413382676535323,0.004200756136104514,0.003475560434120014,0.0030504385005344628,0.002650331291411436,0.0023502673429102645,0.002250213770308187,0.0016876434496932299,0.0018501456989738008,0.00151260966420066,0.0014375952406847005,0.0013875832549953046,0.0010625557841786731,0.0012125545649554273,0.0008250309386602028,0.0010375363137709857,0.0006500195005850198,0.0008500244382026013,0.0006625165629140753,0.000862518328514484,0.0008500180628838392,0.0009250196566677074,0.0010000175003062588,0.0007000113751848493,0.0007000096251323481,0.0006250085938681679,0.0005250065625820341,0.0005125064063300809,0.000450005625070315,0.0005500061875696121,0.0005625063281961942,0.0005750064688227764,0.0005250052500525024,0.00048750426566232627,0.00047500356252672067,0.00041250257814111487,0.0003875024218901382,0.0003625022656391615,0.0003875024218901382,0.0003625018125090638,0.0003250016250081262,0.0003375016875084388,0.0003625018125090638,0.0003500017500087513,0.0003625018125090638,0.0003250016250081262,0.0003250016250081262,0.0003125015625078136,0.0003250016250081262,0.0003125015625078136,0.0003250016250081262,0.0003250016250081262,0.0003250016250081262,0.0003250016250081262
10.55,0.11398328411991229,0.11324338256269452,0.11003873563678428,0.10532057842491913,0.10060065132071834,0.09792073262272794,0.08959959166005572,0.08404212865025819,0.07583310711832834,0.06911355764070609,0.06369474555875412,0.05693800611908368,0.05056973820810695,0.043901780085851744,0.03815939395227958,0.03450634909319166,0.0287891066622641,0.025874046293157954,0.022234366226772714,0.018106971183905547,0.016130887774037293,0.014029998186853866,0.011453837035406698,0.009440509162295347,0.00817746346086747,0.007777265128468556,0.006376713741818023,0.005588918187990123,0.005001162770344034,0.00401330266053205,0.003863195375167475,0.003275528178918804,0.0026753845865342763,0.002700337542192736,0.0023877716090204924,0.0019626864552132173,0.0017251466374641601,0.0017001338855434623,0.0016126169147262946,0.001200079505267207,0.001025061503690207,0.0010000525027563806,0.0009250416268731962,0.001050039376476603,0.0006375223132809558,0.0008250247507425106,0.0006750194068079362,0.0008500212505312512,0.0008625183285144687,0.0008875188597757575,0.0009875209848209134,0.0006500113751990568,0.0006750109689282356,0.0005250072188492517,0.00048750670321716236,0.00047500593757421295,0.00047500593757421295,0.0005500068750859307,0.0005250059063164386,0.0005375060469430205,0.0004750053438101111,0.0004250042500424944,0.00040000350003061957,0.00036250271877038566,0.000350002187513667,0.0003625022656391551,0.00032500203126269075,0.00030000187501171455,0.0003000015000074958,0.0003875019375096821,0.0003750018750093697,0.0003625018125090574,0.00035000175000874506,0.0003750018750093697,0.0003750018750093697,0.0003625018125090574,0.00035000175000874506,0.00033750168750843276,0.00033750168750843276,0.00035000175000874506,0.00035000175000874506,0.00035000175000874506,0.00035000175000874506
10.650000000000002,0.11290726189880426,0.11259277424391846,0.1073862953917608,0.10224278532768524,0.09726022427151826,0.09311664915177933,0.08493320689474018,0.08367933887192425,0.07333119002435642,0.06845056785700461,0.06054253112811772,0.054161152569340225,0.04831830291811047,0.04110007104333658,0.03644591084134535,0.03251776282794488,0.028363898310172084,0.02487359984393044,0.019770828461489472,0.017831865268128293,0.01584328279822141,0.012366905710159288,0.010103384633852377,0.008765293937442591,0.007689816557237895,0.006927017493845108,0.005413955000406379,0.004738702445745625,0.004175970913237343,0.004125825165033022,0.003538136864635647,0.0030129858439673506,0.0027128899779343377,0.0024003000375046966,0.0022127517005059404,0.0016751591401183172,0.0017251466374641907,0.001412611243135402,0.0011500833810451298,0.0012375819898068291,0.0010375622537352278,0.001187562347023223,0.0010375466896010356,0.0007625285948223085,0.0008250288760106633,0.0007125213756412718,0.0007750222818906071,0.0008500212505312663,0.0008500180628838392,0.0009500201879289969,0.0006250132815322348,0.00063751115644524,0.0005125083282603361,0.0005000068750945344,0.0004875067032171709,0.0005875073438418001,0.0005625070313378937,0.0005625070313378937,0.00048750548443670164,0.00040000450005062696,0.00035000393754429864,0.00033750337503375157,0.0003500030625267984,0.0003250024375182825,0.00028750179688623155,0.00035000218751367324,0.00037500234376464987,0.0003625022656391615,0.0003875019375096889,0.0004000020000100015,0.0004500022500112517,0.0004375021875109391,0.0004375021875109391,0.00041250206251031407,0.0004375021875109391,0.0004500022500112517,0.0004500022500112517,0.0004500022500112517,0.0004500022500112517,0.00042500212501062653,0.00042500212501062653,0.00042500212501062653,0.00042500212501062653
10.75,0.11044242029928472,0.10687492805773437,0.10445860191376102,0.09976553722503206,0.09639696784307283,0.0891382675273986,0.08523345685283029,0.07798729234976465,0.07132965634917782,0.06419742584834569,0.05860366907752717,0.050246039231187,0.044015559919448805,0.040262059856512614,0.034844992314340476,0.030729285872407912,0.026500485237766602,0.023685569685472224,0.01943318622969933,0.016593888647129205,0.013905075352503713,0.011629142882151807,0.009615721266624353,0.008565230167115799,0.0074272374552834305,0.006389360901362545,0.005538988603187126,0.004901243690586504,0.003925912774720136,0.003938287657531521,0.003263087355724042,0.0026379253654651904,0.002675384586534324,0.002362795349418686,0.0018002047732929686,0.0017501662657952567,0.0016626413245125896,0.0015376210876606588,0.0013500978820964568,0.001025067910749091,0.001125067504050247,0.0008500446273429384,0.0008625388142466442,0.0007500281260547297,0.0007250253758881586,0.0007625228756862732,0.0008875255163585985,0.0008375209380234535,0.0009250196566677074,0.0006250132815322348,0.000575012219009656,0.0005000087501531294,0.0004375071094905308,0.00047500653133980764,0.0005500075626039878,0.00043750546881836177,0.00046250578132226816,0.000387504843810549,0.00035000393754429864,0.0003375037969177165,0.0003250036562911344,0.0002875028750287513,0.0003500030625267984,0.0003375025312689857,0.00037500234376464987,0.00042500265626660313,0.00042500265626660313,0.0004000025000156265,0.0004000020000100015,0.0003125015625078136,0.00026250131250656343,0.000275001375006876,0.0003125015625078136,0.0002875014375071886,0.00026250131250656343,0.00026250131250656343,0.00026250131250656343,0.000275001375006876,0.000275001375006876,0.000275001375006876,0.000275001375006876,0.000275001375006876,0.000275001375006876
10.850000000000001,0.1091161603523351,0.10562375821393041,0.10069263722624851,0.09627486944402079,0.09408243973782059,0.08557273682630266,0.08052954084275188,0.07317094529255269,0.06735160816976031,0.06223347497964143,0.055513998584005464,0.04979573865555276,0.04253961900711719,0.03813576281531748,0.0337818823550013,0.027877728209034284,0.025987733989655024,0.021984810721784674,0.017970069891942043,0.015706046828028848,0.013379883657535048,0.010941397872992292,0.009278108166235722,0.008002550813071696,0.007327207321205539,0.005639142400224085,0.00502635083178606,0.004263581883903056,0.0039009069608684156,0.003488197639527918,0.002950531095597218,0.002675431413315407,0.0022253198897341574,0.002000250031253914,0.001687691974962158,0.0017501662657952567,0.0013751168849352243,0.00110008663182226,0.0010000725052566346,0.0010500695671088246,0.000975058503510214,0.0009875518464719432,0.0006625298138416253,0.0007375276572871508,0.0007250253758881586,0.0008875266257987771,0.0008875255163585985,0.0009500237505937683,0.0006125130159015901,0.0005875124846403007,0.0005000106252257879,0.0004375076563839883,0.0006000097501584422,0.0005625077344813511,0.0005250072188492611,0.0004750059375742214,0.00037500468755859585,0.00033750421880273626,0.00031250351566455234,0.0002875032344113882,0.0003750042187974628,0.0003875038750387517,0.00043750382815849794,0.00043750328127461113,0.00041250257814111487,0.0002625016406352549,0.00027500171876074323,0.00027500171876074323,0.0003375016875084388,0.0003125015625078136,0.0003250016250081262,0.0003250016250081262,0.0003250016250081262,0.0003500017500087513,0.0003500017500087513,0.0003375016875084388,0.0003375016875084388,0.0003250016250081262,0.0003500017500087513,0.0003500017500087513,0.0003500017500087513,0.0003500017500087513,0.0003500017500087513
10.95,0.10428657224363182,0.10258341549348678,0.09773992072706925,0.09424803008730456,0.08862765998706397,0.0831706950908275,0.0823060197614517,0.07155715627857777,0.06685122475096567,0.05890601681992593,0.05350008380887593,0.04744416898279619,0.04056335914145282,0.036334664145128655,0.03181825572422189,0.02779018038603597,0.023899210613200553,0.019508705759945445,0.017219753821297284,0.015330902397423062,0.012204454625938511,0.0096534390376572,0.008352798187392806,0.007189791746119101,0.006714522749978455,0.0054140768498825475,0.00478878698650264,0.004163556502462515,0.004175970913237343,0.003138127625525116,0.0026504770858754674,0.0026129213335650465,0.0023753414553342126,0.0019002375296912181,0.0017376976631091848,0.0014626389507003217,0.001350114759754584,0.0013001023830626708,0.0009875715989409268,0.0011250745361880265,0.0008500510030601866,0.0006250328142227489,0.0007875354390947621,0.000650024375914099,0.0008250288760106633,0.0008625258757762764,0.000975028032055925,0.000625015625390637,0.0005875124846403007,0.0005000106252257879,0.0004500095627032091,0.0005750100626760989,0.0004625075157471325,0.00046250635946244425,0.00036250498444353736,0.00035000437505468946,0.00033750421880273626,0.0002875035937949235,0.0003750042187974628,0.0003750042187974628,0.00040000450005062696,0.0003750037500375017,0.0002375020781431846,0.00027500206251546985,0.00033750210938818487,0.00035000218751367324,0.00035000218751367324,0.00035000218751367324,0.0003000015000075011,0.0003750018750093764,0.0003500017500087513,0.0003625018125090638,0.0003750018750093764,0.0003750018750093764,0.0003625018125090638,0.0003750018750093764,0.0003875019375096889,0.0004000020000100015,0.0003750018750093764,0.0003750018750093764,0.0003875019375096889,0.0003875019375096889,0.0003875019375096889
11.05,0.10343576397577552,0.09904260483551981,0.09642621211514457,0.09381013269541977,0.08586273722349086,0.08211980183155566,0.07476223956443633,0.06939292760092025,0.0625604369348004,0.05674191809198965,0.04900942912395888,0.04294116322645305,0.03928754581045361,0.03343289406537941,0.03044246636507653,0.026414428881776298,0.023436483877099446,0.018795887664870184,0.016519458822028547,0.013680266902757369,0.011241603185162425,0.009203278668025353,0.008202747920553269,0.007227303703055247,0.006264387146627833,0.00538906956651117,0.004401182817882244,0.00368843594061988,0.003388287776908083,0.002975595119023763,0.0024879478306094743,0.002250362871012919,0.001962782149934025,0.0016252031503937762,0.0017001933969988845,0.001525144888764411,0.00116259882089976,0.0009750767872969858,0.0011250815684136941,0.0008375554880510715,0.0009000540032401816,0.0008000420022051044,0.0006375286887909865,0.0007750290635898737,0.000975034126194403,0.0009625288758662624,0.000575016531725279,0.0005750143753593758,0.000500010625225779,0.0004375092970725566,0.0005500116877483568,0.00043750765638398055,0.00047500771887542495,0.0003500048125661678,0.00032500446881144154,0.00028750359379491833,0.00033750421880273025,0.0003750046875585891,0.00040000450005061986,0.00040000450005061986,0.0003000033750379649,0.0003250032500324957,0.0003500030625267921,0.0003250024375182768,0.00030000187501171455,0.0003375021093881789,0.0003625022656391551,0.0003750023437646432,0.0004000020000099944,0.00033750168750843276,0.0003125015625078081,0.0003250016250081204,0.00028750143750718343,0.00027500137500687113,0.0003000015000074958,0.0003125015625078081,0.0003125015625078081,0.0003250016250081204,0.00035000175000874506,0.00035000175000874506,0.00033750168750843276,0.00033750168750843276,0.00033750168750843276
11.150000000000002,0.1005330063560386,0.09602728551195402,0.0919971373663774,0.08894321596849171,0.08277252942891238,0.07851673922834437,0.07064631305561905,0.06566494987871586,0.06049635533227357,0.05475294874088252,0.048434024902494176,0.04196551197924629,0.03779909692428937,0.03317023384264413,0.02787849528667083,0.025676525802219553,0.02131044211663723,0.018095575150410933,0.015431500519593933,0.013255103214737721,0.010578861284368832,0.009053225211481622,0.007902647386874632,0.006914704061919762,0.005001506703894566,0.004488807365145115,0.004063592090374302,0.003951002566901366,0.0031507325453167976,0.002713042608521714,0.0026504770858754674,0.0023003709348132467,0.0018627677728673562,0.0017252156519565007,0.0013126493138594562,0.001100104509928447,0.0011750998834901007,0.000975076787297003,0.0009000652547309713,0.0009625637698497559,0.0006625397523851455,0.0007000367519294789,0.0007875354390947621,0.0009375351575684121,0.0007875275634647241,0.0005625168755062672,0.0006125176098812862,0.0004875121878046968,0.00043750929707256434,0.0005500116877483666,0.0005000106252257879,0.0004625080938916447,0.00032500528133582287,0.0003375046406888107,0.00028750395317935726,0.00033750421880273626,0.0004250053125664086,0.00037500468755859585,0.00030000337503797026,0.0003375037969177165,0.00031250351566455234,0.00032500325003250146,0.0003250028437748842,0.00037500281252109526,0.0003875024218901382,0.00030000187501171986,0.00027500171876074323,0.00035000218751367324,0.0002875014375071886,0.0003000015000075011,0.0003125015625078136,0.000275001375006876,0.0003000015000075011,0.0003250016250081262,0.0003125015625078136,0.0002875014375071886,0.000275001375006876,0.0002500012500062509,0.00022500112500562584,0.00022500112500562584,0.0002375011875059384,0.0002500012500062509,0.0002500012500062509
11.25,0.09574095390621125,0.0944758349056371,0.09193457981342869,0.08485200319289786,0.08149641123034088,0.07881699444527877,0.07012087562896135,0.0648392903831938,0.05779428487078245,0.05245124835972593,0.046907952836868064,0.039851600943630015,0.035147406471625786,0.031031429171794904,0.027140571903129514,0.023687939536972152,0.020359976388430404,0.01684501708887597,0.015006321412895235,0.011892078450203371,0.009403432252772294,0.008140400017506265,0.0067397578188693455,0.006464560578684478,0.0056517025754008595,0.004751383840543575,0.0037760148039785828,0.0036759327679398777,0.0029131773137254513,0.0025380076015203133,0.0022379028225080594,0.001987820536061447,0.0015752264388005832,0.0016377047130891418,0.0015251734884843206,0.001237617573669503,0.0009750828820449773,0.0011250886007273112,0.0009750706926252188,0.0006125405808134811,0.0007625457527451674,0.0006625347830761139,0.0008375376891960168,0.0007750290635898874,0.0006875240633422194,0.0006875206256187709,0.0004875140160279625,0.00045001125028125866,0.0005375114221177219,0.0005125108908564326,0.00038750823454998556,0.0003125054688457059,0.0003000048750792211,0.0003375046406888107,0.00037500515632090075,0.0004250053125664086,0.0002500031250390639,0.0003125039062988298,0.00030000337503797026,0.0002875032344113882,0.00035000393754429864,0.0003500035000350016,0.00031250273439892707,0.0003125023437675794,0.00030000187501171986,0.00031250195313720823,0.00032500203126269655,0.00023750148438427825,0.00021250106250531327,0.00022500112500562584,0.0002375011875059384,0.0002500012500062509,0.0002500012500062509,0.00022500112500562584,0.00021250106250531327,0.00021250106250531327,0.00021250106250531327,0.00021250106250531327,0.00021250106250531327,0.00021250106250531327,0.00020000100000500075,0.0001875009375046882,0.0001875009375046882
11.350000000000001,0.09432711075521778,0.09052213819921659,0.08851893742242894,0.08280014112807402,0.07739281545454231,0.07223640094079993,0.0673810947613891,0.061436572462254445,0.05514225275117079,0.04881105916996198,0.04283008813691634,0.03867581610725173,0.033296226344294605,0.030243448503587296,0.02626506958367373,0.02298755695298565,0.0179587998119079,0.01615721015503174,0.013955878913992569,0.010954217373688908,0.009028295327794677,0.007940328742114406,0.007252429563903934,0.006051929052385469,0.004788942668979047,0.004201223606375371,0.003763511443700508,0.0032633280694976466,0.002763142430615128,0.002450490098019613,0.0022254005721029863,0.001737780217060007,0.001662739018733949,0.001287660957619707,0.001100125139234592,0.0011126056975412704,0.000962581819454657,0.0008000630049616436,0.0008500616294681394,0.0007375488626121506,0.0006125367522051346,0.0007375387207828436,0.0008500382517213304,0.0008875332824980968,0.0006625231883115934,0.00043751312539376335,0.00042501221910130064,0.0005375134378359478,0.0005125108908564326,0.0003750079689193409,0.0003500074376580515,0.0003125054688457059,0.0003625058907207255,0.00041250567195299083,0.00040000550007562744,0.00026250328129101704,0.0003125039062988298,0.000325004062550783,0.0003375037969177165,0.00035000393754429864,0.00031250351566455234,0.0003625036250362516,0.00031250273439892707,0.00028750215626617304,0.00020000125000781325,0.00023750148438427825,0.00022500140625878994,0.00018750117188232493,0.00020000100000500075,0.00020000100000500075,0.00022500112500562584,0.00020000100000500075,0.0001875009375046882,0.00021250106250531327,0.00021250106250531327,0.00021250106250531327,0.0002375011875059384,0.0002500012500062509,0.0002500012500062509,0.0002500012500062509,0.0002500012500062509,0.0002500012500062509,0.0002500012500062509
11.45,0.09136179370401915,0.09022185743670365,0.0845653000760703,0.07932198470111655,0.0774303483427356,0.06884601911624906,0.06389068899859156,0.05877194409034237,0.05432912969562947,0.04723489477851779,0.04050345367620768,0.03687461380471478,0.03250822399279552,0.028442349833398474,0.024939308928497814,0.021499243962014327,0.01842152654800859,0.01545689764057216,0.012980468022154378,0.010404005542133757,0.00886573599363771,0.0076652307384506005,0.006689741063256214,0.004951578315588111,0.004563874867303792,0.0039511507726625525,0.004038585369818153,0.0030507741339364973,0.0026381133613565247,0.002300460092018412,0.002037866816026892,0.0015752540097090713,0.001637735424467273,0.0014751843980497614,0.001275145047749186,0.000900085508123275,0.0011125945705384996,0.000937573833939426,0.0005750416905225649,0.0006750447217128159,0.0007625457527451674,0.0009000472524807585,0.0009000405018225853,0.0006125229696113627,0.0005000175006125232,0.00041251237537126263,0.0005500158129546245,0.00042501062526563313,0.0003750079689193409,0.00033750717202740677,0.0002750058438741833,0.0003375059063533624,0.00038750629697732725,0.00026250360942463053,0.00028750395317935726,0.00033750421880273626,0.00035000437505468946,0.0003625045313066426,0.00031250351566455234,0.00035000393754429864,0.00026250295315822397,0.00020000200002000091,0.0002375020781431846,0.00021250159376195397,0.00020000125000781325,0.00022500140625878994,0.00021250132813330157,0.0002500015625097666,0.0002500012500062509,0.00026250131250656343,0.0002875014375071886,0.0002875014375071886,0.00026250131250656343,0.0002375011875059384,0.00026250131250656343,0.00026250131250656343,0.0002500012500062509,0.000275001375006876,0.0002875014375071886,0.0002875014375071886,0.0002875014375071886,0.0002875014375071886,0.0002875014375071886
11.55,0.08976027225864444,0.08761942416158985,0.08207550946871005,0.07892162137139343,0.07506577638655766,0.06830806185257371,0.06302747036908136,0.05670779535153623,0.05115169498628251,0.04520839770380304,0.03984048794277924,0.0352610367420248,0.03162015785062933,0.026291037532894693,0.023413433457445877,0.02022354711260998,0.01620794189152662,0.014543990255651378,0.011429814809488336,0.009578687794800861,0.007852866296198,0.006602352087931232,0.006152060940414952,0.005351705856241601,0.004526363567024502,0.0035510342387219773,0.003175853510630937,0.0027381948169347583,0.0024255639436168565,0.002325465093018571,0.0017878218079254013,0.0016002580416091868,0.0012751833076004495,0.0010751343917989598,0.0009876123409037637,0.0010125961966386662,0.00077506588059984,0.0007500590671515275,0.0008000580042052935,0.0006500430653530704,0.0008000480028801614,0.0008000420022051044,0.0006000270012150461,0.0005625210945410373,0.0005000175006125143,0.0005250157504725067,0.0004250122191012931,0.0004750118752968757,0.0003500074376580453,0.0002875061095048229,0.0003250069063967563,0.00040000700012249644,0.0002625042656943138,0.0003000041250567153,0.00032500446881144154,0.0003625045313066362,0.00032500406255077727,0.0003125039062988243,0.00027500309378480117,0.00020000225002530993,0.00025000281253163744,0.00018750187501874753,0.00020000175001530978,0.0002125015937619502,0.00023750148438427403,0.00028750179688622645,0.00023750148438427403,0.00028750179688622645,0.0003000015000074958,0.00028750143750718343,0.00022500112500562183,0.0002625013125065588,0.0002625013125065588,0.00025000125000624647,0.0002625013125065588,0.00028750143750718343,0.00027500137500687113,0.00025000125000624647,0.00023750118750593416,0.00023750118750593416,0.00023750118750593416,0.00023750118750593416,0.00023750118750593416
11.650000000000002,0.08837145288023654,0.08340298178797205,0.0789601433318656,0.0753058400498455,0.06997381455500407,0.06525546714707524,0.060162585352306,0.054380936773247825,0.04782414525129898,0.043469613176734465,0.037663958931149266,0.032984517165207894,0.02984402556629862,0.02585327049500204,0.02271303160188166,0.018072372033223212,0.016383027683565005,0.014006250289191603,0.010717014542376014,0.009003466334538829,0.007990416502023267,0.006964981274579094,0.005876968784542842,0.0045514507749345266,0.00397619782959618,0.003751092505692296,0.0031008333489625445,0.0026256662628141984,0.002363049408987598,0.00200040008001601,0.0015752835510391928,0.0016502661054095032,0.0015002156560005556,0.0012376547068383593,0.0008876009646097275,0.0010626009470899773,0.0008875754439127357,0.0006375502070788097,0.0006500471284168125,0.0007625505189718846,0.0008875532531951949,0.0008125426584895735,0.0006375286887909978,0.0004750178131679955,0.00038751356297470546,0.0005000150004500153,0.00045001293787196543,0.00030000750018750576,0.0002750058438741833,0.0003125066407661174,0.00043750929707256434,0.00028750503133804947,0.000312505078207522,0.0003250044688114473,0.0003500048125661741,0.00026250328129101704,0.0002875035937949235,0.0002250028125351575,0.0002250025312784777,0.0001875021093987314,0.0001875021093987314,0.00025000250002500115,0.00027500240627105585,0.0002500018750140635,0.00031250195313720823,0.00022500140625878994,0.0002500015625097666,0.00023750148438427825,0.00021250106250531327,0.00021250106250531327,0.0002375011875059384,0.00021250106250531327,0.00020000100000500075,0.00021250106250531327,0.00020000100000500075,0.0001875009375046882,0.00022500112500562584,0.00021250106250531327,0.00021250106250531327,0.00022500112500562584,0.00022500112500562584,0.00022500112500562584,0.00022500112500562584
11.75,0.0851809218757823,0.0805753379409751,0.0777590383152503,0.07644437326874165,0.06759673163609636,0.06210278736926409,0.05754790863393795,0.05227925805737351,0.046160370383806756,0.040029571846201525,0.036775835024104565,0.031833749027475954,0.028117925177300628,0.02447743123305225,0.021912572338379222,0.017822235396085174,0.015107402627287426,0.012780703388887336,0.011029646238477998,0.008565797832165415,0.007390197422059078,0.006527325359659402,0.004814112727763818,0.004526442803643677,0.003826152628479343,0.003713581580635373,0.0028257594228449,0.002450621845293252,0.0021504999912479728,0.0019253850770154098,0.0016002880518493385,0.0014002257864080634,0.0010126455678003748,0.00098762345293162,0.0010626208731243218,0.0007625724443822191,0.0007125605676482526,0.0007625600516040665,0.0006625480347325206,0.0008625571444108203,0.0008250495029701812,0.0006000315016538389,0.0004250191258606652,0.0004125154693301014,0.0005000175006125232,0.00041251237537126263,0.0003125089846333093,0.000287507187679693,0.0003250069063967621,0.00043750929707256434,0.00025000531261289393,0.00028750503133804947,0.00032500528133582287,0.00036250498444353736,0.00031250429693408394,0.00026250328129101704,0.0002250028125351575,0.0002125026562832043,0.0002250025312784777,0.0002500028125316419,0.0002875032344113882,0.0002875028750287513,0.0002500021875191417,0.00026250196876476665,0.00021250132813330157,0.00022500140625878994,0.00021250132813330157,0.00021250132813330157,0.0002875014375071886,0.000275001375006876,0.000275001375006876,0.0002875014375071886,0.0003375016875084388,0.0003500017500087513,0.0003625018125090638,0.0003500017500087513,0.0003250016250081262,0.0003250016250081262,0.0003375016875084388,0.0003250016250081262,0.0003250016250081262,0.0003250016250081262,0.0003250016250081262
11.850000000000001,0.08156498673740083,0.0779854163643009,0.0742057693077634,0.07063910498777666,0.06582017492828114,0.061702447080018236,0.05508335689461496,0.05061542907397302,0.04479682556759132,0.03889123089682517,0.03481195539866769,0.031083248068085555,0.02572890217513674,0.02408969471377549,0.020349175339351027,0.016921743502388238,0.014469590099148635,0.012017862971351009,0.009441477222279919,0.007928052300135581,0.006677437264601603,0.006114678354163692,0.005264263528281993,0.004438914904125706,0.0035135584594859328,0.003175924988152811,0.0027757459817326,0.0023005837731324406,0.0021880087120255535,0.0015878175635127083,0.001512772299013828,0.0013377157066577034,0.0011751689305337684,0.0008751093886735873,0.0009876123409037815,0.0009125866957360982,0.0006875584424676121,0.0006000472537212326,0.0007125516599953522,0.0007750513471517515,0.0006000360021601317,0.000562529532800474,0.00048752193848723366,0.0005500206257734685,0.0004875170630972101,0.00036251087532626104,0.0003000086252479769,0.00035000875021875676,0.00040000850018063024,0.00025000531261289393,0.0003125066407661174,0.0003125054688457059,0.00032500528133582287,0.00028750395317935726,0.00022500309379254045,0.0002375029687871107,0.00017500218752734473,0.0002125026562832043,0.00026250295315822397,0.0002875032344113882,0.0002250025312784777,0.0002375023750237511,0.00021250185939127042,0.0002000015000112508,0.00028750179688623155,0.00027500171876074323,0.00032500203126269655,0.00032500203126269655,0.0002500012500062509,0.0002500012500062509,0.00021250106250531327,0.0001875009375046882,0.000137500687503438,0.00012500062500312546,0.00010000050000250037,0.00010000050000250037,0.00010000050000250037,0.00011250056250281292,0.00011250056250281292,0.00011250056250281292,0.00011250056250281292,0.00011250056250281292,0.00011250056250281292
11.95,0.07876232420799788,0.0765966178376785,0.07401809664891727,0.06709839179055016,0.06281754387281878,0.05826202271931162,0.05375725291305031,0.04775064082435863,0.04359590536248416,0.037102409404948036,0.03346100635696589,0.029294554114871783,0.025716394201303422,0.022201042636008042,0.01871073528436947,0.015808635467123973,0.0141569368990806,0.011042427683353735,0.008916255972828586,0.0075529078695297965,0.006527382494610556,0.005902102624059842,0.004438987060665339,0.00381371562185448,0.003676107427362506,0.002875837587697427,0.0024381552542245815,0.002313086945812508,0.0019254476665824872,0.0013127625525105066,0.001512772299013828,0.0012001935312069114,0.0011126599448670787,0.00098762345293162,0.0007625867442421603,0.0006375605682539864,0.000737562692828893,0.0007000551293414382,0.0008500616294681394,0.0008625571444108203,0.0006125367522051346,0.00046252428252483417,0.0004000180008100379,0.0004125154693301014,0.0003500122504287663,0.0002750082502475084,0.00032500934401864166,0.00037500937523438224,0.000287506109504828,0.0003000063751354727,0.0003250069063967621,0.00030000525009187765,0.00027500446882261937,0.00020000275003781372,0.00021250292191517709,0.0002000025000312511,0.0002500031250390639,0.00026250328129101704,0.00023750267190505978,0.00023750267190505978,0.0002250025312784777,0.00021250212502125097,0.00028750251564701296,0.0003250024375182825,0.0002500015625097666,0.00022500140625878994,0.00013750085938037162,0.00011250070312939497,0.000137500687503438,0.00017500087500437565,0.0001875009375046882,0.00020000100000500075,0.00022500112500562584,0.00021250106250531327,0.0002500012500062509,0.0003000015000075011,0.0002875014375071886,0.000275001375006876,0.000275001375006876,0.000275001375006876,0.000275001375006876,0.000275001375006876,0.000275001375006876
12.05,0.07579700715679788,0.07361883360942377,0.07274192256876222,0.06483383670681052,0.06050301576756548,0.05617274683480879,0.05076726374706872,0.0447482426588231,0.03948025174289744,0.036401891897638865,0.030996775234601866,0.028456494710218667,0.02490337590213726,0.02155064589399503,0.01712232393335652,0.0151082528831372,0.013056397634840886,0.01019204820150978,0.008403539991221183,0.007302811582459144,0.006714950957099246,0.004539117060452722,0.004376466116148848,0.0037136837366910174,0.0035760772932845516,0.00277580845421225,0.002300618291165718,0.002125539355611456,0.0016378808072876712,0.0017128425685136782,0.0012502250405072735,0.0010251653079058852,0.0008501222050669663,0.0010376297037129494,0.0008876009646097117,0.0006875653187052672,0.00055004675397408,0.0007125561137939512,0.0007875570978895858,0.0005875389244537367,0.00047502850171009584,0.0004000210011025522,0.0005125230635378519,0.0004250159380976726,0.00032501137539813434,0.0002750082502475035,0.0003625104221746324,0.00023750593764843784,0.00026250557824353396,0.0003125066407661118,0.00026250557824353396,0.00030000525009187234,0.00023750385943771248,0.00018750257816044704,0.00021250292191517332,0.00027500343754296536,0.00028750359379491833,0.00025000312503905945,0.00021250239065189182,0.00021250239065189182,0.00027500309378480117,0.0003250032500324957,0.00023750207814318038,0.00012500093750702953,0.00013750085938036918,0.0001875011718823216,0.00022500140625878593,0.00027500171876073835,0.00027500137500687113,0.00025000125000624647,0.00023750118750593416,0.00023750118750593416,0.0002125010625053095,0.0002125010625053095,0.00018750093750468486,0.00013750068750343556,0.0001500007500037479,0.0001500007500037479,0.0001500007500037479,0.0001500007500037479,0.0001500007500037479,0.0001500007500037479,0.0001500007500037479
12.150000000000002,0.07510885341074047,0.072330128670307,0.06703667373984089,0.06375786025818453,0.059814912817356417,0.053770705099334626,0.049541243084868326,0.04471071268175471,0.038166745268562174,0.034700635094175945,0.030383844650867343,0.02653020891445049,0.02345245093747272,0.02078768048509598,0.01724739569327908,0.014683020600002804,0.012306029954677835,0.009866903105510869,0.008278487312780539,0.006977686409267593,0.006177254697964779,0.005089313067780415,0.004263928416019381,0.0034511000381371687,0.0030884303896548944,0.0025007283371281976,0.002500672055614955,0.001962998110770615,0.0015128517380290972,0.0015378075615123078,0.0013127362925326605,0.0011376834514565514,0.0009001293936003334,0.0007375921990248807,0.0006250711018378363,0.0007250688815437492,0.0007000595050579325,0.000937573833939426,0.000737553472626768,0.0005875389244537471,0.00045002700162009884,0.000525027563947109,0.00043751968838597895,0.00030001125042189187,0.0002750096253368878,0.00036251087532626104,0.00026250754709197983,0.0003125078126953185,0.0003250069063967621,0.000287506109504828,0.0003000063751354727,0.00021250371881508,0.00015000243753961055,0.0002500034375472672,0.00023750326566990382,0.0002250028125351575,0.0002000025000312511,0.00018750234377929792,0.00027500309378480605,0.0003250036562911344,0.0002250025312784777,8.75008750087504e-05,0.0001750015312633992,0.00022500168751265717,0.00027500171876074323,0.00023750148438427825,0.00021250132813330157,0.00015000093750585993,0.0001625008125040631,0.00012500062500312546,0.0001625008125040631,0.0001625008125040631,0.00017500087500437565,0.0001875009375046882,0.00017500087500437565,0.00017500087500437565,0.00017500087500437565,0.00017500087500437565,0.0001625008125040631,0.0001625008125040631,0.0001625008125040631,0.0001625008125040631,0.0001625008125040631
12.25,0.07184325108853436,0.07260538603594387,0.06459692917484108,0.06116800996904713,0.05694990235193608,0.052306960916779444,0.04773974333632767,0.04277166386651353,0.03709092091815367,0.033161998426337574,0.029720878917439606,0.025091748742285567,0.022401781135473944,0.019199211519026673,0.015383826470437468,0.013707487715164456,0.011055417154405698,0.009016523623667094,0.007315581688786427,0.006552522721247703,0.005564531053834669,0.004764197245268644,0.003838785993307772,0.003563635908945989,0.002800843754180957,0.0025257356204994794,0.0020005376444919643,0.0017754505205696007,0.0015253546449549575,0.001150230046009206,0.0010001800324058365,0.0008876431324551115,0.0010876563506004027,0.0008376047005875764,0.0006875782120216199,0.000525049879738577,0.0007750658805998537,0.0007500590671515409,0.0006000435031539808,0.00040002650175574274,0.0004000240014400878,0.0004125216573870143,0.0003625163132340968,0.0003250121879570495,0.0003250113753981401,0.0003500105003150107,0.00032500934401864166,0.00032500812520313123,0.0003125066407661174,0.0003000063751354727,0.00022500478135160454,0.00017500306255359532,0.0002500040625660176,0.00023750326566990382,0.0002500034375472672,0.0002125026562832043,0.0002500031250390639,0.000325004062550783,0.0002500028125316419,8.750098438607466e-05,0.00017500196877214932,0.0002625026250262512,0.00022500196876722753,0.00021250159376195397,0.00015000093750585993,0.00015000093750585993,0.00017500109375683662,0.00017500109375683662,0.00015000075000375055,0.00015000075000375055,0.000137500687503438,0.00012500062500312546,0.00011250056250281292,0.00012500062500312546,0.00011250056250281292,0.00011250056250281292,0.00010000050000250037,0.00010000050000250037,0.00011250056250281292,0.00011250056250281292,0.00011250056250281292,0.00012500062500312546,0.00012500062500312546
12.350000000000001,0.071492918272359,0.06647465380130446,0.06350842775353348,0.05861569374207114,0.05456030847029729,0.04997998298553789,0.04368636890211116,0.039406475922643354,0.03550220356348065,0.030947862733594553,0.028419965025430465,0.02419114759101709,0.021276063490475255,0.017197990774372427,0.015258754710515212,0.013482364741740223,0.01016748206621248,0.008641356205206605,0.00726556061741011,0.006540017906894177,0.004851770896377195,0.0040014255078371815,0.00368873572646838,0.0034761080094280177,0.0026633023198238564,0.002288166428472301,0.002125571247272712,0.001637915621088857,0.0014503372033997956,0.0014377875575115075,0.00122522053969715,0.0009001451484051836,0.00067509704520025,0.000650081260157522,0.0006875782120216199,0.0007000665063181027,0.000850072256141775,0.0006875541448889124,0.0005500398778911491,0.00042502815811547664,0.000487529251755107,0.0004000210011025593,0.00031251406313284206,0.00028751078165431304,0.00037501312545939244,0.00025000750022500764,0.00027500790647731223,0.00032500812520313123,0.0002750058438741833,0.0002125045157209598,0.00016250345319838104,0.00022500393756890827,0.00027500446882261937,0.00026250360942463053,0.00020000275003781372,0.00026250328129101704,0.0003000037500468766,0.00013750171877148514,0.00013750154689240302,0.00023750267190505978,0.0002500028125316419,0.0001750017500175008,0.000150001312511485,0.00017500131250984446,0.00016250101563134827,0.00013750085938037162,0.00011250070312939497,0.00010000062500390663,0.00010000050000250037,0.00011250056250281292,8.750043750218782e-05,0.00010000050000250037,0.00011250056250281292,0.00011250056250281292,0.000137500687503438,0.00015000075000375055,0.00015000075000375055,0.00015000075000375055,0.000137500687503438,0.000137500687503438,0.000137500687503438,0.00012500062500312546,0.00012500062500312546
12.45,0.07075471698113232,0.063171565413662,0.06103114865676444,0.058277887182618435,0.0523333571041627,0.0487038983135667,0.04344867101862316,0.03747993709975857,0.034701590093409194,0.03010974357306471,0.02658117327422524,0.023278038090425442,0.0207757445371425,0.016685177958554776,0.014583367206935031,0.011981544918911999,0.010305049474242415,0.008103616238746569,0.00706547633190484,0.006039825332753132,0.004726725254717989,0.0042890279662129785,0.0033261142482731835,0.003063476483129008,0.002463242051668074,0.0023631882785861468,0.0018630006814331418,0.0013878521674875047,0.001462840110325656,0.0010377075415083053,0.0007876417755195964,0.0009876592600556876,0.0008251186108003055,0.000637579697462185,0.0005250597255437824,0.0007375700691565724,0.000737562692828893,0.00047503740919597586,0.0004375317210497777,0.00042502815811547664,0.0004125247514850906,0.0003375177196802844,0.00026251181303158736,0.0002750103128867343,0.00022500787527563547,0.0003250097502925099,0.00032500934401864166,0.000287507187679693,0.00020000425009031512,0.00016250345319838104,0.00022500478135160454,0.0003125054688457059,0.0002375038594377167,0.00017500240628308704,0.00028750395317935726,0.0002500031250390639,0.00011250140626757875,0.0002125026562832043,0.00026250295315822397,0.0001875021093987314,0.00012500140626582094,0.0001750017500175008,0.000150001312511485,0.00011250084375632858,0.00010000062500390663,0.00010000062500390663,0.00011250070312939497,0.00015000093750585993,0.00015000075000375055,0.00017500087500437565,0.0001875009375046882,0.0001875009375046882,0.00020000100000500075,0.00017500087500437565,0.00017500087500437565,0.00017500087500437565,0.00017500087500437565,0.00017500087500437565,0.00017500087500437565,0.00017500087500437565,0.00017500087500437565,0.00017500087500437565,0.00017500087500437565
12.55,0.06533707021670494,0.06289630804802401,0.058140989710532866,0.0541866744070236,0.051182348532901226,0.046201771505779254,0.04206001496245564,0.0370170673825713,0.032775113931049205,0.02973446633700604,0.02504259242117552,0.02316546294651647,0.019337327546310498,0.01638499484685635,0.01415812322319911,0.011969038087054884,0.009179497953997327,0.007453326046748256,0.006290149725571808,0.005427089429430253,0.0046767069980542236,0.0037263275041733088,0.0033636268149829715,0.0027633808276387706,0.0024257307513888215,0.001913057177903037,0.001825490600598885,0.0014628712035678847,0.001162770344104988,0.001037707541508287,0.0008626552779500188,0.0007626229729543781,0.0007751114222669399,0.0007000875109388574,0.0006750767899848512,0.0008625819452847899,0.00066255631728696,0.0005500433159111201,0.00033752447052410824,0.0004875322990148028,0.0004125247514850833,0.0002625137819735499,0.00032501462565815,0.00036251359425977964,0.0003000105003675086,0.00032500975029250414,0.0002750079064773073,0.00020000500012500028,0.00017500371882902264,0.000237505046982245,0.0003125066407661118,0.00020000350006124822,0.00018750304692450985,0.0003125042969340784,0.0001750024062830839,0.00013750171877148268,0.00026250328129101243,0.0002250028125351535,0.00013750154689240058,0.00016250182814556434,0.00015000168751898245,0.00011250112501124852,0.00010000087500765489,0.00011250084375632658,0.00012500078125488108,0.0001875011718823216,0.0001875011718823216,0.0001750010937568335,0.0001500007500037479,0.00012500062500312323,0.0001500007500037479,0.0001500007500037479,0.00013750068750343556,0.00013750068750343556,0.00011250056250281092,0.0001000005000024986,0.00011250056250281092,0.00011250056250281092,0.00011250056250281092,0.00011250056250281092,0.00011250056250281092,0.00011250056250281092,0.00011250056250281092
12.650000000000002,0.061908813372704284,0.06093197139325291,0.057878247988149306,0.05342348180974253,0.04863011213575913,0.04336185757894226,0.03972056737233761,0.034802798735490095,0.03154917455500288,0.027420256714648043,0.02419199487640076,0.02075135152714444,0.018686912906978263,0.014921602177328222,0.013157549143821315,0.010468218264226871,0.00825404448179611,0.007265742337518144,0.006265139189883761,0.005464603872490929,0.00433908376557445,0.003651300775901428,0.0036762315375650973,0.0025758210429574517,0.0022506780167525545,0.002125619086558968,0.0015254099539251228,0.0014628712035679105,0.0013503139479929132,0.0010252050410082052,0.0009876777820007638,0.0009001451484051836,0.0005375772767335324,0.0006000750093761741,0.0007000796340583767,0.0007250688815437492,0.00048754144102248863,0.0004625364247434502,0.0004875353463126094,0.00043752898629534364,0.00031251875112506863,0.00027501443825800955,0.0003750168757594105,0.00023750890658399775,0.00030001050036751394,0.00023750712521375728,0.00025000718770664743,0.00018750468761719112,0.00025000531261289393,0.0002750058438741833,0.00020000425009031512,0.00021250371881508,0.00032500528133582287,0.00013750189065099696,0.00018750257816045038,0.0002500031250390639,0.00013750171877148514,0.0001500018750234383,0.00015000168751898513,0.00013750154689240302,0.00010000112501265674,0.00010000100001000046,0.0001750015312633992,0.00017500131250984446,0.00017500109375683662,0.00015000093750585993,0.00015000093750585993,0.00011250070312939497,0.00011250056250281292,0.00010000050000250037,6.250031250156273e-05,6.250031250156273e-05,6.250031250156273e-05,7.500037500187528e-05,0.00010000050000250037,0.00012500062500312546,0.00011250056250281292,0.00011250056250281292,0.00011250056250281292,0.00011250056250281292,0.00011250056250281292,0.00011250056250281292,0.00011250056250281292
12.75,0.061971372804164176,0.05817939773688419,0.05612663650558534,0.05120897214221925,0.04754165837815403,0.04287394285142387,0.03700580733460619,0.03401466921703723,0.02930995875589681,0.027457784438253856,0.023453976418434032,0.021114093657516465,0.016322905852481015,0.014809033510441421,0.0128573769200079,0.009555219538673033,0.008179007713779782,0.006878069338442303,0.006315160261260079,0.004351675395027101,0.004013965097260514,0.0033511938628136393,0.0028634592588517257,0.002638340971184574,0.0023507081508304458,0.0018255316861035841,0.0013128528291978514,0.0013753489948074371,0.0009502209263653834,0.0009251850370074048,0.0009376687803804717,0.0007751249889044635,0.0007376060308669397,0.0006125765720715111,0.0008375952764627006,0.0006750641310924562,0.0005250446287934493,0.00037502953357577046,0.00045003262736548563,0.00032502153267654094,0.0002875172510350631,0.0003250170633958294,0.00023751068798095998,0.0003250121879570495,0.00030001050036751394,0.0002875086252587588,0.00021250610955065032,0.00021250531263281657,0.00022500478135160454,0.00022500478135160454,0.0002125045157209598,0.0003125054688457059,8.750142189810616e-05,0.00021250292191517709,0.00023750326566990382,0.0001500018750234383,0.00017500218752734473,0.00013750171877148514,0.00010000112501265674,8.750098438607466e-05,0.00017500196877214932,0.00018750187501875086,0.00011250098438361376,0.00016250121875914126,0.00011250070312939497,6.250039062744165e-05,6.250039062744165e-05,0.00011250070312939497,0.00015000075000375055,0.00015000075000375055,0.00021250106250531327,0.00020000100000500075,0.00021250106250531327,0.00022500112500562584,0.00020000100000500075,0.0001875009375046882,0.0001875009375046882,0.0001875009375046882,0.00021250106250531327,0.00021250106250531327,0.00021250106250531327,0.00021250106250531327,0.00021250106250531327
12.850000000000001,0.05934387668284891,0.056502830146186886,0.0517976538415344,0.04909455330712639,0.045227130272901796,0.04078466696692203,0.03599246372605207,0.03291378988967449,0.029047257461029617,0.025356231916328277,0.022002957077346914,0.019713158533321062,0.016285381930981058,0.013858453656730656,0.011456573208878634,0.010155547467804324,0.007916379025722632,0.006890574919057655,0.005864970618873221,0.0048143535261075685,0.0040889924822560385,0.003313680498677666,0.002913476014464856,0.0022757253874672633,0.0019630913812786173,0.0017630134776753792,0.0014253830717005245,0.0011752982319263555,0.0011377645302532878,0.0007751550310062039,0.0006751215218739398,0.0005000806380028798,0.0005875844652668842,0.000650081260157522,0.0007750881662789169,0.00046254394167446073,0.0004625393158418482,0.00045003544029092454,0.0004250308147340697,0.00030001987631680704,0.0003000180010800659,0.0003875203448181043,0.00027501237555690105,0.0003125117191894707,0.000312510937882827,0.00021250637519125648,0.00016250467200932083,0.00022500562514062933,0.00025000531261289393,0.00017500371882902575,0.0003000063751354727,8.750153127679766e-05,0.00022500365630941584,0.00021250292191517709,0.00013750189065099696,0.0001500018750234383,0.00011250140626757875,7.500093751171916e-05,0.00012500140626582094,0.00020000225002531348,0.00011250126563923885,0.00013750137501375063,0.00011250098438361376,6.250046875351588e-05,0.00011250070312939497,0.00016250101563134827,0.00021250132813330157,0.00018750117188232493,0.00017500087500437565,0.0001875009375046882,0.0001625008125040631,0.00017500087500437565,0.0001625008125040631,0.000137500687503438,0.000137500687503438,0.00012500062500312546,0.00015000075000375055,0.00015000075000375055,0.000137500687503438,0.000137500687503438,0.000137500687503438,0.000137500687503438,0.000137500687503438
12.95,0.05710424903658495,0.05597733881178922,0.05137226248148315,0.04733045238554004,0.042587317136641135,0.039345944052444716,0.03452874518036277,0.03118741094449202,0.028234134405488307,0.02341729953002789,0.022165571313848057,0.018412290203711042,0.015384807814982106,0.013483224767107983,0.011494094736855311,0.009004918936969352,0.007341097137597449,0.005965161953521781,0.005014612405475825,0.004476723538562362,0.0035512962231214517,0.0035012473193575338,0.002688400614205769,0.0021631895166584424,0.0020381139818370355,0.0014879333605912776,0.0014878998730908986,0.001250317268006761,0.0009002092986619422,0.0009376875375075047,0.0008126462763297422,0.0006626068453538157,0.0005625808710002083,0.0008001000125015655,0.0006250711018378363,0.0005375510673514003,0.0003625308151192864,0.0004250334713858731,0.0003375244705241142,0.00026251739177720614,0.00023751425085505215,0.0002375124694046446,0.00027501237555690105,0.00023750890658399775,0.00021250743776032237,0.0001500045001350046,0.00025000718770664743,0.00023750593764844207,0.00017500371882902575,0.0003125066407661174,8.750185941451288e-05,0.00021250371881508,0.00021250345318111493,0.0001500020625283603,0.00013750189065099696,0.00010000125001562555,0.00010000125001562555,0.00018750234377929792,0.00017500196877214932,0.00013750154689240302,0.00011250126563923885,6.250062500625029e-05,0.0001625014218874421,0.00021250159376195397,0.00021250132813330157,0.00018750117188232493,0.00015000093750585993,0.0001250007812548833,0.000137500687503438,0.00012500062500312546,0.000137500687503438,0.00012500062500312546,0.00011250056250281292,0.00012500062500312546,0.00012500062500312546,0.00012500062500312546,0.00010000050000250037,0.00010000050000250037,8.750043750218782e-05,8.750043750218782e-05,8.750043750218782e-05,8.750043750218782e-05,8.750043750218782e-05
13.05,0.05596566738401402,0.05178591983504503,0.04968320855186701,0.04636707812339633,0.0418491703355059,0.03651854075964518,0.033840672359739,0.02951107196873461,0.02670796497816414,0.02345482725363329,0.020401832287181457,0.017824397785521584,0.01453426559431617,0.012895366173365569,0.010305913017593699,0.007816769910563534,0.0069158887855047995,0.005965161953521674,0.005014612405475735,0.003926511707007142,0.0033887368889644236,0.003063591404437787,0.0023883000805269426,0.0021756935023038286,0.0017880386466422758,0.0013003787353066396,0.0012378326675293809,0.0009127316056449195,0.0008126889501809055,0.0008001600320063899,0.000712628273089146,0.0006751088613038758,0.0006875988423335756,0.0006625828228528473,0.0005625639916540427,0.00043754156644880643,0.00043753719066120004,0.00042503347138586557,0.00028752084526127735,0.00031252070449666846,0.0003625217513050732,0.0002625137819735499,0.00031251406313283653,0.00028751078165430795,0.0002125074377603186,0.00023750712521375305,0.00020000575016531442,0.00018750468761718776,0.0002875061095048229,0.00012500265630644474,0.00022500478135160053,0.00021250371881507624,0.0001500024375396079,0.00012500171877363137,0.00010000137501890508,0.00012500156251952973,0.00018750234377929456,0.00015000187502343566,0.00011250126563923684,6.250070313290936e-05,0.00016250182814556434,0.0002125021250212472,0.00016250142188743922,0.00015000112500843544,0.00012500078125488108,0.00013750085938036918,0.00012500078125488108,0.00012500078125488108,8.750043750218627e-05,8.750043750218627e-05,3.7500187500936974e-05,2.500012500062465e-05,3.7500187500936974e-05,3.7500187500936974e-05,5.00002500012493e-05,5.00002500012493e-05,5.00002500012493e-05,5.00002500012493e-05,6.250031250156162e-05,7.500037500187395e-05,7.500037500187395e-05,7.500037500187395e-05,7.500037500187395e-05
13.150000000000002,0.05508983534357659,0.0510727530240777,0.0474811826880732,0.044427818245057545,0.03980988341033845,0.03492969023670132,0.032802307921344635,0.028760472427351448,0.025882332337153435,0.022991985329162,0.019613778679522437,0.015660453352612923,0.014359153960649964,0.012382553357548148,0.009155252826309128,0.007754235751279164,0.006653260097447773,0.006215273565828773,0.004614443834465285,0.003976530964421316,0.003138645605646072,0.0029260424026059384,0.002313274947107289,0.002050653645849622,0.0015879783784865248,0.0014004078687917907,0.0011628125058609543,0.0011377887138861525,0.0008376947640326406,0.0008251650330066043,0.0005125922666079913,0.0005000806380028798,0.000700100639466926,0.0008501062632829134,0.0005375611475805392,0.0003375320655462281,0.0004250361280708875,0.000312524611313142,0.00025001812631415864,0.00032502153267654094,0.00022501350081004942,0.00030001575082691946,0.00025001125050627367,0.00020000750028126125,0.0001375048126684439,0.0002250067502025069,0.00021250610955065032,0.0002500062501562548,0.00017500371882902575,0.00017500371882902575,0.00020000425009031512,0.00015000262504593883,0.0001250020312830088,0.00010000137501890686,0.0001500020625283603,0.00017500218752734473,0.00013750171877148514,6.250078125976597e-05,0.00011250126563923885,0.0001875021093987314,0.0001625018281455672,0.00016250162501625073,0.00013750120313552793,0.00011250084375632858,0.00010000062500390663,6.250039062744165e-05,2.5000156250976656e-05,5.000031250195331e-05,7.500037500187528e-05,0.00010000050000250037,0.00011250056250281292,0.000137500687503438,0.000137500687503438,0.000137500687503438,0.00012500062500312546,0.00012500062500312546,0.00012500062500312546,0.00012500062500312546,0.00011250056250281292,0.00010000050000250037,0.00010000050000250037,0.00010000050000250037,0.00010000050000250037
13.25,0.05073569891396845,0.04918348655993371,0.04693067622212452,0.041212400253229954,0.039071736609203954,0.034629435019766924,0.030475370746146275,0.028134972809531714,0.024318634153420143,0.021553422590939134,0.019563743529829775,0.015810553544491006,0.013508611739984288,0.01115680565144742,0.009655539865998151,0.007741728919422262,0.006665766225450494,0.00565252243813804,0.004676970173685681,0.0037264346773507933,0.0032386821189734367,0.002563413215958194,0.00217572886917118,0.0019256137893953766,0.001562970844967052,0.0013879042271061496,0.001237832667529403,0.0008252093968844624,0.0010002325540688247,0.0007876575315063041,0.0006876237722790126,0.0006376028134536716,0.0007626096251336157,0.00048756094511814146,0.0003750426611027018,0.0004250403788359909,0.0004250361280708875,0.00028752264240809066,0.00028752084526128245,0.00027501821995707315,0.00032501950117007133,0.00031251640711137444,0.00023751068798095998,0.00015000562521094593,0.0002500087503062616,0.0002250067502025069,0.00021250610955065032,0.00023750593764844207,0.00017500371882902575,0.00023750504698224922,0.00015000318756773636,0.00012500218753828236,8.750142189810616e-05,0.00017500240628308704,0.00013750189065099696,0.00010000125001562555,6.250078125976597e-05,0.0001500018750234383,0.0001875021093987314,0.00017500196877214932,0.00013750154689240302,0.00011250112501125052,8.75007656316996e-05,3.750028125210952e-05,5.000031250195331e-05,0.00010000062500390663,0.00015000093750585993,0.0001250007812548833,0.00010000050000250037,6.250031250156273e-05,6.250031250156273e-05,6.250031250156273e-05,5.0000250001250186e-05,3.750018750093764e-05,3.750018750093764e-05,3.750018750093764e-05,3.750018750093764e-05,6.250031250156273e-05,6.250031250156273e-05,6.250031250156273e-05,6.250031250156273e-05,6.250031250156273e-05,6.250031250156273e-05
13.350000000000001,0.0503228066663332,0.04770710614424504,0.044178143892381144,0.04094966181810007,0.03545606837991803,0.03299054196066668,0.02994993331948858,0.026646283719120742,0.02262984011498819,0.02076534039521704,0.01774996935347088,0.01506005258510061,0.012908228995984986,0.01093166831767382,0.008604937082651202,0.007003825839865052,0.005640263729227342,0.0048396596981403125,0.004076717317169872,0.003363795061098535,0.0034637642739600077,0.002425864214126291,0.0020756953579449187,0.0019006058181045276,0.0013253992765320602,0.0014004078687917907,0.0009002419400213841,0.0007876998788442596,0.0007126656947740375,0.0005251050210042027,0.000562601268228283,0.0006876108772539596,0.0007751114222669536,0.0006000750093761741,0.00041254692721297195,0.00046254394167446073,0.00032502762734832577,0.0002500196890505136,0.00036252628315553006,0.0002250149072376053,0.0002500150009000549,0.0002625137819735545,0.00018750843787970525,0.00023750890658399775,0.00021250743776032237,0.0002000060001800061,0.0003125089846333093,0.00011250281257031467,0.00022500478135160454,0.00015000318756773636,0.00012500265630644697,8.750153127679766e-05,0.00017500284379621232,0.00010000137501890686,0.00011250154689627023,8.750109376367236e-05,0.00018750234377929792,0.00017500218752734473,0.00013750154689240302,0.00011250126563923885,8.750098438607466e-05,2.5000250002500114e-05,7.50006562557425e-05,0.00013750103125773492,0.0001250007812548833,6.250039062744165e-05,5.000031250195331e-05,3.750023437646498e-05,6.250031250156273e-05,6.250031250156273e-05,8.750043750218782e-05,8.750043750218782e-05,0.00012500062500312546,0.00015000075000375055,0.0001625008125040631,0.00017500087500437565,0.0001875009375046882,0.0001625008125040631,0.0001625008125040631,0.00017500087500437565,0.0001875009375046882,0.0001875009375046882,0.0001875009375046882
13.45,0.0483834642910767,0.04574276948947282,0.042326440325099246,0.038997890585706664,0.034530257137817134,0.032565180403342955,0.027447850335404318,0.02598325412423182,0.022392157991060726,0.019702054893052313,0.016836827871579845,0.013984334543307707,0.012532989780985423,0.010031118982579409,0.007641884531249832,0.006816223362011523,0.006002941441306262,0.004727109472602166,0.0037140645496915705,0.0032637565462703255,0.0026759767315070095,0.0023133241217183705,0.002138216302461332,0.0016505261051960372,0.0014379331773696877,0.001062809543279484,0.0010877923441925056,0.0008502157422445976,0.0007626773224774788,0.0006126225245049032,0.0005250945170130642,0.0007251169251041756,0.0005375772767335324,0.00037504688086010884,0.000362541239065945,0.0004250403788359909,0.0002750233769870449,0.00028752264240809066,0.00023751721999845074,0.00030001987631680704,0.0003000180010800659,0.00020001050055127966,0.0001750078753543916,0.00021250796904884008,0.00018750656272969622,0.0002750082502475084,8.750251569732662e-05,0.00026250656266406754,0.00013750292193709165,0.00012500265630644697,0.00010000212504515756,0.00017500306255359532,0.0001250020312830088,0.00011250154689627023,0.00011250154689627023,0.0002125026562832043,0.00017500218752734473,0.00013750171877148514,0.00011250126563923885,3.750042187974628e-05,7.500084375949257e-05,0.00013750137501375063,0.00010000087500765667,3.750028125210952e-05,3.750023437646498e-05,6.250039062744165e-05,8.750054687841831e-05,0.00016250101563134827,0.0001875009375046882,0.00020000100000500075,0.00017500087500437565,0.0001625008125040631,0.000137500687503438,0.00012500062500312546,0.00011250056250281292,0.00010000050000250037,8.750043750218782e-05,8.750043750218782e-05,0.00010000050000250037,8.750043750218782e-05,0.00010000050000250037,0.00010000050000250037,0.00010000050000250037
13.55,0.047044692457834276,0.04489197399568533,0.040136925971893576,0.03808456173977831,0.034204972106808104,0.030713606565580306,0.027985798176981942,0.024294405156118103,0.022091927939783547,0.019264231450984142,0.014847930671296375,0.013621592412935441,0.011970130958485864,0.009005493350943949,0.007579348651288569,0.0063534705833060414,0.005965423057297991,0.004489503440910442,0.003989180442261246,0.0031136987740279566,0.0027259949881706436,0.002300819667006338,0.0018506199576857987,0.0016130141482597349,0.0014004218770904537,0.0012503641685640764,0.0008502284989090697,0.0009502411236851216,0.0007751802294033253,0.0006126225245048923,0.000712628273089146,0.0006376028134536604,0.0005125736824668474,0.00037504688086010217,0.00042504834924972113,0.00032503087793339907,0.00023752018921608,0.0003375265802181874,0.00025001812631415425,0.00030001987631680173,0.000262515750945053,0.00021251115683573084,0.00021250956293032884,0.00023750890658399352,0.0002125074377603186,0.0001875056251687524,0.00020000575016531442,0.00012500312507812518,0.00015000318756773368,8.750185941451132e-05,0.00016250345319837814,0.00012500218753828013,8.75014218981046e-05,0.0001375018906509945,0.00018750257816044704,0.00013750171877148268,0.00011250140626757675,8.75010937636708e-05,5.000056250632748e-05,0.00011250126563923684,0.00010000112501265497,6.250062500624918e-05,6.250054687978431e-05,8.750065625492067e-05,0.0001750010937568335,0.0002000012500078097,0.00016250101563134537,0.00011250070312939296,0.00011250056250281092,0.00012500062500312323,0.0001500007500037479,0.00013750068750343556,0.00012500062500312323,0.00011250056250281092,0.00012500062500312323,0.00013750068750343556,0.00013750068750343556,0.00013750068750343556,0.00012500062500312323,0.00012500062500312323,0.0001000005000024986,0.0001000005000024986,0.0001000005000024986
13.650000000000002,0.04521795705920641,0.04265237997527704,0.03958641950594561,0.03463142802092912,0.032440926361724576,0.029525096331882203,0.02685986083414452,0.023068425905191856,0.020966065247495967,0.018563713943675956,0.015648493066379186,0.013258850282563659,0.010731841548987518,0.009330691721950423,0.007479291243350898,0.006528566229302779,0.005402647297175636,0.004602053666448669,0.003551496067718539,0.0032637565462703255,0.002588444782345565,0.0020632350274785464,0.001863124146589114,0.0013004145071241504,0.001262880442733378,0.0008502476346235871,0.0007752083372406361,0.0007251840154439215,0.0004376017424051108,0.0005626125225045029,0.0006376147706587209,0.0008501370846048955,0.0005000718853335185,0.0003875484435554458,0.00040004550517621523,0.0002625249398692885,0.0003000255021676853,0.0002500196890505136,0.0002625190326298666,0.00023751573541747227,0.0002000120007200439,0.0001250065628445498,0.00025001125050627367,0.00018750703151368243,0.000312510937882827,0.0001375041251237542,0.00020000575016531797,0.00015000375009375288,8.750185941451288e-05,0.00012500265630644697,0.00011250239067580227,8.750153127679766e-05,0.00015000243753961055,0.00018750257816045038,0.0001250017187736336,0.00011250140626757875,3.750046875585958e-05,6.250078125976597e-05,0.00012500140626582094,5.000056250632837e-05,6.250070313291047e-05,6.250062500625029e-05,0.00018750164063935628,0.00017500131250984446,0.00010000062500390663,0.0001250007812548833,0.00013750085938037162,0.0001250007812548833,8.750043750218782e-05,8.750043750218782e-05,6.250031250156273e-05,7.500037500187528e-05,8.750043750218782e-05,0.00010000050000250037,8.750043750218782e-05,7.500037500187528e-05,8.750043750218782e-05,8.750043750218782e-05,8.750043750218782e-05,8.750043750218782e-05,8.750043750218782e-05,8.750043750218782e-05,8.750043750218782e-05
13.75,0.043879185225964824,0.03991231801734636,0.03839782599992006,0.03391828083986229,0.03150260415689259,0.027648501226042236,0.025358611043693965,0.022330336356164562,0.020227999704773857,0.01726275285867441,0.014460158261178531,0.012583399419112302,0.01081939736582075,0.008392619497893744,0.00687894679572407,0.0055905538400351385,0.004664785745015074,0.004026796958142585,0.0033514117822132693,0.003201232474502695,0.0023633626273589945,0.0019882082992065996,0.0017505864464595702,0.0012378945788970278,0.0010753239413373316,0.001000291334851279,0.0008252217783529354,0.000737687188123989,0.000650151160144736,0.0005626125225045029,0.0007751395251145234,0.0004125665263523758,0.00041255930540015276,0.00047505938242280453,0.00040004550517621523,0.0002750261274821118,0.0002750233769870449,0.00021251673569293655,0.0003125226578926983,0.00027501821995707315,0.00018751125067504118,0.00022501181312018962,0.0002125095629303326,0.00023750890658399775,7.500262509187848e-05,0.00023750712521375728,0.00015000431262398846,0.00011250281257031467,0.00012500265630644697,0.00017500371882902575,0.00011250239067580227,0.00013750240629211062,0.00017500284379621232,0.0001250017187736336,0.0001250017187736336,2.5000312503906387e-05,0.00010000125001562555,0.00010000125001562555,3.750042187974628e-05,8.750098438607466e-05,0.0001625018281455672,0.00018750187501875086,7.50006562557425e-05,0.0001500011250084381,0.0001250007812548833,8.750054687841831e-05,7.500046875292997e-05,8.750054687841831e-05,8.750043750218782e-05,0.00010000050000250037,0.00010000050000250037,0.00010000050000250037,0.00010000050000250037,8.750043750218782e-05,0.00011250056250281292,0.00012500062500312546,0.00011250056250281292,0.00012500062500312546,0.000137500687503438,0.000137500687503438,0.000137500687503438,0.000137500687503438,0.000137500687503438
13.850000000000001,0.04241529452980347,0.039199151206378104,0.036721283580894555,0.03358047428040959,0.030526749063867323,0.02739828854526357,0.02530856938401228,0.021479656875929728,0.018939512401377624,0.01624950432131743,0.013559525566710662,0.012158115542124412,0.009681171746988739,0.007442039644182978,0.006591281747902883,0.005690608494890354,0.004852377665055895,0.0036516295396820963,0.003126316961019841,0.0026260110142404917,0.0021632896007042646,0.0019631993897826173,0.0016130403685234611,0.0015004782774509428,0.0012753842094931143,0.0009252694847374331,0.0009752621016898325,0.0007626935334841243,0.0006001395324412947,0.0005626125225045029,0.0007001260226840856,0.0005875947496533836,0.00032504672546678696,0.00035004375546943497,0.0002625298627718912,0.0002625249398692885,0.0003000255021676853,0.000312524611313142,0.00022501631368274281,0.00018751242269800442,0.0001375082504950302,0.00022501181312018962,0.00016250731282907788,0.00021250796904884008,0.0002000070002450093,0.00012500375011250382,0.00011250323446799136,8.750218755468919e-05,0.00016250345319838104,0.00011250239067580227,0.00011250239067580227,0.00018750328130742356,0.0001250020312830088,0.00010000137501890686,3.7500515632090075e-05,0.00013750171877148514,6.250078125976597e-05,6.250078125976597e-05,0.00015000168751898513,0.00017500196877214932,8.750098438607466e-05,0.00013750137501375063,0.00012500109375957084,6.250046875351588e-05,8.750054687841831e-05,0.00010000062500390663,0.00010000062500390663,0.00010000062500390663,0.000137500687503438,0.00010000050000250037,0.00010000050000250037,8.750043750218782e-05,0.00010000050000250037,0.00010000050000250037,0.00011250056250281292,0.00010000050000250037,0.00010000050000250037,8.750043750218782e-05,7.500037500187528e-05,7.500037500187528e-05,7.500037500187528e-05,7.500037500187528e-05,7.500037500187528e-05
13.95,0.039349882388268996,0.03854854288760004,0.03393121671938195,0.03154112356963956,0.029138032200715983,0.026610118600810785,0.023231840507222344,0.02061646740333849,0.018726849448389895,0.014510719794248053,0.013409420117632685,0.011632764870551133,0.008530438154323411,0.0074295320145288885,0.006391166932027273,0.0058531973090300785,0.00426458964892799,0.003801696507066292,0.0030512853539553645,0.0026260110142404917,0.002150785036538344,0.001838154842662705,0.0013504524015545256,0.0012754065358333013,0.0009377825069802311,0.0008127367095666641,0.0005751545727914397,0.00043761104380236643,0.0005251220908861329,0.0007126425285057037,0.000600108019443502,0.00035005644660201585,0.0003875557111334768,0.00037504688086010884,0.0002375270186983778,0.0002500237522564653,0.00022501912662576401,0.000275021657955565,0.00027501993894557455,0.00018751242269800442,0.0002625157509450576,0.00020001050055127966,0.00027501237555690105,0.0001250046876757883,0.0002000070002450093,0.0001500045001350046,8.750251569732662e-05,0.00016250406260156562,0.00012500265630644697,7.500159378386818e-05,0.00018750398445967044,0.00012500218753828236,0.00010000162502640703,5.000068750945343e-05,0.0001250017187736336,3.750046875585958e-05,6.250078125976597e-05,0.0001625020312753915,0.00011250126563923885,0.00013750154689240302,0.00013750154689240302,6.250062500625029e-05,8.75007656316996e-05,0.0001000007500056254,0.00011250070312939497,0.00010000062500390663,8.750054687841831e-05,0.0001250007812548833,8.750043750218782e-05,0.00010000050000250037,8.750043750218782e-05,8.750043750218782e-05,6.250031250156273e-05,7.500037500187528e-05,5.0000250001250186e-05,6.250031250156273e-05,6.250031250156273e-05,6.250031250156273e-05,6.250031250156273e-05,6.250031250156273e-05,6.250031250156273e-05,6.250031250156273e-05,6.250031250156273e-05
14.05,0.03884940693658921,0.03717225605941502,0.032742623213355825,0.031003135345325443,0.028625082728740654,0.025521693439423145,0.021718080301850982,0.020791607296327647,0.017901216807378398,0.015173709577950495,0.01270892802193523,0.010481996732819009,0.009355964427322285,0.007479562533145113,0.006291109524089357,0.005415458194038416,0.004402157056957847,0.003614112797835983,0.0030762958896434684,0.002500962870705186,0.0019757211382154206,0.0018131459332386905,0.0012504188903282422,0.0011378626937336115,0.0009252787402204783,0.0007502185011384459,0.0008002150577967716,0.0006251586340033695,0.0005501279047378438,0.0007376475295058907,0.0004875877657978367,0.00037506047850215313,0.0004375628996668209,0.0003125390673834185,0.00025002844073513004,0.00035003325315904513,0.00027502337698704,0.0002625206735030346,0.00018751359473561567,0.00017501159451813433,0.0001750105006300353,0.00017500918798236658,0.00017500787535438845,0.00025000937535157213,0.00013750481266844143,0.00011250337510125144,0.0001250035938533215,0.00015000375009375022,5.000106252257789e-05,0.0001875039844596671,0.00012500265630644474,0.00010000175003062411,5.000081251320263e-05,0.00012500171877363137,5.000068750945254e-05,8.75010937636708e-05,0.00020000250003124754,8.75010937636708e-05,0.00012500140626581872,7.500084375949122e-05,7.500084375949122e-05,0.00010000100000999868,0.00011250098438361176,0.00010000075000562362,0.00011250070312939296,0.00010000062500390485,8.750054687841675e-05,5.0000312501952425e-05,5.00002500012493e-05,5.00002500012493e-05,5.00002500012493e-05,5.00002500012493e-05,5.00002500012493e-05,3.7500187500936974e-05,2.500012500062465e-05,1.2500062500312325e-05,1.2500062500312325e-05,1.2500062500312325e-05,1.2500062500312325e-05,1.2500062500312325e-05,1.2500062500312325e-05,1.2500062500312325e-05,1.2500062500312325e-05
14.150000000000002,0.037923527350983574,0.03446972919679913,0.03276764623453589,0.030390078996689603,0.025997780555211594,0.02427063003553029,0.021868205280896422,0.019202838267065887,0.01672531577321128,0.013935294698958905,0.012421225911202663,0.010607080226050928,0.008280278677657037,0.006604028457359013,0.0054781430845948055,0.0047400892737658115,0.004102009984892612,0.003088878411991362,0.0031888433002402374,0.002225856954927655,0.002100766779874662,0.001638083567270846,0.0013879649682643734,0.0010878467511519336,0.0010378126410581225,0.0009002622013661512,0.0007001881755721876,0.0005751459432831101,0.0005751337185895742,0.0007001400280056037,0.0005000900162029183,0.0003625584625520878,0.000350050319733463,0.00028753594199275014,0.0002875327068454047,0.000237522564643642,0.0002750233769870449,0.0002625206735030393,0.000187513594735619,0.00023751573541747227,0.0002000120007200439,0.00028751509454246453,0.00013750618777845053,0.00011250421890820946,0.0001250043751531308,7.50022500675023e-05,0.00017500503139465323,5.000125003125096e-05,0.00020000425009031512,0.00015000318756773636,0.00012500265630644697,3.7500656261484707e-05,0.0001250020312830088,3.7500515632090075e-05,0.00010000137501890686,0.00017500218752734473,0.00012500156251953195,0.00013750171877148514,7.500084375949257e-05,0.00010000112501265674,0.00011250126563923885,0.00010000100001000046,0.00010000087500765667,8.750065625492223e-05,5.000031250195331e-05,5.000031250195331e-05,5.000031250195331e-05,2.5000156250976656e-05,1.2500062500312547e-05,1.2500062500312547e-05,5.0000250001250186e-05,5.0000250001250186e-05,6.250031250156273e-05,6.250031250156273e-05,7.500037500187528e-05,7.500037500187528e-05,7.500037500187528e-05,7.500037500187528e-05,8.750043750218782e-05,8.750043750218782e-05,8.750043750218782e-05,8.750043750218782e-05,8.750043750218782e-05
14.25,0.036872528902457465,0.03283069670141594,0.031041057773151408,0.028425796410242395,0.025922714778825035,0.023895311014362295,0.021180132460273254,0.01841470874861302,0.015737058521091845,0.013259795674054255,0.011695716240659104,0.009243670149825042,0.007304656718658171,0.0063038453456608756,0.0057533009564237686,0.004852650760477928,0.0035642464807755926,0.003201428637529509,0.0025385693723481107,0.0021133136257459194,0.001813161804058488,0.0016130746578468637,0.0012879314570381124,0.0011378626937336316,0.0006752034050257664,0.0007752257845097412,0.0005126377714010659,0.0005376364252429073,0.0006876598809223168,0.0006126225245049032,0.0003500630113420428,0.00043757055825251976,0.00040005750826681475,0.00021252656582072834,0.000362541239065945,0.00022502137703081876,0.0003000255021676853,0.00017501378233535954,0.00013750996947278727,0.00016251076633827047,0.00021251275076504666,0.0001250065628445498,0.00023751068798095998,0.00016250609397852476,0.00010000350012250465,0.00018750562516875574,0.00010000287508265899,0.00016250406260156562,0.00013750292193709165,0.00011250239067580227,2.500053126128939e-05,0.00012500218753828236,3.7500609384902636e-05,0.00011250154689627023,0.0001500020625283603,0.00013750171877148514,7.500093751171916e-05,7.500093751171916e-05,0.00010000112501265674,0.00010000112501265674,0.00011250126563923885,8.75008750087504e-05,6.250054687978542e-05,5.00003750028127e-05,2.5000156250976656e-05,1.2500078125488328e-05,5.000031250195331e-05,6.250039062744165e-05,8.750043750218782e-05,8.750043750218782e-05,5.0000250001250186e-05,7.500037500187528e-05,7.500037500187528e-05,7.500037500187528e-05,7.500037500187528e-05,8.750043750218782e-05,8.750043750218782e-05,8.750043750218782e-05,7.500037500187528e-05,7.500037500187528e-05,7.500037500187528e-05,7.500037500187528e-05,7.500037500187528e-05
14.350000000000001,0.0340823782593465,0.032417810652960635,0.03016525203186943,0.027612558396745146,0.02557240782235443,0.02238152429565138,0.019753945159345226,0.018452238725682205,0.014073283653599621,0.01329732339766007,0.011357978980233656,0.00893096141674571,0.007517292273824589,0.0063538758642772315,0.005603214844517062,0.0038395973800688763,0.0036142709927864786,0.0028137556384536704,0.002651116782944825,0.0020883039970388674,0.0017381344190629641,0.0012879588353350926,0.001262923079231547,0.0008627750095342922,0.0007627297723439213,0.0006126784425964084,0.0006126646536256641,0.0005376364252429073,0.0007251686016998978,0.00045009001800360235,0.00037506751215218875,0.0003625584625520878,0.00025003594266675923,0.00028753594199275014,0.00020002275258810761,0.000237522564643642,0.00023752018921608422,0.00021251673569293655,0.00025001812631415864,0.00020001325087787137,0.0002625157509450576,0.00017500918798236972,0.00011250506272782316,0.00011250421890820946,0.0001250043751531308,0.00012500375011250382,6.250179692666186e-05,0.00016250406260156562,0.00010000212504515756,3.750079689193409e-05,0.00012500265630644697,5.000087501531295e-05,0.00010000162502640703,0.00013750189065099696,0.00013750189065099696,6.250078125976597e-05,7.500093751171916e-05,0.00011250140626757875,8.750098438607466e-05,0.00010000112501265674,5.000056250632837e-05,5.000050000500023e-05,1.2500109375957083e-05,5.00003750028127e-05,6.250039062744165e-05,8.750054687841831e-05,7.500046875292997e-05,8.750054687841831e-05,7.500037500187528e-05,7.500037500187528e-05,8.750043750218782e-05,6.250031250156273e-05,5.0000250001250186e-05,5.0000250001250186e-05,3.750018750093764e-05,2.5000125000625093e-05,2.5000125000625093e-05,2.5000125000625093e-05,3.750018750093764e-05,5.0000250001250186e-05,5.0000250001250186e-05,5.0000250001250186e-05,5.0000250001250186e-05
14.45,0.0328061658575648,0.031003988729462157,0.029389538375305387,0.025623253102190328,0.023945982667312318,0.020792673772706875,0.02010423677711702,0.017213749482399128,0.014698762927092938,0.012371639548716657,0.010369784773803634,0.008905944718099364,0.007016973320491839,0.005978646974654561,0.005115434980820264,0.004227309167632834,0.0036142709927864786,0.0029263058639918166,0.002376000890375079,0.0018882269673824491,0.0017506389832288847,0.0011504098335031897,0.0010378476789724594,0.0009377989234068392,0.0007877373058633942,0.0007252112177671772,0.0005876579330695144,0.0005876491159631777,0.0006751569739964566,0.0005001000200040025,0.0003375607609369699,0.00038756249445223175,0.00023753414553342127,0.00022502812851606533,0.0002500284407351345,0.0003000285027077583,0.00021251806403544375,0.0001250098445252568,0.000187513594735619,0.00021251407905773832,0.00012500750045002745,0.00020001050055127966,0.00015000675030376421,7.500281260547297e-05,0.00015000525018375697,5.0001500045001524e-05,0.00021250610955065032,0.0001250031250781274,8.750185941451288e-05,0.00010000212504515756,3.750079689193409e-05,6.250109376914118e-05,0.00015000243753961055,0.00013750189065099696,6.25008593868168e-05,0.00010000125001562555,0.00013750171877148514,0.00011250140626757875,8.750098438607466e-05,5.000056250632837e-05,2.5000281253164185e-05,3.750037500375017e-05,7.50006562557425e-05,5.00003750028127e-05,7.500046875292997e-05,7.500046875292997e-05,6.250039062744165e-05,3.750023437646498e-05,5.0000250001250186e-05,5.0000250001250186e-05,5.0000250001250186e-05,5.0000250001250186e-05,7.500037500187528e-05,8.750043750218782e-05,8.750043750218782e-05,8.750043750218782e-05,8.750043750218782e-05,8.750043750218782e-05,7.500037500187528e-05,6.250031250156273e-05,6.250031250156273e-05,6.250031250156273e-05,6.250031250156273e-05
14.55,0.0319928932485857,0.03027831022005532,0.028250990911638307,0.02588599153731975,0.02405858133189173,0.020680078066356106,0.018102570389849294,0.016388089986876787,0.013672976918563656,0.012071417759869934,0.010619960522266741,0.007980326868184399,0.006779321817658661,0.005553387566415435,0.004790248405022313,0.003964665698637825,0.003101519744674847,0.003163911895683404,0.00218842187271385,0.002000770296564149,0.0015880796490718887,0.001262949925911088,0.0011128728123921355,0.0008877829808251254,0.0009252787402204783,0.0006877002927102421,0.0005126377714010568,0.0006626681520435717,0.0006251453462930043,0.00033756751350269576,0.0004875877657978367,0.00031255039875179426,0.00023753414553341704,0.00032504063007875525,0.00023752701869837357,0.00023752256464363777,0.00013751168849352,0.00020001575124040734,0.00020001450105132338,0.00025001656359733475,0.0001750105006300353,0.00012500656284454757,0.0001000045002025077,0.00015000562521094328,0.00012500437515312857,0.00015000450013500193,0.0001500043126239858,0.00010000250006250014,6.250132815322237e-05,6.250132815322237e-05,7.500159378386684e-05,0.0001750030625535922,0.00013750223441130722,6.250085938681569e-05,0.00010000137501890508,0.00010000125001562377,7.500093751171783e-05,3.7500468755858914e-05,5.000056250632748e-05,1.250014062658187e-05,6.250070313290936e-05,6.250062500624918e-05,7.500065625574118e-05,7.500056250421772e-05,5.0000312501952425e-05,3.750023437646432e-05,5.0000312501952425e-05,8.750054687841675e-05,6.250031250156162e-05,5.00002500012493e-05,8.750043750218627e-05,8.750043750218627e-05,6.250031250156162e-05,5.00002500012493e-05,6.250031250156162e-05,6.250031250156162e-05,6.250031250156162e-05,6.250031250156162e-05,6.250031250156162e-05,6.250031250156162e-05,6.250031250156162e-05,6.250031250156162e-05,6.250031250156162e-05
14.650000000000002,0.030478955007257003,0.029440026424707205,0.027037374384433776,0.025185355710307195,0.02219444788495927,0.02078016313866794,0.018290226613655935,0.015149600743594,0.013110045572419913,0.011283335564148055,0.009231485118295637,0.007492501244580784,0.005928779596993105,0.005565895196069622,0.004777741229030173,0.003677008565929152,0.0031140258726776227,0.0026886998323001738,0.0020508639264290155,0.0018507125243218704,0.0015255568282423139,0.0013004632900470838,0.0010378476789724594,0.0007127271817891979,0.0005876770377076114,0.00043762745899743457,0.0005001344111229911,0.0007126808427638539,0.0004501046493309711,0.00040008001600320205,0.0003250585105318969,0.0002500403190014399,0.0003000431312001111,0.00023752969121140227,0.000275031284808648,0.00021252018941799545,0.00015001275108384265,0.0002500196890505136,0.00016251178210420313,0.0001250082817986696,0.0002000120007200439,0.00015000787541345973,7.500337515188211e-05,0.00013750515644336714,3.750131254593924e-05,0.00017500525015750536,0.00010000287508265899,2.500062501562548e-05,0.00010000212504515756,6.250132815322348e-05,0.00017500371882902575,0.00013750240629211062,6.25010156415044e-05,0.00010000137501890686,8.750120314154352e-05,8.750109376367236e-05,6.250078125976597e-05,3.750046875585958e-05,5.000056250632837e-05,7.500084375949257e-05,7.500084375949257e-05,7.500075000750034e-05,3.750032812787125e-05,5.00003750028127e-05,8.750054687841831e-05,6.250039062744165e-05,8.750054687841831e-05,5.000031250195331e-05,6.250031250156273e-05,8.750043750218782e-05,6.250031250156273e-05,7.500037500187528e-05,7.500037500187528e-05,7.500037500187528e-05,6.250031250156273e-05,6.250031250156273e-05,6.250031250156273e-05,6.250031250156273e-05,7.500037500187528e-05,7.500037500187528e-05,8.750043750218782e-05,8.750043750218782e-05,8.750043750218782e-05
14.75,0.029878384465242085,0.028501649041854232,0.024935440605357014,0.02378408405628116,0.020930840649118862,0.018978631837061572,0.017652195452714448,0.013648401660826632,0.012584642982685528,0.011408427976167434,0.00859353695971423,0.007292367655410012,0.006329034759659306,0.005365773121604198,0.004027310669496638,0.0036519949022153484,0.0027263359045932604,0.0025886551873773762,0.0021509060691816506,0.0016881499377260304,0.0012754655449239017,0.0012379410164871279,0.0008377806565199371,0.0007877510956617451,0.0007502260055841849,0.0005876711592251264,0.0005751545727914397,0.0006501649793635158,0.00046260755625683137,0.0002875575115023015,0.00037506751215218875,0.00023753830305136788,0.000337548522600125,0.00022502812851606533,0.0002625298627718912,0.00018751781419234896,0.00020001700144512354,0.00017501378233535954,0.0002625190326298666,0.00017501159451813747,0.00012500750045002745,8.750459399118486e-05,0.0001750078753543916,0.00010000375014063063,0.00017500612521438314,0.00010000300009000305,5.000143754132949e-05,0.00013750343758594014,3.750079689193409e-05,0.00018750398445967044,0.00012500265630644697,6.250109376914118e-05,0.00010000162502640703,0.00010000137501890686,0.00010000137501890686,5.000062500781277e-05,1.2500156251953193e-05,6.250078125976597e-05,5.000056250632837e-05,7.500084375949257e-05,5.000056250632837e-05,5.000050000500023e-05,8.75007656316996e-05,7.500056250421905e-05,5.000031250195331e-05,8.750054687841831e-05,7.500046875292997e-05,7.500046875292997e-05,7.500037500187528e-05,6.250031250156273e-05,3.750018750093764e-05,2.5000125000625093e-05,3.750018750093764e-05,5.0000250001250186e-05,5.0000250001250186e-05,5.0000250001250186e-05,5.0000250001250186e-05,5.0000250001250186e-05,3.750018750093764e-05,3.750018750093764e-05,2.5000125000625093e-05,2.5000125000625093e-05,2.5000125000625093e-05
14.850000000000001,0.02909013562884751,0.027062803721479678,0.025273251391280067,0.02340874343466704,0.020855774872732304,0.019403993394385297,0.016651362259080742,0.014311431255715552,0.01213429790577034,0.010407688680012395,0.008393396360943592,0.0066669501892513494,0.005891255675493147,0.005215681565755129,0.0038522102056054797,0.0034518855925049184,0.002801372672609589,0.002251004510762936,0.0019508217836763805,0.001725664380786609,0.0011004016466010134,0.0010003563769592954,0.000987830923359329,0.0008002550813071695,0.0006877071717855028,0.0006251820842820494,0.0006001612933475893,0.0005751459432831101,0.0003375784869982283,0.00047509501900380247,0.0002625472585065321,0.00021253427115122388,0.00018752695700006945,0.00023752969121140227,0.0002625298627718912,0.00015001425135387916,0.00021251806403544375,0.00015001181343030816,0.00016251178210420313,0.00020001325087787137,0.0001375082504950302,7.500393770672986e-05,0.00010000450020250947,6.250234383789414e-05,0.0001375048126684439,0.00012500375011250382,6.250179692666186e-05,2.500062501562548e-05,0.00015000318756773636,7.500159378386818e-05,7.500159378386818e-05,0.0001000017500306259,8.750142189810616e-05,8.750120314154352e-05,5.000068750945343e-05,1.2500156251953193e-05,7.500093751171916e-05,6.250078125976597e-05,8.750098438607466e-05,5.000056250632837e-05,7.500084375949257e-05,6.250062500625029e-05,5.0000437503828334e-05,6.250046875351588e-05,7.500046875292997e-05,6.250039062744165e-05,2.5000156250976656e-05,5.000031250195331e-05,3.750018750093764e-05,3.750018750093764e-05,3.750018750093764e-05,5.0000250001250186e-05,5.0000250001250186e-05,5.0000250001250186e-05,6.250031250156273e-05,6.250031250156273e-05,6.250031250156273e-05,6.250031250156273e-05,7.500037500187528e-05,7.500037500187528e-05,7.500037500187528e-05,7.500037500187528e-05,7.500037500187528e-05
14.95,0.02835193433762084,0.026099402941750626,0.024897906073587786,0.02237030104820132,0.019954985556093596,0.017702547165090392,0.016075883172741365,0.013473261767837108,0.011984182880131944,0.010044920685156195,0.008343361211250934,0.006716983586544042,0.005741159989493322,0.005015559491289704,0.004252439837356699,0.003114201132368567,0.0031015197446749017,0.002225993349532237,0.001925811247988222,0.0015505969798372428,0.0012879701090898223,0.0011504098335031897,0.0008002680898100892,0.0008252630525980186,0.0005001506703894566,0.00043762745899743457,0.0007001881755721876,0.00048762373452263685,0.0003875901147016695,0.00032506501300260163,0.0002750495089116051,0.0002750443509015839,0.00020002875413340738,0.00030003750468808707,0.00017501990851459418,0.00021252018941799545,0.00021251806403544375,0.00023751870459798793,0.00013750996947278727,0.0001250082817986696,8.750525031501922e-05,0.00017500918798236972,0.00011250506272782316,0.00018750703151368243,0.0001250043751531308,1.2500375011250381e-05,0.00010000287508265899,7.500187504687644e-05,0.00011250239067580227,0.00012500265630644697,7.500159378386818e-05,0.0001000017500306259,0.00010000162502640703,5.000068750945343e-05,1.2500171877363357e-05,8.750109376367236e-05,7.500093751171916e-05,6.250078125976597e-05,3.750042187974628e-05,6.250070313291047e-05,6.250070313291047e-05,7.500075000750034e-05,7.50006562557425e-05,6.250046875351588e-05,5.000031250195331e-05,3.750023437646498e-05,3.750023437646498e-05,5.000031250195331e-05,7.500037500187528e-05,6.250031250156273e-05,7.500037500187528e-05,6.250031250156273e-05,5.0000250001250186e-05,3.750018750093764e-05,2.5000125000625093e-05,2.5000125000625093e-05,2.5000125000625093e-05,2.5000125000625093e-05,1.2500062500312547e-05,1.2500062500312547e-05,1.2500062500312547e-05,1.2500062500312547e-05,1.2500062500312547e-05
15.05,0.026875531755167027,0.024648045922937595,0.0230837370380747,0.020994052102282522,0.018766444096639415,0.017352249411999955,0.014524591722608865,0.012509992356394493,0.011096002311771238,0.009044181389000996,0.0072926230677049595,0.006216649613617,0.005165793193160566,0.00422757882308202,0.0036646025657220307,0.0031267079642254138,0.002888915568628587,0.0022259933495321974,0.0017382322303270005,0.0015255873511301635,0.0012629609807579588,0.0009253296486873318,0.0007252429563903806,0.0005876873253349422,0.0005001506703894477,0.0005251529507969121,0.000562651212513355,0.0005001269072026956,0.0003250755800723622,0.00036257251450289544,0.00022504050729130925,0.0003500564466020096,0.000287541334066768,0.00022502812851606132,0.00016251848647783456,0.00020001900180516866,0.00015001275108384,0.00020001575124040734,0.0002250163136827388,0.00013750910997853413,7.500450027001514e-05,0.00010000525027563805,6.25028126265673e-05,0.00015000562521094328,8.750306260719001e-05,0.0001250037501125016,3.750107815599645e-05,0.00017500437510937524,0.00012500265630644474,7.500159378386684e-05,0.00012500265630644474,8.75015312767961e-05,5.000081251320263e-05,1.2500171877363135e-05,7.500103126417882e-05,7.500093751171783e-05,3.7500468755858914e-05,5.0000625007811885e-05,6.250070313290936e-05,6.250070313290936e-05,7.500084375949122e-05,6.250062500624918e-05,5.0000437503827446e-05,3.750028125210886e-05,5.0000312501952425e-05,6.250039062744054e-05,7.500046875292864e-05,3.750023437646432e-05,1.2500062500312325e-05,1.2500062500312325e-05,1.2500062500312325e-05,2.500012500062465e-05,3.7500187500936974e-05,3.7500187500936974e-05,3.7500187500936974e-05,3.7500187500936974e-05,3.7500187500936974e-05,3.7500187500936974e-05,3.7500187500936974e-05,3.7500187500936974e-05,3.7500187500936974e-05,3.7500187500936974e-05,3.7500187500936974e-05
15.150000000000002,0.02661278214303598,0.024660557621376072,0.023258898186331506,0.02010574596446282,0.019404503195925498,0.016989441024871203,0.013210998155964888,0.01247246237932553,0.010945887286133039,0.008856542770972087,0.006929868232433309,0.006066549421739033,0.005215825088493933,0.004577792453396588,0.003414459045877584,0.002851557663373628,0.0024011765765225047,0.001975881737225244,0.0017132216946388727,0.001237976620999089,0.001137915339098775,0.0008127895562794274,0.0006877303896805454,0.0007377351530800468,0.000600180804467348,0.0005251529507969214,0.0008002150577967858,0.0003250824896817579,0.0004000930216275298,0.00026255251050210136,0.00018753375607609437,0.0001875302392510799,0.00023753414553342127,0.00021252656582072834,0.00012501422036756724,0.0001625154389667024,0.00023752018921608422,0.00010000787562020545,0.00011250815684137141,0.00010000662543893569,0.00017501050063003845,0.00011250590656009481,0.00020000900040501894,8.75032813730518e-05,5.000175006125232e-05,3.750112503375115e-05,0.00015000431262398846,0.0001250031250781274,6.250132815322348e-05,8.750185941451288e-05,8.750185941451288e-05,5.000087501531295e-05,0.0,7.500103126418015e-05,7.500103126418015e-05,2.5000312503906387e-05,7.500093751171916e-05,8.750109376367236e-05,7.500084375949257e-05,6.250070313291047e-05,2.5000281253164185e-05,3.750037500375017e-05,5.0000437503828334e-05,6.250046875351588e-05,3.750023437646498e-05,1.2500078125488328e-05,1.2500078125488328e-05,3.750023437646498e-05,3.750018750093764e-05,3.750018750093764e-05,3.750018750093764e-05,3.750018750093764e-05,2.5000125000625093e-05,2.5000125000625093e-05,3.750018750093764e-05,6.250031250156273e-05,6.250031250156273e-05,6.250031250156273e-05,6.250031250156273e-05,6.250031250156273e-05,6.250031250156273e-05,6.250031250156273e-05,6.250031250156273e-05
15.25,0.023872679045092923,0.0238472972229035,0.021719982383793166,0.019467666907718822,0.018015786332774158,0.015875994595406152,0.013949112636269745,0.011771902807367425,0.01057059972203705,0.007793257268807359,0.0067922715707784955,0.00582889078459874,0.005390936722160396,0.0036397202293399103,0.003439473397862035,0.0027515030085184127,0.002413682704525226,0.0019133538341484955,0.0017382322303270315,0.0011129284774638276,0.001012869697439569,0.0009628430128233217,0.0008377806565199371,0.0007002231961437733,0.0005001506703894566,0.0006751966510246133,0.00038760416862031806,0.00037509518040202837,0.00035008139392408863,0.00026255251050210136,0.00028755175931667804,0.0002250362871012959,0.00025003594266675923,0.0001625203150393805,0.0001875213305513509,0.0002000190018051722,0.00023752018921608422,0.00017501378233535954,0.00013750996947278727,7.500496907920176e-05,0.00010000600036002195,7.500393770672986e-05,0.00015000675030376421,7.500281260547297e-05,0.00011250393763781773,6.250187505625191e-05,0.00011250323446799136,6.25015625390637e-05,0.00010000212504515756,7.500159378386818e-05,5.000106252257878e-05,1.2500218753828237e-05,7.500121876980527e-05,7.500103126418015e-05,2.5000343754726715e-05,8.750109376367236e-05,6.250078125976597e-05,7.500093751171916e-05,6.250070313291047e-05,5.000056250632837e-05,5.000056250632837e-05,6.250062500625029e-05,3.750032812787125e-05,1.2500093750703175e-05,2.5000156250976656e-05,3.750023437646498e-05,3.750023437646498e-05,2.5000156250976656e-05,6.250031250156273e-05,8.750043750218782e-05,8.750043750218782e-05,8.750043750218782e-05,0.00011250056250281292,0.000137500687503438,0.000137500687503438,0.00011250056250281292,0.00012500062500312546,0.00012500062500312546,0.00012500062500312546,0.00012500062500312546,0.00012500062500312546,0.00012500062500312546,0.00012500062500312546
15.350000000000001,0.024448225814523883,0.022696220966603856,0.021069383833126547,0.019667848572579687,0.01711499701613545,0.01570084571886109,0.013060873176919832,0.011771902807367425,0.009582342469917609,0.008506284017317824,0.0067922715707784955,0.005741332339336528,0.00494064966416092,0.004064979637578937,0.00331440163793978,0.0027890235040891184,0.002213584656481684,0.0017882980279949991,0.0015381479448217615,0.001237976620999089,0.0010628879541032515,0.0008002851015674363,0.0007502513341969587,0.00040012754065358474,0.0004751431368699838,0.0007002039343958953,0.00045012097001069203,0.0002875729716415551,0.0003750872077758092,0.00022504500900180117,0.0003375607609369699,0.00026254233495151183,0.00023753414553342127,0.00018752344043005442,0.00021252417462486433,0.0001625154389667024,6.25053129516011e-05,0.0002000157512404109,0.00010000725052566347,0.00016251076633827047,0.00011250675040502471,0.00018750984426682467,8.75039376771958e-05,6.250234383789414e-05,5.000175006125232e-05,0.00018750562516875574,0.00012500359385332372,8.750218755468919e-05,8.750185941451288e-05,8.750185941451288e-05,2.500053126128939e-05,7.500131252296941e-05,8.750142189810616e-05,2.5000343754726715e-05,8.750120314154352e-05,5.000062500781277e-05,7.500093751171916e-05,2.5000312503906387e-05,3.750042187974628e-05,6.250070313291047e-05,6.250070313291047e-05,1.2500125001250057e-05,3.750032812787125e-05,3.750028125210952e-05,3.750023437646498e-05,6.250039062744165e-05,8.750054687841831e-05,0.00013750085938037162,0.00012500062500312546,0.00011250056250281292,0.00011250056250281292,0.00012500062500312546,0.00012500062500312546,0.00011250056250281292,0.00010000050000250037,0.00011250056250281292,0.00011250056250281292,0.00011250056250281292,0.00012500062500312546,0.00012500062500312546,0.00012500062500312546,0.00012500062500312546,0.00012500062500312546
15.45,0.02402282168059665,0.022683709268165816,0.019230191776434386,0.01831662233476887,0.0170274202770178,0.013899314417254716,0.012185144132490342,0.010858673365350612,0.009419717858809346,0.007505544721162785,0.006279411286428739,0.005078389825208344,0.004452838684661488,0.0037147660072644442,0.002939186358173012,0.0029265986545150393,0.00208852337645447,0.0019383649953791948,0.0014256005342250474,0.001225471806645563,0.001075392518269172,0.0006877450091595155,0.0005501843117444364,0.00052516739710783,0.0005251582039089294,0.0006126784425964084,0.00047512769056684155,0.0003625920077219607,0.00027506395236892676,0.00020004000800160103,0.00018753375607609437,0.0002250362871012959,0.00018752695700006945,0.00013751718964870657,0.00021252417462486433,0.0002500237522564653,0.00017501487626448312,0.0001250098445252568,7.50054378942476e-05,0.00011250745361880265,6.250375022501373e-05,0.00015000787541345973,6.250281262656842e-05,0.00011250421890820946,6.25021875765654e-05,6.250187505625191e-05,6.250179692666186e-05,8.750218755468919e-05,0.00010000212504515756,5.000106252257878e-05,6.250132815322348e-05,6.250109376914118e-05,2.500040625660176e-05,8.750120314154352e-05,5.000068750945343e-05,7.500093751171916e-05,2.5000312503906387e-05,3.750046875585958e-05,6.250070313291047e-05,2.5000281253164185e-05,1.2500140626582093e-05,3.750037500375017e-05,2.5000218751914167e-05,6.250046875351588e-05,0.00010000062500390663,0.0001250007812548833,0.0001250007812548833,0.00010000062500390663,0.00011250056250281292,0.00012500062500312546,0.00011250056250281292,8.750043750218782e-05,7.500037500187528e-05,7.500037500187528e-05,7.500037500187528e-05,6.250031250156273e-05,5.0000250001250186e-05,5.0000250001250186e-05,3.750018750093764e-05,3.750018750093764e-05,3.750018750093764e-05,3.750018750093764e-05,3.750018750093764e-05
15.55,0.022634002302186755,0.021294910741543042,0.01924270328702379,0.018366667750983758,0.016501959842311592,0.013061101936645962,0.012147612887728861,0.010896203342419603,0.008256326410111632,0.006830045696258014,0.005541392828461916,0.005278523414379023,0.00452788652766132,0.003477121043836691,0.0028641433022196074,0.002576407362521741,0.0019134375844163368,0.0015882087381493767,0.001325558391472389,0.0011879573635849633,0.0007127601574574619,0.0006752405544475124,0.000712738767487098,0.0005626793540440936,0.0005501657374283925,0.0006126784425963975,0.00031258400695186386,0.0003750951804020217,0.00023755523159134162,0.0002625525105020967,0.00022504050729130925,0.00028754636685165074,0.00017502515986672835,0.00018752344043005109,0.00015001706444107805,0.00017501662657952257,0.00021251806403543998,0.00011250886007272913,0.00012500906315707712,0.00010000662543893391,0.0001750105006300353,8.750459399118329e-05,6.25028126265673e-05,3.750140630273582e-05,0.00016250568769906717,0.0001250037501125016,0.00010000287508265721,8.750218755468762e-05,3.750079689193342e-05,3.750079689193342e-05,6.250132815322237e-05,5.0000875015312054e-05,8.75014218981046e-05,5.000068750945254e-05,7.500103126417882e-05,5.0000625007811885e-05,5.0000625007811885e-05,7.500093751171783e-05,1.250014062658187e-05,3.750042187974561e-05,3.750042187974561e-05,6.250062500624918e-05,0.00010000087500765489,0.00013750103125773248,0.00011250070312939296,0.00012500078125488108,0.00010000062500390485,7.500046875292864e-05,5.00002500012493e-05,3.7500187500936974e-05,5.00002500012493e-05,6.250031250156162e-05,5.00002500012493e-05,3.7500187500936974e-05,5.00002500012493e-05,5.00002500012493e-05,6.250031250156162e-05,7.500037500187395e-05,7.500037500187395e-05,8.750043750218627e-05,8.750043750218627e-05,8.750043750218627e-05,8.750043750218627e-05
15.650000000000002,0.022521395325559364,0.019906112214921022,0.01976818673179332,0.016827771202366205,0.014863023724538679,0.013649101736476052,0.01179732126995728,0.010208153762818088,0.008243816824641911,0.006780008731450383,0.005904147663733794,0.0050408647772388245,0.0036648363331624042,0.0033645523769499515,0.002639014134359598,0.0024388322120958658,0.0020384988644435846,0.001588208738149405,0.0012255162487197777,0.0010504044056961967,0.0008503103632826011,0.000787780646855445,0.0006877303896805454,0.0004626474688807074,0.0006501958715062936,0.00037510925056922963,0.00036259744806416854,0.00033758566236182554,0.00022505232466548555,0.00036257251450290184,0.00025004500810145913,0.0002000322552011519,0.0001375197684667176,0.0002500312539067392,0.00020002275258810761,8.750831328976284e-05,0.00011250956331288201,7.500590671515408e-05,0.0001500108757884952,6.25041408993348e-05,0.00015000900054003294,5.0002625137819914e-05,0.00010000450020250947,6.250234383789414e-05,0.0001250043751531308,8.750262507875268e-05,8.750251569732662e-05,6.25015625390637e-05,1.2500265630644695e-05,6.250132815322348e-05,6.250132815322348e-05,7.500131252296941e-05,5.000081251320352e-05,7.500103126418015e-05,5.000068750945343e-05,2.5000312503906387e-05,6.250078125976597e-05,1.2500156251953193e-05,3.750042187974628e-05,2.5000281253164185e-05,8.750098438607466e-05,0.00012500125001250058,0.00011250098438361376,0.00012500093750703175,0.00010000062500390663,3.750023437646498e-05,5.000031250195331e-05,5.000031250195331e-05,6.250031250156273e-05,7.500037500187528e-05,7.500037500187528e-05,6.250031250156273e-05,6.250031250156273e-05,7.500037500187528e-05,6.250031250156273e-05,6.250031250156273e-05,5.0000250001250186e-05,5.0000250001250186e-05,6.250031250156273e-05,5.0000250001250186e-05,5.0000250001250186e-05,5.0000250001250186e-05,5.0000250001250186e-05
15.75,0.02083229067614241,0.019480714468027675,0.017716298995075534,0.016952884742904243,0.01517579779281601,0.012460591502777405,0.01128439425822001,0.009319944305514062,0.008168759311822713,0.0062671298421709265,0.005653971915270498,0.004915781284007092,0.0038149320191622296,0.0033020142286795066,0.002689042838328501,0.0021761887431009266,0.0017883763043891568,0.0016257254799954537,0.0010754530345908253,0.0009253562621609352,0.0008503103632826011,0.0007752761921434538,0.0004001340449050446,0.0004751514545261319,0.0006626996382660301,0.00047513838405435755,0.00030008064667379463,0.00035008883504189314,0.00022505232466548555,0.00017503500700140093,0.00022504050729131326,0.0001625262073509359,0.00020002875413340738,0.0001625203150393805,0.0002625298627718912,0.0002000190018051722,0.0001250106259032022,0.00010000787562020545,0.00011250815684137141,0.00017501159451813747,8.750525031501922e-05,6.25032814222749e-05,3.7501687575941054e-05,0.00016250609397852476,6.25021875765654e-05,7.50022500675023e-05,8.750251569732662e-05,5.000125003125096e-05,7.500159378386818e-05,7.500159378386818e-05,5.000106252257878e-05,6.250109376914118e-05,7.500121876980527e-05,5.000068750945343e-05,3.7500515632090075e-05,6.250078125976597e-05,1.2500156251953193e-05,2.5000312503906387e-05,6.250070313291047e-05,0.00013750154689240302,0.00012500140626582094,0.00012500125001250058,0.00010000087500765667,2.500018750140635e-05,5.000031250195331e-05,7.500046875292997e-05,7.500046875292997e-05,7.500046875292997e-05,5.0000250001250186e-05,6.250031250156273e-05,5.0000250001250186e-05,6.250031250156273e-05,7.500037500187528e-05,7.500037500187528e-05,7.500037500187528e-05,7.500037500187528e-05,7.500037500187528e-05,6.250031250156273e-05,5.0000250001250186e-05,5.0000250001250186e-05,6.250031250156273e-05,6.250031250156273e-05,6.250031250156273e-05
15.850000000000001,0.020381862769631224,0.01867996576799314,0.018291828482203693,0.016114624021299387,0.01319906568130329,0.011972676775259013,0.010633852682358102,0.009607674129711141,0.007280578743462204,0.006342185289382554,0.00550386646619252,0.004790697790775359,0.004002551626662011,0.0032644913397172387,0.0029266791821807863,0.0021886955749578284,0.0017883763043891568,0.001513175254457307,0.0011880004451875394,0.0011254332918173536,0.0006627419007937921,0.0005501960073276125,0.0005251759339378711,0.0005126634114624055,0.0006376921047465572,0.0003626056088835886,0.0004126108891764677,0.00026256662628141984,0.00025005813851720617,0.00018753750750150096,0.0002625472585065321,0.0001875302392510799,0.00020002875413340738,0.00015001875234404354,7.500853222054036e-05,0.0001625154389667024,0.00010000850072256177,0.00016251279788283385,3.75027189471238e-05,0.00011250745361880265,7.500450027001647e-05,0.00011250590656009481,6.250281262656842e-05,0.0001250046876757883,7.500262509187848e-05,8.750262507875268e-05,5.000143754132949e-05,5.000125003125096e-05,6.250132815322348e-05,3.750079689193409e-05,5.000106252257878e-05,6.250109376914118e-05,2.500040625660176e-05,2.5000343754726715e-05,5.000068750945343e-05,2.5000312503906387e-05,3.750046875585958e-05,8.750109376367236e-05,0.00012500140626582094,0.00010000112501265674,0.00010000112501265674,3.750037500375017e-05,5.0000437503828334e-05,8.750065625492223e-05,6.250039062744165e-05,5.000031250195331e-05,5.000031250195331e-05,6.250039062744165e-05,7.500037500187528e-05,6.250031250156273e-05,7.500037500187528e-05,8.750043750218782e-05,8.750043750218782e-05,7.500037500187528e-05,7.500037500187528e-05,7.500037500187528e-05,8.750043750218782e-05,0.00010000050000250037,0.00010000050000250037,0.00010000050000250037,8.750043750218782e-05,8.750043750218782e-05,8.750043750218782e-05
15.95,0.018705270006506246,0.01900526992738217,0.01660277455258844,0.015589147151039623,0.01288629161302596,0.011885102336986482,0.010658873512198944,0.008556834771773986,0.00705540620500461,0.005929380329718601,0.004728321645956301,0.0041152469273240035,0.0035147406471625784,0.002826724301824123,0.0028141145982507566,0.0020135999289612023,0.001750857920380993,0.001338097125842412,0.0011504846416553014,0.0007627936755650953,0.0006627419007937921,0.000725258373295489,0.0005251759339378711,0.000550175368398679,0.000512654437149193,0.0003626056088835886,0.0003250873672299442,0.00023756028092128463,0.00027506395236892676,0.00025005001000200127,0.00021253825688624027,0.00012502015950071994,0.0001750251598667315,0.00020002500312539138,0.00016251848647783743,0.00012501187612823264,7.500637554192132e-05,8.750689116767977e-05,0.0001500108757884952,0.0001250082817986696,5.0003000180010977e-05,3.750196885336493e-05,0.00016250731282907788,6.250234383789414e-05,8.750306260719157e-05,8.750262507875268e-05,1.2500359385332373e-05,5.000125003125096e-05,5.000106252257878e-05,6.250132815322348e-05,7.500159378386818e-05,3.7500656261484707e-05,3.7500609384902636e-05,6.25008593868168e-05,2.5000343754726715e-05,2.5000312503906387e-05,7.500093751171916e-05,0.00011250140626757875,0.00011250126563923885,7.500084375949257e-05,5.000056250632837e-05,6.250062500625029e-05,6.250054687978542e-05,5.00003750028127e-05,6.250039062744165e-05,6.250039062744165e-05,7.500046875292997e-05,8.750054687841831e-05,8.750043750218782e-05,7.500037500187528e-05,7.500037500187528e-05,6.250031250156273e-05,5.0000250001250186e-05,5.0000250001250186e-05,5.0000250001250186e-05,5.0000250001250186e-05,3.750018750093764e-05,2.5000125000625093e-05,2.5000125000625093e-05,2.5000125000625093e-05,2.5000125000625093e-05,2.5000125000625093e-05,2.5000125000625093e-05
16.05,0.01940593563885664,0.017528889511693187,0.016277475277254844,0.014863488615918736,0.01334919723407617,0.01149727268177935,0.010020842351257279,0.007956355138666897,0.006592551542619439,0.005604140058468114,0.005228673142882802,0.00456554750295816,0.003227057248996189,0.0027516785238995397,0.002213770150623889,0.0018510111148214452,0.0016257966403537504,0.0012505580615349422,0.0011379793738112017,0.0008128129329791854,0.0007377692857893026,0.0005501960073276027,0.0004501508005181672,0.0006377032679166394,0.0004126243030712944,0.0003250946838266599,0.000337590727508013,0.00021255393556114563,0.0002500581385172017,0.000237547509501897,0.0001750315056710183,0.0002125342711512201,0.0001875269570000661,0.00023752969121139804,0.00020002275258810406,0.00011251068851540736,0.00011250956331288,8.750689116767821e-05,0.00016251178210420025,8.750579725906716e-05,0.0001125067504050227,6.250328142227378e-05,0.0001250056252531346,8.750328137305024e-05,7.500262509187716e-05,5.000150004500064e-05,6.250179692666075e-05,7.500187504687511e-05,5.000106252257789e-05,6.250132815322237e-05,6.250132815322237e-05,3.750065626148404e-05,7.500121876980394e-05,1.2500171877363135e-05,2.500034375472627e-05,8.75010937636708e-05,0.00012500156251952973,0.00012500156251952973,5.000056250632748e-05,5.000056250632748e-05,7.500084375949122e-05,5.000050000499934e-05,6.250054687978431e-05,6.250046875351477e-05,8.750054687841675e-05,8.750054687841675e-05,7.500046875292864e-05,5.0000312501952425e-05,3.7500187500936974e-05,2.500012500062465e-05,1.2500062500312325e-05,0.0,0.0,0.0,0.0,1.2500062500312325e-05,1.2500062500312325e-05,1.2500062500312325e-05,1.2500062500312325e-05,1.2500062500312325e-05,1.2500062500312325e-05,1.2500062500312325e-05,1.2500062500312325e-05
16.15,0.018630198688754714,0.017791635178892644,0.016465147936101564,0.013837557583507328,0.012023035184580746,0.010934294150027755,0.009232686211271079,0.007593565360331726,0.006404907760571675,0.005541593852458622,0.004978497394419686,0.0034523044131958814,0.003302105091996218,0.002489018301163763,0.0023513490865384513,0.0018134906192508043,0.001588278256345643,0.0011505134166121878,0.0009253898204618893,0.0009753755195750571,0.0008878240557803787,0.0005001781884796566,0.00046265498942146604,0.000637703267916662,0.00047514313686999226,0.00030008740045538905,0.0003000806466738,0.00020005076288108533,0.00022505232466548953,0.0002500500100020057,0.0001875337560760977,0.00018753023925108326,0.00013751976846672,5.000625078134873e-05,0.00010001137629405558,7.500712567694091e-05,0.00016251381367416579,8.750689116768131e-05,0.00010000725052566524,2.5001656359734365e-05,2.5001500090005932e-05,0.0001625085316979176,6.250281262656953e-05,8.750328137305335e-05,8.750306260719312e-05,0.0,6.250179692666297e-05,3.7500937523438884e-05,8.750185941451442e-05,6.25013281532246e-05,2.5000531261289834e-05,6.250109376914229e-05,1.2500203128301101e-05,3.750051563209074e-05,8.750120314154506e-05,0.00011250140626758075,0.00011250140626758075,2.500031250390683e-05,5.0000562506329265e-05,6.250070313291158e-05,5.0000562506329265e-05,7.500075000750167e-05,7.500065625574383e-05,8.750065625492377e-05,6.250039062744275e-05,3.7500234376465654e-05,1.250007812548855e-05,0.0,1.2500062500312768e-05,5.0000250001251074e-05,6.250031250156384e-05,8.750043750218938e-05,8.750043750218938e-05,8.750043750218938e-05,0.00010000050000250215,8.750043750218938e-05,8.750043750218938e-05,8.750043750218938e-05,8.750043750218938e-05,8.750043750218938e-05,8.750043750218938e-05,0.00010000050000250215,0.00010000050000250215
16.25,0.01756668835393599,0.016065020794442577,0.015514273131280558,0.012573910824072667,0.011497574749874414,0.010396336886353252,0.009532936169360857,0.0078062352303901635,0.006454946102450911,0.005391482958035172,0.004415601960377102,0.0034898294611652786,0.003114485484496322,0.002551556449434119,0.0021012055666938608,0.0018385042829645432,0.0015257476163319812,0.0010129520298433033,0.0009754108918381731,0.0006252407176762965,0.0005126871308027358,0.00043765591491968397,0.0005126717450345793,0.0006126952966257908,0.0003376017025128772,0.00042512381731178603,0.00021255712472726743,0.0002500634536013478,0.00018754360388790128,0.00021254250850169732,0.0001375247544558001,0.0001750282233010048,0.00021253055126674156,0.00017502187773471434,0.00013751564240432152,7.500712567693824e-05,0.00010000850072256,0.00017501378233535642,0.0001125081568413694,0.00011250745361880064,6.250375022501261e-05,0.0001125059065600928,7.500337515188077e-05,7.500281260547164e-05,5.0001750061251435e-05,7.500225006750097e-05,6.250179692666075e-05,6.250156253906259e-05,5.000106252257789e-05,5.000106252257789e-05,6.250132815322237e-05,1.2500218753828014e-05,2.5000406256601315e-05,8.750120314154195e-05,0.00011250154689626822,0.00011250140626757675,3.7500468755858914e-05,8.75010937636708e-05,6.250070313290936e-05,6.250070313290936e-05,6.250070313290936e-05,7.500075000749901e-05,7.500065625574118e-05,2.5000187501405906e-05,0.0,1.2500078125488106e-05,6.250039062744054e-05,8.750054687841675e-05,8.750043750218627e-05,6.250031250156162e-05,5.00002500012493e-05,3.7500187500936974e-05,5.00002500012493e-05,5.00002500012493e-05,3.7500187500936974e-05,3.7500187500936974e-05,3.7500187500936974e-05,3.7500187500936974e-05,5.00002500012493e-05,5.00002500012493e-05,5.00002500012493e-05,3.7500187500936974e-05,3.7500187500936974e-05
16.35,0.017616735899103897,0.016340278160079443,0.01415051847699864,0.01288669467541776,0.01143501993621895,0.010408847520392185,0.008319425922080013,0.0070556356890064936,0.005954562683656267,0.005228862822409981,0.004703304071109888,0.003940130036799508,0.002914357903163225,0.0028517395611322503,0.002176248622647213,0.00173844962810933,0.0014006863363047694,0.001188030158458195,0.0010129266953704105,0.0006627551607368743,0.0006127236441300988,0.0005251870979036207,0.0004876633672280145,0.000537671382753245,0.0003751130027920858,0.00030008740045537837,0.00023756384528341655,0.0003250824896817521,0.00022505232466548154,0.00021254250850169732,0.0001375247544558001,0.00018753023925107657,0.00021253055126674156,0.00020002500312538783,8.750995425729553e-05,0.00016251543896669954,2.500212518064e-05,0.0001250098445252546,2.5001812631415423e-05,3.7502484539600216e-05,0.00018751125067503784,7.500393770672854e-05,8.750393767719422e-05,7.500281260547164e-05,1.2500437515312859e-05,7.500225006750097e-05,5.0001437541328606e-05,6.250156253906259e-05,5.000106252257789e-05,2.5000531261288946e-05,2.5000531261288946e-05,3.750065626148404e-05,7.500121876980394e-05,0.00011250154689626822,0.00011250154689626822,3.7500468755858914e-05,7.500093751171783e-05,5.0000625007811885e-05,7.500084375949122e-05,8.75009843860731e-05,7.500084375949122e-05,5.000050000499934e-05,0.0,1.2500093750702953e-05,7.500046875292864e-05,8.750054687841675e-05,5.0000312501952425e-05,5.0000312501952425e-05,3.7500187500936974e-05,3.7500187500936974e-05,5.00002500012493e-05,6.250031250156162e-05,5.00002500012493e-05,6.250031250156162e-05,6.250031250156162e-05,6.250031250156162e-05,7.500037500187395e-05,7.500037500187395e-05,6.250031250156162e-05,6.250031250156162e-05,6.250031250156162e-05,6.250031250156162e-05,6.250031250156162e-05
16.450000000000003,0.016778439517542022,0.016027485699129027,0.014400748688793997,0.012636467594342133,0.01100964720336218,0.009883400890757354,0.008031686378910614,0.0062800161629102584,0.005304064239223418,0.004465799109091936,0.0037526362269495123,0.0034272877145495348,0.0027767701909968195,0.002764186153553727,0.0019386122787949998,0.0016509018051110772,0.001375674080299376,0.0011505134166121878,0.0006877897314243772,0.0006627551607368978,0.0006377327724619621,0.0005877093714635964,0.0006377136340674262,0.00037511956936274243,0.0003000904022336793,0.0003250946838266715,0.000212557124727275,0.00017504441752094968,0.00028756685929479217,0.00016253250650130374,0.0001875337560760977,0.00013752217545079438,6.250898566669092e-05,0.00010001250156269747,8.750995425729863e-05,8.750831328976439e-05,0.00015001275108384533,8.750689116768131e-05,6.250453157854077e-05,6.250414089933591e-05,5.0003000180011864e-05,7.50039377067312e-05,7.500337515188344e-05,5.00018750703162e-05,7.500262509187981e-05,3.750112503375181e-05,5.000143754133038e-05,6.250156253906481e-05,3.7500796891934754e-05,6.25013281532246e-05,3.7500796891934754e-05,6.250109376914229e-05,0.00012500203128301102,0.00011250154689627222,3.750051563209074e-05,7.50009375117205e-05,5.000062500781366e-05,5.000062500781366e-05,7.50008437594939e-05,6.250070313291158e-05,2.5000281253164633e-05,0.0,7.500065625574383e-05,8.750065625492377e-05,5.00003125019542e-05,3.7500234376465654e-05,3.7500234376465654e-05,5.00003125019542e-05,6.250031250156384e-05,6.250031250156384e-05,7.50003750018766e-05,5.0000250001251074e-05,6.250031250156384e-05,5.0000250001251074e-05,7.50003750018766e-05,8.750043750218938e-05,7.50003750018766e-05,7.50003750018766e-05,7.50003750018766e-05,7.50003750018766e-05,7.50003750018766e-05,7.50003750018766e-05,7.50003750018766e-05
16.55,0.015927631249686977,0.015189201903779818,0.012636625695639808,0.011322775418692302,0.01097211431516851,0.009232847920732493,0.007218509409082959,0.0065051960253251365,0.005479198435801355,0.004841076345149911,0.004365566810684444,0.0030645455841773945,0.0027267382956634467,0.0020887741522328325,0.0017635118149037761,0.0015508471502558054,0.0011005392642394617,0.0010754799329200503,0.0008253476777092233,0.0007502888612115558,0.0005877145157982581,0.00038763809607172007,0.0006877303896805332,0.00045014348323527484,0.0002875866354739324,0.00027508011708409684,0.00023756384528341655,0.00018754759020101085,0.00020004651081376135,0.00018753750750149763,0.0002125382568862365,0.00020003225520114835,0.0001625233627333906,0.00013751718964870414,0.00010001137629405203,0.00011251068851540736,0.00015001275108384,7.500590671515275e-05,0.00010000725052566169,0.00015000993815840087,0.00012500750045002523,7.500393770672854e-05,8.750393767719422e-05,1.2500468767578606e-05,7.500262509187716e-05,5.000150004500064e-05,7.50021563119929e-05,3.7500937523437555e-05,6.250132815322237e-05,1.2500265630644473e-05,2.5000531261288946e-05,0.00011250196878445213,0.00011250182815470592,2.500034375472627e-05,7.500103126417882e-05,6.250078125976486e-05,6.250078125976486e-05,8.75010937636708e-05,5.000056250632748e-05,0.0,5.000056250632748e-05,0.00010000100000999868,5.0000437503827446e-05,3.750028125210886e-05,6.250039062744054e-05,6.250039062744054e-05,8.750054687841675e-05,6.250039062744054e-05,8.750043750218627e-05,8.750043750218627e-05,8.750043750218627e-05,0.00011250056250281092,0.0001000005000024986,0.00011250056250281092,8.750043750218627e-05,7.500037500187395e-05,7.500037500187395e-05,7.500037500187395e-05,7.500037500187395e-05,7.500037500187395e-05,7.500037500187395e-05,7.500037500187395e-05,7.500037500187395e-05
16.65,0.015664881637556013,0.013925520361538334,0.012286303399127459,0.011497934375445962,0.010071324998530177,0.009195316018616019,0.007931603059547243,0.00602981631578236,0.005291554653753551,0.005078751927986908,0.0032773023048692407,0.00305203723485433,0.0024390548974972063,0.002288896226698335,0.0017510046389116129,0.001538340318398958,0.0011380576482476657,0.0008753906430744906,0.0009378950883059689,0.0007627936755651087,0.00037513692497762486,0.0004376559149196995,0.0004876633672280318,0.00036261558371731764,0.0004376318365907823,0.00022506555034154178,0.00017504704389304998,0.00023756028092128886,0.00023755523159135007,8.751750350070201e-05,0.00016252925526595135,0.0002250362871012999,0.00021253055126674915,0.00010001250156269747,0.00013751564240432643,5.000475045129394e-05,0.000112509563312884,5.000393781010361e-05,3.7502718947124464e-05,8.750579725907028e-05,6.250375022501484e-05,8.75045939911864e-05,5.0002250101255623e-05,7.500281260547431e-05,2.5000875030626605e-05,8.750262507875422e-05,3.7501078155997786e-05,2.5000625015625922e-05,1.2500265630644917e-05,2.5000531261289834e-05,0.00010000212504515934,0.00010000175003062767,3.750060938490331e-05,8.750120314154506e-05,6.25008593868179e-05,5.000062500781366e-05,8.750109376367391e-05,3.750046875586025e-05,0.0,7.50008437594939e-05,6.250070313291158e-05,3.7500375003750834e-05,3.7500328127871916e-05,7.500056250422037e-05,5.00003125019542e-05,7.500046875293131e-05,7.500046875293131e-05,0.0001000006250039084,7.50003750018766e-05,6.250031250156384e-05,5.0000250001251074e-05,2.5000125000625537e-05,3.75001875009383e-05,2.5000125000625537e-05,2.5000125000625537e-05,5.0000250001251074e-05,5.0000250001251074e-05,5.0000250001251074e-05,5.0000250001251074e-05,5.0000250001251074e-05,5.0000250001251074e-05,5.0000250001251074e-05,5.0000250001251074e-05
16.75,0.015389620139131957,0.01416324263186059,0.012874344396844916,0.011047525629508621,0.010108857886723098,0.008144422759345328,0.006868217791311169,0.005967266354000173,0.00536661216657256,0.004490817591495654,0.0036275483527177326,0.003089562282823741,0.0024640708451637568,0.0020762665225787435,0.0017510046389115509,0.001488312990971297,0.0009879841122149712,0.0009879408686126042,0.0005877475886717197,0.000525202202848089,0.0005251916949686561,0.0005627004620395936,0.0006127052562608387,0.0003376076124264562,0.00027508286871419623,0.00022506555034153378,0.000337590727508013,0.0002375602809212804,0.00015003488311032102,0.0001750350070013978,0.00016252925526594555,5.000806380028709e-05,8.751257993336417e-05,6.25078134766837e-05,8.750995425729553e-05,0.00017501662657952257,0.00010000850072256,0.00010000787562020367,6.250453157853856e-05,0.00012500828179866737,8.750525031501765e-05,8.750459399118329e-05,1.2500562525313462e-05,7.500281260547164e-05,7.500262509187716e-05,3.750112503375048e-05,5.0001437541328606e-05,7.500187504687511e-05,3.750079689193342e-05,8.750185941451132e-05,0.00011250239067580026,7.500131252296808e-05,5.000081251320263e-05,5.000068750945254e-05,5.000068750945254e-05,8.75010937636708e-05,2.5000312503905943e-05,0.0,8.75009843860731e-05,5.000056250632748e-05,3.750042187974561e-05,6.250062500624918e-05,7.500065625574118e-05,7.500056250421772e-05,0.00010000062500390485,8.750054687841675e-05,6.250039062744054e-05,3.750023437646432e-05,5.00002500012493e-05,5.00002500012493e-05,8.750043750218627e-05,0.0001000005000024986,0.0001000005000024986,0.0001000005000024986,0.0001000005000024986,7.500037500187395e-05,8.750043750218627e-05,0.0001000005000024986,0.0001000005000024986,0.0001000005000024986,0.00011250056250281092,0.00011250056250281092,0.00011250056250281092
16.85,0.014163455282518193,0.012411604850535074,0.01158565880610145,0.010747253132217334,0.009620930340210472,0.008131912125306395,0.0066180094929027475,0.005541926613882761,0.004703604136669657,0.00417808656144721,0.0035775132030250747,0.002751836851098069,0.0028017861386633583,0.0020887741522328325,0.0017134831109348744,0.0013507378405453788,0.0011505637762503464,0.000975435287997255,0.0006752844635802736,0.0006002310889692446,0.0005376962591345765,0.0005001781884796388,0.0003876298560017551,0.00035011159807188044,0.0003376017025128772,0.00020005826697025225,0.00017504704389304377,0.0002375602809212804,0.00013753197618446094,0.00018753750750149763,0.00020003600648116376,0.0001750282233010048,0.00013751976846671513,0.0001250156269533674,8.750995425729553e-05,0.00011251068851540736,3.750318777096e-05,2.5001968905050918e-05,0.00016251178210420025,5.0003312719466955e-05,8.750525031501765e-05,5.0002625137819026e-05,6.25028126265673e-05,2.5000937535157213e-05,6.250218757656429e-05,6.25018750562508e-05,5.0001437541328606e-05,1.2500312507812517e-05,2.5000531261288946e-05,0.00011250239067580026,8.750185941451132e-05,3.750065626148404e-05,6.250101564150329e-05,5.000068750945254e-05,8.750120314154195e-05,2.5000312503905943e-05,1.2500156251952971e-05,8.75010937636708e-05,3.750042187974561e-05,3.750042187974561e-05,6.250070313290936e-05,5.000050000499934e-05,8.750076563169803e-05,7.500056250421772e-05,3.750023437646432e-05,3.750023437646432e-05,7.500046875292864e-05,0.00010000062500390485,7.500037500187395e-05,0.00012500062500312323,7.500037500187395e-05,7.500037500187395e-05,6.250031250156162e-05,6.250031250156162e-05,6.250031250156162e-05,6.250031250156162e-05,5.00002500012493e-05,3.7500187500936974e-05,3.7500187500936974e-05,3.7500187500936974e-05,2.500012500062465e-05,2.500012500062465e-05,2.500012500062465e-05
16.950000000000003,0.014376157349482315,0.01207378899270844,0.01101012931897369,0.010371912510603593,0.009045426054580518,0.007043486963919481,0.006230186630369916,0.005429336682675403,0.004653565794790357,0.004115540355437667,0.003402390179100891,0.0027768535497445135,0.002651690452663629,0.0019136673370756569,0.001625932878989355,0.0013007105131178185,0.0011130453922422224,0.0006502901919981932,0.0006002528565158201,0.0005752214602622132,0.0004126506174753873,0.0006252227355995707,0.0004001340449050517,0.00025007971290849494,0.000275082868714206,0.000237569192027183,0.0002000537644492,0.00017504441752094968,0.00012502906925860528,0.00018753750750150433,0.00022504050729131724,0.00018753023925108326,8.751257993336729e-05,0.00011251406425803466,6.250711018378473e-05,0.00011251068851541136,6.250531295160221e-05,6.250492226262952e-05,0.00012500906315708154,6.250414089933591e-05,7.50045002700178e-05,0.0,7.500337515188344e-05,7.500281260547431e-05,5.000175006125321e-05,2.500075002250121e-05,3.7501078155997786e-05,2.5000625015625922e-05,0.00010000212504515934,0.00011250239067580426,5.000106252257967e-05,6.250109376914229e-05,7.500121876980661e-05,7.500103126418148e-05,2.5000343754727162e-05,1.2500156251953415e-05,8.750109376367391e-05,5.000062500781366e-05,6.250070313291158e-05,7.50008437594939e-05,7.50008437594939e-05,0.00011250112501125252,5.000043750382922e-05,5.000037500281359e-05,0.0001000006250039084,8.750054687841985e-05,8.750054687841985e-05,6.250039062744275e-05,6.250031250156384e-05,3.75001875009383e-05,7.50003750018766e-05,6.250031250156384e-05,7.50003750018766e-05,7.50003750018766e-05,0.00010000050000250215,0.00010000050000250215,0.00010000050000250215,0.00011250056250281491,0.00011250056250281491,0.00011250056250281491,0.00011250056250281491,0.00011250056250281491,0.00011250056250281491
17.05,0.012787147790400698,0.012599280327105665,0.010997617808383556,0.009621231267375007,0.008982871240924733,0.007581444227593347,0.0059049158424387465,0.005354276728536843,0.004703604136669657,0.0036777169133696995,0.0030146177689826677,0.0026517700565126846,0.0020137837871642885,0.0016760223736479013,0.0015383826470437194,0.0011006012034073455,0.0010630208802312982,0.000800357159382363,0.000800337142021065,0.000525202202848089,0.0004126506174753727,0.0005501960073276027,0.0004501508005181672,0.0003626155837173048,0.00021256403491551527,0.00017505098359897072,0.00023756384528341655,0.0002500634536013478,0.00018754360388790128,0.00013752750550109826,7.501350243043642e-05,0.00010001612760057418,7.501078280002643e-05,0.0001250156269533674,0.00017501990851459106,0.00010000950090258433,0.00010000850072256,0.0001500118134303055,6.250453157853856e-05,0.00011250745361880064,6.250375022501261e-05,6.250328142227378e-05,3.750168757594038e-05,6.250234383789303e-05,5.0001750061251435e-05,6.25018750562508e-05,2.5000718770664303e-05,6.250156253906259e-05,0.00011250239067580026,3.750079689193342e-05,7.500159378386684e-05,6.250109376914007e-05,7.500121876980394e-05,5.000068750945254e-05,1.2500171877363135e-05,8.75010937636708e-05,3.7500468755858914e-05,5.0000625007811885e-05,5.000056250632748e-05,7.500084375949122e-05,7.500084375949122e-05,2.500025000249967e-05,8.750076563169803e-05,7.500056250421772e-05,6.250039062744054e-05,6.250039062744054e-05,7.500046875292864e-05,7.500046875292864e-05,0.0001000005000024986,0.0001000005000024986,0.0001000005000024986,0.00011250056250281092,0.0001000005000024986,0.0001000005000024986,7.500037500187395e-05,7.500037500187395e-05,7.500037500187395e-05,7.500037500187395e-05,7.500037500187395e-05,7.500037500187395e-05,7.500037500187395e-05,7.500037500187395e-05,7.500037500187395e-05
17.15,0.011861268204794807,0.01129806368954997,0.010709853064819861,0.01002159459709708,0.008007016147899768,0.006880848721413348,0.006067551236404436,0.005029016927270764,0.004653565794790357,0.003289930436109746,0.00295207383186695,0.0023390613234334414,0.0022514352899974215,0.0017635757812265857,0.0014383252391059677,0.001113108035264287,0.0008629228321877904,0.0009254129655358902,0.0006752844635802976,0.0003876492449593176,0.0005001825666368331,0.0006002138261755878,0.00028759634477550593,0.0003376076124264681,0.00022506780167525948,0.0003375983255123126,0.00022506048500534997,0.00016254124484088185,0.00015003488311032636,0.00016253250650130374,0.0001250225040507318,0.00012502015950072217,0.00011251617420004365,5.000625078134873e-05,0.00011251279833081253,1.2501187612823485e-05,3.750318777096133e-05,8.750689116768131e-05,7.500543789424893e-05,6.250414089933591e-05,1.2500750045002966e-05,6.250328142227601e-05,5.0002250101255623e-05,3.7501406302737154e-05,3.7501312545939906e-05,2.500075002250121e-05,2.500071877066519e-05,0.00012500312507812963,8.750185941451442e-05,5.000106252257967e-05,5.000106252257967e-05,7.500131252297075e-05,5.0000812513204405e-05,0.0,8.750120314154506e-05,3.750046875586025e-05,6.250078125976707e-05,6.250078125976707e-05,0.00011250126563924084,6.250070313291158e-05,5.0000562506329265e-05,0.00010000100001000223,7.500065625574383e-05,6.250046875351699e-05,7.500046875293131e-05,0.0001000006250039084,8.750054687841985e-05,0.0001000006250039084,7.50003750018766e-05,7.50003750018766e-05,3.75001875009383e-05,5.0000250001251074e-05,6.250031250156384e-05,6.250031250156384e-05,7.50003750018766e-05,8.750043750218938e-05,8.750043750218938e-05,7.50003750018766e-05,7.50003750018766e-05,7.50003750018766e-05,7.50003750018766e-05,7.50003750018766e-05,7.50003750018766e-05
17.25,0.01233671988388952,0.010935224434846427,0.010359530768306695,0.00935849283224513,0.0077567968932776244,0.006643146674673378,0.005692238788791588,0.005041526919626981,0.0044909411836819325,0.00356513374255226,0.0029896001941363383,0.0023640780220797047,0.0020137837871642885,0.0016885300033019903,0.0014758467670825926,0.0009129987255538208,0.0009129473441986444,0.0005752567083060734,0.0005377265172954031,0.000525202202848089,0.0004501643099731338,0.0004876737337676478,0.0003001005336787781,0.00027508768419933464,0.0001875565013960429,0.00016254734191332995,0.00021255712472726743,0.0001125285541206065,0.00020004651081376135,0.00021254250850169732,0.0002125382568862365,0.00010001612760057418,0.0001250179713333774,7.500937617202044e-05,0.00011251279833080853,0.00010000950090258433,5.000425036128e-05,0.0001250098445252546,7.500543789424627e-05,6.250414089933369e-05,5.000300018001009e-05,6.250328142227378e-05,6.25028126265673e-05,6.250234383789303e-05,5.0001750061251435e-05,2.500075002250032e-05,7.50021563119929e-05,8.750218755468762e-05,5.000106252257789e-05,6.250132815322237e-05,5.000106252257789e-05,6.250109376914007e-05,0.0,8.750120314154195e-05,3.750051563208941e-05,6.250078125976486e-05,5.0000625007811885e-05,0.00010000125001562377,2.500028125316374e-05,7.500084375949122e-05,8.75009843860731e-05,6.250062500624918e-05,7.500065625574118e-05,0.00010000075000562362,0.00010000062500390485,7.500046875292864e-05,5.0000312501952425e-05,6.250039062744054e-05,7.500037500187395e-05,6.250031250156162e-05,7.500037500187395e-05,5.00002500012493e-05,5.00002500012493e-05,5.00002500012493e-05,3.7500187500936974e-05,2.500012500062465e-05,3.7500187500936974e-05,3.7500187500936974e-05,3.7500187500936974e-05,3.7500187500936974e-05,3.7500187500936974e-05,3.7500187500936974e-05,3.7500187500936974e-05
17.35,0.012036434612882067,0.010960247831722506,0.009884093365896485,0.008457675340371267,0.0071562706821851636,0.005854976730220605,0.0050917388726113766,0.004491087255945623,0.0038904810811283596,0.003415022848129007,0.002714406870826717,0.0027643452004212418,0.0019887678394976517,0.00158846896606928,0.001313253479183663,0.001163135362691854,0.000962971856209529,0.0006753013532288689,0.0005877475886717197,0.0004626781310804594,0.0006002190799641784,0.000412647005495702,0.0002750921558722133,0.00030009565549018324,0.00023757156843498767,0.00016254734191332995,0.0002000537644491929,0.0001250317268006739,0.0001625377900361811,0.0001750350070013978,0.00011252025364565462,6.251007975035886e-05,8.751257993336417e-05,0.00016252031503937762,8.750995425729553e-05,6.250593806411521e-05,0.00017501487626448,5.0003937810101835e-05,8.750634420995398e-05,5.0003312719466955e-05,5.000300018001009e-05,3.750196885336427e-05,6.25028126265673e-05,2.5000937535157213e-05,2.5000875030625718e-05,3.750112503375048e-05,0.00011250323446798935,7.500187504687511e-05,6.250132815322237e-05,6.250132815322237e-05,8.750185941451132e-05,1.2500218753828014e-05,7.500121876980394e-05,5.000068750945254e-05,5.000068750945254e-05,5.0000625007811885e-05,0.00011250140626757675,3.7500468755858914e-05,0.00010000112501265497,8.75009843860731e-05,5.000056250632748e-05,7.500075000749901e-05,8.750076563169803e-05,7.500056250421772e-05,3.750023437646432e-05,7.500046875292864e-05,6.250039062744054e-05,5.0000312501952425e-05,3.7500187500936974e-05,3.7500187500936974e-05,3.7500187500936974e-05,3.7500187500936974e-05,3.7500187500936974e-05,3.7500187500936974e-05,5.00002500012493e-05,5.00002500012493e-05,3.7500187500936974e-05,3.7500187500936974e-05,3.7500187500936974e-05,3.7500187500936974e-05,3.7500187500936974e-05,3.7500187500936974e-05,3.7500187500936974e-05
17.450000000000003,0.010735198438516821,0.010547361783267581,0.009721443728230179,0.009008174918738949,0.007143759719454324,0.006330380823700281,0.005291905511338302,0.004703757126004496,0.004078124863176496,0.0033149489185136222,0.0026643717211341537,0.0025642116112505643,0.001838672153497894,0.0016635147439938718,0.0012507175992225808,0.0010880943715504826,0.0006628247841442448,0.0005877622889214437,0.0005502317851395018,0.00045017331672694946,0.0006502373366278831,0.0003876380960717338,0.00032510891148535454,0.00025007971290849494,0.00017505273463631291,0.0002500728337128242,0.000212557124727275,0.00018754759020101752,0.00013753197618446582,7.501500300060172e-05,0.00010001800324058544,8.751411165050551e-05,8.751257993336729e-05,0.00011251406425803466,1.2501422036756948e-05,3.7503562838470454e-05,5.000425036128177e-05,6.250492226262952e-05,7.500543789424893e-05,1.2500828179867183e-05,7.50045002700178e-05,5.00026251378208e-05,3.750168757594172e-05,6.250234383789525e-05,3.7501312545939906e-05,7.500225006750362e-05,0.00011250323446799335,3.7500937523438884e-05,6.25013281532246e-05,8.750185941451442e-05,2.5000531261289834e-05,5.0000875015313837e-05,5.0000812513204405e-05,5.0000687509454324e-05,6.25008593868179e-05,0.00011250140626758075,2.500031250390683e-05,0.00010000125001562732,6.250070313291158e-05,5.0000562506329265e-05,0.00010000112501265853,0.00010000100001000223,5.000043750382922e-05,7.500056250422037e-05,7.500046875293131e-05,3.7500234376465654e-05,5.00003125019542e-05,3.7500234376465654e-05,5.0000250001251074e-05,3.75001875009383e-05,2.5000125000625537e-05,2.5000125000625537e-05,2.5000125000625537e-05,5.0000250001251074e-05,5.0000250001251074e-05,6.250031250156384e-05,6.250031250156384e-05,7.50003750018766e-05,7.50003750018766e-05,7.50003750018766e-05,7.50003750018766e-05,7.50003750018766e-05,7.50003750018766e-05
17.55,0.010797757869976325,0.010172010830126024,0.009396144452896531,0.007706994097143048,0.007118737793991884,0.005617274683480879,0.005054207627850114,0.00445355727887644,0.003365078491393983,0.002902143958849559,0.002576810209171907,0.0021014026862930706,0.0016635605198313688,0.0014633926695283915,0.0011256458393002827,0.0010755875396935425,0.0007878860641714328,0.0006878069338442182,0.0005502317851394822,0.0004126588736663557,0.0004126506174753727,0.0003251158225117652,0.0003751256670984727,0.00022507174161763742,0.0003376017025128772,0.00021256190865589301,0.0001625436836149692,0.00018754759020101085,0.0001625377900361811,0.0001500300060011981,0.00011252025364565462,0.00015002419140086126,5.0007188533350956e-05,0.00011251406425803066,0.00010001137629405203,6.250593806411521e-05,0.00011250956331288,0.00010000787562020367,5.0003625262830846e-05,6.250414089933369e-05,1.2500750045002522e-05,6.250328142227378e-05,5.000225010125385e-05,2.5000937535157213e-05,2.5000875030625718e-05,0.00011250337510125144,3.750107815599645e-05,6.250156253906259e-05,3.750079689193342e-05,5.000106252257789e-05,0.0,6.250109376914007e-05,3.750060938490197e-05,5.000068750945254e-05,0.00010000137501890508,2.5000312503905943e-05,0.00010000125001562377,6.250078125976486e-05,7.500084375949122e-05,8.75009843860731e-05,7.500084375949122e-05,6.250062500624918e-05,6.250054687978431e-05,3.750028125210886e-05,3.750023437646432e-05,5.0000312501952425e-05,2.5000156250976213e-05,1.2500078125488106e-05,6.250031250156162e-05,7.500037500187395e-05,7.500037500187395e-05,7.500037500187395e-05,0.00011250056250281092,8.750043750218627e-05,8.750043750218627e-05,8.750043750218627e-05,8.750043750218627e-05,7.500037500187395e-05,7.500037500187395e-05,7.500037500187395e-05,7.500037500187395e-05,7.500037500187395e-05,7.500037500187395e-05
17.65,0.010747710324808799,0.010046893845745987,0.009033310645794324,0.007644437326874301,0.006605788322017308,0.005617274683481078,0.004879061818964392,0.004403517309451018,0.0032775113931050367,0.0029396716824554767,0.0022891080984392023,0.002163944432909013,0.001813656205831256,0.0013633316322957294,0.001088124311323645,0.000875478229983147,0.0009129473441986768,0.000750334836920992,0.00032513696394606925,0.00046267813108047585,0.0006877510291256455,0.0003251158225117768,0.00031260472258207167,0.00016255181339052172,0.0001625489678765763,0.000237569192027183,0.00011253024250267499,0.00017504441752094968,0.00023755523159135007,0.00020004000800160458,7.501350243043907e-05,8.751411165050551e-05,0.00017502515986673458,8.751093886736029e-05,6.250711018378473e-05,0.0001625154389667053,7.500637554192267e-05,5.000393781010361e-05,1.2500906315708155e-05,6.250414089933591e-05,8.750525031502077e-05,6.250328142227601e-05,5.0002250101255623e-05,2.50009375351581e-05,7.500262509187981e-05,0.00011250337510125544,5.000143754133038e-05,5.0001250031251845e-05,8.750185941451442e-05,0.0,8.750185941451442e-05,3.750065626148538e-05,7.500121876980661e-05,0.00011250154689627222,3.750051563209074e-05,0.00010000125001562732,6.250078125976707e-05,6.250078125976707e-05,0.00010000112501265853,7.50008437594939e-05,7.50008437594939e-05,3.7500375003750834e-05,5.000043750382922e-05,3.750028125211019e-05,2.50001562509771e-05,5.00003125019542e-05,7.500046875293131e-05,0.0001000006250039084,7.50003750018766e-05,7.50003750018766e-05,7.50003750018766e-05,8.750043750218938e-05,3.75001875009383e-05,5.0000250001251074e-05,3.75001875009383e-05,3.75001875009383e-05,3.75001875009383e-05,3.75001875009383e-05,3.75001875009383e-05,3.75001875009383e-05,3.75001875009383e-05,3.75001875009383e-05,3.75001875009383e-05
17.75,0.009784295080326171,0.009283680241025227,0.008195039436281262,0.006831199313376793,0.005629933228991825,0.005216934394235026,0.004766468084680429,0.0043159473629561,0.0034776647606227775,0.0028270885116379323,0.002339143248131779,0.0019262857957686483,0.0015885126768314577,0.0014633926695283915,0.0010130812553702543,0.0008629713981262142,0.0006002941441306155,0.00042518974092188035,0.0005502317851394822,0.0004626781310804594,0.0004126506174753727,0.00030010691308778324,0.0003001005336787781,0.00020006377032678882,0.0001750527346363067,0.00016254734191332995,0.00011253024250267099,0.00013753489948074127,0.00012502906925860086,8.75175035006989e-05,7.501350243043642e-05,0.00010001612760057418,0.00011251617420003965,1.250156269533674e-05,3.7504266110269513e-05,8.750831328976128e-05,7.500637554192e-05,8.750689116767821e-05,5.0003625262830846e-05,5.0003312719466955e-05,5.000300018001009e-05,2.5001312568909513e-05,3.750168757594038e-05,2.5000937535157213e-05,0.00011250393763781573,2.500075002250032e-05,6.250179692666075e-05,6.250156253906259e-05,3.750079689193342e-05,6.250132815322237e-05,5.000106252257789e-05,6.250109376914007e-05,7.500121876980394e-05,2.500034375472627e-05,8.750120314154195e-05,6.250078125976486e-05,6.250078125976486e-05,0.00010000125001562377,3.750042187974561e-05,6.250070313290936e-05,3.750042187974561e-05,5.000050000499934e-05,2.5000218751913723e-05,6.250046875351477e-05,7.500046875292864e-05,7.500046875292864e-05,7.500046875292864e-05,6.250039062744054e-05,3.7500187500936974e-05,3.7500187500936974e-05,6.250031250156162e-05,5.00002500012493e-05,5.00002500012493e-05,3.7500187500936974e-05,3.7500187500936974e-05,2.500012500062465e-05,3.7500187500936974e-05,3.7500187500936974e-05,3.7500187500936974e-05,5.00002500012493e-05,5.00002500012493e-05,5.00002500012493e-05,5.00002500012493e-05
17.85,0.010334818077173166,0.009246145145711109,0.008345177563358171,0.0071189604566142765,0.006130371738235541,0.00519191312615716,0.004266051487863585,0.0038155476687003202,0.0033275497349843845,0.0027395238232243682,0.002626845358864565,0.00197631919306134,0.0015509887553315019,0.001363331632295681,0.0010380956073547049,0.0009505192211245257,0.0005377635041170098,0.0006002678695367723,0.0004752001780750073,0.0005627166459086668,0.0003751369249776115,0.00027509800366380135,0.00023757958916236603,0.00026258369855391034,0.00020006026815577908,0.00026257647539845605,0.0002000537644491929,0.00015003807216080868,7.501744155516051e-05,0.00013752750550109826,0.00010001800324058188,2.5004031900143544e-05,8.751257993336417e-05,0.00010001250156269392,6.250711018378251e-05,8.750831328976128e-05,0.00010000850072256,5.0003937810101835e-05,5.0003625262830846e-05,5.0003312719466955e-05,6.250375022501261e-05,3.750196885336427e-05,1.2500562525313462e-05,7.500281260547164e-05,0.00011250393763781573,5.000150004500064e-05,5.0001437541328606e-05,7.500187504687511e-05,0.0,5.000106252257789e-05,5.000106252257789e-05,6.250109376914007e-05,5.000081251320263e-05,8.750120314154195e-05,7.500103126417882e-05,6.250078125976486e-05,0.00010000125001562377,5.0000625007811885e-05,6.250070313290936e-05,3.750042187974561e-05,5.000056250632748e-05,1.2500125001249835e-05,7.500065625574118e-05,7.500056250421772e-05,7.500046875292864e-05,5.0000312501952425e-05,5.0000312501952425e-05,5.0000312501952425e-05,3.7500187500936974e-05,5.00002500012493e-05,5.00002500012493e-05,6.250031250156162e-05,8.750043750218627e-05,8.750043750218627e-05,8.750043750218627e-05,0.0001000005000024986,8.750043750218627e-05,8.750043750218627e-05,8.750043750218627e-05,7.500037500187395e-05,7.500037500187395e-05,7.500037500187395e-05,7.500037500187395e-05
17.950000000000003,0.009421450377859165,0.00897088778007456,0.0076320214597431265,0.0068562220214846425,0.005479801676218904,0.005029274883651211,0.004628853520555961,0.0039156276075516154,0.0032650018076351697,0.0026644683760128365,0.0025768102091719984,0.0017511689052442877,0.001663560519831428,0.0012257477061007477,0.0010506027833469677,0.0007128894158434197,0.0005752818881251937,0.000562751127690744,0.0003501474996342284,0.0006127359033227923,0.00043765974580722893,0.00031261136779978533,0.00020006702245252585,0.00017505579903594643,0.00018755650139604956,0.0001375400585420533,0.000162543683614975,0.00017504441752094968,0.0001625377900361869,8.751750350070201e-05,0.00013752475445580497,0.00015002419140086658,0.00011251617420004365,6.250781347668592e-05,0.00016251848647784033,6.250593806411742e-05,6.250531295160221e-05,0.0,7.500543789424893e-05,3.7502484539601545e-05,3.75022501350089e-05,6.250328142227601e-05,2.5001125050627812e-05,0.00011250421890821146,2.5000875030626605e-05,6.250187505625302e-05,7.500215631199557e-05,2.5000625015625922e-05,8.750185941451442e-05,3.7500796891934754e-05,5.000106252257967e-05,8.750153127679921e-05,5.0000812513204405e-05,7.500103126418148e-05,6.25008593868179e-05,0.00010000125001562732,6.250078125976707e-05,6.250078125976707e-05,5.0000562506329265e-05,3.750042187974695e-05,5.0000562506329265e-05,7.500075000750167e-05,7.500065625574383e-05,5.000037500281359e-05,6.250039062744275e-05,3.7500234376465654e-05,5.00003125019542e-05,6.250039062744275e-05,8.750043750218938e-05,7.50003750018766e-05,6.250031250156384e-05,5.0000250001251074e-05,2.5000125000625537e-05,5.0000250001251074e-05,5.0000250001251074e-05,3.75001875009383e-05,3.75001875009383e-05,3.75001875009383e-05,3.75001875009383e-05,3.75001875009383e-05,3.75001875009383e-05,3.75001875009383e-05,3.75001875009383e-05
18.05,0.009258795856063129,0.008032510397221288,0.007181607078512129,0.006393301921493665,0.005579889378067452,0.004866636641144904,0.004578811860874113,0.0031149880967422283,0.002839675901659606,0.0024518112755798,0.002051441137398994,0.0017761856038905717,0.001375877121665042,0.0012632705950629704,0.0009880669033858036,0.0006878757521295909,0.0006628247841442212,0.0005752567083060734,0.00042517910669869077,0.0004251636880198816,0.00026259584748432806,0.0003126113677997742,0.00023757958916236603,0.00030009565549018324,0.00025007533519472386,0.00012503641685640766,0.0002000537644491929,0.00020005076288107823,0.00018754360388790128,6.25125025004992e-05,0.00010001800324058188,0.00013752217545078948,2.5003594266675478e-05,3.750468808601022e-05,8.750995425729553e-05,8.750831328976128e-05,3.750318777096e-05,6.25049222626273e-05,1.2500906315707711e-05,6.250414089933369e-05,2.5001500090005044e-05,1.2500656284454757e-05,6.25028126265673e-05,0.00010000375014062885,5.0001750061251435e-05,6.25018750562508e-05,6.250179692666075e-05,1.2500312507812517e-05,3.750079689193342e-05,6.250132815322237e-05,0.00010000212504515578,2.5000437507656027e-05,0.00010000162502640526,5.000068750945254e-05,0.00010000137501890508,5.0000625007811885e-05,5.0000625007811885e-05,3.7500468755858914e-05,2.500028125316374e-05,7.500084375949122e-05,7.500084375949122e-05,8.750087500874885e-05,3.750032812787059e-05,3.750028125210886e-05,3.750023437646432e-05,8.750054687841675e-05,7.500046875292864e-05,5.0000312501952425e-05,5.00002500012493e-05,3.7500187500936974e-05,3.7500187500936974e-05,3.7500187500936974e-05,6.250031250156162e-05,8.750043750218627e-05,8.750043750218627e-05,0.0001000005000024986,0.00011250056250281092,0.00011250056250281092,0.00011250056250281092,0.00011250056250281092,0.00011250056250281092,0.00011250056250281092,0.00011250056250281092
18.15,0.009171212652019613,0.008633071922247486,0.0066561236337431854,0.005517507137727605,0.005454779750756716,0.0048791472751840105,0.004003332774534886,0.0033151479744446583,0.0028021471452501076,0.0022266449339449993,0.0020764587122453966,0.0016511021106589,0.0013758771216650907,0.0010131180019812302,0.0010130812553702903,0.0007879304069848323,0.0007628738081660176,0.000375167418460496,0.0004877054459191038,0.0006627551607368978,0.00030010953998209984,0.00031261136779978533,0.00017505864464596014,0.00015004782774509693,0.00022506780167525948,0.0001250364168564121,0.00012503360278075,0.00012503172680067835,8.75203484810237e-05,7.501500300060172e-05,5.000900162029272e-05,0.00011251814355064995,6.250898566669092e-05,6.250781347668592e-05,8.750995425729863e-05,8.750831328976439e-05,5.000425036128177e-05,6.250492226262952e-05,7.500543789424893e-05,6.250414089933591e-05,6.250375022501484e-05,3.75019688533656e-05,0.00011250506272782515,5.00018750703162e-05,6.250218757656651e-05,6.250187505625302e-05,1.2500359385332595e-05,8.750218755469074e-05,5.000106252257967e-05,7.500159378386951e-05,3.7500796891934754e-05,0.00010000175003062767,3.750060938490331e-05,8.750120314154506e-05,3.750051563209074e-05,6.250078125976707e-05,3.750046875586025e-05,2.500031250390683e-05,7.50008437594939e-05,7.50008437594939e-05,5.0000562506329265e-05,5.0000500005001116e-05,5.000043750382922e-05,8.750065625492377e-05,7.500046875293131e-05,3.7500234376465654e-05,2.50001562509771e-05,3.7500234376465654e-05,8.750043750218938e-05,0.00011250056250281491,0.00011250056250281491,0.00012500062500312768,0.00011250056250281491,8.750043750218938e-05,0.00010000050000250215,0.00010000050000250215,8.750043750218938e-05,8.750043750218938e-05,0.00010000050000250215,0.00010000050000250215,0.00010000050000250215,0.00010000050000250215,0.00010000050000250215
18.25,0.008733296631800086,0.00738190207844324,0.007144072546742902,0.00596791588366434,0.004716632949622039,0.004153530500925728,0.004115926508818533,0.0033276579668009352,0.0028897142435390707,0.0023017003811565467,0.0019513708380136771,0.00156354366539663,0.0015634967291648205,0.0008380111868239507,0.0007129090315568456,0.0007128894158433944,0.000562775760122452,0.000412684160306531,0.00048770544591908655,0.0004376685023734076,0.00032511866831392997,0.00028760245837579227,0.0001750586446459539,0.00018755978468136452,0.00016254896787657052,0.00013754005854204842,0.00013753696305882012,8.752220876047173e-05,0.00011252616233274077,0.0001500300060011981,8.751575283550915e-05,8.75141116505024e-05,0.00010001437706670191,0.00016252031503937762,6.250711018378251e-05,7.500712567693824e-05,1.250106259032e-05,5.0003937810101835e-05,6.250453157853856e-05,3.7502484539600216e-05,2.5001500090005044e-05,2.5001312568909513e-05,0.0001000045002025077,3.750140630273582e-05,5.0001750061251435e-05,6.25018750562508e-05,3.750107815599645e-05,3.7500937523437555e-05,6.250132815322237e-05,7.500159378386684e-05,7.500159378386684e-05,6.250109376914007e-05,0.00010000162502640526,6.250085938681569e-05,6.250085938681569e-05,3.7500468755858914e-05,2.5000312503905943e-05,7.500093751171783e-05,7.500084375949122e-05,3.750042187974561e-05,3.750042187974561e-05,6.250062500624918e-05,7.500065625574118e-05,3.750028125210886e-05,3.750023437646432e-05,8.750054687841675e-05,0.00011250070312939296,0.00012500078125488108,8.750043750218627e-05,0.0001000005000024986,8.750043750218627e-05,8.750043750218627e-05,7.500037500187395e-05,5.00002500012493e-05,3.7500187500936974e-05,2.500012500062465e-05,2.500012500062465e-05,2.500012500062465e-05,1.2500062500312325e-05,2.500012500062465e-05,2.500012500062465e-05,2.500012500062465e-05,2.500012500062465e-05
18.35,0.00781992893248575,0.007319343586253043,0.0061181286783840265,0.005354859535027962,0.005029407017899363,0.00437872191362652,0.003703082816444638,0.003277617997375357,0.0026645417050814805,0.002389265069570111,0.001888826900897854,0.0014634768708112458,0.0012883213048318122,0.0009881027426730164,0.0009755597273935783,0.0005628074335605745,0.0004377144800952405,0.0005002232246139769,0.0004752001780750073,0.000362639616252252,0.00025009128331840766,0.00023758463952782842,0.00021257121135580118,0.00021256775597221312,0.00016254896787657052,0.00015004370022768919,0.0001625436836149692,0.00015003807216080868,7.501744155516051e-05,0.00010002000400079874,0.00015002700486087283,5.000806380028709e-05,1.2501797133337739e-05,5.000625078134696e-05,7.500853222053903e-05,2.5002375225646082e-05,6.25053129516e-05,3.7502953357576376e-05,3.7502718947123136e-05,2.5001656359733478e-05,1.2500750045002522e-05,0.00010000525027563805,6.25028126265673e-05,6.250234383789303e-05,6.250218757656429e-05,1.250037501125016e-05,6.250179692666075e-05,5.000125003125007e-05,7.500159378386684e-05,2.5000531261288946e-05,8.750185941451132e-05,6.250109376914007e-05,7.500121876980394e-05,7.500103126417882e-05,3.750051563208941e-05,2.5000312503905943e-05,7.500093751171783e-05,7.500093751171783e-05,3.750042187974561e-05,2.500028125316374e-05,8.75009843860731e-05,5.000050000499934e-05,3.750032812787059e-05,7.500056250421772e-05,0.00010000062500390485,8.750054687841675e-05,0.00010000062500390485,8.750054687841675e-05,5.00002500012493e-05,2.500012500062465e-05,2.500012500062465e-05,2.500012500062465e-05,2.500012500062465e-05,3.7500187500936974e-05,5.00002500012493e-05,6.250031250156162e-05,7.500037500187395e-05,7.500037500187395e-05,7.500037500187395e-05,6.250031250156162e-05,6.250031250156162e-05,6.250031250156162e-05,6.250031250156162e-05
18.450000000000003,0.008032630999449647,0.006593665076846993,0.0062057092525124435,0.00559257526205043,0.004904297390588608,0.004353700645548809,0.0037906557208877197,0.0031400080814551292,0.002476897923033577,0.0024267927931760106,0.0017011950895504456,0.0016385937613357265,0.0012257814356652628,0.001100671409559855,0.0008129664394946774,0.0005753142654174966,0.0006628247841442448,0.00048771764399864476,0.0005377265172954222,0.00036263961625226487,0.00030010953998209984,0.00020007127539186262,0.00032510891148535454,0.00020006377032679592,0.0001625489678765763,0.00018755462528461815,0.0002000537644492,0.00018754759020101752,8.75203484810237e-05,0.00010002000400080229,0.00010001800324058544,3.7506047850216644e-05,5.000718853335274e-05,0.00011251406425803466,0.00010001137629405558,5.000475045129394e-05,5.000425036128177e-05,6.250492226262952e-05,6.250453157854077e-05,6.250414089933591e-05,2.5001500090005932e-05,0.0001000052502756416,3.750168757594172e-05,5.00018750703162e-05,7.500262509187981e-05,3.750112503375181e-05,3.7501078155997786e-05,5.0001250031251845e-05,5.000106252257967e-05,0.00010000212504515934,1.2500265630644917e-05,0.00010000175003062767,6.250101564150551e-05,2.5000343754727162e-05,3.750051563209074e-05,7.50009375117205e-05,7.50009375117205e-05,3.750046875586025e-05,3.750042187974695e-05,8.75009843860762e-05,3.750042187974695e-05,3.7500375003750834e-05,0.00011250098438361576,0.00010000075000562717,0.0001000006250039084,6.250039062744275e-05,2.50001562509771e-05,2.50001562509771e-05,3.75001875009383e-05,6.250031250156384e-05,6.250031250156384e-05,7.50003750018766e-05,7.50003750018766e-05,6.250031250156384e-05,5.0000250001251074e-05,3.75001875009383e-05,3.75001875009383e-05,3.75001875009383e-05,5.0000250001251074e-05,5.0000250001251074e-05,5.0000250001251074e-05,5.0000250001251074e-05,5.0000250001251074e-05
18.55,0.007432060457434457,0.0068063639502934275,0.005630179765384074,0.005317325472866551,0.004766676800546411,0.004403743181704386,0.003090072485344005,0.002764708310763183,0.0023893308247444267,0.0022266449339449204,0.0018137741763588663,0.001526018617427111,0.0011507335926653078,0.0009755951130189278,0.0005753300956423666,0.0006253415928450828,0.0005002451201088462,0.0003501562572297838,0.0005377265172954031,0.00031262035883814827,0.0002876049758161688,0.0002000712753918555,0.00015005026683938906,0.00022507174161763742,0.0001750527346363067,0.00016254734191332995,0.00015004032333689466,7.501903608040434e-05,6.251453462930043e-05,2.5005001000199684e-05,0.00011252025364565462,8.75141116505024e-05,0.0001625233627333906,5.000625078134696e-05,3.7504266110269513e-05,1.2501187612823041e-05,6.25053129516e-05,5.0003937810101835e-05,2.5001812631415423e-05,1.2500828179866739e-05,6.250375022501261e-05,0.00010000525027563805,7.500337515188077e-05,6.250234383789303e-05,1.2500437515312859e-05,6.25018750562508e-05,6.250179692666075e-05,0.00010000250006250014,5.000106252257789e-05,6.250132815322237e-05,0.00010000212504515578,3.750065626148404e-05,5.000081251320263e-05,5.000068750945254e-05,7.500103126417882e-05,7.500093751171783e-05,3.7500468755858914e-05,5.0000625007811885e-05,8.75009843860731e-05,5.000056250632748e-05,3.750042187974561e-05,0.00011250112501124852,8.750076563169803e-05,6.250046875351477e-05,2.5000156250976213e-05,2.5000156250976213e-05,6.250039062744054e-05,7.500046875292864e-05,6.250031250156162e-05,5.00002500012493e-05,6.250031250156162e-05,7.500037500187395e-05,8.750043750218627e-05,0.0001000005000024986,0.00011250056250281092,0.00011250056250281092,0.0001000005000024986,0.0001000005000024986,8.750043750218627e-05,8.750043750218627e-05,8.750043750218627e-05,8.750043750218627e-05,8.750043750218627e-05
18.65,0.007069215754967369,0.006718782061227391,0.005817852424230416,0.004654223708015123,0.004466413695000339,0.003978381624380809,0.0032401974643891727,0.002827258272545256,0.002239215799106113,0.0020014785923101117,0.00158861600274196,0.0013509017269027362,0.0010256538543321587,0.0009755951130189624,0.0007379233835413226,0.0006628620884158112,0.0004627267361006992,0.00036266183784514614,0.0005502317851395018,0.0002876107301311066,0.00032511866831394157,0.00017506236596787978,0.00020006702245252585,0.00016255181339052172,5.0015067038946546e-05,0.0001375400585420533,5.00134411123e-05,0.0001125285541206105,0.00013753197618446582,0.00010002000400080229,8.751575283551225e-05,5.0008063800288863e-05,7.50107828000291e-05,6.250781347668592e-05,6.250711018378473e-05,6.250593806411742e-05,3.750318777096133e-05,7.500590671515542e-05,5.000362526283262e-05,3.7502484539601545e-05,0.00012500750045002967,2.50013125689104e-05,3.750168757594172e-05,7.500281260547431e-05,1.2500437515313303e-05,3.750112503375181e-05,5.000143754133038e-05,3.7500937523438884e-05,7.500159378386951e-05,6.25013281532246e-05,7.500159378386951e-05,6.250109376914229e-05,3.750060938490331e-05,5.0000687509454324e-05,7.500103126418148e-05,3.750046875586025e-05,5.000062500781366e-05,7.50009375117205e-05,3.750042187974695e-05,8.75009843860762e-05,0.00011250126563924084,8.750087500875195e-05,2.500021875191461e-05,2.5000187501406794e-05,6.250039062744275e-05,7.500046875293131e-05,5.00003125019542e-05,7.500046875293131e-05,0.00011250056250281491,8.750043750218938e-05,7.50003750018766e-05,6.250031250156384e-05,5.0000250001251074e-05,3.75001875009383e-05,2.5000125000625537e-05,2.5000125000625537e-05,3.75001875009383e-05,3.75001875009383e-05,3.75001875009383e-05,3.75001875009383e-05,5.0000250001251074e-05,5.0000250001251074e-05,5.0000250001251074e-05
18.75,0.00608077673790092,0.006093197139325182,0.00524232293710206,0.00500454162152146,0.003965975185756463,0.004003402892458533,0.003177645389786953,0.0026771383642684213,0.002326782897395096,0.001988969351108103,0.0015135632782029159,0.0013008683296099961,0.0009881299328321665,0.0008505188164780396,0.0008755023194557754,0.0007003825839864927,0.00033766545607347127,0.0004877176439986275,0.0005127159816072448,0.00027510591577757046,0.0002876049758161688,0.00022508018481583745,0.00018756283354923634,0.00023757572726306172,0.0001750527346363067,0.00013754005854204842,0.00015004032333689466,8.752220876047173e-05,0.00010002325540688068,0.0001500300060011981,2.500450081014547e-05,3.7506047850215316e-05,0.00011251617420003965,0.00010001250156269392,5.0005688147026016e-05,5.0004750451292164e-05,5.000425036128e-05,2.5001968905050918e-05,3.7502718947123136e-05,2.5001656359733478e-05,8.750525031501765e-05,5.0002625137819026e-05,5.000225010125385e-05,2.5000937535157213e-05,8.750306260719001e-05,5.000150004500064e-05,0.00010000287508265721,6.250156253906259e-05,6.250132815322237e-05,0.00010000212504515578,7.500159378386684e-05,3.750065626148404e-05,1.2500203128300657e-05,7.500103126417882e-05,3.750051563208941e-05,3.7500468755858914e-05,7.500093751171783e-05,3.7500468755858914e-05,0.00010000112501265497,8.75009843860731e-05,8.75009843860731e-05,2.500025000249967e-05,7.500065625574118e-05,7.500056250421772e-05,5.0000312501952425e-05,8.750054687841675e-05,8.750054687841675e-05,5.0000312501952425e-05,2.500012500062465e-05,3.7500187500936974e-05,5.00002500012493e-05,5.00002500012493e-05,0.0001000005000024986,0.0001000005000024986,0.00011250056250281092,0.00011250056250281092,0.0001000005000024986,0.0001000005000024986,0.0001000005000024986,0.0001000005000024986,8.750043750218627e-05,8.750043750218627e-05,8.750043750218627e-05
18.85,0.007181822731594913,0.005505147312737331,0.005329903511230256,0.004654223708014957,0.00450394658319346,0.0033153180203172226,0.003115093315184847,0.002764708310763183,0.0021766678717567026,0.0018263492154829122,0.0016011247901650681,0.0013509017269026885,0.0009631139851655294,0.0008004882978616842,0.0005628229196501413,0.00038771178756395134,0.0005002451201088462,0.0004502009021525792,0.00030012642825789936,0.00028761073013109636,0.00025009128331840766,0.00017506236596787357,0.00018756283354923634,0.00011253587080881871,0.00020006026815577908,0.00020005826697025225,0.00018755040417111832,6.251586340033695e-05,0.00010002325540688068,0.00011252250450089858,6.251125202536367e-05,8.75141116505024e-05,3.750539140001322e-05,5.000625078134696e-05,0.0,6.250593806411521e-05,5.000425036128e-05,2.5001968905050918e-05,1.2500906315707711e-05,7.500496907920043e-05,6.250375022501261e-05,6.250328142227378e-05,7.500337515188077e-05,0.0,3.750131254593858e-05,6.25018750562508e-05,2.5000718770664303e-05,8.750218755468762e-05,7.500159378386684e-05,3.750079689193342e-05,3.750079689193342e-05,3.750065626148404e-05,7.500121876980394e-05,3.750051563208941e-05,2.500034375472627e-05,8.75010937636708e-05,3.7500468755858914e-05,0.00010000125001562377,8.75009843860731e-05,5.000056250632748e-05,2.500028125316374e-05,6.250062500624918e-05,3.750032812787059e-05,8.750065625492067e-05,8.750054687841675e-05,5.0000312501952425e-05,3.750023437646432e-05,6.250039062744054e-05,0.0001000005000024986,0.0001000005000024986,0.0001000005000024986,0.00011250056250281092,6.250031250156162e-05,6.250031250156162e-05,5.00002500012493e-05,6.250031250156162e-05,6.250031250156162e-05,8.750043750218627e-05,8.750043750218627e-05,0.0001000005000024986,0.0001000005000024986,0.0001000005000024986,0.0001000005000024986
18.950000000000003,0.006080776737901136,0.005742869583060284,0.00512971934179456,0.0045541328755846905,0.004166150589454098,0.0039158284541861415,0.003027520410742007,0.0023018385935766683,0.0023518020683349116,0.0018138399742810387,0.0014385105536639797,0.0013008683296100425,0.0010006379066655206,0.0009130569647485161,0.00048777986369680644,0.0005628074335605945,0.0004502206080979776,0.0005127288052293445,0.000362652767478308,0.0002751059157775802,0.0001750638983228916,0.00031261136779978533,0.00020006702245252585,0.00015004782774509693,0.0001625489678765763,0.00020005826697025935,8.752352194652499e-05,7.501903608040701e-05,2.5005813851721057e-05,8.751750350070201e-05,8.751575283551225e-05,0.00013752217545079438,7.50107828000291e-05,8.751093886736029e-05,6.250711018378473e-05,2.500237522564697e-05,7.500637554192267e-05,6.250492226262952e-05,2.500181263141631e-05,0.00011250745361880464,3.75022501350089e-05,5.00026251378208e-05,5.0002250101255623e-05,8.750328137305335e-05,5.000175006125321e-05,0.00010000300009000484,7.500215631199557e-05,2.5000625015625922e-05,0.00010000212504515934,6.25013281532246e-05,3.7500796891934754e-05,7.500131252297075e-05,8.75014218981077e-05,5.0000687509454324e-05,8.750120314154506e-05,3.750046875586025e-05,0.00010000125001562732,0.00010000125001562732,3.750042187974695e-05,3.750042187974695e-05,7.50008437594939e-05,5.0000500005001116e-05,0.00010000087500765844,5.000037500281359e-05,5.00003125019542e-05,0.0001000006250039084,0.0001000006250039084,0.00011250070312939696,6.250031250156384e-05,8.750043750218938e-05,0.00010000050000250215,6.250031250156384e-05,7.50003750018766e-05,7.50003750018766e-05,7.50003750018766e-05,6.250031250156384e-05,6.250031250156384e-05,3.75001875009383e-05,3.75001875009383e-05,2.5000125000625537e-05,2.5000125000625537e-05,2.5000125000625537e-05,2.5000125000625537e-05
19.05,0.006118312396776852,0.005054726168967913,0.004554189854666228,0.004541621521530725,0.003928442297563184,0.0028899564629935037,0.0027397808675722153,0.0022893286012201923,0.0023643116538046944,0.0016512198386557837,0.0016011247901650681,0.0011257514390855738,0.0009506060113322108,0.0007129348902830626,0.0005753300956423666,0.0005002732742760662,0.00035017158407619234,0.00065029019199817,0.00041267383885461165,0.000362639616252252,0.0002125775908206465,0.00015005345654389162,0.00020006702245251875,0.00015004782774509162,0.00012503766759736193,6.251820842820383e-05,0.00012503360278074555,0.00013753489948074127,0.00010002325540688068,8.75175035006989e-05,1.2502250405072735e-05,6.251007975035886e-05,7.501078280002643e-05,3.750468808601022e-05,6.250711018378251e-05,6.250593806411521e-05,2.500212518064e-05,2.5001968905050918e-05,5.0003625262830846e-05,0.00011250745361880064,6.250375022501261e-05,6.250328142227378e-05,0.0,3.750140630273582e-05,5.0001750061251435e-05,2.500075002250032e-05,8.750251569732506e-05,0.00010000250006250014,5.000106252257789e-05,3.750079689193342e-05,1.2500265630644473e-05,7.500131252296808e-05,5.000081251320263e-05,8.750120314154195e-05,5.000068750945254e-05,8.75010937636708e-05,8.75010937636708e-05,2.5000312503905943e-05,3.750042187974561e-05,6.250070313290936e-05,7.500084375949122e-05,8.750087500874885e-05,2.5000218751913723e-05,0.00010000075000562362,8.750054687841675e-05,6.250039062744054e-05,8.750054687841675e-05,6.250039062744054e-05,7.500037500187395e-05,3.7500187500936974e-05,2.500012500062465e-05,3.7500187500936974e-05,2.500012500062465e-05,5.00002500012493e-05,6.250031250156162e-05,6.250031250156162e-05,7.500037500187395e-05,7.500037500187395e-05,7.500037500187395e-05,7.500037500187395e-05,7.500037500187395e-05,7.500037500187395e-05,7.500037500187395e-05
19.150000000000002,0.005280016015214379,0.0055677058049275275,0.004892000640589273,0.003966099235055757,0.004066062887605206,0.003065105339538564,0.0027648016974130573,0.002326858578289376,0.0018138898931305855,0.0015136181854344681,0.0012133523800469657,0.001238326582994131,0.0009881299328321665,0.0006378891123585297,0.000625358799611268,0.0006378484247019844,0.0003876899680843559,0.00031263951538373555,0.00026261062472566197,0.0002626011014240445,0.00016255933415696498,0.00018756682067986455,0.00015005026683938906,8.752789951797011e-05,0.00013754143435709812,0.00011253277517076689,0.00010002688222459644,0.0001125285541206065,0.00015003488311032102,1.2502500500099842e-05,6.251125202536367e-05,0.00010001612760057418,7.501078280002643e-05,1.250156269533674e-05,5.0005688147026016e-05,5.0004750451292164e-05,2.500212518064e-05,1.2500984452525459e-05,8.750634420995398e-05,2.5001656359733478e-05,5.000300018001009e-05,6.250328142227378e-05,6.25028126265673e-05,2.5000937535157213e-05,8.750306260719001e-05,6.25018750562508e-05,1.2500359385332151e-05,7.500187504687511e-05,5.000106252257789e-05,3.750079689193342e-05,7.500159378386684e-05,2.5000437507656027e-05,3.750060938490197e-05,2.500034375472627e-05,7.500103126417882e-05,8.75010937636708e-05,3.7500468755858914e-05,5.0000625007811885e-05,6.250070313290936e-05,8.75009843860731e-05,5.000056250632748e-05,5.000050000499934e-05,0.00011250098438361176,6.250046875351477e-05,0.00010000062500390485,7.500046875292864e-05,3.750023437646432e-05,3.750023437646432e-05,5.00002500012493e-05,7.500037500187395e-05,6.250031250156162e-05,6.250031250156162e-05,6.250031250156162e-05,3.7500187500936974e-05,2.500012500062465e-05,2.500012500062465e-05,1.2500062500312325e-05,1.2500062500312325e-05,3.7500187500936974e-05,3.7500187500936974e-05,3.7500187500936974e-05,5.00002500012493e-05,5.00002500012493e-05
19.25,0.005780491466893672,0.0049421208830257345,0.004679304960563818,0.004328928502616216,0.0034905586019750552,0.003190211679928007,0.0026522079631293616,0.0021266987005871393,0.002114119944407447,0.001701256803463595,0.001338440254278659,0.0009006011512684909,0.0009005741159989685,0.0006754120013208201,0.0006628803275879676,0.0002876571327087483,0.0004627267361006992,0.0006502901919981932,0.00031263169610198964,0.0002876107301311066,0.00015005476999104992,0.00018756682067987121,0.0002500837780656573,0.00016255181339052172,0.00015004520111683964,0.00015004370022769453,7.502016166845e-05,8.752220876047484e-05,0.00010002325540688423,6.251250250050143e-05,0.0001250225040507318,6.251007975036108e-05,7.50107828000291e-05,5.000625078134873e-05,2.5002844073513896e-05,6.250593806411742e-05,6.250531295160221e-05,2.5001968905051805e-05,0.00010000725052566524,3.7502484539601545e-05,5.0003000180011864e-05,2.50013125689104e-05,5.0002250101255623e-05,7.500281260547431e-05,3.7501312545939906e-05,8.750262507875422e-05,0.00010000287508266076,6.250156253906481e-05,3.7500796891934754e-05,6.25013281532246e-05,8.750185941451442e-05,3.750065626148538e-05,7.500121876980661e-05,3.750051563209074e-05,7.500103126418148e-05,5.000062500781366e-05,3.750046875586025e-05,5.000062500781366e-05,0.00010000112501265853,5.0000562506329265e-05,6.250070313291158e-05,8.750087500875195e-05,6.250054687978653e-05,7.500056250422037e-05,2.50001562509771e-05,2.50001562509771e-05,7.500046875293131e-05,6.250039062744275e-05,3.75001875009383e-05,1.2500062500312768e-05,5.0000250001251074e-05,5.0000250001251074e-05,5.0000250001251074e-05,6.250031250156384e-05,6.250031250156384e-05,6.250031250156384e-05,7.50003750018766e-05,7.50003750018766e-05,5.0000250001251074e-05,5.0000250001251074e-05,5.0000250001251074e-05,3.75001875009383e-05,3.75001875009383e-05
19.35,0.0048796356538711085,0.004804492200207126,0.004441586259358547,0.004066190067486186,0.003628179192016953,0.0029274883651103025,0.002627187133288425,0.0022768186088637974,0.0017388323803113888,0.0015011089442325304,0.0014760369159334222,0.0008755844526221129,0.0007004465346658396,0.0007879806682075955,0.000625358799611268,0.00037520495570704965,0.000400196096087077,0.0004001785796911815,0.0002501053568815828,0.0002500962870705186,0.00025009128331840766,0.00017506236596787357,0.00012504188903282422,0.00017505579903594022,0.0001875565013960429,0.00015004370022768919,5.001344111229822e-05,2.5006345360134778e-05,0.00010002325540688068,0.00010002000400079874,8.751575283550915e-05,5.000806380028709e-05,2.5003594266675478e-05,5.000625078134696e-05,7.500853222053903e-05,3.750356283846912e-05,2.500212518064e-05,6.25049222626273e-05,8.750634420995398e-05,6.250414089933369e-05,7.500450027001514e-05,0.0,2.5001125050626924e-05,6.250234383789303e-05,5.0001750061251435e-05,2.500075002250032e-05,7.50021563119929e-05,3.7500937523437555e-05,2.5000531261288946e-05,6.250132815322237e-05,5.000106252257789e-05,8.75015312767961e-05,2.5000406256601315e-05,0.00011250154689626822,7.500103126417882e-05,3.7500468755858914e-05,6.250078125976486e-05,0.00010000125001562377,3.750042187974561e-05,0.00010000112501265497,0.00010000112501265497,0.00010000100000999868,6.250054687978431e-05,2.5000187501405906e-05,7.500046875292864e-05,6.250039062744054e-05,1.2500078125488106e-05,5.0000312501952425e-05,6.250031250156162e-05,7.500037500187395e-05,3.7500187500936974e-05,2.500012500062465e-05,2.500012500062465e-05,1.2500062500312325e-05,1.2500062500312325e-05,1.2500062500312325e-05,0.0,0.0,0.0,0.0,0.0,0.0,0.0
19.450000000000003,0.005655372603973896,0.004641840120512778,0.004429074748768962,0.004066190067486331,0.0031402516455044404,0.0028148926587600056,0.002289405930437138,0.0022768186088638785,0.0018389090640703832,0.001338488808607387,0.0012133523800470088,0.0008130427060062765,0.0008755581683323305,0.0005128128158176597,0.00046276551171235485,0.000500273274276084,0.0004877389921061424,0.0003001339347683968,0.00023760008903751212,0.00018757221530289563,0.00025009128331841655,0.00020007127539186262,0.00012504188903282866,0.00015004782774509693,0.00015004520111683964,0.00010002913348512968,0.0001000268822246,0.00010002538144054266,7.501744155516318e-05,1.2502500500100286e-05,0.00011252025364565862,8.751411165050551e-05,5.000718853335274e-05,6.250781347668592e-05,5.000568814702779e-05,2.500237522564697e-05,1.2501062590320443e-05,0.00010000787562020722,2.500181263141631e-05,5.000331271946873e-05,5.0003000180011864e-05,8.75045939911864e-05,6.250281262656953e-05,7.500281260547431e-05,7.500262509187981e-05,0.00010000300009000484,6.250179692666297e-05,3.7500937523438884e-05,7.500159378386951e-05,3.7500796891934754e-05,3.7500796891934754e-05,3.750065626148538e-05,0.00011250182815470991,8.750120314154506e-05,2.5000343754727162e-05,6.250078125976707e-05,0.00010000125001562732,3.750046875586025e-05,0.00010000112501265853,6.250070313291158e-05,7.50008437594939e-05,2.5000250002500558e-05,6.250054687978653e-05,6.250046875351699e-05,3.7500234376465654e-05,5.00003125019542e-05,7.500046875293131e-05,2.50001562509771e-05,1.2500062500312768e-05,0.0,1.2500062500312768e-05,1.2500062500312768e-05,3.75001875009383e-05,3.75001875009383e-05,5.0000250001251074e-05,5.0000250001251074e-05,5.0000250001251074e-05,5.0000250001251074e-05,5.0000250001251074e-05,5.0000250001251074e-05,5.0000250001251074e-05,5.0000250001251074e-05,5.0000250001251074e-05
19.55,0.004904659426455063,0.004666863517388692,0.0038535452616406548,0.003891031110732935,0.002902543353613563,0.002752339488565241,0.002251874685675793,0.002351878563002165,0.0015636981837332635,0.0016011828738480326,0.0011257908680848137,0.0010757180417928815,0.0008755581683322995,0.000612873853050352,0.0005253013916734652,0.00040021861942085297,0.0005002451201088462,0.00038767299907583214,0.00031263169610197853,0.00020007702965641489,0.00020007302665472614,0.00018756682067986455,0.00013754607793610665,0.00015004782774509162,5.001506703894477e-05,0.00010002913348512612,0.00011253024250267099,0.00013753489948074127,2.500581385172017e-05,5.001000200039937e-05,5.000900162029094e-05,6.251007975035886e-05,1.2501797133337739e-05,2.500312539067348e-05,3.7504266110269513e-05,5.0004750451292164e-05,2.500212518064e-05,7.500590671515275e-05,5.0003625262830846e-05,6.250414089933369e-05,0.0,3.750196885336427e-05,5.000225010125385e-05,2.5000937535157213e-05,6.250218757656429e-05,7.500225006750097e-05,3.750107815599645e-05,2.5000625015625035e-05,7.500159378386684e-05,5.000106252257789e-05,6.250132815322237e-05,3.750065626148404e-05,8.75014218981046e-05,2.500034375472627e-05,7.500103126417882e-05,8.75010937636708e-05,3.7500468755858914e-05,0.00010000125001562377,6.250070313290936e-05,6.250070313290936e-05,2.500028125316374e-05,7.500075000749901e-05,2.5000218751913723e-05,5.000037500281181e-05,5.0000312501952425e-05,2.5000156250976213e-05,0.0,1.2500078125488106e-05,3.7500187500936974e-05,5.00002500012493e-05,3.7500187500936974e-05,5.00002500012493e-05,3.7500187500936974e-05,5.00002500012493e-05,5.00002500012493e-05,6.250031250156162e-05,6.250031250156162e-05,7.500037500187395e-05,7.500037500187395e-05,7.500037500187395e-05,7.500037500187395e-05,7.500037500187395e-05,7.500037500187395e-05
19.650000000000002,0.0044667434062358605,0.004379094453313787,0.004228890579332926,0.003553224551280236,0.003015142018193399,0.0025897012460591134,0.0022894059304370564,0.0018890088458155684,0.001751341965781255,0.0013384888086073396,0.0010632469309689906,0.0009631428978843241,0.0006253986916659282,0.0004502746675471974,0.0005002870396890144,0.0004252322831346563,0.0005502696321197308,0.0003626618378451333,0.00026261062472566197,0.000175067400949363,0.0001500547699910446,0.0001625579112558826,8.752932232297695e-05,0.00011253587080881871,0.00016254896787657052,7.502185011384459e-05,8.752352194652189e-05,0.00010002538144053911,6.251453462930043e-05,0.0001250250050009984,6.251125202536367e-05,8.75141116505024e-05,6.25089856666887e-05,5.000625078134696e-05,3.7504266110269513e-05,3.750356283846912e-05,6.25053129516e-05,8.750689116767821e-05,5.0003625262830846e-05,6.250414089933369e-05,5.000300018001009e-05,3.750196885336427e-05,0.0001000045002025077,0.00010000375014062885,7.500262509187716e-05,6.25018750562508e-05,3.750107815599645e-05,7.500187504687511e-05,3.750079689193342e-05,6.250132815322237e-05,3.750079689193342e-05,0.00011250196878445213,2.5000406256601315e-05,6.250085938681569e-05,7.500103126417882e-05,5.0000625007811885e-05,0.00010000125001562377,6.250078125976486e-05,7.500084375949122e-05,3.750042187974561e-05,6.250070313290936e-05,3.7500375003749506e-05,6.250054687978431e-05,2.5000187501405906e-05,0.0,2.5000156250976213e-05,5.0000312501952425e-05,5.0000312501952425e-05,5.00002500012493e-05,7.500037500187395e-05,7.500037500187395e-05,6.250031250156162e-05,5.00002500012493e-05,3.7500187500936974e-05,2.500012500062465e-05,1.2500062500312325e-05,1.2500062500312325e-05,0.0,0.0,1.2500062500312325e-05,1.2500062500312325e-05,1.2500062500312325e-05,1.2500062500312325e-05
19.75,0.004604374155447774,0.004591793326760619,0.0039411258357689915,0.0031778839296662397,0.003340427049201934,0.0027022969524096055,0.002051708046949129,0.0019015188381720305,0.00145111191450452,0.0013009610850015728,0.0011007732932385235,0.0009506345485611849,0.0006253986916659504,0.0006128738530503738,0.0005253013916734838,0.0003376844601363567,0.0003876899680843696,0.00025011161230699733,0.00031263169610198964,0.00016256258659584288,0.0001375502058251291,0.00023758463952783688,0.00016255445574267727,0.00015004782774509693,0.0001625489678765763,6.251820842820605e-05,8.752352194652499e-05,8.752220876047484e-05,8.75203484810237e-05,0.00010002000400080229,7.501350243043907e-05,3.7506047850216644e-05,5.000718853335274e-05,3.750468808601155e-05,5.000568814702779e-05,0.0,8.75074381322431e-05,2.5001968905051805e-05,5.000362526283262e-05,3.7502484539601545e-05,5.0003000180011864e-05,6.250328142227601e-05,2.5001125050627812e-05,6.250234383789525e-05,0.00010000350012250642,3.750112503375181e-05,2.500071877066519e-05,7.500187504687777e-05,2.5000531261289834e-05,5.000106252257967e-05,0.00010000212504515934,7.500131252297075e-05,3.750060938490331e-05,5.0000687509454324e-05,5.0000687509454324e-05,7.50009375117205e-05,6.250078125976707e-05,7.50009375117205e-05,2.5000281253164633e-05,6.250070313291158e-05,5.0000562506329265e-05,5.0000500005001116e-05,1.2500109375957305e-05,1.2500093750703397e-05,5.00003125019542e-05,5.00003125019542e-05,6.250039062744275e-05,6.250039062744275e-05,3.75001875009383e-05,0.0,1.2500062500312768e-05,1.2500062500312768e-05,3.75001875009383e-05,5.0000250001251074e-05,5.0000250001251074e-05,6.250031250156384e-05,6.250031250156384e-05,6.250031250156384e-05,7.50003750018766e-05,6.250031250156384e-05,6.250031250156384e-05,6.250031250156384e-05,6.250031250156384e-05
19.85,0.004691957359491451,0.003753509531411817,0.003978660367538079,0.0038159629864101133,0.0027399008381093545,0.0025771906120201807,0.0020141768021877927,0.0017889289069644126,0.0014761310854442006,0.0012259056377899,0.000988194206430003,0.0008630761032989398,0.000687938560832521,0.000612873853050352,0.0003251865757978594,0.0004252322831346563,0.0006128002721333366,0.0002876283541530367,0.0002751158925697411,0.00022508665836346674,0.0002125775908206465,0.00010003563769592775,0.0001750586446459539,0.00020006377032678882,0.00010003013407788954,7.502185011384459e-05,2.500672055614911e-05,0.00010002538144053911,1.2502906925860085e-05,0.00010002000400079874,7.501350243043642e-05,1.2502015950071772e-05,5.0007188533350956e-05,6.25078134766837e-05,1.2501422036756504e-05,3.750356283846912e-05,8.750743813224e-05,5.0003937810101835e-05,6.250453157853856e-05,0.0,3.750225013500757e-05,6.250328142227378e-05,5.000225010125385e-05,6.250234383789303e-05,2.5000875030625718e-05,3.750112503375048e-05,7.50021563119929e-05,3.7500937523437555e-05,8.750185941451132e-05,3.750079689193342e-05,8.750185941451132e-05,3.750065626148404e-05,6.250101564150329e-05,8.750120314154195e-05,3.750051563208941e-05,7.500093751171783e-05,7.500093751171783e-05,2.5000312503905943e-05,6.250070313290936e-05,5.000056250632748e-05,3.750042187974561e-05,0.0,3.750032812787059e-05,5.000037500281181e-05,6.250039062744054e-05,5.0000312501952425e-05,1.2500078125488106e-05,1.2500078125488106e-05,5.00002500012493e-05,6.250031250156162e-05,7.500037500187395e-05,8.750043750218627e-05,6.250031250156162e-05,5.00002500012493e-05,6.250031250156162e-05,5.00002500012493e-05,6.250031250156162e-05,6.250031250156162e-05,5.00002500012493e-05,5.00002500012493e-05,5.00002500012493e-05,5.00002500012493e-05,5.00002500012493e-05
19.950000000000003,0.004266553225564377,0.0038536031189162685,0.0038160107298715632,0.0027399865377830965,0.002602280248067425,0.0021893609568133378,0.0023769788348800883,0.0017263789451825013,0.0014135831580949203,0.0013509980498093252,0.0008005623950825626,0.0006629425141281947,0.0007004465346658644,0.0006503967420126417,0.0003502009277823226,0.00046275277870537766,0.0003876899680843696,0.0002251004510762976,0.00021258955334935297,0.00016256258659584288,0.00018756846248881243,0.00012504454711991414,0.0001500502668393944,0.0001375438420996722,0.00010003013407789309,0.0001250364168564121,0.000137536963058825,2.5006345360135666e-05,6.251453462930264e-05,5.0010002000401144e-05,5.000900162029272e-05,5.0008063800288863e-05,3.750539140001455e-05,6.250781347668592e-05,6.250711018378473e-05,2.500237522564697e-05,8.75074381322431e-05,5.000393781010361e-05,7.500543789424893e-05,6.250414089933591e-05,5.0003000180011864e-05,7.50039377067312e-05,8.750393767719734e-05,6.250234383789525e-05,6.250218757656651e-05,2.500075002250121e-05,7.500215631199557e-05,2.5000625015625922e-05,2.5000531261289834e-05,0.00010000212504515934,3.7500796891934754e-05,5.0000875015313837e-05,8.75014218981077e-05,3.750051563209074e-05,8.750120314154506e-05,7.50009375117205e-05,2.500031250390683e-05,6.250078125976707e-05,5.0000562506329265e-05,2.5000281253164633e-05,0.0,5.0000500005001116e-05,5.000043750382922e-05,6.250046875351699e-05,1.250007812548855e-05,1.250007812548855e-05,6.250039062744275e-05,7.500046875293131e-05,5.0000250001251074e-05,6.250031250156384e-05,6.250031250156384e-05,5.0000250001251074e-05,5.0000250001251074e-05,5.0000250001251074e-05,3.75001875009383e-05,5.0000250001251074e-05,3.75001875009383e-05,3.75001875009383e-05,3.75001875009383e-05,3.75001875009383e-05,3.75001875009383e-05,3.75001875009383e-05,3.75001875009383e-05
20.05,0.004416695861067952,0.004178907278305157,0.0035908035392560643,0.002940168202643858,0.002614791210798425,0.002214382224891126,0.002201833025994109,0.0017138689528260454,0.00141358315809487,0.0012259056377899,0.0008756151196215217,0.0008130427060062476,0.0005378428748326982,0.0004252594082390198,0.00046276551171233843,0.00045024594684845955,0.0003126532000680289,0.00023760603169163902,0.0001875790176611871,0.0003001155444846223,0.0002125775908206465,0.00018756682067986455,0.00012504188903282422,5.0015942581697205e-05,0.00010003013407788954,0.00011253277517076689,0.00012503360278074555,3.750951804020217e-05,0.00011252616233274077,6.25125025004992e-05,7.501350243043642e-05,3.7506047850215316e-05,6.25089856666887e-05,2.500312539067348e-05,1.2501422036756504e-05,8.750831328976128e-05,2.500212518064e-05,5.0003937810101835e-05,2.5001812631415423e-05,5.0003312719466955e-05,5.000300018001009e-05,2.5001312568909513e-05,3.750168757594038e-05,6.250234383789303e-05,3.750131254593858e-05,7.500225006750097e-05,3.750107815599645e-05,8.750218755468762e-05,3.750079689193342e-05,0.00010000212504515578,3.750079689193342e-05,5.0000875015312054e-05,5.000081251320263e-05,0.00010000137501890508,0.00010000137501890508,2.5000312503905943e-05,6.250078125976486e-05,5.0000625007811885e-05,2.500028125316374e-05,1.250014062658187e-05,5.000056250632748e-05,6.250062500624918e-05,3.750032812787059e-05,1.2500093750702953e-05,6.250039062744054e-05,8.750054687841675e-05,5.0000312501952425e-05,6.250039062744054e-05,5.00002500012493e-05,3.7500187500936974e-05,1.2500062500312325e-05,1.2500062500312325e-05,1.2500062500312325e-05,1.2500062500312325e-05,1.2500062500312325e-05,0.0,0.0,0.0,0.0,0.0,0.0,0.0,0.0
20.150000000000002,0.0037160302287172287,0.004216442373619274,0.0031654121792048235,0.0030152363269666796,0.0026648350617227965,0.002251914127007925,0.0019516247275856876,0.0015387290598365226,0.0014511119145044686,0.0011133224669724602,0.0009756854190068386,0.0008630761032989398,0.0005628588224993354,0.0005253204454717303,0.000412736807743437,0.0004627527787053613,0.00033766545607347127,0.00033765067661443445,0.00020008428550526624,0.0001250481435352593,0.0002125775908206465,3.7513364135972905e-05,0.00013754607793610665,0.00016255181339051592,7.502260055841715e-05,7.502185011384459e-05,0.00010002688222459644,8.752220876047173e-05,8.75203484810206e-05,6.25125025004992e-05,3.750675121521821e-05,5.000806380028709e-05,5.0007188533350956e-05,3.750468808601022e-05,3.7504266110269513e-05,0.00010000950090258433,5.000425036128e-05,6.25049222626273e-05,0.0,2.5001656359733478e-05,7.500450027001514e-05,8.750459399118329e-05,7.500337515188077e-05,6.250234383789303e-05,3.750131254593858e-05,7.500225006750097e-05,2.5000718770664303e-05,3.7500937523437555e-05,0.00011250239067580026,1.2500265630644473e-05,6.250132815322237e-05,8.75015312767961e-05,7.500121876980394e-05,5.000068750945254e-05,2.500034375472627e-05,6.250078125976486e-05,3.7500468755858914e-05,2.5000312503905943e-05,1.250014062658187e-05,3.750042187974561e-05,7.500084375949122e-05,1.2500125001249835e-05,5.0000437503827446e-05,7.500056250421772e-05,5.0000312501952425e-05,5.0000312501952425e-05,5.0000312501952425e-05,1.2500078125488106e-05,1.2500062500312325e-05,0.0,1.2500062500312325e-05,2.500012500062465e-05,2.500012500062465e-05,5.00002500012493e-05,7.500037500187395e-05,7.500037500187395e-05,7.500037500187395e-05,8.750043750218627e-05,8.750043750218627e-05,8.750043750218627e-05,8.750043750218627e-05,8.750043750218627e-05,8.750043750218627e-05
20.25,0.0038536609779291145,0.003540810657965273,0.0037159186451536205,0.00290263414048255,0.002477170620756491,0.0019766801781514708,0.0018390309933019632,0.001426139128629023,0.0012634681324565217,0.0010883039845686231,0.000975685419006873,0.0006004007675123273,0.0005003189533327603,0.0004877975565094812,0.00038772245575899994,0.0005377937698467902,0.0003376654560734832,0.0002626171929223472,0.00016256848197303462,0.00018757221530289563,0.00012504564165920828,0.00017506236596787978,0.00011253770012954579,0.00016255181339052172,6.251883379868319e-05,5.001456674256484e-05,7.502016166845e-05,5.001269072027133e-05,6.251453462930264e-05,7.501500300060172e-05,1.250225040507318e-05,5.0008063800288863e-05,3.750539140001455e-05,5.000625078134873e-05,1.2501422036756948e-05,0.00010000950090258788,5.000425036128177e-05,7.500590671515542e-05,6.250453157854077e-05,6.250414089933591e-05,5.0003000180011864e-05,6.250328142227601e-05,0.00010000450020251125,3.7501406302737154e-05,5.000175006125321e-05,2.500075002250121e-05,8.750251569732816e-05,3.7500937523438884e-05,8.750185941451442e-05,7.500159378386951e-05,8.750185941451442e-05,3.750065626148538e-05,7.500121876980661e-05,7.500103126418148e-05,7.500103126418148e-05,5.000062500781366e-05,3.750046875586025e-05,1.2500156251953415e-05,3.750042187974695e-05,7.50008437594939e-05,1.2500140626582316e-05,6.25006250062514e-05,5.000043750382922e-05,6.250046875351699e-05,5.00003125019542e-05,1.250007812548855e-05,0.0,2.50001562509771e-05,3.75001875009383e-05,7.50003750018766e-05,0.00010000050000250215,8.750043750218938e-05,0.00010000050000250215,7.50003750018766e-05,5.0000250001251074e-05,6.250031250156384e-05,6.250031250156384e-05,5.0000250001251074e-05,5.0000250001251074e-05,5.0000250001251074e-05,5.0000250001251074e-05,5.0000250001251074e-05,5.0000250001251074e-05
20.35,0.004091386817476545,0.0038410914204780925,0.0026524402450253857,0.002815054662105821,0.002427126769832031,0.0019641695441124677,0.0018265205783814767,0.0016262990063312841,0.001275977717926343,0.0009256838489433938,0.0009256502693141801,0.000600400767512306,0.0005628588224993354,0.0005003051861635527,0.0003251865757978594,0.000362698123850148,0.0002501225600544231,0.0002876283541530367,0.00016256848197302882,0.000175067400949363,0.00017506389832288536,0.0001625579112558826,0.00018756283354923634,0.00010003188516339441,6.251883379868096e-05,5.001456674256306e-05,8.752352194652189e-05,3.750951804020217e-05,0.00010002325540688068,5.001000200039937e-05,5.000900162029094e-05,3.7506047850215316e-05,3.750539140001322e-05,2.500312539067348e-05,7.500853222053903e-05,3.750356283846912e-05,5.000425036128e-05,2.5001968905050918e-05,5.0003625262830846e-05,5.0003312719466955e-05,3.750225013500757e-05,5.0002625137819026e-05,3.750168757594038e-05,3.750140630273582e-05,7.500262509187716e-05,3.750112503375048e-05,2.5000718770664303e-05,0.00011250281257031266,2.5000531261288946e-05,2.5000531261288946e-05,3.750079689193342e-05,0.00010000175003062411,7.500121876980394e-05,5.000068750945254e-05,1.2500171877363135e-05,3.7500468755858914e-05,1.2500156251952971e-05,3.7500468755858914e-05,7.500084375949122e-05,1.250014062658187e-05,6.250070313290936e-05,5.000050000499934e-05,5.0000437503827446e-05,1.2500093750702953e-05,0.0,2.5000156250976213e-05,7.500046875292864e-05,8.750054687841675e-05,8.750043750218627e-05,6.250031250156162e-05,3.7500187500936974e-05,3.7500187500936974e-05,5.00002500012493e-05,6.250031250156162e-05,7.500037500187395e-05,6.250031250156162e-05,6.250031250156162e-05,8.750043750218627e-05,8.750043750218627e-05,8.750043750218627e-05,8.750043750218627e-05,8.750043750218627e-05,8.750043750218627e-05
20.450000000000003,0.004078874931184712,0.0032280181970142773,0.002877647435640851,0.002539804872922231,0.0022144404034035296,0.0022018715908522714,0.0017139268440977478,0.0013886091515598379,0.0013009968888661216,0.0009507023313473031,0.0007880536076593974,0.0006629425141281947,0.0005878747701659933,0.0002751678523899637,0.0004377511597279032,0.0006128347609882028,0.0002751348160598752,0.0002626171929223472,0.00021258955334935297,0.00017506740094936924,0.00016255933415697078,0.0001625579112558884,0.000187562833549243,0.00010003188516339796,0.000137541434357103,0.00011253277517077089,1.2503360278075e-05,5.001269072027133e-05,5.0011627703442114e-05,8.751750350070201e-05,3.7506751215219536e-05,5.0008063800288863e-05,3.750539140001455e-05,1.2501562695337183e-05,0.00010001137629405558,3.7503562838470454e-05,5.000425036128177e-05,0.0,2.500181263141631e-05,8.750579725907028e-05,8.750525031502077e-05,6.250328142227601e-05,5.0002250101255623e-05,1.250046876757905e-05,3.7501312545939906e-05,8.750262507875422e-05,3.7501078155997786e-05,7.500187504687777e-05,6.25013281532246e-05,0.00010000212504515934,5.000106252257967e-05,5.0000875015313837e-05,2.5000406256602203e-05,3.750051563209074e-05,6.25008593868179e-05,0.0,3.750046875586025e-05,7.50009375117205e-05,1.2500140626582316e-05,6.250070313291158e-05,5.0000562506329265e-05,5.0000500005001116e-05,1.2500109375957305e-05,1.2500093750703397e-05,7.500046875293131e-05,8.750054687841985e-05,6.250039062744275e-05,3.7500234376465654e-05,5.0000250001251074e-05,6.250031250156384e-05,8.750043750218938e-05,0.00011250056250281491,0.00010000050000250215,0.00010000050000250215,0.00011250056250281491,0.00011250056250281491,0.00011250056250281491,8.750043750218938e-05,0.00010000050000250215,0.00011250056250281491,0.00011250056250281491,0.00011250056250281491,0.00011250056250281491
20.55,0.0035909113657974566,0.003503275562651029,0.0028776474356407484,0.0024522253945455153,0.002139374627016893,0.00218936095681326,0.0017889893336202134,0.0013385691821342107,0.0012134297905770125,0.000813100678125954,0.0006754745208508883,0.0006879592127745172,0.0006379066654992468,0.0003752288896226645,0.00037521527976676084,0.00035019129199324634,0.0002251103040489808,0.00021259487046094018,0.00015006321412894968,0.00016256258659583708,0.00010003651332736307,0.00010003563769592775,5.001675561312969e-05,8.752789951797011e-05,0.00010003013407788954,0.00013754005854204842,6.251680139037277e-05,0.00016254124484087605,6.251453462930043e-05,3.7507501500299525e-05,6.251125202536367e-05,5.000806380028709e-05,2.5003594266675478e-05,2.500312539067348e-05,7.500853222053903e-05,6.250593806411521e-05,6.25053129516e-05,6.25049222626273e-05,6.250453157853856e-05,2.5001656359733478e-05,6.250375022501261e-05,7.500393770672854e-05,3.750168757594038e-05,7.500281260547164e-05,5.0001750061251435e-05,2.500075002250032e-05,0.00011250323446798935,2.5000625015625035e-05,3.750079689193342e-05,3.750079689193342e-05,8.750185941451132e-05,7.500131252296808e-05,6.250101564150329e-05,5.000068750945254e-05,1.2500171877363135e-05,5.0000625007811885e-05,7.500093751171783e-05,1.2500156251952971e-05,7.500084375949122e-05,5.000056250632748e-05,3.750042187974561e-05,0.0,3.750032812787059e-05,0.00010000075000562362,5.0000312501952425e-05,3.750023437646432e-05,6.250039062744054e-05,0.00010000062500390485,0.00011250056250281092,0.00011250056250281092,0.0001000005000024986,8.750043750218627e-05,7.500037500187395e-05,7.500037500187395e-05,5.00002500012493e-05,5.00002500012493e-05,6.250031250156162e-05,7.500037500187395e-05,6.250031250156162e-05,5.00002500012493e-05,5.00002500012493e-05,5.00002500012493e-05,5.00002500012493e-05
20.650000000000002,0.0037035183424252516,0.0032029948001380836,0.002940204988589461,0.002539804872922141,0.002139374627016893,0.002064254616423931,0.0014386977158484234,0.0014386491209853667,0.0011759010341674142,0.0009006653665395183,0.0008130711825056988,0.0005253506715732676,0.00045028705799946825,0.0004377670378931086,0.0004377511597278877,0.00028765713270873807,0.00023761643205170196,0.0001750781286148919,0.00030012642825789936,0.00022508665836346674,0.00011254107749328346,0.00013754900183190067,0.0001125377001295418,7.502391387254581e-05,7.502260055841715e-05,0.00011253277517076689,8.752352194652189e-05,5.0012690720269556e-05,7.501744155516051e-05,1.2502500500099842e-05,3.750675121521821e-05,3.7506047850215316e-05,6.25089856666887e-05,2.500312539067348e-05,6.250711018378251e-05,3.750356283846912e-05,5.000425036128e-05,5.0003937810101835e-05,5.0003625262830846e-05,5.0003312719466955e-05,6.250375022501261e-05,6.250328142227378e-05,3.750168757594038e-05,7.500281260547164e-05,3.750131254593858e-05,3.750112503375048e-05,8.750251569732506e-05,6.250156253906259e-05,0.00010000212504515578,0.00010000212504515578,8.750185941451132e-05,3.750065626148404e-05,5.000081251320263e-05,2.500034375472627e-05,5.000068750945254e-05,7.500093751171783e-05,1.2500156251952971e-05,6.250078125976486e-05,5.000056250632748e-05,3.750042187974561e-05,0.0,7.500075000749901e-05,8.750076563169803e-05,3.750028125210886e-05,7.500046875292864e-05,0.00011250070312939296,0.00011250070312939296,0.00010000062500390485,7.500037500187395e-05,6.250031250156162e-05,5.00002500012493e-05,6.250031250156162e-05,6.250031250156162e-05,7.500037500187395e-05,8.750043750218627e-05,8.750043750218627e-05,7.500037500187395e-05,6.250031250156162e-05,6.250031250156162e-05,6.250031250156162e-05,6.250031250156162e-05,6.250031250156162e-05,6.250031250156162e-05
20.75,0.0033281617536660537,0.0026900151641785644,0.002877647435640851,0.002552316226976035,0.0020142649997060354,0.0017514887654506703,0.0016138435247343757,0.001426139128629023,0.0010633147649386568,0.000938193090145365,0.0008130711825057276,0.0005753840688659804,0.0004753030056661223,0.0004252594082390349,0.00046276551171235485,0.00036269812385016087,0.0003001470720653184,0.000187583709230248,0.00012505267844079585,0.00017506740094936924,0.00012504564165920828,0.00012504454711991414,0.00011253770012954579,6.251992822712373e-05,5.0015067038946546e-05,6.251820842820605e-05,1.2503360278075e-05,0.00010002538144054266,7.501744155516318e-05,1.2502500500100286e-05,3.7506751215219536e-05,5.0008063800288863e-05,1.2501797133338185e-05,8.751093886736029e-05,3.750426611027084e-05,5.000475045129394e-05,0.0,2.5001968905051805e-05,8.750634420995709e-05,7.500496907920309e-05,6.250375022501484e-05,3.75019688533656e-05,5.0002250101255623e-05,3.7501406302737154e-05,6.250218757656651e-05,0.00010000300009000484,2.500071877066519e-05,3.7500937523438884e-05,2.5000531261289834e-05,6.25013281532246e-05,2.5000531261289834e-05,5.0000875015313837e-05,3.750060938490331e-05,1.2500171877363581e-05,3.750051563209074e-05,0.0,6.250078125976707e-05,5.000062500781366e-05,2.5000281253164633e-05,0.0,7.50008437594939e-05,5.0000500005001116e-05,3.7500328127871916e-05,0.00010000075000562717,0.00011250070312939696,8.750054687841985e-05,5.00003125019542e-05,5.00003125019542e-05,5.0000250001251074e-05,7.50003750018766e-05,6.250031250156384e-05,3.75001875009383e-05,3.75001875009383e-05,1.2500062500312768e-05,1.2500062500312768e-05,1.2500062500312768e-05,1.2500062500312768e-05,1.2500062500312768e-05,1.2500062500312768e-05,1.2500062500312768e-05,1.2500062500312768e-05,1.2500062500312768e-05,1.2500062500312768e-05
20.85,0.003065412141534414,0.002840155545434941,0.002302117948512599,0.0020643734188776023,0.0018891553723950345,0.0018515738377620715,0.0013886560561667393,0.0011509192967882934,0.0011258626922879497,0.000863137642933705,0.0005754042214655714,0.00043779222631105643,0.0004127631364995126,0.00035021363031448685,0.000625358799611268,0.00035019129199324634,0.0002626286880571443,0.0001625725479995425,0.0001875790176611871,0.00013755295788878523,0.00012504564165920383,0.00017506236596787357,0.00018756283354923634,5.0015942581697205e-05,5.001506703894477e-05,7.502185011384459e-05,3.7510080834223665e-05,5.0012690720269556e-05,6.251453462930043e-05,6.25125025004992e-05,5.000900162029094e-05,3.7506047850215316e-05,2.5003594266675478e-05,0.00010001250156269392,3.7504266110269513e-05,7.500712567693824e-05,5.000425036128e-05,5.0003937810101835e-05,2.5001812631415423e-05,6.250414089933369e-05,6.250375022501261e-05,3.750196885336427e-05,6.25028126265673e-05,2.5000937535157213e-05,3.750131254593858e-05,8.750262507875112e-05,6.250179692666075e-05,0.00010000250006250014,0.00010000212504515578,6.250132815322237e-05,7.500159378386684e-05,5.0000875015312054e-05,0.0,5.000068750945254e-05,3.750051563208941e-05,6.250078125976486e-05,5.0000625007811885e-05,3.7500468755858914e-05,0.0,8.75009843860731e-05,6.250070313290936e-05,6.250062500624918e-05,0.00010000087500765489,8.750065625492067e-05,5.0000312501952425e-05,6.250039062744054e-05,8.750054687841675e-05,5.0000312501952425e-05,3.7500187500936974e-05,1.2500062500312325e-05,1.2500062500312325e-05,3.7500187500936974e-05,5.00002500012493e-05,5.00002500012493e-05,5.00002500012493e-05,6.250031250156162e-05,6.250031250156162e-05,6.250031250156162e-05,6.250031250156162e-05,6.250031250156162e-05,6.250031250156162e-05,6.250031250156162e-05,6.250031250156162e-05
20.950000000000003,0.0035033281617537406,0.0029277374345013213,0.002502302117948566,0.002189486959415716,0.0022769952170589966,0.0016388930591002702,0.00140116647108721,0.001188449273857519,0.0008256326410111924,0.0009757208137511794,0.0005879130088887568,0.0005628757195428069,0.0006003827439993124,0.0003627212599685886,0.0003001722238134193,0.0002376298052811399,0.00028764094406259685,0.0001625725479995483,0.0001750737498171142,0.00016256258659584288,0.0001750638983228916,0.00018756682067987121,6.252094451641433e-05,0.00010003188516339796,0.00011253390083762974,1.250364168564121e-05,6.2516801390375e-05,5.001269072027133e-05,2.5005813851721057e-05,5.0010002000401144e-05,5.000900162029272e-05,1.2502015950072216e-05,1.2501797133338185e-05,8.751093886736029e-05,6.250711018378473e-05,3.7503562838470454e-05,5.000425036128177e-05,5.000393781010361e-05,5.000362526283262e-05,6.250414089933591e-05,6.250375022501484e-05,2.50013125689104e-05,5.0002250101255623e-05,8.750328137305335e-05,8.750306260719312e-05,2.500075002250121e-05,2.500071877066519e-05,2.5000625015625922e-05,6.25013281532246e-05,2.5000531261289834e-05,1.2500265630644917e-05,2.5000437507656918e-05,5.0000812513204405e-05,6.25008593868179e-05,5.0000687509454324e-05,5.000062500781366e-05,3.750046875586025e-05,0.0,8.75009843860762e-05,5.0000562506329265e-05,6.250070313291158e-05,0.00011250112501125252,8.750076563170114e-05,5.000037500281359e-05,8.750054687841985e-05,3.7500234376465654e-05,1.250007812548855e-05,1.250007812548855e-05,5.0000250001251074e-05,6.250031250156384e-05,6.250031250156384e-05,3.75001875009383e-05,2.5000125000625537e-05,3.75001875009383e-05,2.5000125000625537e-05,3.75001875009383e-05,3.75001875009383e-05,3.75001875009383e-05,3.75001875009383e-05,5.0000250001251074e-05,5.0000250001251074e-05,5.0000250001251074e-05,5.0000250001251074e-05
21.05,0.002677543666483121,0.0027275502594925867,0.0025898826920766737,0.0021894869594156386,0.0020768198133614283,0.001651403693139145,0.001351124811405476,0.0013010392050650272,0.0009006901538303597,0.0007255359897123898,0.0006379481585813944,0.0006504341648049981,0.00028768339816632695,0.00036272125996857573,0.0005378085676656906,0.0002751503008518364,0.0002626286880571443,0.00021259487046094018,0.00015006321412894968,0.00013755295788878523,0.0001500547699910446,0.00010003563769592775,0.00010003351122625937,0.00013754384209966732,0.00012503766759736193,6.251820842820383e-05,0.0001625436836149692,8.752220876047173e-05,5.001162770344034e-05,5.001000200039937e-05,3.750675121521821e-05,6.251007975035886e-05,6.25089856666887e-05,5.000625078134696e-05,3.7504266110269513e-05,1.2501187612823041e-05,3.750318777096e-05,7.500590671515275e-05,7.500543789424627e-05,8.750579725906716e-05,3.750225013500757e-05,6.250328142227378e-05,5.000225010125385e-05,2.5000937535157213e-05,7.500262509187716e-05,3.750112503375048e-05,0.00011250323446798935,0.00010000250006250014,6.250132815322237e-05,6.250132815322237e-05,6.250132815322237e-05,1.2500218753828014e-05,6.250101564150329e-05,1.2500171877363135e-05,5.000068750945254e-05,3.7500468755858914e-05,0.0,8.75010937636708e-05,5.000056250632748e-05,7.500084375949122e-05,0.00011250126563923684,6.250062500624918e-05,6.250054687978431e-05,6.250046875351477e-05,1.2500078125488106e-05,3.750023437646432e-05,5.0000312501952425e-05,6.250039062744054e-05,2.500012500062465e-05,3.7500187500936974e-05,5.00002500012493e-05,7.500037500187395e-05,7.500037500187395e-05,7.500037500187395e-05,7.500037500187395e-05,5.00002500012493e-05,5.00002500012493e-05,5.00002500012493e-05,5.00002500012493e-05,3.7500187500936974e-05,3.7500187500936974e-05,3.7500187500936974e-05,3.7500187500936974e-05
21.150000000000002,0.0027150793253590527,0.0027525736563686655,0.0023896985226407957,0.001926748524285762,0.001989243074243778,0.001488765450633017,0.0013261039815646337,0.0011384093044318987,0.000813123055541297,0.0006504805425007632,0.0007255096705435466,0.0005503673702196138,0.00032520731966628264,0.0004252594082390198,0.000412736807743437,0.00026264346899493475,0.0002251103040489808,0.00015006696738419307,0.00015006321412894968,0.00011254332918173337,0.00012504564165920383,3.7513364135972905e-05,0.00010003351122625937,6.251992822712151e-05,0.00010003013407788954,8.752549179948536e-05,5.001344111229822e-05,6.251586340033695e-05,0.0,3.7507501500299525e-05,3.750675121521821e-05,1.2502015950071772e-05,8.751257993336417e-05,2.500312539067348e-05,6.250711018378251e-05,0.0,5.000425036128e-05,5.0003937810101835e-05,6.250453157853856e-05,3.7502484539600216e-05,2.5001500090005044e-05,6.250328142227378e-05,2.5001125050626924e-05,3.750140630273582e-05,6.250218757656429e-05,6.25018750562508e-05,2.5000718770664303e-05,6.250156253906259e-05,3.750079689193342e-05,5.000106252257789e-05,1.2500265630644473e-05,3.750065626148404e-05,1.2500203128300657e-05,6.250085938681569e-05,5.000068750945254e-05,1.2500156251952971e-05,7.500093751171783e-05,5.0000625007811885e-05,8.75009843860731e-05,0.00010000112501265497,5.000056250632748e-05,7.500075000749901e-05,3.750032812787059e-05,1.2500093750702953e-05,5.0000312501952425e-05,3.750023437646432e-05,2.5000156250976213e-05,7.500046875292864e-05,7.500037500187395e-05,5.00002500012493e-05,3.7500187500936974e-05,1.2500062500312325e-05,1.2500062500312325e-05,3.7500187500936974e-05,3.7500187500936974e-05,5.00002500012493e-05,5.00002500012493e-05,6.250031250156162e-05,6.250031250156162e-05,6.250031250156162e-05,6.250031250156162e-05,6.250031250156162e-05,6.250031250156162e-05
21.25,0.002890245733446836,0.0023521993063514886,0.0021644913320255097,0.001976793940501047,0.0016889799686976073,0.0015513186208277365,0.0013010831517238379,0.0011008793273627544,0.0008506518119509256,0.0007380452309143537,0.0004878427095034365,0.0003627421303720311,0.00045028705799948424,0.00037522888962267784,0.00028766504782119356,0.0002001093097104336,0.0001750857920381024,0.0003001339347683968,0.0002501053568815917,0.000100038514828211,0.00010003651332736662,0.00015005345654389696,5.001675561313146e-05,7.502391387254847e-05,7.502260055841982e-05,1.250364168564121e-05,0.00011253024250267499,3.7509518040203504e-05,6.251453462930264e-05,5.0010002000401144e-05,3.7506751215219536e-05,2.5004031900144432e-05,7.50107828000291e-05,6.250781347668592e-05,6.250711018378473e-05,8.750831328976439e-05,3.750318777096133e-05,2.5001968905051805e-05,6.250453157854077e-05,6.250414089933591e-05,2.5001500090005932e-05,3.75019688533656e-05,7.500337515188344e-05,0.0001000037501406324,2.5000875030626605e-05,8.750262507875422e-05,8.750251569732816e-05,6.250156253906481e-05,5.000106252257967e-05,3.7500796891934754e-05,3.7500796891934754e-05,7.500131252297075e-05,5.0000812513204405e-05,5.0000687509454324e-05,1.2500171877363581e-05,3.750046875586025e-05,5.000062500781366e-05,6.250078125976707e-05,8.75009843860762e-05,5.0000562506329265e-05,8.75009843860762e-05,1.2500125001250279e-05,5.000043750382922e-05,6.250046875351699e-05,2.50001562509771e-05,7.500046875293131e-05,7.500046875293131e-05,1.250007812548855e-05,2.5000125000625537e-05,5.0000250001251074e-05,6.250031250156384e-05,0.00010000050000250215,0.00012500062500312768,0.00011250056250281491,0.00012500062500312768,0.00012500062500312768,0.00012500062500312768,0.00011250056250281491,0.00012500062500312768,0.00012500062500312768,0.00012500062500312768,0.00012500062500312768,0.00012500062500312768
21.35,0.0027275912116510297,0.0023647110047894447,0.0022520719061536296,0.0020518620648237985,0.0018891553723950345,0.0013886803783215538,0.00140116647108716,0.001038329365580743,0.000925709324770092,0.0008506284017317673,0.00046282513465709005,0.0004753172742805755,0.00038774718883287547,0.0004877975565094639,0.0003376937517900848,0.0002501366371380331,0.00017508579203809617,0.0001125502255381448,0.00016256848197302882,0.0001250481435352593,0.00011254107749328346,0.00017506236596787357,6.252094451641211e-05,2.5007971290848602e-05,7.502260055841715e-05,3.7510925056922297e-05,2.500672055614911e-05,8.752220876047173e-05,3.7508720777580254e-05,6.25125025004992e-05,2.500450081014547e-05,1.2502015950071772e-05,0.00010001437706670191,2.500312539067348e-05,3.7504266110269513e-05,3.750356283846912e-05,6.25053129516e-05,0.00010000787562020367,6.250453157853856e-05,3.7502484539600216e-05,7.500450027001514e-05,5.0002625137819026e-05,3.750168757594038e-05,0.00010000375014062885,5.0001750061251435e-05,3.750112503375048e-05,6.250179692666075e-05,2.5000625015625035e-05,5.000106252257789e-05,0.0,3.750079689193342e-05,1.2500218753828014e-05,5.000081251320263e-05,3.750051563208941e-05,2.500034375472627e-05,8.75010937636708e-05,7.500093751171783e-05,0.00011250140626757675,5.000056250632748e-05,8.75009843860731e-05,1.250014062658187e-05,5.000050000499934e-05,2.5000218751913723e-05,5.000037500281181e-05,7.500046875292864e-05,1.2500078125488106e-05,3.750023437646432e-05,7.500046875292864e-05,0.00011250056250281092,0.00012500062500312323,0.00012500062500312323,0.00011250056250281092,8.750043750218627e-05,6.250031250156162e-05,6.250031250156162e-05,5.00002500012493e-05,6.250031250156162e-05,8.750043750218627e-05,7.500037500187395e-05,7.500037500187395e-05,7.500037500187395e-05,7.500037500187395e-05,7.500037500187395e-05
21.450000000000003,0.0027901506431110153,0.002577409878236206,0.00198933018376911,0.002114418835092892,0.0015263374531933932,0.0014887654506330699,0.0011509581726787796,0.0010633493502935696,0.000838142226481059,0.0005879343364910953,0.0004878427095034365,0.0005253506715732864,0.00041276313649952725,0.0004877975565094812,0.00037521527976677423,0.0003376844601363567,0.00016257966403538082,0.0001500669673841984,0.00012505267844079585,0.00012504814353526375,0.00020007302665473324,7.502672827194848e-05,8.752932232298007e-05,0.00011253587080882271,2.5007533519473273e-05,6.251820842820605e-05,7.502016166845e-05,3.7509518040203504e-05,6.251453462930264e-05,1.2502500500100286e-05,6.25112520253659e-05,6.251007975036108e-05,2.500359426667637e-05,6.250781347668592e-05,0.0,2.500237522564697e-05,7.500637554192267e-05,6.250492226262952e-05,5.000362526283262e-05,2.5001656359734365e-05,7.50045002700178e-05,3.75019688533656e-05,5.0002250101255623e-05,1.250046876757905e-05,5.000175006125321e-05,3.750112503375181e-05,7.500215631199557e-05,6.250156253906481e-05,3.7500796891934754e-05,5.000106252257967e-05,5.000106252257967e-05,6.250109376914229e-05,5.0000812513204405e-05,0.0,8.750120314154506e-05,5.000062500781366e-05,0.00010000125001562732,5.000062500781366e-05,8.75009843860762e-05,1.2500140626582316e-05,5.0000562506329265e-05,2.5000250002500558e-05,7.500065625574383e-05,3.750028125211019e-05,3.7500234376465654e-05,0.0001000006250039084,0.0001250007812548855,0.0001250007812548855,8.750043750218938e-05,5.0000250001251074e-05,7.50003750018766e-05,7.50003750018766e-05,0.00010000050000250215,0.00010000050000250215,8.750043750218938e-05,0.00011250056250281491,0.00010000050000250215,7.50003750018766e-05,7.50003750018766e-05,7.50003750018766e-05,7.50003750018766e-05,7.50003750018766e-05,7.50003750018766e-05
21.55,0.0022521395325558963,0.0023897344016655235,0.0020894222684869784,0.002151952897254228,0.0016639580432353614,0.001351148476204755,0.0011134269279174755,0.0007756195260964586,0.0009382189102399581,0.0005378973716833234,0.0005628954340424068,0.00046280892495740255,0.0003126993458329641,0.0004377670378931086,0.00021262199186783114,0.00021261614156732814,0.00016257966403537502,0.00012505580615349422,0.00017507374981710796,0.00016256258659583708,0.00018756846248880576,0.00010003563769592775,0.0001125377001295418,0.00013754384209966732,3.7511300279208576e-05,0.00016254734191332995,6.251680139037277e-05,1.2503172680067389e-05,2.500581385172017e-05,6.25125025004992e-05,1.2502250405072735e-05,8.75141116505024e-05,3.750539140001322e-05,5.000625078134696e-05,5.0005688147026016e-05,5.0004750451292164e-05,2.500212518064e-05,3.7502953357576376e-05,6.250453157853856e-05,2.5001656359733478e-05,2.5001500090005044e-05,6.250328142227378e-05,8.750393767719422e-05,3.750140630273582e-05,8.750306260719001e-05,8.750262507875112e-05,1.2500359385332151e-05,5.000125003125007e-05,0.0,3.750079689193342e-05,1.2500265630644473e-05,5.0000875015312054e-05,1.2500203128300657e-05,7.500103126417882e-05,3.750051563208941e-05,8.75010937636708e-05,6.250078125976486e-05,8.75010937636708e-05,1.250014062658187e-05,5.000056250632748e-05,2.500028125316374e-05,7.500075000749901e-05,1.2500109375956862e-05,6.250046875351477e-05,0.00012500078125488108,0.00010000062500390485,6.250039062744054e-05,6.250039062744054e-05,0.0001000005000024986,0.00011250056250281092,0.0001000005000024986,0.0001000005000024986,8.750043750218627e-05,8.750043750218627e-05,0.00011250056250281092,0.00011250056250281092,0.00011250056250281092,0.00011250056250281092,0.00011250056250281092,0.00011250056250281092,0.00011250056250281092,0.00011250056250281092,0.00011250056250281092
21.650000000000002,0.0024147940543515997,0.002026895146962381,0.0019017496096408425,0.0017265668594249038,0.0014888045650000602,0.0012260421358154259,0.0012885727368033707,0.0008882094573040089,0.0007380655427221003,0.0006254620600968877,0.0006129305837350652,0.0004002671783415373,0.00032520731966628264,0.0004627822972012863,0.0002626506958367326,0.00022512297342422978,0.00012506128002721156,0.00020008928984559075,0.00015006321412894968,0.00016256258659583708,6.252282082960192e-05,8.753118298393679e-05,8.752932232297695e-05,7.502391387254581e-05,8.752636731815335e-05,3.7510925056922297e-05,8.752352194652189e-05,1.2503172680067389e-05,5.001162770344034e-05,2.5005001000199684e-05,1.2502250405072735e-05,7.501209570043063e-05,6.25089856666887e-05,6.25078134766837e-05,5.0005688147026016e-05,5.0004750451292164e-05,8.750743813224e-05,6.25049222626273e-05,3.7502718947123136e-05,7.500496907920043e-05,3.750225013500757e-05,3.750196885336427e-05,7.500337515188077e-05,6.250234383789303e-05,2.5000875030625718e-05,8.750262507875112e-05,7.50021563119929e-05,3.7500937523437555e-05,5.000106252257789e-05,3.750079689193342e-05,7.500159378386684e-05,3.750065626148404e-05,2.5000406256601315e-05,5.000068750945254e-05,8.750120314154195e-05,8.75010937636708e-05,5.0000625007811885e-05,1.2500156251952971e-05,5.000056250632748e-05,2.500028125316374e-05,7.500084375949122e-05,1.2500125001249835e-05,0.00010000087500765489,0.00012500093750702953,5.0000312501952425e-05,7.500046875292864e-05,8.750054687841675e-05,0.00011250070312939296,8.750043750218627e-05,0.00011250056250281092,8.750043750218627e-05,6.250031250156162e-05,5.00002500012493e-05,5.00002500012493e-05,3.7500187500936974e-05,1.2500062500312325e-05,2.500012500062465e-05,3.7500187500936974e-05,3.7500187500936974e-05,3.7500187500936974e-05,3.7500187500936974e-05,3.7500187500936974e-05,3.7500187500936974e-05
21.75,0.002502377258395529,0.0022145706235330506,0.001851703567281939,0.0016640100891559446,0.0015763813041177667,0.001388680378321603,0.0011009165129970935,0.000788129518452881,0.0006004601025535944,0.0007380452309143537,0.0005628954340424268,0.0002876920344329902,0.00037523921499957026,0.00047528992685539197,0.00023763634385229034,0.000250136637138042,0.00023761643205171042,0.0001625725479995483,8.75368749085571e-05,0.00011254332918173737,6.252282082960414e-05,7.502672827194848e-05,8.752932232298007e-05,8.752789951797321e-05,3.751130027920991e-05,0.00011253277517077089,2.500672055615e-05,6.251586340033917e-05,3.750872077758159e-05,3.750750150030086e-05,2.500450081014636e-05,0.00010001612760057773,3.750539140001455e-05,2.5003125390674366e-05,3.750426611027084e-05,8.750831328976439e-05,6.250531295160221e-05,7.500590671515542e-05,3.7502718947124464e-05,6.250414089933591e-05,6.250375022501484e-05,8.75045939911864e-05,2.5001125050627812e-05,7.500281260547431e-05,0.00010000350012250642,3.750112503375181e-05,1.2500359385332595e-05,0.0,3.7500796891934754e-05,3.7500796891934754e-05,6.25013281532246e-05,0.0,8.75014218981077e-05,7.500103126418148e-05,0.00010000137501890865,6.250078125976707e-05,3.750046875586025e-05,3.750046875586025e-05,2.5000281253164633e-05,7.50008437594939e-05,3.750042187974695e-05,0.0001250012500125028,0.00011250098438361576,7.500056250422037e-05,0.0001000006250039084,0.0001000006250039084,0.0001000006250039084,7.500046875293131e-05,5.0000250001251074e-05,1.2500062500312768e-05,3.75001875009383e-05,3.75001875009383e-05,6.250031250156384e-05,6.250031250156384e-05,7.50003750018766e-05,7.50003750018766e-05,8.750043750218938e-05,7.50003750018766e-05,8.750043750218938e-05,8.750043750218938e-05,8.750043750218938e-05,8.750043750218938e-05,8.750043750218938e-05
21.85,0.0022771633051398505,0.0019393132578961053,0.0020643992473074937,0.0016890327972634927,0.0012010524221849224,0.001351148476204755,0.001013343608554107,0.0008506794802348254,0.0007505751281919664,0.0004878604068755724,0.0003877724101181025,0.00041277552766471037,0.00042527111033283116,0.0003126907413522204,0.00021262199186783114,0.00022512297342422978,0.0001375674080299327,0.00018758370923024133,0.00013755794628487054,0.00010003851482820744,0.00012504564165920383,6.252227355995485e-05,2.5008377806564843e-05,8.752789951797011e-05,3.7511300279208576e-05,3.7510925056922297e-05,7.502016166844733e-05,5.0012690720269556e-05,5.001162770344034e-05,3.7507501500299525e-05,2.500450081014547e-05,2.5004031900143544e-05,5.0007188533350956e-05,0.0,2.5002844073513008e-05,2.5002375225646082e-05,1.250106259032e-05,6.25049222626273e-05,2.5001812631415423e-05,2.5001656359733478e-05,5.000300018001009e-05,6.250328142227378e-05,6.25028126265673e-05,5.0001875070314426e-05,6.250218757656429e-05,5.000150004500064e-05,6.250179692666075e-05,5.000125003125007e-05,3.750079689193342e-05,6.250132815322237e-05,1.2500265630644473e-05,7.500131252296808e-05,3.750060938490197e-05,8.750120314154195e-05,5.000068750945254e-05,3.7500468755858914e-05,5.0000625007811885e-05,3.7500468755858914e-05,7.500084375949122e-05,3.750042187974561e-05,8.75009843860731e-05,8.750087500874885e-05,6.250054687978431e-05,7.500056250421772e-05,8.750054687841675e-05,7.500046875292864e-05,3.750023437646432e-05,3.750023437646432e-05,6.250031250156162e-05,7.500037500187395e-05,8.750043750218627e-05,0.00012500062500312323,0.0001000005000024986,0.0001000005000024986,7.500037500187395e-05,7.500037500187395e-05,6.250031250156162e-05,6.250031250156162e-05,6.250031250156162e-05,7.500037500187395e-05,7.500037500187395e-05,7.500037500187395e-05,7.500037500187395e-05
21.950000000000003,0.002264651418847954,0.002026895146962453,0.0021019337790767955,0.0016389873810483363,0.0015263374531933932,0.0010133613571536022,0.0009758123637928784,0.0009007194496604354,0.0008131230555413259,0.0004378234420678369,0.0004002811975412813,0.0003627421303720311,0.0003877471888328892,0.00032519837100632084,0.0002626506958367419,0.0001500819822828252,0.0002751348160598752,0.000187583709230248,7.503160706447751e-05,0.00011254332918173737,0.00018756846248881243,5.0017818847965656e-05,5.001675561313146e-05,3.7511956936274233e-05,3.751130027920991e-05,5.001456674256484e-05,3.7510080834225e-05,5.001269072027133e-05,5.0011627703442114e-05,3.750750150030086e-05,8.751575283551225e-05,3.7506047850216644e-05,5.000718853335274e-05,6.250781347668592e-05,5.000568814702779e-05,5.000475045129394e-05,7.500637554192267e-05,3.750295335757771e-05,6.250453157854077e-05,5.000331271946873e-05,2.5001500090005932e-05,7.50039377067312e-05,2.5001125050627812e-05,3.7501406302737154e-05,6.250218757656651e-05,3.750112503375181e-05,1.2500359385332595e-05,3.7500937523438884e-05,3.7500796891934754e-05,5.000106252257967e-05,0.0,5.0000875015313837e-05,8.75014218981077e-05,7.500103126418148e-05,6.25008593868179e-05,2.500031250390683e-05,2.500031250390683e-05,6.250078125976707e-05,3.750042187974695e-05,0.00011250126563924084,8.75009843860762e-05,8.750087500875195e-05,0.00010000087500765844,0.00011250084375633058,5.00003125019542e-05,3.7500234376465654e-05,8.750054687841985e-05,0.0001000006250039084,0.00010000050000250215,7.50003750018766e-05,7.50003750018766e-05,5.0000250001251074e-05,7.50003750018766e-05,7.50003750018766e-05,0.00010000050000250215,0.00010000050000250215,8.750043750218938e-05,0.00010000050000250215,8.750043750218938e-05,7.50003750018766e-05,7.50003750018766e-05,7.50003750018766e-05,7.50003750018766e-05
22.05,0.0020519493518842613,0.0018767547657059084,0.0019392841414100697,0.0015764306107792598,0.0012636072358403873,0.0012260421358154259,0.0010758956831562123,0.0008006395108092476,0.0005879505170837071,0.0005003696480775101,0.0006129305837350652,0.0004002671783415373,0.00046279503183278684,0.0002876754820440428,0.0003001722238134087,0.00020010930971042649,0.00012506128002721156,0.00012505580615349422,0.00013755794628487054,0.000175067400949363,7.50273849955223e-05,0.00010003563769592775,0.0001125377001295418,1.2503985645424301e-05,0.00013754143435709812,7.502185011384459e-05,1.2503360278074556e-05,1.2503172680067389e-05,2.500581385172017e-05,0.0,8.751575283550915e-05,5.000806380028709e-05,5.0007188533350956e-05,5.000625078134696e-05,7.500853222053903e-05,7.500712567693824e-05,8.750743813224e-05,2.5001968905050918e-05,6.250453157853856e-05,3.7502484539600216e-05,8.750525031501765e-05,1.2500656284454757e-05,8.750393767719422e-05,8.750328137305024e-05,2.5000875030625718e-05,5.000150004500064e-05,3.750107815599645e-05,3.7500937523437555e-05,6.250132815322237e-05,1.2500265630644473e-05,7.500159378386684e-05,5.0000875015312054e-05,0.00010000162502640526,5.000068750945254e-05,1.2500171877363135e-05,5.0000625007811885e-05,7.500093751171783e-05,2.5000312503905943e-05,8.75009843860731e-05,6.250070313290936e-05,0.00010000112501265497,0.00010000100000999868,7.500065625574118e-05,3.750028125210886e-05,6.250039062744054e-05,0.00011250070312939296,7.500046875292864e-05,6.250039062744054e-05,7.500037500187395e-05,0.0001000005000024986,7.500037500187395e-05,7.500037500187395e-05,5.00002500012493e-05,8.750043750218627e-05,6.250031250156162e-05,7.500037500187395e-05,7.500037500187395e-05,6.250031250156162e-05,7.500037500187395e-05,7.500037500187395e-05,7.500037500187395e-05,7.500037500187395e-05,7.500037500187395e-05
22.150000000000002,0.0020269255793003067,0.0018141962735157113,0.0016640309084357374,0.0013887602999722052,0.001301140124033666,0.0011509783315818282,0.0008131769698273698,0.0008882094573040089,0.0005128930042645105,0.000512878889279448,0.00040028119754126703,0.00035023378104884515,0.0005253349009993796,0.00032519837100630924,0.00022512916786005652,0.00011256148671211489,0.00016257966403537502,0.0002251004510762896,0.0001250526784407914,0.000175067400949363,8.753194916144268e-05,0.00011254009240791872,0.00012504188903282422,6.251992822712151e-05,7.502260055841715e-05,6.251820842820383e-05,1.2503360278074556e-05,5.0012690720269556e-05,3.7508720777580254e-05,3.7507501500299525e-05,8.751575283550915e-05,2.5004031900143544e-05,2.5003594266675478e-05,2.500312539067348e-05,7.500853222053903e-05,6.250593806411521e-05,3.750318777096e-05,3.7502953357576376e-05,3.7502718947123136e-05,6.250414089933369e-05,6.250375022501261e-05,6.250328142227378e-05,5.000225010125385e-05,6.250234383789303e-05,6.250218757656429e-05,2.500075002250032e-05,3.750107815599645e-05,1.2500312507812517e-05,5.000106252257789e-05,0.0,5.000106252257789e-05,8.75015312767961e-05,5.000081251320263e-05,3.750051563208941e-05,6.250085938681569e-05,6.250078125976486e-05,1.2500156251952971e-05,0.00011250140626757675,8.75009843860731e-05,0.00010000112501265497,8.75009843860731e-05,5.000050000499934e-05,3.750032812787059e-05,7.500056250421772e-05,0.00010000062500390485,5.0000312501952425e-05,7.500046875292864e-05,7.500046875292864e-05,6.250031250156162e-05,7.500037500187395e-05,7.500037500187395e-05,7.500037500187395e-05,8.750043750218627e-05,6.250031250156162e-05,8.750043750218627e-05,7.500037500187395e-05,8.750043750218627e-05,8.750043750218627e-05,8.750043750218627e-05,8.750043750218627e-05,8.750043750218627e-05,8.750043750218627e-05,8.750043750218627e-05
22.25,0.0020519493518843337,0.002039406845400493,0.001751611482563996,0.0015138738405102953,0.0012510962731093387,0.0011259570635040023,0.0007881561399865556,0.0007505995413836962,0.0005879505170837279,0.0005128788892794662,0.0004252987723876114,0.00027518368510981667,0.0002876833981663372,0.0002251373337736067,0.00027515787182896774,0.0001625888141397273,0.0001750857920381024,8.753906430744906e-05,0.00013755794628487545,0.00011254332918173737,8.75319491614458e-05,6.252227355995707e-05,0.00010003351122626292,0.00010003188516339796,8.752636731815646e-05,5.001456674256484e-05,6.2516801390375e-05,3.7509518040203504e-05,2.5005813851721057e-05,1.2502500500100286e-05,5.000900162029272e-05,6.251007975036108e-05,0.0,5.000625078134873e-05,1.2501422036756948e-05,5.000475045129394e-05,6.250531295160221e-05,1.2500984452525903e-05,5.000362526283262e-05,3.7502484539601545e-05,7.50045002700178e-05,2.50013125689104e-05,3.750168757594172e-05,6.250234383789525e-05,1.2500437515313303e-05,0.0,5.000143754133038e-05,7.500187504687777e-05,1.2500265630644917e-05,8.750185941451442e-05,7.500159378386951e-05,8.750153127679921e-05,6.250101564150551e-05,5.0000687509454324e-05,1.2500171877363581e-05,2.500031250390683e-05,0.00010000125001562732,8.750109376367391e-05,0.00010000112501265853,8.75009843860762e-05,5.0000562506329265e-05,5.0000500005001116e-05,0.00011250098438361576,6.250046875351699e-05,7.500046875293131e-05,7.500046875293131e-05,8.750054687841985e-05,7.500046875293131e-05,8.750043750218938e-05,7.50003750018766e-05,8.750043750218938e-05,7.50003750018766e-05,6.250031250156384e-05,6.250031250156384e-05,6.250031250156384e-05,6.250031250156384e-05,5.0000250001251074e-05,5.0000250001251074e-05,3.75001875009383e-05,3.75001875009383e-05,3.75001875009383e-05,3.75001875009383e-05,3.75001875009383e-05
22.35,0.0017391521945848308,0.002064430242276499,0.0015764503343075405,0.0012761581134879724,0.0013136510867647589,0.0011134464294650294,0.0007756457250661066,0.0005879696407505412,0.0007380655427221003,0.0006504805425007632,0.00026268453588645653,0.0003627421303720182,0.0005128269271660611,0.00026266022273586513,0.0002626506958367326,0.00021261614156732814,0.00016257966403537502,0.00015006696738419307,0.00015006321412894968,3.751444306057779e-05,7.50273849955223e-05,0.00010003563769592775,7.502513341969453e-05,0.0,5.001506703894477e-05,7.502185011384459e-05,2.500672055614911e-05,5.0012690720269556e-05,6.251453462930043e-05,5.001000200039937e-05,2.500450081014547e-05,5.000806380028709e-05,6.25089856666887e-05,3.750468808601022e-05,5.0005688147026016e-05,5.0004750451292164e-05,2.500212518064e-05,6.25049222626273e-05,2.5001812631415423e-05,8.750579725906716e-05,1.2500750045002522e-05,0.00010000525027563805,7.500337515188077e-05,2.5000937535157213e-05,6.250218757656429e-05,5.000150004500064e-05,1.2500359385332151e-05,6.250156253906259e-05,0.0,5.000106252257789e-05,8.750185941451132e-05,6.250109376914007e-05,1.2500203128300657e-05,2.500034375472627e-05,7.500103126417882e-05,6.250078125976486e-05,0.00011250140626757675,8.75010937636708e-05,8.75009843860731e-05,5.000056250632748e-05,5.000056250632748e-05,0.00011250112501124852,5.0000437503827446e-05,8.750065625492067e-05,7.500046875292864e-05,7.500046875292864e-05,7.500046875292864e-05,8.750054687841675e-05,5.00002500012493e-05,6.250031250156162e-05,3.7500187500936974e-05,6.250031250156162e-05,7.500037500187395e-05,6.250031250156162e-05,3.7500187500936974e-05,3.7500187500936974e-05,3.7500187500936974e-05,5.00002500012493e-05,7.500037500187395e-05,7.500037500187395e-05,7.500037500187395e-05,7.500037500187395e-05,7.500037500187395e-05
22.450000000000003,0.001939342375256535,0.0019142898610200944,0.001476358249589654,0.001451317070241275,0.0011259866457984048,0.0009508081869589355,0.0008507082145886633,0.0007005595719581165,0.00045034507691519584,0.00046284192447171334,0.00033773726042545606,0.0004252838769878985,0.00043777908416616526,0.0002001220744654282,0.0002001148158756129,0.000125068318569021,0.000125061280027216,8.753906430744906e-05,0.00013755794628487545,0.0001375529578887901,6.252282082960414e-05,1.2504454711991414e-05,7.50251334196972e-05,3.7511956936274233e-05,5.0015067038946546e-05,1.250364168564121e-05,6.2516801390375e-05,6.251586340033917e-05,1.2502906925860529e-05,0.00011252250450090258,6.25112520253659e-05,6.251007975036108e-05,3.750539140001455e-05,6.250781347668592e-05,6.250711018378473e-05,7.500712567694091e-05,3.750318777096133e-05,7.500590671515542e-05,7.500543789424893e-05,5.000331271946873e-05,6.250375022501484e-05,3.75019688533656e-05,8.750393767719734e-05,6.250234383789525e-05,1.2500437515313303e-05,6.250187505625302e-05,6.250179692666297e-05,1.2500312507812961e-05,8.750185941451442e-05,6.25013281532246e-05,6.25013281532246e-05,3.750065626148538e-05,5.0000812513204405e-05,7.500103126418148e-05,3.750051563209074e-05,0.00011250140626758075,6.250078125976707e-05,0.00010000125001562732,5.0000562506329265e-05,5.0000562506329265e-05,0.00011250126563924084,5.0000500005001116e-05,7.500065625574383e-05,7.500056250422037e-05,7.500046875293131e-05,8.750054687841985e-05,5.00003125019542e-05,5.00003125019542e-05,7.50003750018766e-05,3.75001875009383e-05,7.50003750018766e-05,5.0000250001251074e-05,5.0000250001251074e-05,5.0000250001251074e-05,5.0000250001251074e-05,5.0000250001251074e-05,5.0000250001251074e-05,5.0000250001251074e-05,2.5000125000625537e-05,2.5000125000625537e-05,2.5000125000625537e-05,2.5000125000625537e-05,2.5000125000625537e-05
22.55,0.0018392472849206485,0.00163903249538316,0.0015764503343075405,0.0012761581134879724,0.0012010524221849224,0.0009883400890757003,0.0008632186295090541,0.0008131495031656421,0.0004878738333247782,0.00038778647726007043,0.00045031634723392545,0.00035023378104884515,0.0002376515028330527,0.00023764496342768753,0.00018760763988338042,0.00023762980528113143,0.0002251103040489808,0.00010004464492279538,0.00010004214275263312,0.00013755295788878523,5.0018256663681534e-05,6.252227355995485e-05,2.5008377806564843e-05,6.251992822712151e-05,6.251883379868096e-05,5.001456674256306e-05,2.500672055614911e-05,3.750951804020217e-05,1.2502906925860085e-05,6.25125025004992e-05,3.750675121521821e-05,2.5004031900143544e-05,3.750539140001322e-05,7.500937617202044e-05,6.250711018378251e-05,5.0004750451292164e-05,1.250106259032e-05,3.7502953357576376e-05,2.5001812631415423e-05,7.500496907920043e-05,2.5001500090005044e-05,5.0002625137819026e-05,3.750168757594038e-05,3.750140630273582e-05,3.750131254593858e-05,1.250037501125016e-05,5.0001437541328606e-05,0.0,5.000106252257789e-05,0.00011250239067580026,6.250132815322237e-05,1.2500218753828014e-05,2.5000406256601315e-05,1.2500171877363135e-05,0.00011250154689626822,6.250078125976486e-05,0.00010000125001562377,5.0000625007811885e-05,5.000056250632748e-05,0.00011250126563923684,6.250070313290936e-05,7.500075000749901e-05,7.500065625574118e-05,7.500056250421772e-05,5.0000312501952425e-05,5.0000312501952425e-05,6.250039062744054e-05,6.250039062744054e-05,5.00002500012493e-05,5.00002500012493e-05,2.500012500062465e-05,3.7500187500936974e-05,2.500012500062465e-05,3.7500187500936974e-05,3.7500187500936974e-05,5.00002500012493e-05,7.500037500187395e-05,6.250031250156162e-05,6.250031250156162e-05,6.250031250156162e-05,6.250031250156162e-05,6.250031250156162e-05,6.250031250156162e-05
22.650000000000002,0.0020894850107601925,0.0017015909875733569,0.0013762661648716622,0.0012261126972727577,0.0010634318321429003,0.0008632337486863712,0.0007256040653844223,0.0005629496560377522,0.0005379121752042427,0.0004378234420678214,0.0003627548352717733,0.0004753172742805755,0.0003502232673329198,0.0002251373337735987,0.000137578935914479,0.00020010930971042649,0.00015007353603265386,0.00012505580615349422,0.0001250526784407914,0.00011254332918173337,8.753194916144268e-05,0.00010003563769592775,1.2504188903282422e-05,0.00016255181339051592,6.251883379868096e-05,0.0,5.001344111229822e-05,2.5006345360134778e-05,2.500581385172017e-05,8.75175035006989e-05,3.750675121521821e-05,0.0,5.0007188533350956e-05,1.250156269533674e-05,6.250711018378251e-05,3.750356283846912e-05,7.500637554192e-05,2.5001968905050918e-05,2.5001812631415423e-05,2.5001656359733478e-05,0.00010000600036002018,6.250328142227378e-05,5.000225010125385e-05,3.750140630273582e-05,3.750131254593858e-05,5.000150004500064e-05,3.750107815599645e-05,7.500187504687511e-05,6.250132815322237e-05,5.000106252257789e-05,3.750079689193342e-05,6.250109376914007e-05,7.500121876980394e-05,7.500103126417882e-05,6.250085938681569e-05,0.00010000125001562377,7.500093751171783e-05,3.7500468755858914e-05,0.00011250126563923684,6.250070313290936e-05,6.250070313290936e-05,7.500075000749901e-05,8.750076563169803e-05,6.250046875351477e-05,7.500046875292864e-05,6.250039062744054e-05,5.0000312501952425e-05,2.5000156250976213e-05,2.500012500062465e-05,5.00002500012493e-05,6.250031250156162e-05,5.00002500012493e-05,6.250031250156162e-05,7.500037500187395e-05,7.500037500187395e-05,6.250031250156162e-05,3.7500187500936974e-05,3.7500187500936974e-05,3.7500187500936974e-05,3.7500187500936974e-05,3.7500187500936974e-05,3.7500187500936974e-05,3.7500187500936974e-05
22.75,0.0019893899204244457,0.0015139155110028197,0.001488869760179397,0.0012261126972728013,0.0011885414594538719,0.0008757443827253352,0.0009132602891907708,0.0005129096866121924,0.00038779714956586306,0.00041280495966396056,0.0003877724101181162,0.00040026717834155154,0.00032520731966629424,0.00032519837100632084,0.00018760763988338712,0.0001125614867121189,0.0001375674080299376,0.00012505580615349867,0.00015006321412895502,6.252407176763188e-05,0.00010003651332736662,0.00013754900183190555,8.752932232298007e-05,3.7511956936274233e-05,7.502260055841982e-05,6.251820842820605e-05,3.7510080834225e-05,1.2503172680067833e-05,2.5005813851721057e-05,2.5005001000200572e-05,5.000900162029272e-05,5.0008063800288863e-05,3.750539140001455e-05,6.250781347668592e-05,6.250711018378473e-05,3.7503562838470454e-05,6.250531295160221e-05,8.750689116768131e-05,0.0001125081568413734,6.250414089933591e-05,3.75022501350089e-05,0.0001000052502756416,3.750168757594172e-05,0.0,5.000175006125321e-05,5.000150004500242e-05,0.0,5.0001250031251845e-05,0.00010000212504515934,5.000106252257967e-05,3.7500796891934754e-05,3.750065626148538e-05,1.2500203128301101e-05,0.00011250154689627222,0.00010000137501890865,0.00011250140626758075,3.750046875586025e-05,0.00011250140626758075,5.0000562506329265e-05,6.250070313291158e-05,7.50008437594939e-05,7.500075000750167e-05,3.7500328127871916e-05,3.750028125211019e-05,5.00003125019542e-05,2.50001562509771e-05,3.7500234376465654e-05,6.250039062744275e-05,6.250031250156384e-05,6.250031250156384e-05,3.75001875009383e-05,3.75001875009383e-05,3.75001875009383e-05,2.5000125000625537e-05,2.5000125000625537e-05,2.5000125000625537e-05,5.0000250001251074e-05,5.0000250001251074e-05,5.0000250001251074e-05,5.0000250001251074e-05,5.0000250001251074e-05,5.0000250001251074e-05,5.0000250001251074e-05
22.85,0.0015890095590811045,0.0015264272094408055,0.0012261280377947538,0.0013011808215955794,0.0010258989439496213,0.0007131061402191762,0.0007130936504640012,0.0006129896254633302,0.0005254025897343765,0.0005253881304813857,0.0002751933233096211,0.00046280892495740255,0.00025015947666637127,0.00017510681515724342,0.00015008611190670435,0.00015008198228281985,0.00018759192004081735,0.0001625725479995425,0.0001875790176611871,0.00010003851482820744,8.753194916144268e-05,8.753118298393679e-05,6.252094451641211e-05,0.00010003188516339441,3.7511300279208576e-05,3.7510925056922297e-05,5.001344111229822e-05,6.251586340033695e-05,6.251453462930043e-05,3.7507501500299525e-05,6.251125202536367e-05,5.000806380028709e-05,6.25089856666887e-05,5.000625078134696e-05,5.0005688147026016e-05,2.5002375225646082e-05,2.500212518064e-05,2.5001968905050918e-05,8.750634420995398e-05,2.5001656359733478e-05,3.750225013500757e-05,2.5001312568909513e-05,5.000225010125385e-05,5.0001875070314426e-05,1.2500437515312859e-05,5.000150004500064e-05,3.750107815599645e-05,5.000125003125007e-05,6.250132815322237e-05,3.750079689193342e-05,3.750079689193342e-05,5.0000875015312054e-05,0.00011250182815470592,7.500103126417882e-05,8.750120314154195e-05,1.2500156251952971e-05,8.75010937636708e-05,5.0000625007811885e-05,7.500084375949122e-05,7.500084375949122e-05,7.500084375949122e-05,5.000050000499934e-05,7.500065625574118e-05,5.000037500281181e-05,2.5000156250976213e-05,6.250039062744054e-05,7.500046875292864e-05,3.750023437646432e-05,3.7500187500936974e-05,2.500012500062465e-05,5.00002500012493e-05,5.00002500012493e-05,5.00002500012493e-05,3.7500187500936974e-05,3.7500187500936974e-05,5.00002500012493e-05,5.00002500012493e-05,5.00002500012493e-05,5.00002500012493e-05,5.00002500012493e-05,5.00002500012493e-05,5.00002500012493e-05,5.00002500012493e-05
22.950000000000003,0.0016515689905410493,0.0016014974000690986,0.001313708611922997,0.0010884878026809562,0.001000877018487471,0.0007005955061802682,0.0005629686714189683,0.0006630295948889316,0.0006004601025535944,0.000312731030048455,0.000312719685579126,0.00033772543172568405,0.00023765150283306115,0.0002751678523899637,0.00012507175992225805,0.0001625888141397273,7.50367680163296e-05,0.00012505580615349867,3.7515803532238755e-05,7.502888612115825e-05,7.502738499552496e-05,7.502672827194848e-05,1.2504188903282866e-05,5.001594258169898e-05,6.251883379868319e-05,5.001456674256484e-05,3.7510080834225e-05,1.2503172680067833e-05,0.00010002325540688423,6.251250250050143e-05,5.000900162029272e-05,2.5004031900144432e-05,7.50107828000291e-05,6.250781347668592e-05,6.250711018378473e-05,1.2501187612823485e-05,5.000425036128177e-05,2.5001968905051805e-05,1.2500906315708155e-05,8.750579725907028e-05,7.50045002700178e-05,5.00026251378208e-05,2.5001125050627812e-05,3.7501406302737154e-05,6.250218757656651e-05,1.2500375011250605e-05,8.750251569732816e-05,0.00010000250006250369,5.000106252257967e-05,5.000106252257967e-05,5.000106252257967e-05,5.0000875015313837e-05,8.75014218981077e-05,7.500103126418148e-05,5.0000687509454324e-05,7.50009375117205e-05,5.000062500781366e-05,7.50009375117205e-05,7.50008437594939e-05,7.50008437594939e-05,6.250070313291158e-05,6.25006250062514e-05,2.500021875191461e-05,3.750028125211019e-05,6.250039062744275e-05,3.7500234376465654e-05,1.250007812548855e-05,5.00003125019542e-05,5.0000250001251074e-05,5.0000250001251074e-05,5.0000250001251074e-05,6.250031250156384e-05,6.250031250156384e-05,6.250031250156384e-05,6.250031250156384e-05,5.0000250001251074e-05,2.5000125000625537e-05,2.5000125000625537e-05,2.5000125000625537e-05,2.5000125000625537e-05,3.75001875009383e-05,3.75001875009383e-05,3.75001875009383e-05
23.05,0.0015639857864971501,0.0012761932406800177,0.0012761740801537234,0.0011635559270037393,0.0009007893166386919,0.0009257869188810358,0.000688072820623159,0.0005129096866121742,0.000575440931613841,0.00027520330644263056,0.0003627548352717733,0.0005503673702196138,0.00025015947666637127,0.0002251373337735987,0.00020011481587560578,0.0001625888141397215,0.00012506128002721156,0.00010004464492279538,7.503160706447484e-05,7.502888612115558e-05,3.751369249776115e-05,6.252227355995485e-05,5.001675561312969e-05,5.0015942581697205e-05,3.7511300279208576e-05,3.7510925056922297e-05,3.7510080834223665e-05,1.2503172680067389e-05,7.501744155516051e-05,1.2502500500099842e-05,0.0,2.5004031900143544e-05,1.2501797133337739e-05,6.25078134766837e-05,3.7504266110269513e-05,7.500712567693824e-05,3.750318777096e-05,0.00010000787562020367,3.7502718947123136e-05,3.7502484539600216e-05,7.500450027001514e-05,3.750196885336427e-05,0.0,3.750140630273582e-05,3.750131254593858e-05,0.0,2.5000718770664303e-05,7.500187504687511e-05,3.750079689193342e-05,2.5000531261288946e-05,3.750079689193342e-05,0.00011250196878445213,8.75014218981046e-05,0.00011250154689626822,3.750051563208941e-05,7.500093751171783e-05,8.75010937636708e-05,7.500093751171783e-05,7.500084375949122e-05,6.250070313290936e-05,5.000056250632748e-05,2.500025000249967e-05,6.250054687978431e-05,7.500056250421772e-05,3.750023437646432e-05,5.0000312501952425e-05,5.0000312501952425e-05,5.0000312501952425e-05,6.250031250156162e-05,5.00002500012493e-05,3.7500187500936974e-05,2.500012500062465e-05,1.2500062500312325e-05,1.2500062500312325e-05,1.2500062500312325e-05,1.2500062500312325e-05,1.2500062500312325e-05,1.2500062500312325e-05,1.2500062500312325e-05,1.2500062500312325e-05,0.0,0.0,0.0
23.150000000000002,0.0015389620139131957,0.0014638687172506086,0.0011135244424870722,0.001000908324304292,0.0011134756830672719,0.0008507231146474382,0.0007756457250661066,0.0004503597248302017,0.0003002300512767866,0.0003252402712503816,0.00037526362269493785,0.00028769203443297994,0.00022514352899973412,0.0002126297041195099,0.00015008611190670435,0.0001625888141397215,0.00012506128002721156,0.00013756138676884364,0.00011254741059671226,5.001925741410372e-05,5.0018256663681534e-05,2.5008909423981937e-05,7.502513341969453e-05,3.7511956936272905e-05,1.2503766759736193e-05,2.500728337128153e-05,2.500672055614911e-05,2.5006345360134778e-05,6.251453462930043e-05,5.001000200039937e-05,0.0,6.251007975035886e-05,3.750539140001322e-05,6.25078134766837e-05,2.5002844073513008e-05,7.500712567693824e-05,6.25053129516e-05,7.500590671515275e-05,6.250453157853856e-05,3.7502484539600216e-05,5.000300018001009e-05,5.0002625137819026e-05,5.000225010125385e-05,1.2500468767578606e-05,3.750131254593858e-05,8.750262507875112e-05,0.00010000287508265721,6.250156253906259e-05,3.750079689193342e-05,7.500159378386684e-05,6.250132815322237e-05,5.0000875015312054e-05,8.75014218981046e-05,1.2500171877363135e-05,0.00011250154689626822,7.500093751171783e-05,7.500093751171783e-05,8.75010937636708e-05,5.000056250632748e-05,5.000056250632748e-05,2.500028125316374e-05,6.250062500624918e-05,3.750032812787059e-05,2.5000187501405906e-05,5.0000312501952425e-05,5.0000312501952425e-05,6.250039062744054e-05,2.5000156250976213e-05,1.2500062500312325e-05,1.2500062500312325e-05,0.0,0.0,1.2500062500312325e-05,3.7500187500936974e-05,3.7500187500936974e-05,3.7500187500936974e-05,3.7500187500936974e-05,3.7500187500936974e-05,3.7500187500936974e-05,3.7500187500936974e-05,3.7500187500936974e-05,3.7500187500936974e-05,3.7500187500936974e-05
23.25,0.0014889144687453399,0.001213634748489864,0.0013387316331024827,0.0012636467594342134,0.0006505700620168562,0.0006880848721413348,0.0005754790863393898,0.0004878897018994025,0.00038779714956586306,0.00040029571846202235,0.00036275483527178616,0.00032521708240251064,0.0002001275813331041,0.00016259918550316042,0.00022512916786006452,0.0002001093097104336,6.2530640013608e-05,0.0001125502255381488,0.0001750737498171142,5.00192574141055e-05,0.00011254107749328745,2.5008909423982828e-05,0.00012504188903282866,7.502391387254847e-05,1.2503766759736636e-05,5.001456674256484e-05,3.7510080834225e-05,2.5006345360135666e-05,2.5005813851721057e-05,5.0010002000401144e-05,8.751575283551225e-05,3.7506047850216644e-05,7.50107828000291e-05,5.000625078134873e-05,3.750426611027084e-05,2.500237522564697e-05,2.5002125180640886e-05,5.000393781010361e-05,3.7502718947124464e-05,8.750579725907028e-05,2.5001500090005932e-05,2.50013125689104e-05,3.750168757594172e-05,7.500281260547431e-05,1.2500437515313303e-05,5.000150004500242e-05,8.750251569732816e-05,3.7500937523438884e-05,3.7500796891934754e-05,1.2500265630644917e-05,0.00011250239067580426,0.00010000175003062767,6.250101564150551e-05,7.500103126418148e-05,5.0000687509454324e-05,7.50009375117205e-05,7.50009375117205e-05,3.750046875586025e-05,6.250070313291158e-05,2.5000281253164633e-05,6.250070313291158e-05,3.7500375003750834e-05,5.000043750382922e-05,3.750028125211019e-05,6.250039062744275e-05,2.50001562509771e-05,1.250007812548855e-05,1.250007812548855e-05,0.0,3.75001875009383e-05,3.75001875009383e-05,5.0000250001251074e-05,6.250031250156384e-05,3.75001875009383e-05,5.0000250001251074e-05,6.250031250156384e-05,6.250031250156384e-05,6.250031250156384e-05,6.250031250156384e-05,6.250031250156384e-05,6.250031250156384e-05,6.250031250156384e-05,6.250031250156384e-05
23.35,0.0013137480606576059,0.0013762868281843327,0.0012636625695639809,0.001000908324304292,0.0008007016147899484,0.0008632337486863712,0.00046288535205557974,0.0004253397401174127,0.000575440931613841,0.0003752772360581326,0.00043780755981076086,0.0002751836851098069,0.00021263555516641558,0.00013758392619497698,0.0001625932878989297,0.0001625888141397215,0.0001375674080299327,0.0001125502255381448,7.503160706447484e-05,0.00010003851482820744,0.00010003651332736307,8.753118298393679e-05,5.001675561312969e-05,6.251992822712151e-05,5.001506703894477e-05,3.7510925056922297e-05,5.001344111229822e-05,6.251586340033695e-05,3.7508720777580254e-05,6.25125025004992e-05,2.500450081014547e-05,8.75141116505024e-05,6.25089856666887e-05,6.25078134766837e-05,1.2501422036756504e-05,3.750356283846912e-05,2.500212518064e-05,1.2500984452525459e-05,7.500543789424627e-05,5.0003312719466955e-05,6.250375022501261e-05,0.0,3.750168757594038e-05,3.750140630273582e-05,2.5000875030625718e-05,6.25018750562508e-05,5.0001437541328606e-05,1.2500312507812517e-05,5.000106252257789e-05,6.250132815322237e-05,5.000106252257789e-05,8.75015312767961e-05,3.750060938490197e-05,7.500103126417882e-05,7.500103126417882e-05,7.500093751171783e-05,6.250078125976486e-05,5.0000625007811885e-05,2.500028125316374e-05,6.250070313290936e-05,3.750042187974561e-05,5.000050000499934e-05,5.0000437503827446e-05,6.250046875351477e-05,1.2500078125488106e-05,1.2500078125488106e-05,2.5000156250976213e-05,3.750023437646432e-05,7.500037500187395e-05,5.00002500012493e-05,6.250031250156162e-05,7.500037500187395e-05,5.00002500012493e-05,7.500037500187395e-05,6.250031250156162e-05,5.00002500012493e-05,6.250031250156162e-05,6.250031250156162e-05,6.250031250156162e-05,6.250031250156162e-05,6.250031250156162e-05,6.250031250156162e-05,6.250031250156162e-05
23.450000000000003,0.0014889144687453399,0.0011635879547377045,0.0009508748048204552,0.000938351554035307,0.0007631687265966966,0.0007005955061802682,0.0006130103311006544,0.0005254196789685874,0.00035026839315626345,0.0003252402712503932,0.00043780755981077637,0.0003627421303720311,0.00033771529349961316,0.00018761444481133892,0.00011256458393003226,0.0001125614867121189,0.000125061280027216,0.00017507812861489812,8.75368749085571e-05,0.000100038514828211,7.502738499552496e-05,6.252227355995707e-05,8.752932232298007e-05,7.502391387254847e-05,3.751130027920991e-05,3.751092505692363e-05,2.500672055615e-05,8.752220876047484e-05,6.251453462930264e-05,3.750750150030086e-05,2.500450081014636e-05,2.5004031900144432e-05,6.250898566669092e-05,3.750468808601155e-05,6.250711018378473e-05,6.250593806411742e-05,0.00010000850072256355,6.250492226262952e-05,2.500181263141631e-05,7.500496907920309e-05,3.75022501350089e-05,5.00026251378208e-05,1.2500562525313906e-05,3.7501406302737154e-05,8.750306260719312e-05,8.750262507875422e-05,6.250179692666297e-05,6.250156253906481e-05,3.7500796891934754e-05,0.00011250239067580426,8.750185941451442e-05,5.0000875015313837e-05,8.75014218981077e-05,7.500103126418148e-05,7.500103126418148e-05,5.000062500781366e-05,3.750046875586025e-05,5.000062500781366e-05,6.250070313291158e-05,3.750042187974695e-05,5.0000562506329265e-05,5.0000500005001116e-05,2.500021875191461e-05,1.2500093750703397e-05,0.0,3.7500234376465654e-05,5.00003125019542e-05,6.250039062744275e-05,5.0000250001251074e-05,6.250031250156384e-05,6.250031250156384e-05,3.75001875009383e-05,5.0000250001251074e-05,2.5000125000625537e-05,2.5000125000625537e-05,2.5000125000625537e-05,2.5000125000625537e-05,3.75001875009383e-05,3.75001875009383e-05,3.75001875009383e-05,5.0000250001251074e-05,5.0000250001251074e-05,5.0000250001251074e-05
23.55,0.0012762124017816746,0.001188611351613742,0.0011135244424870722,0.0009758856161966847,0.0007256358384033907,0.0005504678977130482,0.0006380311609414747,0.0005129096866121742,0.00045034507691517984,0.0003252402712503816,0.0004127899849644317,0.00020013358917076864,0.00018761960749977844,0.0001500915558490658,0.00015008611190670435,0.00017509564599662317,0.00015007353603265386,0.00015006696738419307,8.753687490855398e-05,5.001925741410372e-05,8.753194916144268e-05,0.0,5.001675561312969e-05,2.5007971290848602e-05,6.251883379868096e-05,6.251820842820383e-05,0.0,6.251586340033695e-05,2.500581385172017e-05,0.0,5.000900162029094e-05,2.5004031900143544e-05,3.750539140001322e-05,2.500312539067348e-05,7.500853222053903e-05,3.750356283846912e-05,8.750743813224e-05,2.5001968905050918e-05,0.00010000725052566169,2.5001656359733478e-05,3.750225013500757e-05,3.750196885336427e-05,7.500337515188077e-05,0.0,3.750131254593858e-05,6.25018750562508e-05,1.2500359385332151e-05,3.7500937523437555e-05,5.000106252257789e-05,5.000106252257789e-05,8.750185941451132e-05,5.0000875015312054e-05,6.250101564150329e-05,7.500103126417882e-05,8.750120314154195e-05,6.250078125976486e-05,5.0000625007811885e-05,5.0000625007811885e-05,3.750042187974561e-05,5.000056250632748e-05,5.000056250632748e-05,2.500025000249967e-05,1.2500109375956862e-05,3.750028125210886e-05,7.500046875292864e-05,6.250039062744054e-05,6.250039062744054e-05,6.250039062744054e-05,5.00002500012493e-05,2.500012500062465e-05,3.7500187500936974e-05,5.00002500012493e-05,6.250031250156162e-05,7.500037500187395e-05,7.500037500187395e-05,7.500037500187395e-05,6.250031250156162e-05,5.00002500012493e-05,5.00002500012493e-05,5.00002500012493e-05,3.7500187500936974e-05,3.7500187500936974e-05,3.7500187500936974e-05
23.650000000000002,0.0013262599469495834,0.0012011230500517814,0.0011010129318973299,0.0009883969702504884,0.0007881906520588554,0.0007131061402191762,0.0005379478415781061,0.0006004796331069356,0.00026270129486718823,0.0003002217888465061,0.00043780755981076086,0.00022515028781711473,0.00022514352899973412,0.00011256866688679935,0.0001625932878989297,7.504099114140993e-05,0.00012506128002721156,3.7516741846048266e-05,7.503160706447484e-05,0.00010003851482820744,7.50273849955223e-05,3.7513364135972905e-05,5.001675561312969e-05,3.7511956936272905e-05,2.5007533519472385e-05,2.500728337128153e-05,3.7510080834223665e-05,8.752220876047173e-05,5.001162770344034e-05,1.2502500500099842e-05,5.000900162029094e-05,0.00010001612760057418,7.501078280002643e-05,3.750468808601022e-05,2.5002844073513008e-05,3.750356283846912e-05,2.500212518064e-05,8.750689116767821e-05,6.250453157853856e-05,5.0003312719466955e-05,0.0,3.750196885336427e-05,3.750168757594038e-05,3.750140630273582e-05,7.500262509187716e-05,6.25018750562508e-05,3.750107815599645e-05,5.000125003125007e-05,0.00012500265630644474,8.750185941451132e-05,5.000106252257789e-05,0.00010000175003062411,7.500121876980394e-05,7.500103126417882e-05,3.750051563208941e-05,5.0000625007811885e-05,3.7500468755858914e-05,5.0000625007811885e-05,5.000056250632748e-05,5.000056250632748e-05,3.750042187974561e-05,1.2500125001249835e-05,3.750032812787059e-05,3.750028125210886e-05,5.0000312501952425e-05,6.250039062744054e-05,3.750023437646432e-05,3.750023437646432e-05,5.00002500012493e-05,7.500037500187395e-05,5.00002500012493e-05,5.00002500012493e-05,3.7500187500936974e-05,3.7500187500936974e-05,3.7500187500936974e-05,5.00002500012493e-05,6.250031250156162e-05,6.250031250156162e-05,6.250031250156162e-05,6.250031250156162e-05,6.250031250156162e-05,6.250031250156162e-05,6.250031250156162e-05
23.75,0.0011510935388619435,0.0012511698438039834,0.0010885014213076261,0.0007131471810668333,0.0008507454657143504,0.0007506380423360017,0.0004753957669760177,0.00038780976304824305,0.0003002300512767972,0.000375277236058146,0.00045031634723394145,0.0002501669864634697,0.00023765150283306115,0.0002001220744654282,0.0001625932878989355,0.000125068318569021,0.0001000490240217728,7.50334836920992e-05,5.002107137631834e-05,1.2504814353526374e-05,5.001825666368331e-05,6.252227355995707e-05,3.75125667098486e-05,1.2503985645424745e-05,3.751130027920991e-05,2.500728337128242e-05,1.2503360278075e-05,2.5006345360135666e-05,3.750872077758159e-05,7.501500300060172e-05,5.000900162029272e-05,5.0008063800288863e-05,5.000718853335274e-05,0.0,3.750426611027084e-05,2.500237522564697e-05,2.5002125180640886e-05,3.750295335757771e-05,6.250453157854077e-05,1.2500828179867183e-05,3.75022501350089e-05,1.25006562844552e-05,3.750168757594172e-05,8.750328137305335e-05,8.750306260719312e-05,3.750112503375181e-05,2.500071877066519e-05,3.7500937523438884e-05,3.7500796891934754e-05,8.750185941451442e-05,5.000106252257967e-05,5.0000875015313837e-05,7.500121876980661e-05,5.0000687509454324e-05,3.750051563209074e-05,3.750046875586025e-05,7.50009375117205e-05,2.500031250390683e-05,5.0000562506329265e-05,2.5000281253164633e-05,0.0,3.7500375003750834e-05,6.250054687978653e-05,7.500056250422037e-05,3.7500234376465654e-05,3.7500234376465654e-05,7.500046875293131e-05,5.00003125019542e-05,5.0000250001251074e-05,5.0000250001251074e-05,6.250031250156384e-05,5.0000250001251074e-05,6.250031250156384e-05,6.250031250156384e-05,6.250031250156384e-05,6.250031250156384e-05,5.0000250001251074e-05,5.0000250001251074e-05,5.0000250001251074e-05,5.0000250001251074e-05,5.0000250001251074e-05,5.0000250001251074e-05,5.0000250001251074e-05
23.85,0.00125118862919772,0.0010760060656713876,0.001038455378948618,0.0008132380134972373,0.0007881906520588554,0.0005254466296351825,0.0003878228625330533,0.0003752997706918348,0.000350268393156251,0.00040029571846200815,0.0002751933233096211,0.0002126419384939417,0.000200127581333097,0.00012507629654088818,0.0001250717599222536,0.00012506831856901656,0.0001375674080299327,0.0001125502255381448,5.002107137631656e-05,6.252407176762965e-05,1.2504564165920383e-05,0.00015005345654389162,7.502513341969453e-05,1.2503985645424301e-05,5.001506703894477e-05,1.2503641685640766e-05,5.001344111229822e-05,3.750951804020217e-05,6.251453462930043e-05,3.7507501500299525e-05,7.501350243043642e-05,1.2502015950071772e-05,3.750539140001322e-05,7.500937617202044e-05,6.250711018378251e-05,0.00010000950090258433,5.000425036128e-05,3.7502953357576376e-05,1.2500906315707711e-05,6.250414089933369e-05,3.750225013500757e-05,6.250328142227378e-05,0.0,2.5000937535157213e-05,5.0001750061251435e-05,1.250037501125016e-05,7.50021563119929e-05,8.750218755468762e-05,0.00010000212504515578,5.000106252257789e-05,0.00011250239067580026,7.500131252296808e-05,7.500121876980394e-05,6.250085938681569e-05,5.000068750945254e-05,5.0000625007811885e-05,1.2500156251952971e-05,5.0000625007811885e-05,2.500028125316374e-05,1.250014062658187e-05,3.750042187974561e-05,6.250062500624918e-05,5.0000437503827446e-05,2.5000187501405906e-05,6.250039062744054e-05,5.0000312501952425e-05,2.5000156250976213e-05,6.250039062744054e-05,5.00002500012493e-05,5.00002500012493e-05,5.00002500012493e-05,5.00002500012493e-05,5.00002500012493e-05,3.7500187500936974e-05,3.7500187500936974e-05,3.7500187500936974e-05,3.7500187500936974e-05,3.7500187500936974e-05,3.7500187500936974e-05,3.7500187500936974e-05,3.7500187500936974e-05,3.7500187500936974e-05,3.7500187500936974e-05
23.950000000000003,0.001126069766277988,0.0010634943672333857,0.0009383632942307123,0.0006631017648516169,0.0007006139129412297,0.0004628934594405343,0.0004753957669760177,0.0004253397401174279,0.00040030673503572967,0.0003377495124523313,0.00026268453588646585,0.00020013358917077577,0.00016260365983314712,0.0002251373337736067,0.00021262199186783873,6.25341592845105e-05,0.0001000490240217728,0.00017507812861489812,5.002107137631834e-05,0.000100038514828211,5.001825666368331e-05,5.0017818847965656e-05,6.252094451641433e-05,6.251992822712373e-05,5.0015067038946546e-05,6.251820842820605e-05,6.2516801390375e-05,5.001269072027133e-05,3.750872077758159e-05,2.5005001000200572e-05,1.250225040507318e-05,7.501209570043329e-05,2.500359426667637e-05,7.50093761720231e-05,3.750426611027084e-05,8.750831328976439e-05,5.000425036128177e-05,8.750689116768131e-05,6.250453157854077e-05,1.2500828179867183e-05,5.0003000180011864e-05,5.00026251378208e-05,3.750168757594172e-05,7.500281260547431e-05,5.000175006125321e-05,6.250187505625302e-05,1.2500359385332595e-05,8.750218755469074e-05,8.750185941451442e-05,5.000106252257967e-05,5.000106252257967e-05,7.500131252297075e-05,5.0000812513204405e-05,5.0000687509454324e-05,5.0000687509454324e-05,3.750046875586025e-05,5.000062500781366e-05,5.000062500781366e-05,1.2500140626582316e-05,3.750042187974695e-05,6.250070313291158e-05,6.25006250062514e-05,2.500021875191461e-05,7.500056250422037e-05,3.7500234376465654e-05,6.250039062744275e-05,7.500046875293131e-05,5.00003125019542e-05,6.250031250156384e-05,3.75001875009383e-05,3.75001875009383e-05,3.75001875009383e-05,1.2500062500312768e-05,2.5000125000625537e-05,3.75001875009383e-05,2.5000125000625537e-05,2.5000125000625537e-05,2.5000125000625537e-05,2.5000125000625537e-05,2.5000125000625537e-05,2.5000125000625537e-05,2.5000125000625537e-05,2.5000125000625537e-05
24.05,0.0013137480606576059,0.0010384709703572693,0.0009133402730511942,0.0007256585351206117,0.000650570062016833,0.0006005104338687799,0.00047539576697600076,0.0004128297477610183,0.0003377588076863849,0.00038778647726007043,0.0002751933233096211,0.00020013358917076864,0.0001375877121665042,0.00020012207446542106,0.0001250717599222536,0.00012506831856901656,0.00012506128002721156,7.503348369209653e-05,0.00011254741059671226,0.0001250481435352593,8.753194916144268e-05,8.753118298393679e-05,7.502513341969453e-05,2.5007971290848602e-05,1.2503766759736193e-05,1.2503641685640766e-05,8.752352194652189e-05,2.5006345360134778e-05,0.0,5.001000200039937e-05,3.750675121521821e-05,8.75141116505024e-05,3.750539140001322e-05,2.500312539067348e-05,3.7504266110269513e-05,1.2501187612823041e-05,8.750743813224e-05,5.0003937810101835e-05,2.5001812631415423e-05,1.2500828179866739e-05,1.2500750045002522e-05,3.750196885336427e-05,8.750393767719422e-05,8.750328137305024e-05,3.750131254593858e-05,3.750112503375048e-05,7.50021563119929e-05,7.500187504687511e-05,5.000106252257789e-05,0.00011250239067580026,6.250132815322237e-05,7.500131252296808e-05,5.000081251320263e-05,3.750051563208941e-05,6.250085938681569e-05,5.0000625007811885e-05,6.250078125976486e-05,1.2500156251952971e-05,3.750042187974561e-05,6.250070313290936e-05,6.250070313290936e-05,2.500025000249967e-05,7.500065625574118e-05,2.5000187501405906e-05,5.0000312501952425e-05,5.0000312501952425e-05,3.750023437646432e-05,3.750023437646432e-05,1.2500062500312325e-05,3.7500187500936974e-05,2.500012500062465e-05,3.7500187500936974e-05,3.7500187500936974e-05,2.500012500062465e-05,1.2500062500312325e-05,1.2500062500312325e-05,1.2500062500312325e-05,1.2500062500312325e-05,1.2500062500312325e-05,1.2500062500312325e-05,1.2500062500312325e-05,1.2500062500312325e-05,1.2500062500312325e-05
24.150000000000002,0.0011510935388619025,0.0011760996531757027,0.0009508748048204212,0.0008507720756586481,0.0006255481365546471,0.0006005104338687799,0.00047539576697600076,0.0004378497324738073,0.0003002300512767866,0.0004628419244716969,0.0003627548352717733,0.00032521708240249904,0.00016260365983314132,8.755340757862171e-05,0.000137578935914479,0.00012506831856901656,0.0001375674080299327,7.503348369209653e-05,0.00010004214275263312,8.75337004746815e-05,2.5009128331840767e-05,3.7513364135972905e-05,2.5008377806564843e-05,6.251992822712151e-05,6.251883379868096e-05,1.2503641685640766e-05,7.502016166844733e-05,5.0012690720269556e-05,1.2502906925860085e-05,3.7507501500299525e-05,7.501350243043642e-05,2.5004031900143544e-05,1.2501797133337739e-05,3.750468808601022e-05,2.5002844073513008e-05,2.5002375225646082e-05,2.500212518064e-05,7.500590671515275e-05,5.0003625262830846e-05,3.7502484539600216e-05,5.000300018001009e-05,0.0,2.5001125050626924e-05,5.0001875070314426e-05,3.750131254593858e-05,5.000150004500064e-05,0.00011250323446798935,8.750218755468762e-05,3.750079689193342e-05,5.000106252257789e-05,7.500159378386684e-05,5.0000875015312054e-05,5.000081251320263e-05,5.000068750945254e-05,2.500034375472627e-05,5.0000625007811885e-05,1.2500156251952971e-05,3.7500468755858914e-05,6.250070313290936e-05,6.250070313290936e-05,2.500028125316374e-05,6.250062500624918e-05,5.0000437503827446e-05,7.500056250421772e-05,5.0000312501952425e-05,3.750023437646432e-05,1.2500078125488106e-05,2.5000156250976213e-05,3.7500187500936974e-05,1.2500062500312325e-05,1.2500062500312325e-05,0.0,0.0,1.2500062500312325e-05,1.2500062500312325e-05,1.2500062500312325e-05,2.500012500062465e-05,2.500012500062465e-05,2.500012500062465e-05,2.500012500062465e-05,2.500012500062465e-05,2.500012500062465e-05,2.500012500062465e-05
24.25,0.0009509033581903011,0.000975912478167107,0.0006881330824358556,0.0008132380134972661,0.0006755919874790429,0.0005754891657909346,0.0004879061818964392,0.0003752997706918481,0.0003002300512767972,0.00038778647726008414,0.00020014059877064065,0.00016260854120125532,0.0001500956859998281,0.00015009155584907113,0.00018760763988338712,0.0001375751504259231,0.0001750857920381024,8.753906430744906e-05,3.7515803532238755e-05,7.502888612115825e-05,3.751369249776248e-05,5.0017818847965656e-05,3.75125667098486e-05,2.500797129084949e-05,2.5007533519473273e-05,2.500728337128242e-05,5.00134411123e-05,5.001269072027133e-05,7.501744155516318e-05,6.251250250050143e-05,6.25112520253659e-05,6.251007975036108e-05,7.50107828000291e-05,3.750468808601155e-05,0.00010001137629405558,6.250593806411742e-05,5.000425036128177e-05,1.2500984452525903e-05,2.500181263141631e-05,7.500496907920309e-05,3.75022501350089e-05,2.50013125689104e-05,7.500337515188344e-05,8.750328137305335e-05,3.7501312545939906e-05,2.500075002250121e-05,5.000143754133038e-05,7.500187504687777e-05,0.00011250239067580426,6.25013281532246e-05,8.750185941451442e-05,3.750065626148538e-05,2.5000406256602203e-05,3.750051563209074e-05,3.750051563209074e-05,2.500031250390683e-05,0.0,3.750046875586025e-05,5.0000562506329265e-05,2.5000281253164633e-05,6.250070313291158e-05,5.0000500005001116e-05,5.000043750382922e-05,3.750028125211019e-05,3.7500234376465654e-05,2.50001562509771e-05,3.7500234376465654e-05,1.250007812548855e-05,0.0,1.2500062500312768e-05,2.5000125000625537e-05,2.5000125000625537e-05,2.5000125000625537e-05,1.2500062500312768e-05,1.2500062500312768e-05,2.5000125000625537e-05,1.2500062500312768e-05,1.2500062500312768e-05,1.2500062500312768e-05,1.2500062500312768e-05,1.2500062500312768e-05,1.2500062500312768e-05,1.2500062500312768e-05
24.35,0.0010384865622341077,0.0009759124781670725,0.0008007366777435127,0.0006631017648515934,0.0007256358384033907,0.00045038282540158496,0.0005629686714189483,0.00026270983948428436,0.0002877204658069205,0.00042531420086588365,0.00022515817361696273,0.0002626753357866338,0.00011257176449986706,0.00017510681515724342,7.504305595335217e-05,0.00010005465485521324,5.0024512010884625e-05,7.503348369209653e-05,0.00010004214275263312,7.502888612115558e-05,2.5009128331840767e-05,5.0017818847963874e-05,1.2504188903282422e-05,3.7511956936272905e-05,2.5007533519472385e-05,2.500728337128153e-05,2.500672055614911e-05,5.0012690720269556e-05,2.500581385172017e-05,6.25125025004992e-05,3.750675121521821e-05,2.5004031900143544e-05,5.0007188533350956e-05,6.25078134766837e-05,8.750995425729553e-05,3.750356283846912e-05,6.25053129516e-05,6.25049222626273e-05,0.0,0.0,5.000300018001009e-05,8.750459399118329e-05,8.750393767719422e-05,0.0,5.0001750061251435e-05,8.750262507875112e-05,7.50021563119929e-05,3.7500937523437555e-05,5.000106252257789e-05,7.500159378386684e-05,3.750079689193342e-05,5.0000875015312054e-05,6.250101564150329e-05,5.000068750945254e-05,6.250085938681569e-05,1.2500156251952971e-05,5.0000625007811885e-05,6.250078125976486e-05,2.500028125316374e-05,6.250070313290936e-05,5.000056250632748e-05,6.250062500624918e-05,3.750032812787059e-05,1.2500093750702953e-05,3.750023437646432e-05,1.2500078125488106e-05,0.0,2.5000156250976213e-05,2.500012500062465e-05,1.2500062500312325e-05,1.2500062500312325e-05,1.2500062500312325e-05,2.500012500062465e-05,2.500012500062465e-05,3.7500187500936974e-05,2.500012500062465e-05,2.500012500062465e-05,2.500012500062465e-05,2.500012500062465e-05,5.00002500012493e-05,5.00002500012493e-05,5.00002500012493e-05,5.00002500012493e-05
24.450000000000003,0.0011135578799860105,0.0008758188906627883,0.0007131561036153413,0.0008632834297124825,0.0005004385092437355,0.00036280838712906746,0.0002752291282492734,0.0002627098394842937,0.00036277797862613,0.0004378234420678369,0.00023766696104013578,0.00022515028781712273,0.00021263555516642314,0.0001250762965408926,0.00012507175992225805,0.0001375751504259231,5.00245120108864e-05,6.252790307674933e-05,1.2505267844079586e-05,2.500962870705275e-05,0.00012504564165920828,6.252227355995707e-05,1.2504188903282866e-05,5.001594258169898e-05,1.2503766759736636e-05,3.751092505692363e-05,3.7510080834225e-05,5.001269072027133e-05,2.5005813851721057e-05,1.2502500500100286e-05,6.25112520253659e-05,3.7506047850216644e-05,3.750539140001455e-05,2.5003125390674366e-05,1.2501422036756948e-05,8.750831328976439e-05,6.250531295160221e-05,1.2500984452525903e-05,5.000362526283262e-05,5.000331271946873e-05,1.2500750045002966e-05,2.50013125689104e-05,5.0002250101255623e-05,5.00018750703162e-05,3.7501312545939906e-05,0.00010000300009000484,8.750251569732816e-05,5.0001250031251845e-05,7.500159378386951e-05,7.500159378386951e-05,3.7500796891934754e-05,3.750065626148538e-05,2.5000406256602203e-05,5.0000687509454324e-05,1.2500171877363581e-05,3.750046875586025e-05,7.50009375117205e-05,3.750046875586025e-05,7.50008437594939e-05,5.0000562506329265e-05,6.250070313291158e-05,2.5000250002500558e-05,3.7500328127871916e-05,3.750028125211019e-05,0.0,1.250007812548855e-05,2.50001562509771e-05,1.250007812548855e-05,2.5000125000625537e-05,3.75001875009383e-05,2.5000125000625537e-05,6.250031250156384e-05,6.250031250156384e-05,6.250031250156384e-05,6.250031250156384e-05,6.250031250156384e-05,6.250031250156384e-05,6.250031250156384e-05,6.250031250156384e-05,3.75001875009383e-05,3.75001875009383e-05,3.75001875009383e-05,3.75001875009383e-05
24.55,0.0010384865622341077,0.0009008422875388361,0.0006631100612563464,0.0006380790567439862,0.0004879275465126248,0.0004628934594405179,0.00041284369237389544,0.0004128297477610183,0.0003752875640959832,0.00026269406524069284,0.00022515817361696273,0.00020013358917076864,0.00011257176449986706,0.0001500915558490658,0.00011256458393002826,0.00012506831856901656,0.0001375674080299327,5.002232246139769e-05,5.002107137631656e-05,1.250481435352593e-05,7.50273849955223e-05,7.502672827194581e-05,5.001675561312969e-05,5.0015942581697205e-05,6.251883379868096e-05,0.00010002913348512612,5.001344111229822e-05,0.0,5.001162770344034e-05,3.7507501500299525e-05,7.501350243043642e-05,2.5004031900143544e-05,5.0007188533350956e-05,2.500312539067348e-05,2.5002844073513008e-05,2.5002375225646082e-05,6.25053129516e-05,6.25049222626273e-05,3.7502718947123136e-05,5.0003312719466955e-05,1.2500750045002522e-05,7.500393770672854e-05,6.25028126265673e-05,2.5000937535157213e-05,3.750131254593858e-05,6.25018750562508e-05,5.0001437541328606e-05,7.500187504687511e-05,6.250132815322237e-05,5.000106252257789e-05,5.000106252257789e-05,7.500131252296808e-05,5.000081251320263e-05,2.500034375472627e-05,1.2500171877363135e-05,6.250078125976486e-05,3.7500468755858914e-05,7.500093751171783e-05,3.750042187974561e-05,6.250070313290936e-05,3.750042187974561e-05,3.7500375003749506e-05,1.2500109375956862e-05,0.0,2.5000156250976213e-05,2.5000156250976213e-05,2.5000156250976213e-05,2.5000156250976213e-05,6.250031250156162e-05,5.00002500012493e-05,6.250031250156162e-05,3.7500187500936974e-05,2.500012500062465e-05,2.500012500062465e-05,1.2500062500312325e-05,1.2500062500312325e-05,2.500012500062465e-05,2.500012500062465e-05,2.500012500062465e-05,2.500012500062465e-05,2.500012500062465e-05,2.500012500062465e-05,2.500012500062465e-05
24.650000000000002,0.001000950903358176,0.0007757253031584421,0.0008382712095127398,0.000537988224313557,0.0005254604347059036,0.0004628934594405179,0.0005504582564985273,0.0003502797859790458,0.0003752875640959832,0.00026269406524069284,0.00017512302392430433,0.00013759184255490346,0.00015009568599982275,0.0001500915558490658,0.00010005740793780289,8.754782299831158e-05,0.00015007353603265386,3.7516741846048266e-05,0.00011254741059671226,6.252407176762965e-05,5.0018256663681534e-05,2.5008909423981937e-05,3.7512566709847265e-05,1.2503985645424301e-05,1.2503766759736193e-05,6.251820842820383e-05,3.7510080834223665e-05,0.0,5.001162770344034e-05,7.501500300059905e-05,2.500450081014547e-05,1.2502015950071772e-05,1.2501797133337739e-05,0.00010001250156269392,5.0005688147026016e-05,5.0004750451292164e-05,2.500212518064e-05,1.2500984452525459e-05,3.7502718947123136e-05,5.0003312719466955e-05,7.500450027001514e-05,0.00010000525027563805,2.5001125050626924e-05,5.0001875070314426e-05,0.00011250393763781573,7.500225006750097e-05,5.0001437541328606e-05,7.500187504687511e-05,7.500159378386684e-05,3.750079689193342e-05,3.750079689193342e-05,1.2500218753828014e-05,6.250101564150329e-05,1.2500171877363135e-05,6.250085938681569e-05,5.0000625007811885e-05,5.0000625007811885e-05,2.5000312503905943e-05,6.250070313290936e-05,2.500028125316374e-05,2.500028125316374e-05,1.2500125001249835e-05,1.2500109375956862e-05,2.5000187501405906e-05,1.2500078125488106e-05,2.5000156250976213e-05,6.250039062744054e-05,6.250039062744054e-05,2.500012500062465e-05,2.500012500062465e-05,2.500012500062465e-05,1.2500062500312325e-05,1.2500062500312325e-05,1.2500062500312325e-05,1.2500062500312325e-05,1.2500062500312325e-05,0.0,0.0,0.0,0.0,0.0,0.0,0.0
24.75,0.0009008558130223905,0.0008382837953486689,0.000813248188333284,0.0006631017648516169,0.0006380590992857627,0.0004628934594405343,0.00032527078793095947,0.0003627897783354532,0.00035026839315626345,0.0002752033064426404,0.00020014059877064065,0.00015010019187808183,0.00023765150283306115,0.00017510681515724966,7.504305595335483e-05,0.0001000546548552168,8.75428960190512e-05,8.753906430744906e-05,0.00012505267844079585,7.502888612115825e-05,8.75319491614458e-05,7.502672827194848e-05,5.001675561313146e-05,6.251992822712373e-05,1.2503766759736636e-05,8.752549179948846e-05,5.00134411123e-05,6.251586340033917e-05,5.0011627703442114e-05,6.251250250050143e-05,6.25112520253659e-05,6.251007975036108e-05,7.50107828000291e-05,7.50093761720231e-05,5.000568814702779e-05,6.250593806411742e-05,5.000425036128177e-05,1.2500984452525903e-05,1.2500906315708155e-05,1.2500828179867183e-05,3.75022501350089e-05,5.00026251378208e-05,3.750168757594172e-05,3.7501406302737154e-05,6.250218757656651e-05,0.00010000300009000484,0.00010000287508266076,7.500187504687777e-05,5.000106252257967e-05,5.000106252257967e-05,7.500159378386951e-05,5.0000875015313837e-05,2.5000406256602203e-05,3.750051563209074e-05,5.0000687509454324e-05,2.500031250390683e-05,3.750046875586025e-05,5.000062500781366e-05,3.750042187974695e-05,3.750042187974695e-05,1.2500140626582316e-05,1.2500125001250279e-05,1.2500109375957305e-05,2.5000187501406794e-05,6.250039062744275e-05,6.250039062744275e-05,2.50001562509771e-05,2.50001562509771e-05,1.2500062500312768e-05,1.2500062500312768e-05,0.0,0.0,0.0,0.0,0.0,0.0,1.2500062500312768e-05,1.2500062500312768e-05,1.2500062500312768e-05,1.2500062500312768e-05,1.2500062500312768e-05,1.2500062500312768e-05,1.2500062500312768e-05
24.85,0.0009133676993143357,0.0006881434140921664,0.0006631100612563464,0.0007506812432282189,0.0005004385092437177,0.0005504678977130482,0.0004503749371351586,0.00023768985477149536,0.0004878738333247782,0.0003377495124523194,0.0003002108981559503,0.00016260854120124952,0.00011257176449986706,0.00012507629654088818,0.000137578935914479,0.00015008198228281985,5.0024512010884625e-05,0.0001125502255381448,6.25263392203957e-05,2.500962870705186e-05,5.0018256663681534e-05,1.2504454711990968e-05,3.7512566709847265e-05,2.5007971290848602e-05,2.5007533519472385e-05,2.500728337128153e-05,3.7510080834223665e-05,3.750951804020217e-05,6.251453462930043e-05,3.7507501500299525e-05,2.500450081014547e-05,7.501209570043063e-05,2.5003594266675478e-05,3.750468808601022e-05,8.750995425729553e-05,6.250593806411521e-05,3.750318777096e-05,3.7502953357576376e-05,5.0003625262830846e-05,0.0,6.250375022501261e-05,5.0002625137819026e-05,3.750168757594038e-05,3.750140630273582e-05,7.500262509187716e-05,1.250037501125016e-05,5.0001437541328606e-05,6.250156253906259e-05,5.000106252257789e-05,2.5000531261288946e-05,1.2500265630644473e-05,6.250109376914007e-05,0.0,5.000068750945254e-05,3.750051563208941e-05,7.500093751171783e-05,6.250078125976486e-05,5.0000625007811885e-05,1.250014062658187e-05,1.250014062658187e-05,1.250014062658187e-05,1.2500125001249835e-05,2.5000218751913723e-05,6.250046875351477e-05,2.5000156250976213e-05,1.2500078125488106e-05,1.2500078125488106e-05,0.0,0.0,0.0,1.2500062500312325e-05,1.2500062500312325e-05,1.2500062500312325e-05,1.2500062500312325e-05,1.2500062500312325e-05,1.2500062500312325e-05,0.0,0.0,0.0,0.0,0.0,0.0,0.0
24.950000000000003,0.0009258795856063458,0.0006881434140921909,0.0008257596989230268,0.0005630109324211843,0.0004253727328571752,0.0005129359955962678,0.0002627187133288519,0.0002627098394842937,0.00036277797862613,0.00020014785923101118,0.00016261423650114554,0.00013759184255490833,0.00013758771216650908,0.00015009155584907113,8.755023194558065e-05,0.0001625888141397273,8.75428960190512e-05,6.252790307674933e-05,7.503160706447751e-05,3.7514443060579124e-05,3.751369249776248e-05,5.0017818847965656e-05,1.2504188903282866e-05,2.500797129084949e-05,2.5007533519473273e-05,2.500728337128242e-05,6.2516801390375e-05,3.7509518040203504e-05,2.5005813851721057e-05,6.251250250050143e-05,2.500450081014636e-05,2.5004031900144432e-05,2.500359426667637e-05,2.5003125390674366e-05,2.5002844073513896e-05,6.250593806411742e-05,3.750318777096133e-05,5.000393781010361e-05,3.7502718947124464e-05,5.000331271946873e-05,7.50045002700178e-05,3.75019688533656e-05,3.750168757594172e-05,0.00011250421890821146,8.750306260719312e-05,7.500225006750362e-05,7.500215631199557e-05,6.250156253906481e-05,5.000106252257967e-05,6.25013281532246e-05,5.000106252257967e-05,1.2500218753828459e-05,3.750060938490331e-05,6.25008593868179e-05,5.0000687509454324e-05,3.750046875586025e-05,5.000062500781366e-05,2.500031250390683e-05,3.750042187974695e-05,1.2500140626582316e-05,1.2500140626582316e-05,3.7500375003750834e-05,6.250054687978653e-05,2.5000187501406794e-05,2.50001562509771e-05,1.250007812548855e-05,0.0,1.250007812548855e-05,1.2500062500312768e-05,1.2500062500312768e-05,0.0,0.0,0.0,0.0,0.0,0.0,0.0,0.0,0.0,0.0,0.0,0.0,0.0
25.05,0.0006381062008908373,0.0007381902078443239,0.0006631100612563464,0.0004253860378293241,0.00036281791920169537,0.00030025521693438997,0.00023769788348800038,0.0003252598012662568,0.0004128163205055816,0.00022516634163487957,0.00023766696104012732,0.00013759184255490346,0.00011257176449986706,0.00012507629654088818,0.00015008611190670435,8.754782299831158e-05,8.754289601904808e-05,8.753906430744595e-05,7.503160706447484e-05,2.500962870705186e-05,5.0018256663681534e-05,0.0,3.7512566709847265e-05,1.2503985645424301e-05,3.7511300279208576e-05,3.7510925056922297e-05,2.500672055614911e-05,2.5006345360134778e-05,3.7508720777580254e-05,7.501500300059905e-05,2.500450081014547e-05,3.7506047850215316e-05,8.751257993336417e-05,5.000625078134696e-05,2.5002844073513008e-05,2.5002375225646082e-05,1.250106259032e-05,2.5001968905050918e-05,5.0003625262830846e-05,7.500496907920043e-05,8.750525031501765e-05,1.2500656284454757e-05,5.000225010125385e-05,6.250234383789303e-05,7.500262509187716e-05,7.500225006750097e-05,6.250179692666075e-05,5.000125003125007e-05,2.5000531261288946e-05,3.750079689193342e-05,6.250132815322237e-05,0.0,6.250101564150329e-05,2.500034375472627e-05,3.750051563208941e-05,6.250078125976486e-05,3.7500468755858914e-05,3.7500468755858914e-05,0.0,1.250014062658187e-05,3.750042187974561e-05,5.000050000499934e-05,2.5000218751913723e-05,1.2500093750702953e-05,0.0,0.0,1.2500078125488106e-05,0.0,0.0,0.0,0.0,0.0,0.0,2.500012500062465e-05,2.500012500062465e-05,2.500012500062465e-05,2.500012500062465e-05,2.500012500062465e-05,2.500012500062465e-05,2.500012500062465e-05,2.500012500062465e-05,2.500012500062465e-05,2.500012500062465e-05
25.150000000000002,0.0008508082678544497,0.0007006551125302058,0.00046292589182046827,0.0005129655162059496,0.00047541658378153184,0.00036280838712905456,0.0004003332774534743,0.00036278977833544034,0.0004378354914453138,0.00022516634163487957,0.00022515817361696273,0.00010006679458538432,0.00016260365983314132,0.0001500915558490658,0.0001250717599222536,3.752049557070496e-05,5.0024512010884625e-05,2.5011161230698844e-05,5.002107137631656e-05,0.00011254332918173337,6.252282082960192e-05,5.0017818847963874e-05,3.7512566709847265e-05,5.0015942581697205e-05,0.00010003013407788954,5.001456674256306e-05,0.0,5.0012690720269556e-05,7.501744155516051e-05,2.5005001000199684e-05,3.750675121521821e-05,3.7506047850215316e-05,5.0007188533350956e-05,2.500312539067348e-05,8.750995425729553e-05,5.0004750451292164e-05,1.250106259032e-05,1.2500984452525459e-05,1.2500906315707711e-05,2.5001656359733478e-05,3.750225013500757e-05,6.250328142227378e-05,3.750168757594038e-05,7.500281260547164e-05,3.750131254593858e-05,6.25018750562508e-05,7.50021563119929e-05,6.250156253906259e-05,5.000106252257789e-05,3.750079689193342e-05,1.2500265630644473e-05,3.750065626148404e-05,5.000081251320263e-05,7.500103126417882e-05,6.250085938681569e-05,3.7500468755858914e-05,2.5000312503905943e-05,0.0,2.500028125316374e-05,2.500028125316374e-05,5.000056250632748e-05,2.500025000249967e-05,1.2500109375956862e-05,0.0,1.2500078125488106e-05,1.2500078125488106e-05,0.0,0.0,0.0,2.500012500062465e-05,2.500012500062465e-05,2.500012500062465e-05,5.00002500012493e-05,2.500012500062465e-05,2.500012500062465e-05,2.500012500062465e-05,2.500012500062465e-05,2.500012500062465e-05,3.7500187500936974e-05,3.7500187500936974e-05,3.7500187500936974e-05,3.7500187500936974e-05,3.7500187500936974e-05
25.25,0.0006130824283069046,0.0007882370015965095,0.0006881330824358556,0.0005379882243135761,0.0004629056210504553,0.00048791472751840104,0.0002877395431696949,0.00031274980890987346,0.00025019170939733106,0.000187638618029073,0.00017512302392431057,0.00022515028781712273,0.00013758771216650908,5.003051861635705e-05,0.00011256458393003226,0.0001000546548552168,6.2530640013608e-05,2.5011161230699732e-05,1.2505267844079586e-05,8.753370047468462e-05,7.502738499552496e-05,2.5008909423982828e-05,5.001675561313146e-05,2.500797129084949e-05,5.0015067038946546e-05,5.001456674256484e-05,1.2503360278075e-05,3.7509518040203504e-05,5.0011627703442114e-05,6.251250250050143e-05,3.7506751215219536e-05,5.0008063800288863e-05,7.50107828000291e-05,8.751093886736029e-05,5.000568814702779e-05,1.2501187612823485e-05,3.750318777096133e-05,6.250492226262952e-05,0.0,7.500496907920309e-05,6.250375022501484e-05,1.25006562844552e-05,8.750393767719734e-05,8.750328137305335e-05,5.000175006125321e-05,6.250187505625302e-05,5.000143754133038e-05,2.5000625015625922e-05,3.7500796891934754e-05,6.25013281532246e-05,0.0,6.250109376914229e-05,2.5000406256602203e-05,2.5000343754727162e-05,5.0000687509454324e-05,1.2500156251953415e-05,1.2500156251953415e-05,2.500031250390683e-05,2.5000281253164633e-05,6.250070313291158e-05,2.5000281253164633e-05,1.2500125001250279e-05,0.0,1.2500093750703397e-05,0.0,0.0,0.0,2.50001562509771e-05,2.5000125000625537e-05,2.5000125000625537e-05,2.5000125000625537e-05,3.75001875009383e-05,1.2500062500312768e-05,2.5000125000625537e-05,2.5000125000625537e-05,3.75001875009383e-05,3.75001875009383e-05,3.75001875009383e-05,2.5000125000625537e-05,2.5000125000625537e-05,2.5000125000625537e-05,2.5000125000625537e-05,2.5000125000625537e-05
25.35,0.0006381062008908373,0.0007381902078443239,0.0007256676142050584,0.0006756131189053972,0.00042537273285716003,0.00030025521693438997,0.000337781202851369,0.0003878097630482293,0.00025019170939732217,0.00017512937682712855,0.00021264938619379814,8.755844526221129e-05,0.00018761960749977844,0.0001500915558490658,8.755023194557753e-05,0.00012506831856901656,3.7518384008163466e-05,0.00010004464492279538,3.751580353223742e-05,3.751444306057779e-05,2.5009128331840767e-05,5.0017818847963874e-05,3.7512566709847265e-05,0.0,8.752636731815335e-05,3.7510925056922297e-05,7.502016166844733e-05,6.251586340033695e-05,1.2502906925860085e-05,2.5005001000199684e-05,7.501350243043642e-05,2.5004031900143544e-05,1.2501797133337739e-05,2.500312539067348e-05,7.500853222053903e-05,6.250593806411521e-05,6.25053129516e-05,5.0003937810101835e-05,7.500543789424627e-05,8.750579725906716e-05,1.2500750045002522e-05,6.250328142227378e-05,8.750393767719422e-05,7.500281260547164e-05,7.500262509187716e-05,7.500225006750097e-05,5.0001437541328606e-05,3.7500937523437555e-05,5.000106252257789e-05,2.5000531261288946e-05,3.750079689193342e-05,6.250109376914007e-05,7.500121876980394e-05,5.000068750945254e-05,3.750051563208941e-05,3.7500468755858914e-05,1.2500156251952971e-05,1.2500156251952971e-05,6.250070313290936e-05,2.500028125316374e-05,1.250014062658187e-05,0.0,1.2500109375956862e-05,0.0,0.0,2.5000156250976213e-05,3.750023437646432e-05,2.5000156250976213e-05,3.7500187500936974e-05,2.500012500062465e-05,3.7500187500936974e-05,2.500012500062465e-05,2.500012500062465e-05,1.2500062500312325e-05,1.2500062500312325e-05,0.0,1.2500062500312325e-05,1.2500062500312325e-05,1.2500062500312325e-05,1.2500062500312325e-05,1.2500062500312325e-05,1.2500062500312325e-05,1.2500062500312325e-05
25.450000000000003,0.0008633201541464574,0.0006881434140921909,0.0005379949553589417,0.00035031791350651463,0.000550482360168109,0.0005129359955962678,0.0003502916177718025,0.0004128297477610329,0.0002877204658069307,0.00022516634163488757,0.0001250878742316504,0.00027518368510981667,0.0001751116336664661,2.5015259308178523e-05,0.00011256458393003226,0.0001375751504259231,7.50367680163296e-05,0.0001125502255381488,7.503160706447751e-05,8.753370047468462e-05,7.502738499552496e-05,3.751336413597424e-05,3.75125667098486e-05,3.7511956936274233e-05,2.5007533519473273e-05,3.751092505692363e-05,2.500672055615e-05,5.001269072027133e-05,7.501744155516318e-05,2.5005001000200572e-05,2.500450081014636e-05,3.7506047850216644e-05,3.750539140001455e-05,3.750468808601155e-05,1.2501422036756948e-05,1.2501187612823485e-05,1.2501062590320443e-05,2.5001968905051805e-05,5.000362526283262e-05,5.000331271946873e-05,3.75022501350089e-05,1.25006562844552e-05,5.0002250101255623e-05,2.50009375351581e-05,7.500262509187981e-05,7.500225006750362e-05,5.000143754133038e-05,6.250156253906481e-05,5.000106252257967e-05,0.0,6.25013281532246e-05,1.2500218753828459e-05,3.750060938490331e-05,5.0000687509454324e-05,2.5000343754727162e-05,0.0,1.2500156251953415e-05,5.000062500781366e-05,2.5000281253164633e-05,1.2500140626582316e-05,0.0,1.2500125001250279e-05,0.0,0.0,2.50001562509771e-05,2.50001562509771e-05,2.50001562509771e-05,3.7500234376465654e-05,2.5000125000625537e-05,1.2500062500312768e-05,1.2500062500312768e-05,2.5000125000625537e-05,5.0000250001251074e-05,5.0000250001251074e-05,5.0000250001251074e-05,5.0000250001251074e-05,5.0000250001251074e-05,5.0000250001251074e-05,5.0000250001251074e-05,5.0000250001251074e-05,5.0000250001251074e-05,5.0000250001251074e-05,5.0000250001251074e-05
25.55,0.0007757369501025865,0.0005880498265878513,0.0004879489129999531,0.0004504087459369314,0.0005004385092437177,0.00030025521693438997,0.00027522912824926363,0.0004503597248302017,0.0003002300512767866,0.00025018482403875507,0.00016261423650113974,0.00011257514390855736,0.00015009568599982275,0.00012507629654088818,0.00011256458393002826,7.504099114140993e-05,0.0001125551520244904,8.753906430744595e-05,5.002107137631656e-05,5.001925741410372e-05,0.0,2.5008909423981937e-05,2.5008377806564843e-05,0.0,2.5007533519472385e-05,6.251820842820383e-05,2.500672055614911e-05,2.5006345360134778e-05,8.75203484810206e-05,2.5005001000199684e-05,3.750675121521821e-05,0.00010001612760057418,5.0007188533350956e-05,8.751093886735717e-05,6.250711018378251e-05,1.2501187612823041e-05,1.250106259032e-05,1.2500984452525459e-05,5.0003625262830846e-05,5.0003312719466955e-05,2.5001500090005044e-05,8.750459399118329e-05,7.500337515188077e-05,6.250234383789303e-05,5.0001750061251435e-05,3.750112503375048e-05,2.5000718770664303e-05,2.5000625015625035e-05,2.5000531261288946e-05,3.750079689193342e-05,6.250132815322237e-05,7.500131252296808e-05,6.250101564150329e-05,2.500034375472627e-05,1.2500171877363135e-05,2.5000312503905943e-05,3.7500468755858914e-05,3.7500468755858914e-05,1.250014062658187e-05,0.0,1.250014062658187e-05,0.0,0.0,2.5000187501405906e-05,3.750023437646432e-05,2.5000156250976213e-05,2.5000156250976213e-05,1.2500078125488106e-05,5.00002500012493e-05,5.00002500012493e-05,5.00002500012493e-05,3.7500187500936974e-05,1.2500062500312325e-05,1.2500062500312325e-05,1.2500062500312325e-05,2.500012500062465e-05,2.500012500062465e-05,3.7500187500936974e-05,5.00002500012493e-05,5.00002500012493e-05,5.00002500012493e-05,5.00002500012493e-05,5.00002500012493e-05
25.650000000000002,0.0006506180871828144,0.0005505147312737331,0.00046292589182046827,0.0004754314540445387,0.0003002631055462306,0.0002502126807786583,0.00027522912824926363,0.0003127498089098623,0.00023768212392745604,0.00022516634163487957,0.00013759666165481056,0.00011257514390855736,0.0001000637906665485,0.00012507629654088818,0.00015008611190670435,7.504099114140993e-05,6.253064001360578e-05,8.753906430744595e-05,0.0,3.751444306057779e-05,5.0018256663681534e-05,2.5008909423981937e-05,2.5008377806564843e-05,5.0015942581697205e-05,3.7511300279208576e-05,2.500728337128153e-05,3.7510080834223665e-05,6.251586340033695e-05,1.2502906925860085e-05,1.2502500500099842e-05,3.750675121521821e-05,5.000806380028709e-05,3.750539140001322e-05,6.25078134766837e-05,1.2501422036756504e-05,3.750356283846912e-05,7.500637554192e-05,2.5001968905050918e-05,8.750634420995398e-05,3.7502484539600216e-05,7.500450027001514e-05,0.00010000525027563805,0.00011250506272782115,7.500281260547164e-05,7.500262509187716e-05,3.750112503375048e-05,5.0001437541328606e-05,3.7500937523437555e-05,1.2500265630644473e-05,6.250132815322237e-05,1.2500265630644473e-05,3.750065626148404e-05,3.750060938490197e-05,3.750051563208941e-05,1.2500171877363135e-05,1.2500156251952971e-05,5.0000625007811885e-05,2.5000312503905943e-05,0.0,1.250014062658187e-05,0.0,1.2500125001249835e-05,5.0000437503827446e-05,3.750028125210886e-05,2.5000156250976213e-05,1.2500078125488106e-05,5.0000312501952425e-05,3.750023437646432e-05,1.2500062500312325e-05,1.2500062500312325e-05,3.7500187500936974e-05,5.00002500012493e-05,7.500037500187395e-05,7.500037500187395e-05,7.500037500187395e-05,6.250031250156162e-05,5.00002500012493e-05,5.00002500012493e-05,3.7500187500936974e-05,5.00002500012493e-05,5.00002500012493e-05,5.00002500012493e-05,5.00002500012493e-05
25.75,0.0007006656323507481,0.0006380966203400315,0.00048794891299997037,0.00031278385134510234,0.0003628179192017082,0.00026272331481760056,0.00031276037301053796,0.0004128297477610329,0.0001876437820479983,0.00020014785923101118,0.0001250878742316504,0.00013759184255490833,0.00016260365983314712,0.0001250762965408926,0.0001625932878989355,7.50409911414126e-05,6.2530640013608e-05,5.0022322461399464e-05,3.7515803532238755e-05,5.00192574141055e-05,0.0,6.252227355995707e-05,2.500837780656573e-05,6.251992822712373e-05,6.251883379868319e-05,0.0,3.7510080834225e-05,3.7509518040203504e-05,6.251453462930264e-05,6.251250250050143e-05,6.25112520253659e-05,5.0008063800288863e-05,8.751257993336729e-05,6.250781347668592e-05,5.000568814702779e-05,3.7503562838470454e-05,3.750318777096133e-05,6.250492226262952e-05,7.500543789424893e-05,1.2500828179867183e-05,1.2500750045002966e-05,5.00026251378208e-05,0.0,6.250234383789525e-05,7.500262509187981e-05,5.000150004500242e-05,3.7501078155997786e-05,6.250156253906481e-05,3.7500796891934754e-05,5.000106252257967e-05,7.500159378386951e-05,6.250109376914229e-05,1.2500203128301101e-05,0.0,1.2500171877363581e-05,6.250078125976707e-05,2.500031250390683e-05,0.0,1.2500140626582316e-05,0.0,0.0,3.7500375003750834e-05,1.2500109375957305e-05,2.5000187501406794e-05,1.250007812548855e-05,5.00003125019542e-05,1.250007812548855e-05,2.50001562509771e-05,6.250031250156384e-05,7.50003750018766e-05,3.75001875009383e-05,5.0000250001251074e-05,2.5000125000625537e-05,2.5000125000625537e-05,2.5000125000625537e-05,2.5000125000625537e-05,2.5000125000625537e-05,1.2500062500312768e-05,1.2500062500312768e-05,0.0,0.0,0.0,0.0
25.85,0.0007006656323507233,0.0007256785094062846,0.0006380870400768617,0.00048794280809834236,0.00045039465831934593,0.0004003402892458533,0.000337781202851369,0.0004253397401174127,0.0002001533675178577,0.00021265710043294182,0.00012508787423164597,0.00017511689052442258,7.504784299991137e-05,0.00010006103723271053,5.0028703968901445e-05,6.253415928450828e-05,7.503676801632693e-05,6.252790307674711e-05,6.25263392203957e-05,6.252407176762965e-05,5.0018256663681534e-05,2.5008909423981937e-05,5.001675561312969e-05,7.502391387254581e-05,2.5007533519472385e-05,0.0,3.7510080834223665e-05,6.251586340033695e-05,3.7508720777580254e-05,7.501500300059905e-05,1.2502250405072735e-05,2.5004031900143544e-05,2.5003594266675478e-05,1.250156269533674e-05,2.5002844073513008e-05,3.750356283846912e-05,2.500212518064e-05,3.7502953357576376e-05,3.7502718947123136e-05,6.250414089933369e-05,5.000300018001009e-05,7.500393770672854e-05,6.25028126265673e-05,6.250234383789303e-05,3.750131254593858e-05,2.500075002250032e-05,5.0001437541328606e-05,1.2500312507812517e-05,3.750079689193342e-05,2.5000531261288946e-05,3.750079689193342e-05,3.750065626148404e-05,3.750060938490197e-05,2.500034375472627e-05,3.750051563208941e-05,2.5000312503905943e-05,1.2500156251952971e-05,1.2500156251952971e-05,0.0,0.0,5.000056250632748e-05,1.2500125001249835e-05,2.5000218751913723e-05,3.750028125210886e-05,5.0000312501952425e-05,1.2500078125488106e-05,6.250039062744054e-05,6.250039062744054e-05,3.7500187500936974e-05,2.500012500062465e-05,2.500012500062465e-05,0.0,0.0,1.2500062500312325e-05,1.2500062500312325e-05,1.2500062500312325e-05,2.500012500062465e-05,2.500012500062465e-05,2.500012500062465e-05,2.500012500062465e-05,2.500012500062465e-05,2.500012500062465e-05,2.500012500062465e-05
25.950000000000003,0.0005880586557229493,0.0005254913343976731,0.00045041438123074185,0.00043789739188314326,0.0003252850310084281,0.00030025521693440065,0.00031276037301053796,0.00023768985477150382,0.0001876437820479983,0.00022516634163488757,0.00017512302392431057,0.00011257514390856136,0.00012507973833319008,0.0001250762965408926,3.7521527976677415e-05,6.25341592845105e-05,1.25061280027216e-05,2.5011161230699732e-05,0.00012505267844079585,6.252407176763188e-05,2.5009128331841655e-05,3.751336413597424e-05,1.2504188903282866e-05,7.502391387254847e-05,3.751130027920991e-05,7.502185011384726e-05,7.502016166845e-05,5.001269072027133e-05,2.5005813851721057e-05,1.2502500500100286e-05,3.7506751215219536e-05,3.7506047850216644e-05,2.500359426667637e-05,3.750468808601155e-05,0.0,1.2501187612823485e-05,1.2501062590320443e-05,5.000393781010361e-05,7.500543789424893e-05,1.2500828179867183e-05,0.00010000600036002373,8.75045939911864e-05,0.00010000450020251125,6.250234383789525e-05,3.7501312545939906e-05,6.250187505625302e-05,3.7501078155997786e-05,0.0,5.000106252257967e-05,7.500159378386951e-05,6.25013281532246e-05,1.2500218753828459e-05,0.0,1.2500171877363581e-05,5.0000687509454324e-05,2.500031250390683e-05,0.0,0.0,0.0,2.5000281253164633e-05,1.2500140626582316e-05,2.5000250002500558e-05,5.000043750382922e-05,2.5000187501406794e-05,5.00003125019542e-05,7.500046875293131e-05,3.7500234376465654e-05,2.50001562509771e-05,0.0,1.2500062500312768e-05,2.5000125000625537e-05,2.5000125000625537e-05,2.5000125000625537e-05,1.2500062500312768e-05,1.2500062500312768e-05,1.2500062500312768e-05,0.0,0.0,0.0,0.0,0.0,0.0,0.0
26.05,0.0005630348831389741,0.0003753509531411817,0.0004379028706409835,0.0004754314540445387,0.00043788369558825303,0.00035029775309012163,0.0004378645222147376,0.00023768985477149536,0.0002001533675178577,0.0001876386180290663,0.00011257908680848136,0.00013759184255490346,8.755581683322995e-05,0.00010006103723271053,0.0001250717599222536,3.752049557070496e-05,5.0024512010884625e-05,1.2505580615349422e-05,5.002107137631656e-05,3.751444306057779e-05,2.5009128331840767e-05,5.0017818847963874e-05,1.2504188903282422e-05,6.251992822712151e-05,5.001506703894477e-05,3.7510925056922297e-05,3.7510080834223665e-05,5.0012690720269556e-05,2.500581385172017e-05,5.001000200039937e-05,0.00010001800324058188,5.000806380028709e-05,8.751257993336417e-05,5.000625078134696e-05,3.7504266110269513e-05,6.250593806411521e-05,1.250106259032e-05,8.750689116767821e-05,0.0,6.250414089933369e-05,6.250375022501261e-05,5.0002625137819026e-05,3.750168757594038e-05,8.750328137305024e-05,5.0001750061251435e-05,2.500075002250032e-05,3.750107815599645e-05,3.7500937523437555e-05,3.750079689193342e-05,2.5000531261288946e-05,3.750079689193342e-05,3.750065626148404e-05,2.5000406256601315e-05,2.500034375472627e-05,2.500034375472627e-05,0.0,1.2500156251952971e-05,0.0,2.500028125316374e-05,3.750042187974561e-05,2.500028125316374e-05,5.000050000499934e-05,1.2500109375956862e-05,5.000037500281181e-05,3.750023437646432e-05,2.5000156250976213e-05,0.0,1.2500078125488106e-05,2.500012500062465e-05,1.2500062500312325e-05,0.0,0.0,0.0,1.2500062500312325e-05,1.2500062500312325e-05,2.500012500062465e-05,2.500012500062465e-05,3.7500187500936974e-05,3.7500187500936974e-05,3.7500187500936974e-05,3.7500187500936974e-05,3.7500187500936974e-05,3.7500187500936974e-05
26.150000000000002,0.0006005705420149056,0.0005380030328356938,0.0003503222965127868,0.000500454162152146,0.00037532888193278827,0.0002502126807786583,0.000337781202851369,0.0003127498089098623,0.0002001533675178577,0.00013760165322131528,0.00017512302392430433,0.0001501001918780765,0.00012507973833318563,0.00010006103723271053,7.504305595335217e-05,5.002732742760662e-05,0.0001125551520244904,6.252790307674711e-05,5.002107137631656e-05,6.252407176762965e-05,6.252282082960192e-05,1.2504454711990968e-05,2.5008377806564843e-05,2.5007971290848602e-05,5.001506703894477e-05,2.500728337128153e-05,2.500672055614911e-05,7.501903608040434e-05,1.2502906925860085e-05,1.2502500500099842e-05,5.000900162029094e-05,2.5004031900143544e-05,5.0007188533350956e-05,3.750468808601022e-05,3.7504266110269513e-05,2.5002375225646082e-05,7.500637554192e-05,7.500590671515275e-05,3.7502718947123136e-05,1.2500828179866739e-05,7.500450027001514e-05,3.750196885336427e-05,7.500337515188077e-05,3.750140630273582e-05,2.5000875030625718e-05,5.000150004500064e-05,1.2500359385332151e-05,6.250156253906259e-05,5.000106252257789e-05,3.750079689193342e-05,1.2500265630644473e-05,0.0,1.2500203128300657e-05,6.250085938681569e-05,1.2500171877363135e-05,1.2500156251952971e-05,0.0,2.5000312503905943e-05,3.750042187974561e-05,2.500028125316374e-05,5.000056250632748e-05,1.2500125001249835e-05,6.250054687978431e-05,5.000037500281181e-05,1.2500078125488106e-05,1.2500078125488106e-05,2.5000156250976213e-05,1.2500078125488106e-05,0.0,1.2500062500312325e-05,3.7500187500936974e-05,3.7500187500936974e-05,3.7500187500936974e-05,3.7500187500936974e-05,5.00002500012493e-05,5.00002500012493e-05,5.00002500012493e-05,3.7500187500936974e-05,3.7500187500936974e-05,3.7500187500936974e-05,3.7500187500936974e-05,3.7500187500936974e-05,3.7500187500936974e-05
26.25,0.0007131775186427258,0.0005254913343976731,0.000437902870640999,0.00030027249729129823,0.0002126863664285876,0.00026272331481760056,0.0004753957669760177,0.0002752198318406886,0.00022517253845759792,0.00012509241201938198,0.0002126493861938057,0.00016260854120125532,2.5015947666638014e-05,0.0001000610372327141,0.00015008611190670966,0.0001000546548552168,0.0001000490240217728,7.50334836920992e-05,0.00010004214275263669,2.500962870705275e-05,2.5009128331841655e-05,2.5008909423982828e-05,1.2504188903282866e-05,2.500797129084949e-05,5.0015067038946546e-05,2.500728337128242e-05,6.2516801390375e-05,2.5006345360135666e-05,6.251453462930264e-05,7.501500300060172e-05,5.000900162029272e-05,8.751411165050551e-05,6.250898566669092e-05,2.5003125390674366e-05,5.000568814702779e-05,5.000475045129394e-05,3.750318777096133e-05,5.000393781010361e-05,3.7502718947124464e-05,7.500496907920309e-05,7.50045002700178e-05,8.75045939911864e-05,6.250281262656953e-05,3.7501406302737154e-05,6.250218757656651e-05,5.000150004500242e-05,2.500071877066519e-05,6.250156253906481e-05,3.7500796891934754e-05,5.000106252257967e-05,3.7500796891934754e-05,2.5000437507656918e-05,5.0000812513204405e-05,1.2500171877363581e-05,0.0,0.0,0.0,2.500031250390683e-05,2.5000281253164633e-05,2.5000281253164633e-05,1.2500140626582316e-05,6.25006250062514e-05,3.7500328127871916e-05,0.0,2.50001562509771e-05,1.250007812548855e-05,0.0,2.50001562509771e-05,3.75001875009383e-05,3.75001875009383e-05,3.75001875009383e-05,5.0000250001251074e-05,6.250031250156384e-05,5.0000250001251074e-05,3.75001875009383e-05,2.5000125000625537e-05,2.5000125000625537e-05,2.5000125000625537e-05,3.75001875009383e-05,3.75001875009383e-05,3.75001875009383e-05,3.75001875009383e-05,3.75001875009383e-05
26.35,0.0004504279065111792,0.0006506083187780482,0.0004253913600512411,0.0003378065594526986,0.00027524118008404475,0.00026272331481759124,0.0002502082984084215,0.00025019984712788986,0.0002877204658069205,0.0001626201356251908,0.00010007029938531676,0.0001501001918780765,0.00011257176449986706,0.00013758392619497698,6.25358799611268e-05,8.754782299831158e-05,7.503676801632693e-05,2.5011161230698844e-05,2.501053568815828e-05,3.751444306057779e-05,2.5009128331840767e-05,3.7513364135972905e-05,5.001675561312969e-05,5.0015942581697205e-05,0.0,5.001456674256306e-05,3.7510080834223665e-05,5.0012690720269556e-05,6.251453462930043e-05,2.5005001000199684e-05,1.2502250405072735e-05,2.5004031900143544e-05,1.2501797133337739e-05,1.250156269533674e-05,0.0,1.2501187612823041e-05,5.000425036128e-05,6.25049222626273e-05,3.7502718947123136e-05,0.00010000662543893391,8.750525031501765e-05,5.0002625137819026e-05,7.500337515188077e-05,5.0001875070314426e-05,2.5000875030625718e-05,2.500075002250032e-05,5.0001437541328606e-05,1.2500312507812517e-05,6.250132815322237e-05,3.750079689193342e-05,0.0,1.2500218753828014e-05,3.750060938490197e-05,1.2500171877363135e-05,1.2500171877363135e-05,0.0,3.7500468755858914e-05,2.5000312503905943e-05,1.250014062658187e-05,3.750042187974561e-05,6.250070313290936e-05,3.7500375003749506e-05,0.0,2.5000187501405906e-05,0.0,1.2500078125488106e-05,3.750023437646432e-05,5.0000312501952425e-05,6.250031250156162e-05,5.00002500012493e-05,2.500012500062465e-05,2.500012500062465e-05,1.2500062500312325e-05,1.2500062500312325e-05,2.500012500062465e-05,2.500012500062465e-05,2.500012500062465e-05,2.500012500062465e-05,1.2500062500312325e-05,1.2500062500312325e-05,1.2500062500312325e-05,1.2500062500312325e-05,1.2500062500312325e-05
26.450000000000003,0.0004379160202192176,0.0003378158578270755,0.00042539136005125623,0.0004754314540445556,0.00033779599373952144,0.00036280838712906746,0.00042535410729433164,0.0001626299006331342,0.00017513419657813172,0.00011258317081744378,0.00011257908680848536,0.00010006679458538788,0.00012507973833319008,0.00013758392619498186,8.755023194558065e-05,7.50409911414126e-05,8.75428960190512e-05,3.75167418460496e-05,5.002107137631834e-05,1.2504814353526374e-05,5.001825666368331e-05,2.5008909423982828e-05,6.252094451641433e-05,2.500797129084949e-05,0.0,3.751092505692363e-05,6.2516801390375e-05,2.5006345360135666e-05,2.5005813851721057e-05,2.5005001000200572e-05,3.7506751215219536e-05,3.7506047850216644e-05,6.250898566669092e-05,1.2501562695337183e-05,5.000568814702779e-05,0.0,8.75074381322431e-05,0.0,5.000362526283262e-05,5.000331271946873e-05,1.2500750045002966e-05,7.50039377067312e-05,2.5001125050627812e-05,2.50009375351581e-05,5.000175006125321e-05,1.2500375011250605e-05,5.000143754133038e-05,7.500187504687777e-05,5.000106252257967e-05,2.5000531261289834e-05,2.5000531261289834e-05,5.0000875015313837e-05,2.5000406256602203e-05,0.0,0.0,2.500031250390683e-05,2.500031250390683e-05,1.2500156251953415e-05,5.0000562506329265e-05,5.0000562506329265e-05,3.750042187974695e-05,0.0,2.500021875191461e-05,0.0,3.7500234376465654e-05,3.7500234376465654e-05,6.250039062744275e-05,2.50001562509771e-05,1.2500062500312768e-05,1.2500062500312768e-05,2.5000125000625537e-05,1.2500062500312768e-05,1.2500062500312768e-05,1.2500062500312768e-05,0.0,0.0,0.0,0.0,0.0,0.0,0.0,1.2500062500312768e-05,1.2500062500312768e-05
26.55,0.0005129873379710653,0.00040037435001726045,0.0005379949553589226,0.0003002724972912876,0.0003252850310084165,0.00036280838712905456,0.00041284369237389544,0.00022517986241510086,0.00021266295298772383,0.00013760165322131528,0.00012508787423164597,0.00016260854120124952,0.00015009568599982275,0.0001500915558490658,7.504305595335217e-05,3.752049557070496e-05,3.7518384008163466e-05,2.5011161230698844e-05,3.751580353223742e-05,1.250481435352593e-05,1.2504564165920383e-05,3.7513364135972905e-05,7.502513341969453e-05,5.0015942581697205e-05,6.251883379868096e-05,6.251820842820383e-05,3.7510080834223665e-05,2.5006345360134778e-05,3.7508720777580254e-05,8.75175035006989e-05,6.251125202536367e-05,7.501209570043063e-05,2.5003594266675478e-05,3.750468808601022e-05,5.0005688147026016e-05,7.500712567693824e-05,7.500637554192e-05,3.7502953357576376e-05,0.0,8.750579725906716e-05,5.000300018001009e-05,6.250328142227378e-05,6.25028126265673e-05,5.0001875070314426e-05,5.0001750061251435e-05,3.750112503375048e-05,3.750107815599645e-05,2.5000625015625035e-05,3.750079689193342e-05,1.2500265630644473e-05,1.2500265630644473e-05,3.750065626148404e-05,0.0,1.2500171877363135e-05,0.0,2.5000312503905943e-05,2.5000312503905943e-05,5.0000625007811885e-05,2.500028125316374e-05,5.000056250632748e-05,0.0,2.500025000249967e-05,0.0,3.750028125210886e-05,3.750023437646432e-05,5.0000312501952425e-05,1.2500078125488106e-05,2.5000156250976213e-05,1.2500062500312325e-05,1.2500062500312325e-05,0.0,1.2500062500312325e-05,2.500012500062465e-05,2.500012500062465e-05,2.500012500062465e-05,3.7500187500936974e-05,3.7500187500936974e-05,3.7500187500936974e-05,3.7500187500936974e-05,3.7500187500936974e-05,3.7500187500936974e-05,3.7500187500936974e-05,3.7500187500936974e-05
26.650000000000002,0.000500475451679088,0.00045042114376941803,0.00046292589182046827,0.00048794280809834236,0.00031277406827732356,0.00028774458289545704,0.00023769788348800038,0.0001876498853459174,0.0002001533675178577,0.00010007392961550204,0.00015010544907797515,7.505009593903824e-05,0.00011257176449986706,3.752288896226645e-05,6.25358799611268e-05,7.504099114140993e-05,7.503676801632693e-05,5.002232246139769e-05,6.25263392203957e-05,5.001925741410372e-05,5.0018256663681534e-05,1.2504454711990968e-05,7.502513341969453e-05,3.7511956936272905e-05,3.7511300279208576e-05,5.001456674256306e-05,6.251680139037277e-05,2.5006345360134778e-05,2.500581385172017e-05,3.7507501500299525e-05,2.500450081014547e-05,5.000806380028709e-05,3.750539140001322e-05,5.000625078134696e-05,5.0005688147026016e-05,5.0004750451292164e-05,2.500212518064e-05,3.7502953357576376e-05,0.00010000725052566169,8.750579725906716e-05,0.00010000600036002018,5.0002625137819026e-05,5.000225010125385e-05,3.750140630273582e-05,2.5000875030625718e-05,3.750112503375048e-05,3.750107815599645e-05,6.250156253906259e-05,2.5000531261288946e-05,2.5000531261288946e-05,2.5000531261288946e-05,2.5000437507656027e-05,0.0,0.0,2.500034375472627e-05,2.5000312503905943e-05,2.5000312503905943e-05,1.2500156251952971e-05,5.000056250632748e-05,0.0,2.500028125316374e-05,0.0,3.750032812787059e-05,5.000037500281181e-05,2.5000156250976213e-05,1.2500078125488106e-05,1.2500078125488106e-05,0.0,1.2500062500312325e-05,2.500012500062465e-05,3.7500187500936974e-05,3.7500187500936974e-05,2.500012500062465e-05,2.500012500062465e-05,2.500012500062465e-05,1.2500062500312325e-05,2.500012500062465e-05,2.500012500062465e-05,2.500012500062465e-05,2.500012500062465e-05,2.500012500062465e-05,1.2500062500312325e-05,1.2500062500312325e-05
26.75,0.0006381062008908599,0.00035032755626511535,0.0003628338071025421,0.00030027249729129823,0.0002627302173529611,0.0003753190211680008,0.00021267705364716582,0.000200159877702319,0.0001626246111082652,0.000187638618029073,0.00016261423650114554,0.00012508349323173484,0.00010006379066655205,3.752288896226778e-05,6.253587996112903e-05,1.25068318569021e-05,1.25061280027216e-05,0.00013756138676884852,7.503160706447751e-05,3.7514443060579124e-05,3.751369249776248e-05,1.2504454711991414e-05,5.001675561313146e-05,3.7511956936274233e-05,2.5007533519473273e-05,1.250364168564121e-05,6.2516801390375e-05,1.2503172680067833e-05,3.750872077758159e-05,8.751750350070201e-05,8.751575283551225e-05,6.251007975036108e-05,3.750539140001455e-05,2.5003125390674366e-05,1.2501422036756948e-05,2.500237522564697e-05,7.500637554192267e-05,3.750295335757771e-05,8.750634420995709e-05,5.000331271946873e-05,3.75022501350089e-05,7.50039377067312e-05,2.5001125050627812e-05,5.00018750703162e-05,1.2500437515313303e-05,5.000150004500242e-05,5.000143754133038e-05,3.7500937523438884e-05,1.2500265630644917e-05,0.0,6.25013281532246e-05,0.0,1.2500203128301101e-05,0.0,3.750051563209074e-05,1.2500156251953415e-05,3.750046875586025e-05,7.50009375117205e-05,2.5000281253164633e-05,2.5000281253164633e-05,0.0,3.7500375003750834e-05,5.000043750382922e-05,2.5000187501406794e-05,2.50001562509771e-05,1.250007812548855e-05,1.250007812548855e-05,3.7500234376465654e-05,3.75001875009383e-05,2.5000125000625537e-05,2.5000125000625537e-05,1.2500062500312768e-05,1.2500062500312768e-05,1.2500062500312768e-05,1.2500062500312768e-05,1.2500062500312768e-05,0.0,0.0,0.0,0.0,0.0,0.0,0.0
26.85,0.00035033281617536164,0.00045042114376941803,0.00032529927533330203,0.0002252043729684657,0.0003002631055462306,0.00037531902116798744,0.0002877395431696847,0.0001751398929895229,0.0001876437820479916,0.00012509241201937753,0.00011257908680848136,7.505009593903824e-05,0.00011257176449986706,0.00013758392619497698,2.5014351984450722e-05,5.002732742760662e-05,1.2506128002721156e-05,3.7516741846048266e-05,1.250526784407914e-05,3.751444306057779e-05,3.751369249776115e-05,2.5008909423981937e-05,2.5008377806564843e-05,5.0015942581697205e-05,2.5007533519472385e-05,3.7510925056922297e-05,3.7510080834223665e-05,7.501903608040434e-05,6.251453462930043e-05,1.2502500500099842e-05,2.500450081014547e-05,1.2502015950071772e-05,0.0,1.250156269533674e-05,0.0,7.500712567693824e-05,1.250106259032e-05,5.0003937810101835e-05,3.7502718947123136e-05,3.7502484539600216e-05,7.500450027001514e-05,3.750196885336427e-05,6.25028126265673e-05,2.5000937535157213e-05,2.5000875030625718e-05,3.750112503375048e-05,5.0001437541328606e-05,2.5000625015625035e-05,0.0,3.750079689193342e-05,1.2500265630644473e-05,0.0,0.0,5.000068750945254e-05,2.500034375472627e-05,5.0000625007811885e-05,5.0000625007811885e-05,2.5000312503905943e-05,1.250014062658187e-05,0.0,3.750042187974561e-05,5.000050000499934e-05,2.5000218751913723e-05,1.2500093750702953e-05,0.0,2.5000156250976213e-05,3.750023437646432e-05,1.2500078125488106e-05,1.2500062500312325e-05,1.2500062500312325e-05,0.0,0.0,0.0,2.500012500062465e-05,3.7500187500936974e-05,3.7500187500936974e-05,3.7500187500936974e-05,3.7500187500936974e-05,3.7500187500936974e-05,3.7500187500936974e-05,3.7500187500936974e-05,3.7500187500936974e-05,3.7500187500936974e-05
26.950000000000003,0.00041289224763526233,0.00043790944533139415,0.0003628338071025421,0.0002502270810760819,0.0002627302173529611,0.0004003402892458675,0.0002627187133288519,0.00018764988534592406,0.00011258626922879896,0.00022516634163488757,0.00016261423650114554,0.00011257514390856136,6.253986916659504e-05,6.25381482704463e-05,5.002870396890323e-05,0.0001125614867121189,6.2530640013608e-05,7.50334836920992e-05,7.503160706447751e-05,3.7514443060579124e-05,2.5009128331841655e-05,1.2504454711991414e-05,3.75125667098486e-05,3.7511956936274233e-05,3.751130027920991e-05,7.502185011384726e-05,3.7510080834225e-05,5.001269072027133e-05,1.2502906925860529e-05,2.5005001000200572e-05,2.500450081014636e-05,6.251007975036108e-05,2.500359426667637e-05,5.000625078134873e-05,2.5002844073513896e-05,8.750831328976439e-05,1.2501062590320443e-05,0.0,8.750634420995709e-05,5.000331271946873e-05,6.250375022501484e-05,3.75019688533656e-05,3.750168757594172e-05,5.00018750703162e-05,5.000175006125321e-05,5.000150004500242e-05,5.000143754133038e-05,2.5000625015625922e-05,2.5000531261289834e-05,5.000106252257967e-05,1.2500265630644917e-05,1.2500218753828459e-05,2.5000406256602203e-05,1.2500171877363581e-05,1.2500171877363581e-05,1.2500156251953415e-05,5.000062500781366e-05,1.2500156251953415e-05,1.2500140626582316e-05,3.750042187974695e-05,5.0000562506329265e-05,2.5000250002500558e-05,1.2500109375957305e-05,0.0,3.7500234376465654e-05,2.50001562509771e-05,1.250007812548855e-05,1.250007812548855e-05,0.0,2.5000125000625537e-05,3.75001875009383e-05,3.75001875009383e-05,5.0000250001251074e-05,5.0000250001251074e-05,5.0000250001251074e-05,5.0000250001251074e-05,5.0000250001251074e-05,5.0000250001251074e-05,5.0000250001251074e-05,5.0000250001251074e-05,5.0000250001251074e-05,5.0000250001251074e-05,5.0000250001251074e-05
27.05,0.00041289224763524764,0.00048795623908353623,0.0004253913600512411,0.00035031791350650216,0.00031277406827732356,0.00026272331481759124,0.00027522912824926363,0.00028772982419707335,0.0001501150256383933,0.00015011089442325306,0.00015010544907797515,3.752504796951912e-05,0.0001000637906665485,0.0001500915558490658,8.755023194557753e-05,0.00010005465485521324,7.503676801632693e-05,6.252790307674711e-05,1.250526784407914e-05,1.250481435352593e-05,2.5009128331840767e-05,5.0017818847963874e-05,5.001675561312969e-05,0.0,3.7511300279208576e-05,5.001456674256306e-05,3.7510080834223665e-05,3.750951804020217e-05,3.7508720777580254e-05,5.001000200039937e-05,8.751575283550915e-05,2.5004031900143544e-05,2.5003594266675478e-05,3.750468808601022e-05,8.750995425729553e-05,5.0004750451292164e-05,6.25053129516e-05,8.750689116767821e-05,8.750634420995398e-05,7.500496907920043e-05,6.250375022501261e-05,5.0002625137819026e-05,2.5001125050626924e-05,1.2500468767578606e-05,5.0001750061251435e-05,3.750112503375048e-05,3.750107815599645e-05,1.2500312507812517e-05,1.2500265630644473e-05,2.5000531261288946e-05,0.0,0.0,2.5000406256601315e-05,2.500034375472627e-05,5.000068750945254e-05,7.500093751171783e-05,0.0,1.2500156251952971e-05,1.250014062658187e-05,3.750042187974561e-05,2.500028125316374e-05,1.2500125001249835e-05,1.2500109375956862e-05,3.750028125210886e-05,1.2500078125488106e-05,1.2500078125488106e-05,0.0,3.750023437646432e-05,3.7500187500936974e-05,5.00002500012493e-05,5.00002500012493e-05,5.00002500012493e-05,5.00002500012493e-05,3.7500187500936974e-05,2.500012500062465e-05,2.500012500062465e-05,2.500012500062465e-05,2.500012500062465e-05,2.500012500062465e-05,2.500012500062465e-05,2.500012500062465e-05,2.500012500062465e-05,2.500012500062465e-05
27.150000000000002,0.00035033281617536164,0.00048795623908353623,0.00033781078592304444,0.00032529520539889485,0.0003252850310084165,0.0004628934594405179,0.00015012497904505286,0.0001626299006331284,0.00013760544016852718,8.756468841356428e-05,0.00012508787423164597,0.0001250834932317304,0.00015009568599982275,6.253814827044409e-05,8.755023194557753e-05,6.253415928450828e-05,2.5012256005442313e-05,2.5011161230698844e-05,5.002107137631656e-05,3.751444306057779e-05,1.2504564165920383e-05,6.252227355995485e-05,2.5008377806564843e-05,0.0,5.001506703894477e-05,1.2503641685640766e-05,2.500672055614911e-05,2.5006345360134778e-05,8.75203484810206e-05,2.5005001000199684e-05,5.000900162029094e-05,3.7506047850215316e-05,6.25089856666887e-05,5.000625078134696e-05,2.5002844073513008e-05,5.0004750451292164e-05,1.250106259032e-05,0.00010000787562020367,5.0003625262830846e-05,6.250414089933369e-05,3.750225013500757e-05,2.5001312568909513e-05,3.750168757594038e-05,0.0,3.750131254593858e-05,5.000150004500064e-05,1.2500359385332151e-05,2.5000625015625035e-05,6.250132815322237e-05,1.2500265630644473e-05,1.2500265630644473e-05,1.2500218753828014e-05,1.2500203128300657e-05,3.750051563208941e-05,2.500034375472627e-05,2.5000312503905943e-05,2.5000312503905943e-05,0.0,5.000056250632748e-05,2.500028125316374e-05,1.250014062658187e-05,1.2500125001249835e-05,3.750032812787059e-05,2.5000187501405906e-05,1.2500078125488106e-05,2.5000156250976213e-05,3.750023437646432e-05,5.0000312501952425e-05,5.00002500012493e-05,3.7500187500936974e-05,2.500012500062465e-05,2.500012500062465e-05,1.2500062500312325e-05,0.0,0.0,0.0,0.0,0.0,0.0,0.0,2.500012500062465e-05,2.500012500062465e-05,2.500012500062465e-05
27.25,0.0004379160202192176,0.0002877690640749162,0.0003878568282820277,0.00030027249729129823,0.0002627302173529611,0.0003502977530901341,0.00021267705364716582,0.00022517986241510886,0.00013760544016853206,0.00015011089442325837,0.00011257908680848536,0.00010006679458538788,0.00012507973833319008,8.755340757862483e-05,7.504305595335483e-05,8.75478229983147e-05,2.50122560054432e-05,5.0022322461399464e-05,0.0,5.00192574141055e-05,6.252282082960414e-05,7.502672827194848e-05,3.75125667098486e-05,6.251992822712373e-05,7.502260055841982e-05,7.502185011384726e-05,2.500672055615e-05,2.5006345360135666e-05,5.0011627703442114e-05,8.751750350070201e-05,6.25112520253659e-05,3.7506047850216644e-05,1.2501797133338185e-05,1.2501562695337183e-05,5.000568814702779e-05,3.7503562838470454e-05,6.250531295160221e-05,3.750295335757771e-05,3.7502718947124464e-05,6.250414089933591e-05,6.250375022501484e-05,5.00026251378208e-05,6.250281262656953e-05,5.00018750703162e-05,3.7501312545939906e-05,5.000150004500242e-05,3.7501078155997786e-05,0.0,2.5000531261289834e-05,0.0,0.0,3.750065626148538e-05,2.5000406256602203e-05,2.5000343754727162e-05,5.0000687509454324e-05,1.2500156251953415e-05,0.0,3.750046875586025e-05,3.750042187974695e-05,2.5000281253164633e-05,0.0,3.7500375003750834e-05,1.2500109375957305e-05,0.0,3.7500234376465654e-05,5.00003125019542e-05,5.00003125019542e-05,2.50001562509771e-05,2.5000125000625537e-05,0.0,0.0,2.5000125000625537e-05,3.75001875009383e-05,5.0000250001251074e-05,5.0000250001251074e-05,5.0000250001251074e-05,5.0000250001251074e-05,5.0000250001251074e-05,5.0000250001251074e-05,5.0000250001251074e-05,2.5000125000625537e-05,2.5000125000625537e-05,2.5000125000625537e-05
27.35,0.00040038036134327045,0.00033781585782706355,0.0002502302117948477,0.0002627384351298766,0.00037532888193278827,0.0002752339488565241,0.00021267705364715823,0.0001626299006331284,0.00010007668375892885,7.505544721162653e-05,0.00015010544907797515,0.0001501001918780765,0.0001375877121665042,6.253814827044409e-05,5.0028703968901445e-05,5.002732742760662e-05,3.7518384008163466e-05,3.7516741846048266e-05,1.250526784407914e-05,5.001925741410372e-05,1.2504564165920383e-05,6.252227355995485e-05,3.7512566709847265e-05,3.7511956936272905e-05,1.2503766759736193e-05,7.502185011384459e-05,1.2503360278074556e-05,6.251586340033695e-05,6.251453462930043e-05,2.5005001000199684e-05,1.2502250405072735e-05,0.0,1.2501797133337739e-05,0.0,7.500853222053903e-05,1.2501187612823041e-05,1.250106259032e-05,8.750689116767821e-05,5.0003625262830846e-05,6.250414089933369e-05,5.000300018001009e-05,3.750196885336427e-05,1.2500562525313462e-05,5.0001875070314426e-05,5.0001750061251435e-05,3.750112503375048e-05,0.0,3.7500937523437555e-05,2.5000531261288946e-05,1.2500265630644473e-05,0.0,1.2500218753828014e-05,5.000081251320263e-05,5.000068750945254e-05,2.500034375472627e-05,1.2500156251952971e-05,2.5000312503905943e-05,6.250078125976486e-05,1.250014062658187e-05,0.0,3.750042187974561e-05,1.2500125001249835e-05,0.0,3.750028125210886e-05,5.0000312501952425e-05,3.750023437646432e-05,2.5000156250976213e-05,0.0,2.500012500062465e-05,5.00002500012493e-05,5.00002500012493e-05,2.500012500062465e-05,2.500012500062465e-05,1.2500062500312325e-05,1.2500062500312325e-05,1.2500062500312325e-05,1.2500062500312325e-05,1.2500062500312325e-05,1.2500062500312325e-05,1.2500062500312325e-05,1.2500062500312325e-05,1.2500062500312325e-05,1.2500062500312325e-05
27.450000000000003,0.0005254992242630612,0.00037535095314119503,0.0002377187012051138,0.00028776114323749417,0.000387839844663895,0.00021268077866186714,0.00018765622380632278,0.00022517986241510886,0.0001626246111082652,0.0001626201356251966,7.505272453899025e-05,0.00010006679458538788,5.003189533327603e-05,6.25381482704463e-05,7.504305595335483e-05,6.25341592845105e-05,3.75183840081648e-05,6.252790307674933e-05,5.002107137631834e-05,1.2504814353526374e-05,0.0,6.252227355995707e-05,3.75125667098486e-05,2.500797129084949e-05,2.5007533519473273e-05,2.500728337128242e-05,6.2516801390375e-05,3.7509518040203504e-05,1.2502906925860529e-05,2.5005001000200572e-05,3.7506751215219536e-05,1.2502015950072216e-05,6.250898566669092e-05,3.750468808601155e-05,7.500853222054168e-05,3.7503562838470454e-05,6.250531295160221e-05,8.750689116768131e-05,7.500543789424893e-05,6.250414089933591e-05,1.2500750045002966e-05,5.00026251378208e-05,0.0,6.250234383789525e-05,3.7501312545939906e-05,1.2500375011250605e-05,2.500071877066519e-05,5.0001250031251845e-05,0.0,0.0,2.5000531261289834e-05,2.5000437507656918e-05,1.2500203128301101e-05,3.750051563209074e-05,1.2500171877363581e-05,0.0,5.000062500781366e-05,1.2500156251953415e-05,1.2500140626582316e-05,3.750042187974695e-05,2.5000281253164633e-05,0.0,3.7500328127871916e-05,5.000037500281359e-05,2.50001562509771e-05,0.0,2.50001562509771e-05,5.00003125019542e-05,2.5000125000625537e-05,1.2500062500312768e-05,1.2500062500312768e-05,1.2500062500312768e-05,1.2500062500312768e-05,1.2500062500312768e-05,2.5000125000625537e-05,2.5000125000625537e-05,2.5000125000625537e-05,2.5000125000625537e-05,2.5000125000625537e-05,2.5000125000625537e-05,2.5000125000625537e-05,2.5000125000625537e-05,2.5000125000625537e-05
27.55,0.00047545167909513364,0.0004128860484552999,0.00027525323297433247,0.0002627384351298766,0.0003878398446638813,0.00026272331481759124,0.000175145808885895,0.0001751398929895229,0.00013760544016852718,0.00013760165322131528,0.00012508787423164597,0.00011257514390855736,3.752392149995569e-05,6.253814827044409e-05,1.2507175992225361e-05,2.501366371380331e-05,0.00012506128002721156,7.503348369209653e-05,3.751580353223742e-05,5.001925741410372e-05,3.751369249776115e-05,2.5008909423981937e-05,5.001675561312969e-05,2.5007971290848602e-05,6.251883379868096e-05,5.001456674256306e-05,3.7510080834223665e-05,1.2503172680067389e-05,2.500581385172017e-05,8.75175035006989e-05,3.750675121521821e-05,3.7506047850215316e-05,2.5003594266675478e-05,7.500937617202044e-05,3.7504266110269513e-05,2.5002375225646082e-05,0.00011250956331288,5.0003937810101835e-05,6.250453157853856e-05,3.7502484539600216e-05,3.750225013500757e-05,2.5001312568909513e-05,3.750168757594038e-05,1.2500468767578606e-05,6.250218757656429e-05,3.750112503375048e-05,1.2500359385332151e-05,2.5000625015625035e-05,0.0,0.0,3.750079689193342e-05,2.5000437507656027e-05,5.000081251320263e-05,1.2500171877363135e-05,1.2500171877363135e-05,3.7500468755858914e-05,2.5000312503905943e-05,1.2500156251952971e-05,2.500028125316374e-05,1.250014062658187e-05,0.0,3.7500375003749506e-05,5.0000437503827446e-05,2.5000187501405906e-05,0.0,3.750023437646432e-05,2.5000156250976213e-05,1.2500078125488106e-05,1.2500062500312325e-05,1.2500062500312325e-05,2.500012500062465e-05,2.500012500062465e-05,1.2500062500312325e-05,1.2500062500312325e-05,0.0,0.0,1.2500062500312325e-05,1.2500062500312325e-05,2.500012500062465e-05,2.500012500062465e-05,2.500012500062465e-05,2.500012500062465e-05,2.500012500062465e-05
27.650000000000002,0.00031279715729943,0.0003253041593890241,0.00032529927533330203,0.00031278385134509123,0.0003252850310084165,0.00026272331481759124,0.000175145808885895,0.00013760991592033943,0.00012509585469866108,0.00012509241201937753,8.756151196215217e-05,8.755844526221129e-05,0.0001000637906665485,3.752288896226645e-05,5.0028703968901445e-05,1.2506831856901655e-05,5.0024512010884625e-05,1.2505580615349422e-05,3.751580353223742e-05,1.250481435352593e-05,0.0,2.5008909423981937e-05,3.7512566709847265e-05,3.7511956936272905e-05,3.7511300279208576e-05,3.7510925056922297e-05,5.001344111229822e-05,3.750951804020217e-05,5.001162770344034e-05,2.5005001000199684e-05,3.750675121521821e-05,5.000806380028709e-05,5.0007188533350956e-05,2.500312539067348e-05,6.250711018378251e-05,5.0004750451292164e-05,3.750318777096e-05,3.7502953357576376e-05,6.250453157853856e-05,5.0003312719466955e-05,7.500450027001514e-05,5.0002625137819026e-05,3.750168757594038e-05,7.500281260547164e-05,3.750131254593858e-05,0.0,2.5000718770664303e-05,1.2500312507812517e-05,1.2500265630644473e-05,2.5000531261288946e-05,2.5000531261288946e-05,3.750065626148404e-05,5.000081251320263e-05,1.2500171877363135e-05,1.2500171877363135e-05,6.250078125976486e-05,2.5000312503905943e-05,1.2500156251952971e-05,2.500028125316374e-05,1.250014062658187e-05,3.750042187974561e-05,5.000050000499934e-05,2.5000218751913723e-05,0.0,5.0000312501952425e-05,2.5000156250976213e-05,1.2500078125488106e-05,2.5000156250976213e-05,2.500012500062465e-05,1.2500062500312325e-05,0.0,2.500012500062465e-05,2.500012500062465e-05,2.500012500062465e-05,2.500012500062465e-05,2.500012500062465e-05,1.2500062500312325e-05,1.2500062500312325e-05,0.0,0.0,0.0,0.0,0.0
27.75,0.0003253090435914188,0.00038786265157923484,0.00033781078592305636,0.00030027249729129823,0.0003252850310084281,0.0002502126807786672,0.00023769788348800884,0.00011258993120755443,0.00022517253845759792,0.00015011089442325837,0.00010007029938532032,7.505009593904091e-05,0.00010006379066655205,5.003051861635705e-05,8.755023194558065e-05,3.75204955707063e-05,3.75183840081648e-05,7.50334836920992e-05,3.7515803532238755e-05,2.500962870705275e-05,2.5009128331841655e-05,3.751336413597424e-05,0.0,5.001594258169898e-05,6.251883379868319e-05,2.500728337128242e-05,2.500672055615e-05,8.752220876047484e-05,3.750872077758159e-05,6.251250250050143e-05,3.7506751215219536e-05,2.5004031900144432e-05,1.2501797133338185e-05,6.250781347668592e-05,1.2501422036756948e-05,3.7503562838470454e-05,7.500637554192267e-05,5.000393781010361e-05,6.250453157854077e-05,5.000331271946873e-05,0.0,1.25006562844552e-05,6.250281262656953e-05,2.50009375351581e-05,1.2500437515313303e-05,2.500075002250121e-05,5.000143754133038e-05,0.0,0.0,2.5000531261289834e-05,1.2500265630644917e-05,5.0000875015313837e-05,0.0,1.2500171877363581e-05,3.750051563209074e-05,1.2500156251953415e-05,0.0,3.750046875586025e-05,1.2500140626582316e-05,3.750042187974695e-05,5.0000562506329265e-05,2.5000250002500558e-05,0.0,5.000037500281359e-05,1.250007812548855e-05,1.250007812548855e-05,2.50001562509771e-05,0.0,2.5000125000625537e-05,2.5000125000625537e-05,2.5000125000625537e-05,0.0,0.0,0.0,0.0,0.0,0.0,0.0,0.0,0.0,0.0,0.0,0.0
27.85,0.00033782092988338445,0.0002502339687607878,0.00031278776474355963,0.0002627384351298766,0.00041286177012606713,0.00013761697442826206,0.00021267705364715823,0.0001501199082767339,0.00011258626922879496,0.00013760165322131528,3.752636226949379e-05,0.00011257514390855736,0.0001375877121665042,5.0030518616355265e-05,0.00010005740793780289,7.504099114140993e-05,0.0001125551520244904,1.2505580615349422e-05,1.250526784407914e-05,2.500962870705186e-05,6.252282082960192e-05,3.7513364135972905e-05,0.0,5.0015942581697205e-05,1.2503766759736193e-05,2.500728337128153e-05,3.7510080834223665e-05,3.750951804020217e-05,7.501744155516051e-05,6.25125025004992e-05,1.2502250405072735e-05,1.2502015950071772e-05,0.0,8.751093886735717e-05,1.2501422036756504e-05,3.750356283846912e-05,7.500637554192e-05,7.500590671515275e-05,6.250453157853856e-05,2.5001656359733478e-05,5.000300018001009e-05,0.0,2.5001125050626924e-05,3.750140630273582e-05,3.750131254593858e-05,1.250037501125016e-05,2.5000718770664303e-05,1.2500312507812517e-05,1.2500265630644473e-05,2.5000531261288946e-05,5.000106252257789e-05,2.5000437507656027e-05,2.5000406256601315e-05,1.2500171877363135e-05,5.000068750945254e-05,1.2500156251952971e-05,2.5000312503905943e-05,1.2500156251952971e-05,1.250014062658187e-05,5.000056250632748e-05,2.500028125316374e-05,0.0,5.0000437503827446e-05,1.2500093750702953e-05,2.5000156250976213e-05,1.2500078125488106e-05,2.5000156250976213e-05,2.5000156250976213e-05,0.0,0.0,0.0,0.0,0.0,0.0,1.2500062500312325e-05,1.2500062500312325e-05,2.500012500062465e-05,2.500012500062465e-05,2.500012500062465e-05,2.500012500062465e-05,2.500012500062465e-05,2.500012500062465e-05,2.500012500062465e-05
27.950000000000003,0.00042540413392723995,0.0002126988734466772,0.0002377187012051138,0.00036282926756031874,0.00033779599373952144,0.00021268077866186714,0.00018765622380632278,8.756994649476456e-05,8.756709828906586e-05,0.00012509241201938198,0.00010007029938532032,0.00010006679458538788,6.253986916659504e-05,0.00011256866688680335,8.755023194558065e-05,5.00273274276084e-05,2.50122560054432e-05,3.75167418460496e-05,3.7515803532238755e-05,2.500962870705275e-05,8.75319491614458e-05,3.751336413597424e-05,6.252094451641433e-05,6.251992822712373e-05,6.251883379868319e-05,2.500728337128242e-05,2.500672055615e-05,7.501903608040701e-05,2.5005813851721057e-05,0.0,0.0,5.0008063800288863e-05,3.750539140001455e-05,6.250781347668592e-05,6.250711018378473e-05,7.500712567694091e-05,8.75074381322431e-05,5.000393781010361e-05,3.7502718947124464e-05,3.7502484539601545e-05,5.0003000180011864e-05,3.75019688533656e-05,5.0002250101255623e-05,5.00018750703162e-05,0.0,2.500075002250121e-05,1.2500359385332595e-05,0.0,3.7500796891934754e-05,1.2500265630644917e-05,1.2500265630644917e-05,2.5000437507656918e-05,0.0,5.0000687509454324e-05,1.2500171877363581e-05,0.0,2.500031250390683e-05,0.0,3.750042187974695e-05,2.5000281253164633e-05,0.0,5.0000500005001116e-05,1.2500109375957305e-05,2.5000187501406794e-05,0.0,2.50001562509771e-05,0.0,0.0,0.0,0.0,1.2500062500312768e-05,2.5000125000625537e-05,2.5000125000625537e-05,2.5000125000625537e-05,1.2500062500312768e-05,1.2500062500312768e-05,0.0,0.0,0.0,0.0,0.0,0.0,0.0
28.05,0.00033782092988338445,0.00027525736563686654,0.0002502302117948477,0.0003378065594526986,0.0001751534782353012,0.00021268077866185955,0.00018765622380631608,0.0001501199082767339,0.0001501150256383933,0.00011258317081743979,0.00012508787423164597,0.00013759184255490346,6.253986916659282e-05,5.0030518616355265e-05,6.25358799611268e-05,0.0,3.7518384008163466e-05,1.2505580615349422e-05,5.002107137631656e-05,5.001925741410372e-05,5.0018256663681534e-05,3.7513364135972905e-05,3.7512566709847265e-05,1.2503985645424301e-05,8.752636731815335e-05,0.0,6.251680139037277e-05,1.2503172680067389e-05,3.7508720777580254e-05,7.501500300059905e-05,5.000900162029094e-05,3.7506047850215316e-05,7.501078280002643e-05,3.750468808601022e-05,1.2501422036756504e-05,8.750831328976128e-05,0.0,6.25049222626273e-05,5.0003625262830846e-05,6.250414089933369e-05,2.5001500090005044e-05,6.250328142227378e-05,3.750168757594038e-05,3.750140630273582e-05,2.5000875030625718e-05,5.000150004500064e-05,0.0,0.0,1.2500265630644473e-05,5.000106252257789e-05,6.250132815322237e-05,1.2500218753828014e-05,1.2500203128300657e-05,3.750051563208941e-05,1.2500171877363135e-05,3.7500468755858914e-05,1.2500156251952971e-05,3.7500468755858914e-05,5.000056250632748e-05,0.0,5.000056250632748e-05,1.2500125001249835e-05,2.5000218751913723e-05,0.0,2.5000156250976213e-05,0.0,0.0,1.2500078125488106e-05,2.500012500062465e-05,2.500012500062465e-05,1.2500062500312325e-05,0.0,0.0,1.2500062500312325e-05,1.2500062500312325e-05,2.500012500062465e-05,3.7500187500936974e-05,3.7500187500936974e-05,3.7500187500936974e-05,3.7500187500936974e-05,3.7500187500936974e-05,3.7500187500936974e-05,3.7500187500936974e-05
28.150000000000002,0.00040038036134327045,0.0003503275562651029,0.0002627417223845901,0.00038785197566791314,0.0002627302173529518,0.00018765951058399372,0.00021267705364715823,0.00010007993885115595,0.00010007668375892885,0.00015011089442325306,0.00013759666165481056,0.00016260854120124952,7.504784299991137e-05,6.253814827044409e-05,6.25358799611268e-05,3.752049557070496e-05,3.7518384008163466e-05,0.0,2.501053568815828e-05,1.250481435352593e-05,7.50273849955223e-05,3.7513364135972905e-05,2.5008377806564843e-05,2.5007971290848602e-05,1.2503766759736193e-05,7.502185011384459e-05,2.500672055614911e-05,2.5006345360134778e-05,8.75203484810206e-05,1.2502500500099842e-05,2.500450081014547e-05,5.000806380028709e-05,2.5003594266675478e-05,6.25078134766837e-05,6.250711018378251e-05,3.750356283846912e-05,5.000425036128e-05,6.25049222626273e-05,5.0003625262830846e-05,1.2500828179866739e-05,1.2500750045002522e-05,5.0002625137819026e-05,5.000225010125385e-05,2.5000937535157213e-05,0.0,2.500075002250032e-05,1.2500359385332151e-05,2.5000625015625035e-05,2.5000531261288946e-05,1.2500265630644473e-05,2.5000531261288946e-05,1.2500218753828014e-05,5.000081251320263e-05,1.2500171877363135e-05,2.500034375472627e-05,2.5000312503905943e-05,2.5000312503905943e-05,5.0000625007811885e-05,1.250014062658187e-05,5.000056250632748e-05,1.250014062658187e-05,2.500025000249967e-05,1.2500109375956862e-05,2.5000187501405906e-05,0.0,0.0,2.5000156250976213e-05,1.2500078125488106e-05,0.0,1.2500062500312325e-05,3.7500187500936974e-05,3.7500187500936974e-05,3.7500187500936974e-05,3.7500187500936974e-05,5.00002500012493e-05,3.7500187500936974e-05,2.500012500062465e-05,2.500012500062465e-05,3.7500187500936974e-05,3.7500187500936974e-05,5.00002500012493e-05,5.00002500012493e-05,5.00002500012493e-05
28.25,0.00021270206696361998,0.00031279246095099585,0.00031278776474357074,0.00035031791350651463,0.00022519732915968096,0.0001626382425061337,0.0001501249790450582,0.00018764988534592406,0.00012509585469866553,7.505544721162918e-05,7.505272453899025e-05,6.254174661586742e-05,7.504784299991404e-05,8.755340757862483e-05,6.253587996112903e-05,3.75204955707063e-05,6.2530640013608e-05,6.252790307674933e-05,3.7515803532238755e-05,0.0,2.5009128331841655e-05,5.0017818847965656e-05,2.500837780656573e-05,6.251992822712373e-05,6.251883379868319e-05,5.001456674256484e-05,2.500672055615e-05,5.001269072027133e-05,2.5005813851721057e-05,3.750750150030086e-05,5.000900162029272e-05,1.2502015950072216e-05,6.250898566669092e-05,0.0,1.2501422036756948e-05,7.500712567694091e-05,0.00010000850072256355,5.000393781010361e-05,2.500181263141631e-05,3.7502484539601545e-05,2.5001500090005932e-05,2.50013125689104e-05,5.0002250101255623e-05,1.250046876757905e-05,2.5000875030626605e-05,1.2500375011250605e-05,0.0,2.5000625015625922e-05,1.2500265630644917e-05,7.500159378386951e-05,1.2500265630644917e-05,1.2500218753828459e-05,3.750060938490331e-05,1.2500171877363581e-05,2.5000343754727162e-05,0.0,3.750046875586025e-05,2.500031250390683e-05,2.5000281253164633e-05,1.2500140626582316e-05,2.5000281253164633e-05,0.0,1.2500109375957305e-05,0.0,1.250007812548855e-05,2.50001562509771e-05,0.0,1.250007812548855e-05,3.75001875009383e-05,3.75001875009383e-05,2.5000125000625537e-05,6.250031250156384e-05,6.250031250156384e-05,6.250031250156384e-05,5.0000250001251074e-05,5.0000250001251074e-05,5.0000250001251074e-05,5.0000250001251074e-05,3.75001875009383e-05,3.75001875009383e-05,2.5000125000625537e-05,2.5000125000625537e-05,2.5000125000625537e-05
28.35,0.00021270206696361241,0.00031279246095098473,0.00027525323297433247,0.000250227081076073,0.0003252850310084165,0.00018765951058399372,0.00016263539396547394,0.00010007993885115595,0.00013760544016852718,0.00012509241201937753,0.00010007029938531676,1.250834932317304e-05,5.003189533327425e-05,2.5015259308177632e-05,3.752152797667609e-05,0.00011256148671211489,5.0024512010884625e-05,2.5011161230698844e-05,3.751580353223742e-05,3.751444306057779e-05,2.5009128331840767e-05,3.7513364135972905e-05,3.7512566709847265e-05,3.7511956936272905e-05,2.5007533519472385e-05,3.7510925056922297e-05,6.251680139037277e-05,2.5006345360134778e-05,5.001162770344034e-05,3.7507501500299525e-05,0.0,0.0,7.501078280002643e-05,1.250156269533674e-05,5.0005688147026016e-05,8.750831328976128e-05,2.500212518064e-05,5.0003937810101835e-05,3.7502718947123136e-05,5.0003312719466955e-05,2.5001500090005044e-05,6.250328142227378e-05,3.750168757594038e-05,0.0,6.250218757656429e-05,0.0,0.0,2.5000625015625035e-05,5.000106252257789e-05,2.5000531261288946e-05,1.2500265630644473e-05,3.750065626148404e-05,1.2500203128300657e-05,2.500034375472627e-05,1.2500171877363135e-05,3.7500468755858914e-05,3.7500468755858914e-05,0.0,3.750042187974561e-05,1.250014062658187e-05,0.0,2.500025000249967e-05,0.0,1.2500093750702953e-05,1.2500078125488106e-05,0.0,3.750023437646432e-05,3.750023437646432e-05,5.00002500012493e-05,5.00002500012493e-05,5.00002500012493e-05,1.2500062500312325e-05,2.500012500062465e-05,3.7500187500936974e-05,5.00002500012493e-05,5.00002500012493e-05,5.00002500012493e-05,5.00002500012493e-05,5.00002500012493e-05,5.00002500012493e-05,5.00002500012493e-05,5.00002500012493e-05,5.00002500012493e-05
28.450000000000003,0.0002752614984235082,0.0002126988734466772,0.0003002762541538279,0.0004253860378293392,0.00017515347823530742,0.00021268077866186714,0.00012510414920421519,0.00012509992356394937,0.00013760544016853206,7.505544721162918e-05,0.0001250878742316504,8.755844526221439e-05,5.003189533327603e-05,1.2507629654089262e-05,1.2507175992225807e-05,7.50409911414126e-05,5.00245120108864e-05,3.75167418460496e-05,2.501053568815917e-05,0.0,3.751369249776248e-05,1.2504454711991414e-05,3.75125667098486e-05,6.251992822712373e-05,2.5007533519473273e-05,2.500728337128242e-05,6.2516801390375e-05,7.501903608040701e-05,6.251453462930264e-05,0.0,5.000900162029272e-05,2.5004031900144432e-05,6.250898566669092e-05,6.250781347668592e-05,0.00010001137629405558,5.000475045129394e-05,8.75074381322431e-05,5.000393781010361e-05,6.250453157854077e-05,2.5001656359734365e-05,7.50045002700178e-05,2.50013125689104e-05,1.2500562525313906e-05,2.50009375351581e-05,2.5000875030626605e-05,1.2500375011250605e-05,2.500071877066519e-05,1.2500312507812961e-05,2.5000531261289834e-05,0.0,0.0,5.0000875015313837e-05,1.2500203128301101e-05,2.5000343754727162e-05,0.0,5.000062500781366e-05,1.2500156251953415e-05,5.000062500781366e-05,0.0,1.2500140626582316e-05,2.5000281253164633e-05,0.0,1.2500109375957305e-05,1.2500093750703397e-05,1.250007812548855e-05,3.7500234376465654e-05,3.7500234376465654e-05,6.250039062744275e-05,2.5000125000625537e-05,5.0000250001251074e-05,5.0000250001251074e-05,5.0000250001251074e-05,3.75001875009383e-05,1.2500062500312768e-05,2.5000125000625537e-05,3.75001875009383e-05,3.75001875009383e-05,3.75001875009383e-05,3.75001875009383e-05,5.0000250001251074e-05,5.0000250001251074e-05,5.0000250001251074e-05,5.0000250001251074e-05
28.55,0.00035033281617536164,0.00027525736563686654,0.0003628338071025292,0.00035031791350650216,0.0001751534782353012,0.00023770204673972538,0.00013761456412463181,0.00023768985477149536,0.0001626246111082594,0.00011258317081743979,7.505272453898758e-05,8.755844526221129e-05,3.752392149995569e-05,8.755340757862171e-05,2.5014351984450722e-05,3.752049557070496e-05,6.253064001360578e-05,3.7516741846048266e-05,2.501053568815828e-05,2.500962870705186e-05,5.0018256663681534e-05,0.0,2.5008377806564843e-05,0.0,2.5007533519472385e-05,2.500728337128153e-05,7.502016166844733e-05,3.750951804020217e-05,1.2502906925860085e-05,1.2502500500099842e-05,3.750675121521821e-05,7.501209570043063e-05,5.0007188533350956e-05,1.250156269533674e-05,6.250711018378251e-05,3.750356283846912e-05,5.000425036128e-05,5.0003937810101835e-05,0.0,1.2500828179866739e-05,3.750225013500757e-05,5.0002625137819026e-05,3.750168757594038e-05,1.2500468767578606e-05,1.2500437515312859e-05,0.0,2.5000718770664303e-05,5.000125003125007e-05,5.000106252257789e-05,2.5000531261288946e-05,3.750079689193342e-05,1.2500218753828014e-05,2.5000406256601315e-05,1.2500171877363135e-05,3.750051563208941e-05,2.5000312503905943e-05,2.5000312503905943e-05,1.2500156251952971e-05,2.500028125316374e-05,2.500028125316374e-05,0.0,1.2500125001249835e-05,1.2500109375956862e-05,2.5000187501405906e-05,3.750023437646432e-05,6.250039062744054e-05,3.750023437646432e-05,3.750023437646432e-05,5.00002500012493e-05,1.2500062500312325e-05,3.7500187500936974e-05,5.00002500012493e-05,5.00002500012493e-05,5.00002500012493e-05,2.500012500062465e-05,1.2500062500312325e-05,1.2500062500312325e-05,1.2500062500312325e-05,1.2500062500312325e-05,0.0,1.2500062500312325e-05,1.2500062500312325e-05,1.2500062500312325e-05
28.650000000000002,0.00031279715729943,0.00026274566719882716,0.0003503222965127868,0.0002877611432374839,0.0002001754036974871,0.00015012760846719499,0.00012510414920421074,0.00010007993885115595,0.00011258626922879496,2.501848240387551e-05,0.00010007029938531676,0.0001501001918780765,5.003189533327425e-05,6.253814827044409e-05,6.25358799611268e-05,8.754782299831158e-05,2.5012256005442313e-05,2.5011161230698844e-05,2.501053568815828e-05,6.252407176762965e-05,2.5009128331840767e-05,1.2504454711990968e-05,7.502513341969453e-05,7.502391387254581e-05,2.5007533519472385e-05,3.7510925056922297e-05,2.500672055614911e-05,2.5006345360134778e-05,6.251453462930043e-05,3.7507501500299525e-05,3.750675121521821e-05,3.7506047850215316e-05,6.25089856666887e-05,6.25078134766837e-05,5.0005688147026016e-05,5.0004750451292164e-05,5.000425036128e-05,2.5001968905050918e-05,5.0003625262830846e-05,2.5001656359733478e-05,1.2500750045002522e-05,5.0002625137819026e-05,0.0,5.0001875070314426e-05,0.0,0.0,2.5000718770664303e-05,1.2500312507812517e-05,2.5000531261288946e-05,0.0,6.250132815322237e-05,1.2500218753828014e-05,2.5000406256601315e-05,0.0,5.000068750945254e-05,0.0,3.7500468755858914e-05,2.5000312503905943e-05,2.500028125316374e-05,0.0,1.250014062658187e-05,1.2500125001249835e-05,2.5000218751913723e-05,3.750028125210886e-05,6.250039062744054e-05,2.5000156250976213e-05,5.0000312501952425e-05,2.5000156250976213e-05,5.00002500012493e-05,5.00002500012493e-05,1.2500062500312325e-05,1.2500062500312325e-05,1.2500062500312325e-05,1.2500062500312325e-05,1.2500062500312325e-05,1.2500062500312325e-05,1.2500062500312325e-05,1.2500062500312325e-05,1.2500062500312325e-05,1.2500062500312325e-05,0.0,0.0,0.0
28.75,0.0002502377258395529,0.00027525736563687635,0.00037534531769228493,0.00018767031080706143,0.00016264251550421406,0.00021268077866186714,0.00012510414920421519,0.00011258993120755443,0.00012509585469866553,0.00011258317081744378,0.00011257908680848536,8.755844526221439e-05,7.504784299991404e-05,0.0001250762965408926,6.253587996112903e-05,3.75204955707063e-05,2.50122560054432e-05,2.5011161230699732e-05,1.2505267844079586e-05,7.502888612115825e-05,3.751369249776248e-05,7.502672827194848e-05,3.75125667098486e-05,7.502391387254847e-05,1.2503766759736636e-05,6.251820842820605e-05,1.2503360278075e-05,5.001269072027133e-05,1.2502906925860529e-05,3.750750150030086e-05,2.500450081014636e-05,3.7506047850216644e-05,0.0,1.2501562695337183e-05,7.500853222054168e-05,7.500712567694091e-05,7.500637554192267e-05,2.5001968905051805e-05,5.000362526283262e-05,2.5001656359734365e-05,7.50045002700178e-05,2.50013125689104e-05,2.5001125050627812e-05,3.7501406302737154e-05,1.2500437515313303e-05,2.500075002250121e-05,1.2500359385332595e-05,5.0001250031251845e-05,1.2500265630644917e-05,3.7500796891934754e-05,1.2500265630644917e-05,2.5000437507656918e-05,1.2500203128301101e-05,3.750051563209074e-05,2.5000343754727162e-05,5.000062500781366e-05,1.2500156251953415e-05,0.0,0.0,0.0,1.2500140626582316e-05,1.2500125001250279e-05,3.7500328127871916e-05,5.000037500281359e-05,3.7500234376465654e-05,3.7500234376465654e-05,3.7500234376465654e-05,3.7500234376465654e-05,1.2500062500312768e-05,1.2500062500312768e-05,1.2500062500312768e-05,0.0,1.2500062500312768e-05,2.5000125000625537e-05,2.5000125000625537e-05,2.5000125000625537e-05,2.5000125000625537e-05,2.5000125000625537e-05,2.5000125000625537e-05,2.5000125000625537e-05,2.5000125000625537e-05,2.5000125000625537e-05,2.5000125000625537e-05
28.85,0.0002627496121315212,0.0003253041593890241,0.00031278776474355963,0.0002627384351298766,0.0002001754036974871,0.00018765951058399372,0.00011259373428378965,0.00012509992356394493,0.00010007668375892885,0.00011258317081743979,0.00012508787423164597,3.752504796951912e-05,8.755581683322995e-05,5.0030518616355265e-05,1.2507175992225361e-05,3.752049557070496e-05,2.5012256005442313e-05,5.002232246139769e-05,5.002107137631656e-05,5.001925741410372e-05,3.751369249776115e-05,2.5008909423981937e-05,1.2504188903282422e-05,2.5007971290848602e-05,6.251883379868096e-05,1.2503641685640766e-05,3.7510080834223665e-05,6.251586340033695e-05,3.7508720777580254e-05,3.7507501500299525e-05,1.2502250405072735e-05,7.501209570043063e-05,1.2501797133337739e-05,5.000625078134696e-05,6.250711018378251e-05,5.0004750451292164e-05,3.750318777096e-05,5.0003937810101835e-05,2.5001812631415423e-05,7.500496907920043e-05,2.5001500090005044e-05,2.5001312568909513e-05,0.0,1.2500468767578606e-05,0.0,2.500075002250032e-05,5.0001437541328606e-05,3.7500937523437555e-05,1.2500265630644473e-05,3.750079689193342e-05,1.2500265630644473e-05,2.5000437507656027e-05,0.0,5.000068750945254e-05,0.0,1.2500156251952971e-05,1.2500156251952971e-05,2.5000312503905943e-05,0.0,2.500028125316374e-05,1.250014062658187e-05,5.000050000499934e-05,5.0000437503827446e-05,5.000037500281181e-05,2.5000156250976213e-05,5.0000312501952425e-05,1.2500078125488106e-05,1.2500078125488106e-05,0.0,2.500012500062465e-05,2.500012500062465e-05,2.500012500062465e-05,1.2500062500312325e-05,0.0,1.2500062500312325e-05,1.2500062500312325e-05,1.2500062500312325e-05,1.2500062500312325e-05,1.2500062500312325e-05,1.2500062500312325e-05,1.2500062500312325e-05,1.2500062500312325e-05,1.2500062500312325e-05
28.950000000000003,0.0002752614984235082,0.000225210571884717,0.0002752532329743423,0.000262738435129886,0.00017515347823530742,0.00015012760846720033,0.00010008331936337214,0.0001376099159203443,0.0001626246111082652,0.00010007392961550559,0.0001250878742316504,8.755844526221439e-05,8.755581683323305e-05,8.755340757862483e-05,3.7521527976677415e-05,3.75204955707063e-05,0.0,1.2505580615349866e-05,2.501053568815917e-05,7.502888612115825e-05,2.5009128331841655e-05,2.5008909423982828e-05,3.75125667098486e-05,5.001594258169898e-05,5.0015067038946546e-05,2.500728337128242e-05,5.00134411123e-05,5.001269072027133e-05,2.5005813851721057e-05,0.0,0.0,6.251007975036108e-05,6.250898566669092e-05,0.00010001250156269747,5.000568814702779e-05,6.250593806411742e-05,3.750318777096133e-05,3.750295335757771e-05,1.2500906315708155e-05,3.7502484539601545e-05,3.75022501350089e-05,2.50013125689104e-05,2.5001125050627812e-05,1.250046876757905e-05,0.0,1.2500375011250605e-05,1.2500359385332595e-05,1.2500312507812961e-05,0.0,2.5000531261289834e-05,0.0,1.2500218753828459e-05,3.750060938490331e-05,2.5000343754727162e-05,5.0000687509454324e-05,1.2500156251953415e-05,2.500031250390683e-05,0.0,2.5000281253164633e-05,0.0,3.750042187974695e-05,5.0000500005001116e-05,5.000043750382922e-05,2.5000187501406794e-05,3.7500234376465654e-05,1.250007812548855e-05,1.250007812548855e-05,2.50001562509771e-05,2.5000125000625537e-05,0.0,1.2500062500312768e-05,1.2500062500312768e-05,1.2500062500312768e-05,1.2500062500312768e-05,1.2500062500312768e-05,1.2500062500312768e-05,1.2500062500312768e-05,1.2500062500312768e-05,2.5000125000625537e-05,2.5000125000625537e-05,2.5000125000625537e-05,2.5000125000625537e-05,3.75001875009383e-05
29.05,0.00020019018067163522,0.0003628392547031423,0.00041287984946149876,0.0002252043729684657,0.0001501315527731153,0.0001626382425061279,0.00016263539396547394,0.00010007993885115595,6.254792734933054e-05,0.00010007392961550204,8.756151196215217e-05,6.25417466158652e-05,2.5015947666637126e-05,3.752288896226645e-05,2.5014351984450722e-05,3.752049557070496e-05,1.2506128002721156e-05,5.002232246139769e-05,0.0,3.751444306057779e-05,5.0018256663681534e-05,1.2504454711990968e-05,7.502513341969453e-05,3.7511956936272905e-05,3.7511300279208576e-05,8.752549179948536e-05,2.500672055614911e-05,6.251586340033695e-05,1.2502906925860085e-05,5.001000200039937e-05,7.501350243043642e-05,5.000806380028709e-05,0.0,6.25078134766837e-05,3.7504266110269513e-05,5.0004750451292164e-05,3.750318777096e-05,2.5001968905050918e-05,0.0,1.2500828179866739e-05,5.000300018001009e-05,0.0,6.25028126265673e-05,0.0,1.2500437515312859e-05,2.500075002250032e-05,5.0001437541328606e-05,1.2500312507812517e-05,3.750079689193342e-05,1.2500265630644473e-05,3.750079689193342e-05,0.0,5.000081251320263e-05,0.0,1.2500171877363135e-05,1.2500156251952971e-05,0.0,0.0,0.0,3.750042187974561e-05,5.000056250632748e-05,5.000050000499934e-05,2.5000218751913723e-05,2.5000187501405906e-05,1.2500078125488106e-05,1.2500078125488106e-05,2.5000156250976213e-05,0.0,1.2500062500312325e-05,1.2500062500312325e-05,1.2500062500312325e-05,3.7500187500936974e-05,6.250031250156162e-05,6.250031250156162e-05,6.250031250156162e-05,7.500037500187395e-05,7.500037500187395e-05,7.500037500187395e-05,6.250031250156162e-05,6.250031250156162e-05,6.250031250156162e-05,6.250031250156162e-05,5.00002500012493e-05
29.150000000000002,0.0003002852710074528,0.00033781585782706355,0.0003503222965127868,0.0001501362486456438,0.00025021925462185885,0.00012510634038932915,0.00012510414920421074,0.00011258993120755043,0.00011258626922879496,0.00012509241201937753,3.752636226949379e-05,7.505009593903824e-05,7.504784299991137e-05,6.253814827044409e-05,3.752152797667609e-05,6.253415928450828e-05,5.0024512010884625e-05,1.2505580615349422e-05,1.250526784407914e-05,2.500962870705186e-05,5.0018256663681534e-05,5.0017818847963874e-05,5.001675561312969e-05,2.5007971290848602e-05,2.5007533519472385e-05,3.7510925056922297e-05,7.502016166844733e-05,1.2503172680067389e-05,1.2502906925860085e-05,5.001000200039937e-05,5.000900162029094e-05,5.000806380028709e-05,7.501078280002643e-05,5.000625078134696e-05,5.0005688147026016e-05,6.250593806411521e-05,2.500212518064e-05,3.7502953357576376e-05,3.7502718947123136e-05,7.500496907920043e-05,3.750225013500757e-05,2.5001312568909513e-05,2.5001125050626924e-05,1.2500468767578606e-05,3.750131254593858e-05,3.750112503375048e-05,5.0001437541328606e-05,1.2500312507812517e-05,5.000106252257789e-05,1.2500265630644473e-05,1.2500265630644473e-05,3.750065626148404e-05,2.5000406256601315e-05,5.000068750945254e-05,2.500034375472627e-05,2.5000312503905943e-05,0.0,2.5000312503905943e-05,3.750042187974561e-05,6.250070313290936e-05,5.000056250632748e-05,1.2500125001249835e-05,2.5000218751913723e-05,1.2500093750702953e-05,2.5000156250976213e-05,1.2500078125488106e-05,1.2500078125488106e-05,1.2500078125488106e-05,2.500012500062465e-05,6.250031250156162e-05,7.500037500187395e-05,5.00002500012493e-05,2.500012500062465e-05,2.500012500062465e-05,1.2500062500312325e-05,1.2500062500312325e-05,1.2500062500312325e-05,1.2500062500312325e-05,1.2500062500312325e-05,1.2500062500312325e-05,1.2500062500312325e-05,1.2500062500312325e-05,1.2500062500312325e-05
29.25,0.0003127971572994411,0.00037535095314119503,0.0002377187012051138,0.00018767031080706143,0.0002001754036974942,0.00011259570635040024,0.00018765622380632278,0.00015011990827673924,7.50575128191993e-05,8.75646884135674e-05,6.25439371158252e-05,3.7525047969520457e-05,1.2507973833319007e-05,2.5015259308178523e-05,0.00012507175992225805,7.50409911414126e-05,3.75183840081648e-05,6.252790307674933e-05,2.501053568815917e-05,2.500962870705275e-05,0.0,3.751336413597424e-05,1.2504188903282866e-05,1.2503985645424745e-05,2.5007533519473273e-05,7.502185011384726e-05,2.500672055615e-05,3.7509518040203504e-05,3.750872077758159e-05,2.5005001000200572e-05,1.250225040507318e-05,3.7506047850216644e-05,1.2501797133338185e-05,5.000625078134873e-05,7.500853222054168e-05,5.000475045129394e-05,6.250531295160221e-05,6.250492226262952e-05,6.250453157854077e-05,2.5001656359734365e-05,1.2500750045002966e-05,1.25006562844552e-05,1.2500562525313906e-05,0.0,1.2500437515313303e-05,2.500075002250121e-05,0.0,1.2500312507812961e-05,2.5000531261289834e-05,2.5000531261289834e-05,1.2500265630644917e-05,5.0000875015313837e-05,0.0,1.2500171877363581e-05,0.0,0.0,2.500031250390683e-05,0.0,2.5000281253164633e-05,2.5000281253164633e-05,1.2500140626582316e-05,3.7500375003750834e-05,1.2500109375957305e-05,2.5000187501406794e-05,0.0,1.250007812548855e-05,1.250007812548855e-05,7.500046875293131e-05,6.250031250156384e-05,2.5000125000625537e-05,1.2500062500312768e-05,1.2500062500312768e-05,2.5000125000625537e-05,2.5000125000625537e-05,3.75001875009383e-05,2.5000125000625537e-05,2.5000125000625537e-05,2.5000125000625537e-05,2.5000125000625537e-05,3.75001875009383e-05,3.75001875009383e-05,3.75001875009383e-05,3.75001875009383e-05
29.35,0.00031279715729943,0.0003503275562651029,0.00018767265884613577,0.00021269301891466204,0.00016264251550420826,0.00015012760846719499,0.00015012497904505286,0.0001501199082767339,0.00013760544016852718,0.00011258317081743979,0.00011257908680848136,3.752504796951912e-05,5.003189533327425e-05,1.2507629654088816e-05,5.0028703968901445e-05,1.2506831856901655e-05,3.7518384008163466e-05,2.5011161230698844e-05,2.501053568815828e-05,5.001925741410372e-05,0.0,5.0017818847963874e-05,6.252094451641211e-05,2.5007971290848602e-05,3.7511300279208576e-05,2.500728337128153e-05,2.500672055614911e-05,3.750951804020217e-05,3.7508720777580254e-05,2.5005001000199684e-05,6.251125202536367e-05,1.2502015950071772e-05,3.750539140001322e-05,8.751093886735717e-05,5.0005688147026016e-05,3.750356283846912e-05,3.750318777096e-05,1.2500984452525459e-05,5.0003625262830846e-05,3.7502484539600216e-05,2.5001500090005044e-05,2.5001312568909513e-05,0.0,0.0,2.5000875030625718e-05,5.000150004500064e-05,1.2500359385332151e-05,2.5000625015625035e-05,1.2500265630644473e-05,2.5000531261288946e-05,3.750079689193342e-05,2.5000437507656027e-05,5.000081251320263e-05,2.500034375472627e-05,2.500034375472627e-05,0.0,0.0,5.0000625007811885e-05,5.000056250632748e-05,3.750042187974561e-05,5.000056250632748e-05,1.2500125001249835e-05,2.5000218751913723e-05,1.2500093750702953e-05,1.2500078125488106e-05,5.0000312501952425e-05,7.500046875292864e-05,1.2500078125488106e-05,1.2500062500312325e-05,2.500012500062465e-05,2.500012500062465e-05,3.7500187500936974e-05,3.7500187500936974e-05,5.00002500012493e-05,3.7500187500936974e-05,3.7500187500936974e-05,3.7500187500936974e-05,3.7500187500936974e-05,3.7500187500936974e-05,2.500012500062465e-05,2.500012500062465e-05,2.500012500062465e-05,2.500012500062465e-05
29.450000000000003,0.0002627496121315306,0.0002126988734466772,0.0002502302117948566,0.00015013624864564911,0.0002001754036974942,0.00011259570635040024,8.757290444295062e-05,0.00011258993120755443,0.0,6.254620600969099e-05,6.25439371158252e-05,5.003339729269394e-05,6.253986916659504e-05,3.752288896226778e-05,3.7521527976677415e-05,6.25341592845105e-05,3.75183840081648e-05,0.0,3.7515803532238755e-05,2.500962870705275e-05,1.2504564165920827e-05,6.252227355995707e-05,3.75125667098486e-05,1.2503985645424745e-05,5.0015067038946546e-05,1.250364168564121e-05,8.752352194652499e-05,1.2503172680067833e-05,3.750872077758159e-05,1.2502500500100286e-05,6.25112520253659e-05,3.7506047850216644e-05,7.50107828000291e-05,5.000625078134873e-05,6.250711018378473e-05,3.7503562838470454e-05,1.2501062590320443e-05,0.0,2.500181263141631e-05,5.000331271946873e-05,0.0,5.00026251378208e-05,0.0,2.50009375351581e-05,1.2500437515313303e-05,2.500075002250121e-05,1.2500359385332595e-05,6.250156253906481e-05,0.0,1.2500265630644917e-05,3.7500796891934754e-05,0.0,1.2500203128301101e-05,0.0,0.0,2.500031250390683e-05,3.750046875586025e-05,5.000062500781366e-05,5.0000562506329265e-05,5.0000562506329265e-05,1.2500140626582316e-05,2.5000250002500558e-05,1.2500109375957305e-05,0.0,6.250039062744275e-05,3.7500234376465654e-05,1.250007812548855e-05,2.50001562509771e-05,2.5000125000625537e-05,5.0000250001251074e-05,3.75001875009383e-05,2.5000125000625537e-05,2.5000125000625537e-05,1.2500062500312768e-05,1.2500062500312768e-05,1.2500062500312768e-05,1.2500062500312768e-05,1.2500062500312768e-05,1.2500062500312768e-05,1.2500062500312768e-05,1.2500062500312768e-05,1.2500062500312768e-05,1.2500062500312768e-05
29.55,0.00035033281617536164,0.00045042114376941803,0.0002627417223845901,0.00013762489459184015,0.0002001754036974871,0.00011259570635039624,0.00011259373428378965,0.00012509992356394493,0.00012509585469866108,7.505544721162653e-05,0.00013759666165481056,5.003339729269216e-05,0.00011257176449986706,6.253814827044409e-05,8.755023194557753e-05,2.501366371380331e-05,1.2506128002721156e-05,3.7516741846048266e-05,6.25263392203957e-05,3.751444306057779e-05,7.50273849955223e-05,1.2504454711990968e-05,7.502513341969453e-05,6.251992822712151e-05,2.5007533519472385e-05,5.001456674256306e-05,3.7510080834223665e-05,6.251586340033695e-05,0.0,0.0,7.501350243043642e-05,2.5004031900143544e-05,8.751257993336417e-05,3.750468808601022e-05,6.250711018378251e-05,5.0004750451292164e-05,3.750318777096e-05,3.7502953357576376e-05,5.0003625262830846e-05,2.5001656359733478e-05,2.5001500090005044e-05,2.5001312568909513e-05,1.2500562525313462e-05,2.5000937535157213e-05,3.750131254593858e-05,2.500075002250032e-05,1.2500359385332151e-05,1.2500312507812517e-05,3.750079689193342e-05,0.0,3.750079689193342e-05,5.0000875015312054e-05,2.5000406256601315e-05,2.500034375472627e-05,0.0,0.0,2.5000312503905943e-05,2.5000312503905943e-05,3.750042187974561e-05,1.250014062658187e-05,1.250014062658187e-05,0.0,0.0,7.500056250421772e-05,2.5000156250976213e-05,2.5000156250976213e-05,2.5000156250976213e-05,5.0000312501952425e-05,3.7500187500936974e-05,1.2500062500312325e-05,1.2500062500312325e-05,1.2500062500312325e-05,0.0,1.2500062500312325e-05,2.500012500062465e-05,2.500012500062465e-05,2.500012500062465e-05,2.500012500062465e-05,2.500012500062465e-05,2.500012500062465e-05,3.7500187500936974e-05,3.7500187500936974e-05,3.7500187500936974e-05
29.650000000000002,0.00035033281617536164,0.0003503275562651029,0.00022520719061536293,0.00020018166486085838,0.00013762059004202238,0.00010008507231146332,0.00011259373428378965,0.00010007993885115595,8.756709828906274e-05,0.0001626201356251908,6.254393711582298e-05,7.505009593903824e-05,7.504784299991137e-05,6.253814827044409e-05,3.752152797667609e-05,3.752049557070496e-05,3.7518384008163466e-05,1.2505580615349422e-05,6.25263392203957e-05,2.500962870705186e-05,2.5009128331840767e-05,2.5008909423981937e-05,1.2504188903282422e-05,3.7511956936272905e-05,2.5007533519472385e-05,3.7510925056922297e-05,3.7510080834223665e-05,1.2503172680067389e-05,3.7508720777580254e-05,7.501500300059905e-05,2.500450081014547e-05,3.7506047850215316e-05,2.5003594266675478e-05,5.000625078134696e-05,5.0005688147026016e-05,2.5002375225646082e-05,5.000425036128e-05,3.7502953357576376e-05,2.5001812631415423e-05,1.2500828179866739e-05,1.2500750045002522e-05,1.2500656284454757e-05,0.0,2.5000937535157213e-05,1.2500437515312859e-05,1.250037501125016e-05,2.5000718770664303e-05,1.2500312507812517e-05,1.2500265630644473e-05,3.750079689193342e-05,0.0,1.2500218753828014e-05,0.0,0.0,2.500034375472627e-05,3.7500468755858914e-05,5.0000625007811885e-05,3.7500468755858914e-05,1.250014062658187e-05,0.0,1.250014062658187e-05,1.2500125001249835e-05,7.500065625574118e-05,1.2500093750702953e-05,2.5000156250976213e-05,3.750023437646432e-05,3.750023437646432e-05,1.2500078125488106e-05,1.2500062500312325e-05,0.0,2.500012500062465e-05,3.7500187500936974e-05,6.250031250156162e-05,5.00002500012493e-05,3.7500187500936974e-05,3.7500187500936974e-05,3.7500187500936974e-05,5.00002500012493e-05,5.00002500012493e-05,5.00002500012493e-05,3.7500187500936974e-05,3.7500187500936974e-05,3.7500187500936974e-05
29.75,0.00041289224763526233,0.000225210571884717,0.00015013812707691395,0.00018767031080706143,0.00016264251550421406,0.00017514887654506705,0.00016263539396547974,0.0001626299006331342,7.50575128191993e-05,0.00010007392961550559,6.25439371158252e-05,8.755844526221439e-05,6.253986916659504e-05,0.0,3.7521527976677415e-05,1.25068318569021e-05,3.75183840081648e-05,5.0022322461399464e-05,5.002107137631834e-05,5.00192574141055e-05,2.5009128331841655e-05,3.751336413597424e-05,5.001675561313146e-05,5.001594258169898e-05,5.0015067038946546e-05,2.500728337128242e-05,6.2516801390375e-05,0.0,5.0011627703442114e-05,5.0010002000401144e-05,5.000900162029272e-05,5.0008063800288863e-05,8.751257993336729e-05,7.50093761720231e-05,5.000568814702779e-05,5.000475045129394e-05,2.5002125180640886e-05,5.000393781010361e-05,6.250453157854077e-05,3.7502484539601545e-05,2.5001500090005932e-05,0.0,0.0,1.250046876757905e-05,7.500262509187981e-05,1.2500375011250605e-05,6.250179692666297e-05,0.0,1.2500265630644917e-05,5.000106252257967e-05,2.5000531261289834e-05,1.2500218753828459e-05,2.5000406256602203e-05,0.0,0.0,5.000062500781366e-05,5.000062500781366e-05,5.000062500781366e-05,1.2500140626582316e-05,2.5000281253164633e-05,1.2500140626582316e-05,6.25006250062514e-05,1.2500109375957305e-05,2.5000187501406794e-05,3.7500234376465654e-05,2.50001562509771e-05,1.250007812548855e-05,1.250007812548855e-05,2.5000125000625537e-05,6.250031250156384e-05,3.75001875009383e-05,3.75001875009383e-05,1.2500062500312768e-05,2.5000125000625537e-05,5.0000250001251074e-05,5.0000250001251074e-05,5.0000250001251074e-05,3.75001875009383e-05,3.75001875009383e-05,3.75001875009383e-05,3.75001875009383e-05,3.75001875009383e-05,3.75001875009383e-05
29.85,0.0002252139532555896,0.00018767547657059085,0.0001751611482563934,0.0002627384351298766,0.00012510962731092942,0.00010008507231146332,7.506248952252643e-05,5.003996942557797e-05,0.00013760544016852718,0.00013760165322131528,7.505272453898758e-05,6.25417466158652e-05,6.253986916659282e-05,3.752288896226645e-05,5.0028703968901445e-05,0.0,1.2506128002721156e-05,1.2505580615349422e-05,8.753687490855398e-05,5.001925741410372e-05,1.2504564165920383e-05,6.252227355995485e-05,2.5008377806564843e-05,2.5007971290848602e-05,6.251883379868096e-05,7.502185011384459e-05,0.0,3.750951804020217e-05,2.500581385172017e-05,1.2502500500099842e-05,3.750675121521821e-05,0.0,7.501078280002643e-05,3.750468808601022e-05,3.7504266110269513e-05,3.750356283846912e-05,1.250106259032e-05,3.7502953357576376e-05,3.7502718947123136e-05,0.0,5.000300018001009e-05,1.2500656284454757e-05,2.5001125050626924e-05,5.0001875070314426e-05,2.5000875030625718e-05,0.0,1.2500359385332151e-05,3.7500937523437555e-05,2.5000531261288946e-05,2.5000531261288946e-05,3.750079689193342e-05,1.2500218753828014e-05,0.0,2.500034375472627e-05,3.750051563208941e-05,2.5000312503905943e-05,2.5000312503905943e-05,1.2500156251952971e-05,2.500028125316374e-05,1.250014062658187e-05,5.000056250632748e-05,2.500025000249967e-05,2.5000218751913723e-05,5.000037500281181e-05,2.5000156250976213e-05,0.0,2.5000156250976213e-05,5.0000312501952425e-05,5.00002500012493e-05,1.2500062500312325e-05,5.00002500012493e-05,3.7500187500936974e-05,5.00002500012493e-05,3.7500187500936974e-05,2.500012500062465e-05,2.500012500062465e-05,2.500012500062465e-05,2.500012500062465e-05,2.500012500062465e-05,2.500012500062465e-05,2.500012500062465e-05,2.500012500062465e-05,2.500012500062465e-05
29.950000000000003,0.0003753565887593294,0.00027525736563687635,0.00022520719061537093,0.00012511354053804094,0.00011259866457984048,0.0001251063403893336,0.00012510414920421519,0.00012509992356394937,0.00011258626922879896,5.0036964807752794e-05,6.25439371158252e-05,6.254174661586742e-05,5.003189533327603e-05,2.5015259308178523e-05,3.7521527976677415e-05,5.00273274276084e-05,5.00245120108864e-05,0.0,1.2505267844079586e-05,2.500962870705275e-05,5.001825666368331e-05,5.0017818847965656e-05,2.500837780656573e-05,3.7511956936274233e-05,7.502260055841982e-05,2.500728337128242e-05,6.2516801390375e-05,1.2503172680067833e-05,3.750872077758159e-05,6.251250250050143e-05,1.250225040507318e-05,6.251007975036108e-05,6.250898566669092e-05,7.50093761720231e-05,3.750426611027084e-05,1.2501187612823485e-05,0.0,2.5001968905051805e-05,3.7502718947124464e-05,2.5001656359734365e-05,2.5001500090005932e-05,0.0,2.5001125050627812e-05,1.250046876757905e-05,0.0,3.750112503375181e-05,1.2500359385332595e-05,1.2500312507812961e-05,2.5000531261289834e-05,0.0,0.0,2.5000437507656918e-05,0.0,0.0,6.25008593868179e-05,5.000062500781366e-05,2.500031250390683e-05,0.0,1.2500140626582316e-05,1.2500140626582316e-05,3.750042187974695e-05,2.5000250002500558e-05,5.000043750382922e-05,1.2500093750703397e-05,0.0,5.00003125019542e-05,3.7500234376465654e-05,2.50001562509771e-05,3.75001875009383e-05,5.0000250001251074e-05,2.5000125000625537e-05,2.5000125000625537e-05,3.75001875009383e-05,6.250031250156384e-05,5.0000250001251074e-05,5.0000250001251074e-05,6.250031250156384e-05,7.50003750018766e-05,7.50003750018766e-05,7.50003750018766e-05,7.50003750018766e-05,7.50003750018766e-05,7.50003750018766e-05
30.05,0.00033782092988338445,0.0002126988734466696,0.0001501381270769086,0.00021269301891466204,0.0001501315527731153,0.00023770204673972538,0.00016263539396547394,7.505995413836695e-05,8.756709828906274e-05,1.2509241201937755e-05,5.003514969265838e-05,3.752504796951912e-05,6.253986916659282e-05,3.752288896226645e-05,3.752152797667609e-05,2.501366371380331e-05,3.7518384008163466e-05,2.5011161230698844e-05,1.250526784407914e-05,2.500962870705186e-05,3.751369249776115e-05,1.2504454711990968e-05,2.5008377806564843e-05,1.2503985645424301e-05,3.7511300279208576e-05,2.500728337128153e-05,2.500672055614911e-05,6.251586340033695e-05,1.2502906925860085e-05,6.25125025004992e-05,3.750675121521821e-05,0.00010001612760057418,1.2501797133337739e-05,5.000625078134696e-05,5.0005688147026016e-05,3.750356283846912e-05,3.750318777096e-05,6.25049222626273e-05,1.2500906315707711e-05,0.0,1.2500750045002522e-05,0.0,3.750168757594038e-05,5.0001875070314426e-05,2.5000875030625718e-05,5.000150004500064e-05,0.0,1.2500312507812517e-05,5.000106252257789e-05,5.000106252257789e-05,2.5000531261288946e-05,0.0,2.5000406256601315e-05,3.750051563208941e-05,2.500034375472627e-05,3.7500468755858914e-05,1.2500156251952971e-05,2.5000312503905943e-05,0.0,7.500084375949122e-05,2.500028125316374e-05,3.7500375003749506e-05,1.2500109375956862e-05,1.2500093750702953e-05,6.250039062744054e-05,2.5000156250976213e-05,5.0000312501952425e-05,3.750023437646432e-05,2.500012500062465e-05,5.00002500012493e-05,5.00002500012493e-05,7.500037500187395e-05,5.00002500012493e-05,2.500012500062465e-05,2.500012500062465e-05,3.7500187500936974e-05,3.7500187500936974e-05,3.7500187500936974e-05,3.7500187500936974e-05,3.7500187500936974e-05,3.7500187500936974e-05,3.7500187500936974e-05,3.7500187500936974e-05
30.150000000000002,0.0003002852710074528,0.0002502339687607878,0.00012511510589742386,0.00016264760269944743,7.506577638655765e-05,8.757443827253041e-05,0.00015012497904505286,0.00011258993120755043,8.756709828906274e-05,8.756468841356428e-05,5.003514969265838e-05,1.250834932317304e-05,1.2507973833318563e-05,0.00012507629654088818,7.504305595335217e-05,2.501366371380331e-05,3.7518384008163466e-05,1.2505580615349422e-05,3.751580353223742e-05,0.0,3.751369249776115e-05,6.252227355995485e-05,2.5008377806564843e-05,5.0015942581697205e-05,0.0,8.752549179948536e-05,3.7510080834223665e-05,1.2503172680067389e-05,0.0,7.501500300059905e-05,2.500450081014547e-05,5.000806380028709e-05,3.750539140001322e-05,5.000625078134696e-05,2.5002844073513008e-05,6.250593806411521e-05,6.25053129516e-05,2.5001968905050918e-05,2.5001812631415423e-05,2.5001656359733478e-05,0.0,0.0,0.0,2.5000937535157213e-05,0.0,1.250037501125016e-05,3.750107815599645e-05,2.5000625015625035e-05,1.2500265630644473e-05,1.2500265630644473e-05,1.2500265630644473e-05,0.0,0.0,6.250085938681569e-05,3.750051563208941e-05,1.2500156251952971e-05,2.5000312503905943e-05,1.2500156251952971e-05,7.500084375949122e-05,1.250014062658187e-05,3.750042187974561e-05,2.500025000249967e-05,0.0,5.000037500281181e-05,1.2500078125488106e-05,3.750023437646432e-05,2.5000156250976213e-05,6.250039062744054e-05,7.500037500187395e-05,3.7500187500936974e-05,3.7500187500936974e-05,3.7500187500936974e-05,5.00002500012493e-05,5.00002500012493e-05,6.250031250156162e-05,6.250031250156162e-05,5.00002500012493e-05,3.7500187500936974e-05,3.7500187500936974e-05,3.7500187500936974e-05,3.7500187500936974e-05,3.7500187500936974e-05,3.7500187500936974e-05
30.25,0.00017516640808768702,0.00018767547657059751,0.00020018416943588528,0.00020018166486086549,0.00013762059004202726,8.757443827253353e-05,0.00010008331936337214,2.5019984712789874e-05,7.50575128191993e-05,8.75646884135674e-05,5.003514969266016e-05,5.003339729269394e-05,1.2507973833319007e-05,5.003051861635705e-05,1.2507175992225807e-05,3.75204955707063e-05,2.50122560054432e-05,2.5011161230699732e-05,5.002107137631834e-05,0.0,6.252282082960414e-05,5.0017818847965656e-05,0.0,3.7511956936274233e-05,2.5007533519473273e-05,1.250364168564121e-05,2.500672055615e-05,1.2503172680067833e-05,3.750872077758159e-05,2.5005001000200572e-05,5.000900162029272e-05,5.0008063800288863e-05,0.00010001437706670548,6.250781347668592e-05,5.000568814702779e-05,1.2501187612823485e-05,5.000425036128177e-05,3.750295335757771e-05,1.2500906315708155e-05,6.250414089933591e-05,0.0,2.50013125689104e-05,5.0002250101255623e-05,2.50009375351581e-05,2.5000875030626605e-05,2.500075002250121e-05,1.2500359385332595e-05,3.7500937523438884e-05,0.0,1.2500265630644917e-05,1.2500265630644917e-05,2.5000437507656918e-05,3.750060938490331e-05,2.5000343754727162e-05,5.0000687509454324e-05,1.2500156251953415e-05,0.0,2.500031250390683e-05,1.2500140626582316e-05,2.5000281253164633e-05,2.5000281253164633e-05,0.0,6.250054687978653e-05,1.2500093750703397e-05,5.00003125019542e-05,2.50001562509771e-05,6.250039062744275e-05,2.50001562509771e-05,3.75001875009383e-05,5.0000250001251074e-05,6.250031250156384e-05,3.75001875009383e-05,3.75001875009383e-05,6.250031250156384e-05,5.0000250001251074e-05,5.0000250001251074e-05,5.0000250001251074e-05,5.0000250001251074e-05,7.50003750018766e-05,7.50003750018766e-05,7.50003750018766e-05,7.50003750018766e-05,7.50003750018766e-05
30.35,0.00021270206696361241,0.00016265207969451206,0.0001751611482563934,0.00016264760269944743,0.00010008770184874354,0.00013761697442826206,0.00010008331936336858,8.756994649476145e-05,0.00010007668375892885,0.00015011089442325306,2.501757484632919e-05,8.755844526221129e-05,3.752392149995569e-05,3.752288896226645e-05,6.25358799611268e-05,3.752049557070496e-05,1.2506128002721156e-05,3.7516741846048266e-05,2.501053568815828e-05,6.252407176762965e-05,2.5009128331840767e-05,6.252227355995485e-05,7.502513341969453e-05,2.5007971290848602e-05,5.001506703894477e-05,5.001456674256306e-05,1.2503360278074556e-05,5.0012690720269556e-05,7.501744155516051e-05,5.001000200039937e-05,3.750675121521821e-05,7.501209570043063e-05,2.5003594266675478e-05,3.750468808601022e-05,3.7504266110269513e-05,1.2501187612823041e-05,2.500212518064e-05,5.0003937810101835e-05,1.2500906315707711e-05,2.5001656359733478e-05,1.2500750045002522e-05,3.750196885336427e-05,1.2500562525313462e-05,1.2500468767578606e-05,3.750131254593858e-05,0.0,1.2500359385332151e-05,3.7500937523437555e-05,5.000106252257789e-05,1.2500265630644473e-05,0.0,0.0,5.000081251320263e-05,3.750051563208941e-05,0.0,2.5000312503905943e-05,1.2500156251952971e-05,6.250078125976486e-05,2.500028125316374e-05,3.750042187974561e-05,0.0,6.250062500624918e-05,1.2500109375956862e-05,5.000037500281181e-05,5.0000312501952425e-05,7.500046875292864e-05,2.5000156250976213e-05,5.0000312501952425e-05,3.7500187500936974e-05,5.00002500012493e-05,5.00002500012493e-05,7.500037500187395e-05,6.250031250156162e-05,3.7500187500936974e-05,5.00002500012493e-05,7.500037500187395e-05,8.750043750218627e-05,8.750043750218627e-05,6.250031250156162e-05,7.500037500187395e-05,7.500037500187395e-05,7.500037500187395e-05,8.750043750218627e-05
30.450000000000003,0.00023772583954757528,0.00018767547657059751,0.0002502302117948566,0.00012511354053804094,0.00017515347823530742,6.25531701946668e-05,0.00010008331936337214,0.00012509992356394937,0.00010007668375893242,6.254620600969099e-05,7.505272453899025e-05,0.00010006679458538788,6.253986916659504e-05,8.755340757862483e-05,2.5014351984451613e-05,1.25068318569021e-05,2.50122560054432e-05,6.252790307674933e-05,3.7515803532238755e-05,3.7514443060579124e-05,1.2504564165920827e-05,2.5008909423982828e-05,5.001675561313146e-05,2.500797129084949e-05,2.5007533519473273e-05,6.251820842820605e-05,0.0,3.7509518040203504e-05,2.5005813851721057e-05,3.750750150030086e-05,0.0,6.251007975036108e-05,6.250898566669092e-05,3.750468808601155e-05,1.2501422036756948e-05,0.0,3.750318777096133e-05,3.750295335757771e-05,1.2500906315708155e-05,1.2500828179867183e-05,0.0,2.50013125689104e-05,5.0002250101255623e-05,1.250046876757905e-05,3.7501312545939906e-05,2.500075002250121e-05,2.500071877066519e-05,1.2500312507812961e-05,1.2500265630644917e-05,2.5000531261289834e-05,1.2500265630644917e-05,3.750065626148538e-05,2.5000406256602203e-05,5.0000687509454324e-05,1.2500171877363581e-05,1.2500156251953415e-05,6.250078125976707e-05,1.2500156251953415e-05,5.0000562506329265e-05,1.2500140626582316e-05,3.750042187974695e-05,1.2500125001250279e-05,5.000043750382922e-05,5.000037500281359e-05,3.7500234376465654e-05,3.7500234376465654e-05,6.250039062744275e-05,6.250039062744275e-05,5.0000250001251074e-05,5.0000250001251074e-05,7.50003750018766e-05,7.50003750018766e-05,8.750043750218938e-05,0.00010000050000250215,8.750043750218938e-05,5.0000250001251074e-05,3.75001875009383e-05,3.75001875009383e-05,3.75001875009383e-05,3.75001875009383e-05,3.75001875009383e-05,3.75001875009383e-05,2.5000125000625537e-05
30.55,0.0002627496121315212,0.00016265207969451206,0.00013762661648716623,0.00011260218648423284,0.00011259866457983648,0.00013761697442826206,0.00016263539396547394,5.003996942557797e-05,0.00012509585469866108,5.003696480775102e-05,8.756151196215217e-05,6.25417466158652e-05,6.253986916659282e-05,2.5015259308177632e-05,3.752152797667609e-05,2.501366371380331e-05,1.2506128002721156e-05,7.503348369209653e-05,3.751580353223742e-05,2.500962870705186e-05,3.751369249776115e-05,3.7513364135972905e-05,2.5008377806564843e-05,8.752789951797011e-05,7.502260055841715e-05,1.2503641685640766e-05,3.7510080834223665e-05,2.5006345360134778e-05,3.7508720777580254e-05,1.2502500500099842e-05,6.251125202536367e-05,5.000806380028709e-05,5.0007188533350956e-05,3.750468808601022e-05,3.7504266110269513e-05,3.750356283846912e-05,3.750318777096e-05,1.2500984452525459e-05,1.2500906315707711e-05,0.0,0.0,0.0,5.000225010125385e-05,0.0,1.2500437515312859e-05,2.500075002250032e-05,2.5000718770664303e-05,2.5000625015625035e-05,2.5000531261288946e-05,0.0,1.2500265630644473e-05,2.5000437507656027e-05,5.000081251320263e-05,0.0,2.500034375472627e-05,1.2500156251952971e-05,2.5000312503905943e-05,2.5000312503905943e-05,1.250014062658187e-05,2.500028125316374e-05,3.750042187974561e-05,5.000050000499934e-05,5.0000437503827446e-05,3.750028125210886e-05,5.0000312501952425e-05,3.750023437646432e-05,5.0000312501952425e-05,3.750023437646432e-05,8.750043750218627e-05,8.750043750218627e-05,5.00002500012493e-05,3.7500187500936974e-05,2.500012500062465e-05,1.2500062500312325e-05,1.2500062500312325e-05,1.2500062500312325e-05,1.2500062500312325e-05,1.2500062500312325e-05,1.2500062500312325e-05,0.0,0.0,0.0,0.0
30.650000000000002,0.0002252139532555896,0.00020018717500863023,0.00018767265884613577,0.00013762489459184015,0.00010008770184874354,0.0001626382425061279,5.004165968168429e-05,0.0001501199082767339,0.00012509585469866108,7.505544721162653e-05,5.003514969265838e-05,6.25417466158652e-05,0.0,5.0030518616355265e-05,1.2507175992225361e-05,5.002732742760662e-05,5.0024512010884625e-05,3.7516741846048266e-05,2.501053568815828e-05,1.250481435352593e-05,7.50273849955223e-05,2.5008909423981937e-05,2.5008377806564843e-05,3.7511956936272905e-05,3.7511300279208576e-05,3.7510925056922297e-05,1.2503360278074556e-05,2.5006345360134778e-05,7.501744155516051e-05,3.7507501500299525e-05,0.00011252025364565462,3.7506047850215316e-05,6.25089856666887e-05,2.500312539067348e-05,5.0005688147026016e-05,6.250593806411521e-05,3.750318777096e-05,2.5001968905050918e-05,5.0003625262830846e-05,0.0,2.5001500090005044e-05,5.0002625137819026e-05,0.0,3.750140630273582e-05,1.2500437515312859e-05,1.250037501125016e-05,5.0001437541328606e-05,2.5000625015625035e-05,0.0,0.0,1.2500265630644473e-05,5.0000875015312054e-05,3.750060938490197e-05,1.2500171877363135e-05,1.2500171877363135e-05,6.250078125976486e-05,2.5000312503905943e-05,3.7500468755858914e-05,0.0,3.750042187974561e-05,3.750042187974561e-05,1.2500125001249835e-05,3.750032812787059e-05,5.000037500281181e-05,3.750023437646432e-05,7.500046875292864e-05,7.500046875292864e-05,8.750054687841675e-05,3.7500187500936974e-05,2.500012500062465e-05,1.2500062500312325e-05,0.0,0.0,0.0,0.0,0.0,0.0,0.0,0.0,0.0,0.0,0.0,0.0
30.75,0.0001376307492117541,0.00013762868281843818,0.00017516114825639963,0.00012511354053804094,0.00023770829189077438,8.757443827253353e-05,0.00012510414920421519,6.254996178197469e-05,8.756709828906586e-05,6.254620600969099e-05,6.25439371158252e-05,6.254174661586742e-05,3.752392149995702e-05,2.5015259308178523e-05,0.0,1.25068318569021e-05,1.25061280027216e-05,8.753906430744906e-05,5.002107137631834e-05,3.7514443060579124e-05,5.001825666368331e-05,2.5008909423982828e-05,3.75125667098486e-05,7.502391387254847e-05,2.5007533519473273e-05,3.751092505692363e-05,6.2516801390375e-05,1.2503172680067833e-05,6.251453462930264e-05,2.5005001000200572e-05,3.7506751215219536e-05,5.0008063800288863e-05,6.250898566669092e-05,3.750468808601155e-05,2.5002844073513896e-05,5.000475045129394e-05,6.250531295160221e-05,0.0,3.7502718947124464e-05,1.2500828179867183e-05,2.5001500090005932e-05,1.25006562844552e-05,1.2500562525313906e-05,3.7501406302737154e-05,1.2500437515313303e-05,0.0,1.2500359385332595e-05,1.2500312507812961e-05,2.5000531261289834e-05,2.5000531261289834e-05,3.7500796891934754e-05,5.0000875015313837e-05,1.2500203128301101e-05,2.5000343754727162e-05,1.2500171877363581e-05,1.2500156251953415e-05,3.750046875586025e-05,1.2500156251953415e-05,6.250070313291158e-05,5.0000562506329265e-05,2.5000281253164633e-05,7.500075000750167e-05,5.000043750382922e-05,3.750028125211019e-05,6.250039062744275e-05,7.500046875293131e-05,5.00003125019542e-05,2.50001562509771e-05,1.2500062500312768e-05,0.0,0.0,0.0,1.2500062500312768e-05,2.5000125000625537e-05,2.5000125000625537e-05,2.5000125000625537e-05,2.5000125000625537e-05,2.5000125000625537e-05,2.5000125000625537e-05,2.5000125000625537e-05,2.5000125000625537e-05,2.5000125000625537e-05,2.5000125000625537e-05
30.85,0.00017516640808768082,0.00016265207969451206,0.00020018416943587818,8.757947837662554e-05,0.00010008770184874354,0.00013761697442826206,7.506248952252643e-05,0.00010007993885115595,3.7528756409598325e-05,6.254620600968877e-05,6.254393711582298e-05,5.003339729269216e-05,2.5015947666637126e-05,3.752288896226645e-05,1.2507175992225361e-05,5.002732742760662e-05,0.0,1.2505580615349422e-05,2.501053568815828e-05,3.751444306057779e-05,1.2504564165920383e-05,2.5008909423981937e-05,1.2504188903282422e-05,1.2503985645424301e-05,2.5007533519472385e-05,1.2503641685640766e-05,1.2503360278074556e-05,0.0,3.7508720777580254e-05,3.7507501500299525e-05,6.251125202536367e-05,7.501209570043063e-05,2.5003594266675478e-05,6.25078134766837e-05,1.2501422036756504e-05,2.5002375225646082e-05,1.250106259032e-05,2.5001968905050918e-05,1.2500906315707711e-05,0.0,2.5001500090005044e-05,5.0002625137819026e-05,1.2500562525313462e-05,2.5000937535157213e-05,2.5000875030625718e-05,3.750112503375048e-05,0.0,2.5000625015625035e-05,0.0,0.0,5.000106252257789e-05,1.2500218753828014e-05,1.2500203128300657e-05,1.2500171877363135e-05,7.500103126417882e-05,2.5000312503905943e-05,2.5000312503905943e-05,2.5000312503905943e-05,1.250014062658187e-05,2.500028125316374e-05,7.500084375949122e-05,3.7500375003749506e-05,3.750032812787059e-05,6.250046875351477e-05,8.750054687841675e-05,3.750023437646432e-05,1.2500078125488106e-05,0.0,0.0,1.2500062500312325e-05,2.500012500062465e-05,2.500012500062465e-05,2.500012500062465e-05,2.500012500062465e-05,3.7500187500936974e-05,3.7500187500936974e-05,5.00002500012493e-05,5.00002500012493e-05,5.00002500012493e-05,5.00002500012493e-05,6.250031250156162e-05,6.250031250156162e-05,6.250031250156162e-05
30.950000000000003,0.00022521395325559763,0.00017516377813255767,0.00013762661648717114,0.00011260218648423684,8.757673911765371e-05,0.00015012760846720033,7.50624895225291e-05,0.00011258993120755443,3.752875640959965e-05,5.0036964807752794e-05,3.752636226949512e-05,6.254174661586742e-05,3.752392149995702e-05,6.25381482704463e-05,5.002870396890323e-05,1.25068318569021e-05,2.50122560054432e-05,1.2505580615349866e-05,2.501053568815917e-05,2.500962870705275e-05,6.252282082960414e-05,2.5008909423982828e-05,7.50251334196972e-05,1.2503985645424745e-05,8.752636731815646e-05,5.001456674256484e-05,1.2503360278075e-05,7.501903608040701e-05,5.0011627703442114e-05,3.750750150030086e-05,6.25112520253659e-05,3.7506047850216644e-05,6.250898566669092e-05,0.0,0.0,3.7503562838470454e-05,3.750318777096133e-05,0.0,1.2500906315708155e-05,0.0,1.2500750045002966e-05,3.75019688533656e-05,0.0,1.250046876757905e-05,1.2500437515313303e-05,5.000150004500242e-05,5.000143754133038e-05,0.0,0.0,3.7500796891934754e-05,2.5000531261289834e-05,3.750065626148538e-05,2.5000406256602203e-05,1.2500171877363581e-05,0.0,5.000062500781366e-05,0.0,3.750046875586025e-05,5.0000562506329265e-05,5.0000562506329265e-05,2.5000281253164633e-05,3.7500375003750834e-05,6.250054687978653e-05,8.750065625492377e-05,2.50001562509771e-05,0.0,0.0,1.250007812548855e-05,2.5000125000625537e-05,3.75001875009383e-05,3.75001875009383e-05,5.0000250001251074e-05,5.0000250001251074e-05,3.75001875009383e-05,2.5000125000625537e-05,3.75001875009383e-05,2.5000125000625537e-05,3.75001875009383e-05,5.0000250001251074e-05,6.250031250156384e-05,5.0000250001251074e-05,5.0000250001251074e-05,5.0000250001251074e-05
31.05,0.000125118862919772,0.00027525736563686654,0.0001501381270769086,0.00010009083243042919,7.506577638655765e-05,0.00010008507231146332,6.255207460210537e-05,8.756994649476145e-05,0.00010007668375892885,3.7527723605813264e-05,2.501757484632919e-05,1.250834932317304e-05,0.00012507973833318563,6.253814827044409e-05,3.752152797667609e-05,6.253415928450828e-05,1.2506128002721156e-05,3.7516741846048266e-05,0.0,5.001925741410372e-05,1.2504564165920383e-05,0.0,2.5008377806564843e-05,3.7511956936272905e-05,5.001506703894477e-05,2.500728337128153e-05,3.7510080834223665e-05,3.750951804020217e-05,5.001162770344034e-05,1.2502500500099842e-05,6.251125202536367e-05,6.251007975035886e-05,2.5003594266675478e-05,5.000625078134696e-05,3.7504266110269513e-05,3.750356283846912e-05,2.500212518064e-05,2.5001968905050918e-05,0.0,2.5001656359733478e-05,5.000300018001009e-05,1.2500656284454757e-05,3.750168757594038e-05,1.2500468767578606e-05,1.2500437515312859e-05,2.500075002250032e-05,1.2500359385332151e-05,2.5000625015625035e-05,2.5000531261288946e-05,2.5000531261288946e-05,3.750079689193342e-05,1.2500218753828014e-05,1.2500203128300657e-05,6.250085938681569e-05,2.500034375472627e-05,1.2500156251952971e-05,3.7500468755858914e-05,5.0000625007811885e-05,1.250014062658187e-05,2.500028125316374e-05,5.000056250632748e-05,7.500075000749901e-05,8.750076563169803e-05,2.5000187501405906e-05,0.0,0.0,2.5000156250976213e-05,3.750023437646432e-05,5.00002500012493e-05,3.7500187500936974e-05,3.7500187500936974e-05,5.00002500012493e-05,5.00002500012493e-05,6.250031250156162e-05,7.500037500187395e-05,7.500037500187395e-05,7.500037500187395e-05,6.250031250156162e-05,5.00002500012493e-05,3.7500187500936974e-05,3.7500187500936974e-05,3.7500187500936974e-05,3.7500187500936974e-05
31.150000000000002,0.0001501426355037264,0.00011260528594235451,0.00012511510589742386,0.00016264760269944743,0.00011259866457983648,7.506380423359749e-05,7.506248952252643e-05,6.254996178197246e-05,8.756709828906274e-05,5.003696480775102e-05,3.752636226949379e-05,1.250834932317304e-05,3.752392149995569e-05,2.5015259308177632e-05,2.5014351984450722e-05,1.2506831856901655e-05,1.2506128002721156e-05,5.002232246139769e-05,0.0,6.252407176762965e-05,8.753194916144268e-05,7.502672827194581e-05,2.5008377806564843e-05,5.0015942581697205e-05,5.001506703894477e-05,0.0,5.001344111229822e-05,2.5006345360134778e-05,0.0,6.25125025004992e-05,5.000900162029094e-05,5.000806380028709e-05,3.750539140001322e-05,1.250156269533674e-05,5.0005688147026016e-05,3.750356283846912e-05,1.250106259032e-05,6.25049222626273e-05,1.2500906315707711e-05,2.5001656359733478e-05,1.2500750045002522e-05,1.2500656284454757e-05,3.750168757594038e-05,2.5000937535157213e-05,2.5000875030625718e-05,0.0,1.2500359385332151e-05,0.0,0.0,5.000106252257789e-05,5.000106252257789e-05,1.2500218753828014e-05,0.0,1.2500171877363135e-05,5.000068750945254e-05,0.0,3.7500468755858914e-05,2.5000312503905943e-05,7.500084375949122e-05,6.250070313290936e-05,5.000056250632748e-05,8.750087500874885e-05,2.5000218751913723e-05,0.0,1.2500078125488106e-05,2.5000156250976213e-05,3.750023437646432e-05,3.750023437646432e-05,2.500012500062465e-05,5.00002500012493e-05,7.500037500187395e-05,5.00002500012493e-05,5.00002500012493e-05,3.7500187500936974e-05,3.7500187500936974e-05,2.500012500062465e-05,2.500012500062465e-05,2.500012500062465e-05,2.500012500062465e-05,2.500012500062465e-05,2.500012500062465e-05,2.500012500062465e-05,2.500012500062465e-05
31.25,0.00017516640808768702,0.00018767547657059751,0.00010009208471794264,0.00011260218648423684,0.00016264251550421406,0.00015012760846720033,0.00011259373428379365,7.505995413836962e-05,0.00012509585469866553,2.5018482403876397e-05,8.756151196215528e-05,3.7525047969520457e-05,5.003189533327603e-05,6.25381482704463e-05,5.002870396890323e-05,1.25068318569021e-05,5.00245120108864e-05,1.2505580615349866e-05,6.252633922039792e-05,1.2504814353526374e-05,1.2504564165920827e-05,5.0017818847965656e-05,1.2504188903282866e-05,1.2503985645424745e-05,2.5007533519473273e-05,1.250364168564121e-05,2.500672055615e-05,5.001269072027133e-05,1.2502906925860529e-05,7.501500300060172e-05,3.7506751215219536e-05,5.0008063800288863e-05,2.500359426667637e-05,6.250781347668592e-05,5.000568814702779e-05,6.250593806411742e-05,0.0,1.2500984452525903e-05,0.0,1.2500828179867183e-05,5.0003000180011864e-05,1.25006562844552e-05,2.5001125050627812e-05,2.50009375351581e-05,3.7501312545939906e-05,5.000150004500242e-05,1.2500359385332595e-05,0.0,3.7500796891934754e-05,3.7500796891934754e-05,0.0,1.2500218753828459e-05,6.250101564150551e-05,2.5000343754727162e-05,1.2500171877363581e-05,6.250078125976707e-05,3.750046875586025e-05,5.000062500781366e-05,3.750042187974695e-05,5.0000562506329265e-05,7.50008437594939e-05,2.5000250002500558e-05,0.0,1.2500093750703397e-05,1.250007812548855e-05,5.00003125019542e-05,3.7500234376465654e-05,5.00003125019542e-05,7.50003750018766e-05,5.0000250001251074e-05,2.5000125000625537e-05,2.5000125000625537e-05,2.5000125000625537e-05,3.75001875009383e-05,3.75001875009383e-05,3.75001875009383e-05,5.0000250001251074e-05,5.0000250001251074e-05,5.0000250001251074e-05,5.0000250001251074e-05,5.0000250001251074e-05,5.0000250001251074e-05,5.0000250001251074e-05
31.35,0.0001626545217957036,0.00015014038125647268,0.00013762661648716623,0.00011260218648423284,7.506577638655765e-05,0.00011259570635039624,7.506248952252643e-05,0.0001501199082767339,7.505751281919665e-05,8.756468841356428e-05,0.00010007029938531676,6.25417466158652e-05,7.504784299991137e-05,2.5015259308177632e-05,1.2507175992225361e-05,2.501366371380331e-05,5.0024512010884625e-05,3.7516741846048266e-05,3.751580353223742e-05,2.500962870705186e-05,5.0018256663681534e-05,2.5008909423981937e-05,8.752932232297695e-05,7.502391387254581e-05,1.2503766759736193e-05,3.7510925056922297e-05,2.500672055614911e-05,7.501903608040434e-05,6.251453462930043e-05,7.501500300059905e-05,5.000900162029094e-05,6.251007975035886e-05,5.0007188533350956e-05,1.250156269533674e-05,2.5002844073513008e-05,1.2501187612823041e-05,2.500212518064e-05,2.5001968905050918e-05,0.0,2.5001656359733478e-05,2.5001500090005044e-05,0.0,2.5001125050626924e-05,1.2500468767578606e-05,3.750131254593858e-05,1.250037501125016e-05,2.5000718770664303e-05,2.5000625015625035e-05,2.5000531261288946e-05,1.2500265630644473e-05,1.2500265630644473e-05,1.2500218753828014e-05,2.5000406256601315e-05,5.000068750945254e-05,0.0,1.2500156251952971e-05,2.5000312503905943e-05,2.5000312503905943e-05,3.750042187974561e-05,5.000056250632748e-05,5.000056250632748e-05,0.0,1.2500109375956862e-05,1.2500093750702953e-05,6.250039062744054e-05,5.0000312501952425e-05,7.500046875292864e-05,5.0000312501952425e-05,2.500012500062465e-05,2.500012500062465e-05,3.7500187500936974e-05,5.00002500012493e-05,3.7500187500936974e-05,2.500012500062465e-05,2.500012500062465e-05,3.7500187500936974e-05,2.500012500062465e-05,2.500012500062465e-05,3.7500187500936974e-05,3.7500187500936974e-05,3.7500187500936974e-05,3.7500187500936974e-05,3.7500187500936974e-05
31.450000000000003,0.00022521395325559763,0.00020018717500863733,8.758057412819981e-05,0.00022520437296847369,0.0001000877018487471,6.25531701946668e-05,0.00011259373428379365,0.0001000799388511595,3.752875640959965e-05,7.505544721162918e-05,6.25439371158252e-05,5.003339729269394e-05,3.752392149995702e-05,1.2507629654089262e-05,2.5014351984451613e-05,1.25068318569021e-05,7.50367680163296e-05,2.5011161230699732e-05,1.2505267844079586e-05,3.7514443060579124e-05,3.751369249776248e-05,2.5008909423982828e-05,3.75125667098486e-05,2.500797129084949e-05,6.251883379868319e-05,3.751092505692363e-05,1.2503360278075e-05,5.001269072027133e-05,0.0,5.0010002000401144e-05,7.501350243043907e-05,2.5004031900144432e-05,3.750539140001455e-05,0.0,3.750426611027084e-05,3.7503562838470454e-05,1.2501062590320443e-05,0.0,0.0,1.2500828179867183e-05,2.5001500090005932e-05,3.75019688533656e-05,0.0,0.0,1.2500437515313303e-05,1.2500375011250605e-05,0.0,0.0,5.000106252257967e-05,5.000106252257967e-05,2.5000531261289834e-05,3.750065626148538e-05,2.5000406256602203e-05,1.2500171877363581e-05,6.25008593868179e-05,3.750046875586025e-05,6.250078125976707e-05,5.000062500781366e-05,7.50008437594939e-05,8.75009843860762e-05,1.2500140626582316e-05,0.0,1.2500109375957305e-05,6.250046875351699e-05,5.00003125019542e-05,5.00003125019542e-05,2.50001562509771e-05,2.50001562509771e-05,5.0000250001251074e-05,3.75001875009383e-05,2.5000125000625537e-05,3.75001875009383e-05,3.75001875009383e-05,3.75001875009383e-05,3.75001875009383e-05,2.5000125000625537e-05,2.5000125000625537e-05,2.5000125000625537e-05,1.2500062500312768e-05,1.2500062500312768e-05,1.2500062500312768e-05,1.2500062500312768e-05,1.2500062500312768e-05
31.55,0.000187678294379658,0.00015014038125647268,0.00012511510589742386,0.00011260218648423284,0.0001501315527731153,0.00011259570635039624,7.506248952252643e-05,0.00013760991592033943,7.505751281919665e-05,5.003696480775102e-05,5.003514969265838e-05,1.250834932317304e-05,2.5015947666637126e-05,3.752288896226645e-05,2.5014351984450722e-05,5.002732742760662e-05,5.0024512010884625e-05,3.7516741846048266e-05,2.501053568815828e-05,6.252407176762965e-05,1.2504564165920383e-05,3.7513364135972905e-05,7.502513341969453e-05,2.5007971290848602e-05,1.2503766759736193e-05,3.7510925056922297e-05,0.0,5.0012690720269556e-05,6.251453462930043e-05,5.001000200039937e-05,3.750675121521821e-05,5.000806380028709e-05,1.2501797133337739e-05,3.750468808601022e-05,5.0005688147026016e-05,2.5002375225646082e-05,2.500212518064e-05,0.0,2.5001812631415423e-05,5.0003312719466955e-05,1.2500750045002522e-05,3.750196885336427e-05,2.5001125050626924e-05,3.750140630273582e-05,0.0,1.250037501125016e-05,0.0,3.7500937523437555e-05,5.000106252257789e-05,1.2500265630644473e-05,1.2500265630644473e-05,5.0000875015312054e-05,3.750060938490197e-05,0.0,1.2500171877363135e-05,2.5000312503905943e-05,2.5000312503905943e-05,6.250078125976486e-05,6.250070313290936e-05,1.250014062658187e-05,0.0,2.500025000249967e-05,6.250054687978431e-05,5.000037500281181e-05,3.750023437646432e-05,2.5000156250976213e-05,3.750023437646432e-05,3.750023437646432e-05,2.500012500062465e-05,3.7500187500936974e-05,3.7500187500936974e-05,1.2500062500312325e-05,2.500012500062465e-05,3.7500187500936974e-05,2.500012500062465e-05,3.7500187500936974e-05,5.00002500012493e-05,5.00002500012493e-05,5.00002500012493e-05,5.00002500012493e-05,5.00002500012493e-05,5.00002500012493e-05,5.00002500012493e-05
31.650000000000002,0.0001501426355037264,0.0001251169843803939,0.00010009208471793909,7.50681243228219e-05,0.00013762059004202238,7.506380423359749e-05,0.00012510414920421074,5.003996942557797e-05,6.254792734933054e-05,6.254620600968877e-05,7.505272453898758e-05,1.250834932317304e-05,5.003189533327425e-05,0.0,3.752152797667609e-05,2.501366371380331e-05,6.253064001360578e-05,6.252790307674711e-05,2.501053568815828e-05,5.001925741410372e-05,2.5009128331840767e-05,0.0,1.2504188903282422e-05,5.0015942581697205e-05,3.7511300279208576e-05,0.0,3.7510080834223665e-05,5.0012690720269556e-05,2.500581385172017e-05,8.75175035006989e-05,6.251125202536367e-05,5.000806380028709e-05,3.750539140001322e-05,3.750468808601022e-05,2.5002844073513008e-05,1.2501187612823041e-05,5.000425036128e-05,1.2500984452525459e-05,3.7502718947123136e-05,0.0,1.2500750045002522e-05,2.5001312568909513e-05,2.5001125050626924e-05,5.0001875070314426e-05,5.0001750061251435e-05,2.500075002250032e-05,2.5000718770664303e-05,2.5000625015625035e-05,1.2500265630644473e-05,1.2500265630644473e-05,0.0,1.2500218753828014e-05,2.5000406256601315e-05,6.250085938681569e-05,5.000068750945254e-05,7.500093751171783e-05,6.250078125976486e-05,3.7500468755858914e-05,3.750042187974561e-05,0.0,2.500028125316374e-05,5.000050000499934e-05,5.0000437503827446e-05,3.750028125210886e-05,2.5000156250976213e-05,5.0000312501952425e-05,2.5000156250976213e-05,3.750023437646432e-05,2.500012500062465e-05,3.7500187500936974e-05,2.500012500062465e-05,5.00002500012493e-05,5.00002500012493e-05,5.00002500012493e-05,5.00002500012493e-05,3.7500187500936974e-05,2.500012500062465e-05,2.500012500062465e-05,2.500012500062465e-05,2.500012500062465e-05,2.500012500062465e-05,2.500012500062465e-05,2.500012500062465e-05
31.75,0.00020019018067164233,0.00010009358750431866,0.00015013812707691395,7.506812432282456e-05,0.00011259866457984048,0.00011259570635040024,6.255207460210759e-05,2.5019984712789874e-05,6.254792734933276e-05,6.254620600969099e-05,3.752636226949512e-05,2.501669864634697e-05,3.752392149995702e-05,1.2507629654089262e-05,5.002870396890323e-05,0.0,2.50122560054432e-05,2.5011161230699732e-05,3.7515803532238755e-05,1.2504814353526374e-05,2.5009128331841655e-05,6.252227355995707e-05,1.2504188903282866e-05,6.251992822712373e-05,2.5007533519473273e-05,3.751092505692363e-05,7.502016166845e-05,3.7509518040203504e-05,0.0,5.0010002000401144e-05,2.500450081014636e-05,1.2502015950072216e-05,5.000718853335274e-05,5.000625078134873e-05,3.750426611027084e-05,0.0,1.2501062590320443e-05,0.0,2.500181263141631e-05,7.500496907920309e-05,0.0,1.25006562844552e-05,1.2500562525313906e-05,2.50009375351581e-05,1.2500437515313303e-05,0.0,0.0,5.0001250031251845e-05,3.7500796891934754e-05,1.2500265630644917e-05,7.500159378386951e-05,2.5000437507656918e-05,0.0,1.2500171877363581e-05,1.2500171877363581e-05,3.750046875586025e-05,5.000062500781366e-05,8.750109376367391e-05,1.2500140626582316e-05,1.2500140626582316e-05,3.750042187974695e-05,3.7500375003750834e-05,3.7500328127871916e-05,3.750028125211019e-05,5.00003125019542e-05,2.50001562509771e-05,3.7500234376465654e-05,3.7500234376465654e-05,3.75001875009383e-05,5.0000250001251074e-05,5.0000250001251074e-05,2.5000125000625537e-05,1.2500062500312768e-05,0.0,0.0,0.0,0.0,0.0,0.0,0.0,0.0,0.0,0.0
31.85,0.0001501426355037264,0.00013762868281843327,0.00010009208471793909,0.00011260218648423284,0.00013762059004202238,2.502126807786583e-05,0.00012510414920421074,6.254996178197246e-05,3.7528756409598325e-05,3.7527723605813264e-05,6.254393711582298e-05,3.752504796951912e-05,5.003189533327425e-05,3.752288896226645e-05,1.2507175992225361e-05,1.2506831856901655e-05,2.5012256005442313e-05,2.5011161230698844e-05,3.751580353223742e-05,6.252407176762965e-05,1.2504564165920383e-05,3.7513364135972905e-05,2.5008377806564843e-05,5.0015942581697205e-05,1.2503766759736193e-05,3.7510925056922297e-05,2.500672055614911e-05,0.0,7.501744155516051e-05,0.0,6.251125202536367e-05,2.5004031900143544e-05,2.5003594266675478e-05,3.750468808601022e-05,5.0005688147026016e-05,2.5002375225646082e-05,2.500212518064e-05,0.0,0.0,2.5001656359733478e-05,3.750225013500757e-05,1.2500656284454757e-05,0.0,0.0,1.2500437515312859e-05,0.0,2.5000718770664303e-05,5.000125003125007e-05,1.2500265630644473e-05,1.2500265630644473e-05,1.2500265630644473e-05,3.750065626148404e-05,2.5000406256601315e-05,3.750051563208941e-05,7.500103126417882e-05,3.7500468755858914e-05,7.500093751171783e-05,2.5000312503905943e-05,0.0,2.500028125316374e-05,3.750042187974561e-05,6.250062500624918e-05,2.5000218751913723e-05,3.750028125210886e-05,3.750023437646432e-05,2.5000156250976213e-05,2.5000156250976213e-05,5.0000312501952425e-05,3.7500187500936974e-05,0.0,0.0,0.0,1.2500062500312325e-05,1.2500062500312325e-05,2.500012500062465e-05,2.500012500062465e-05,2.500012500062465e-05,2.500012500062465e-05,3.7500187500936974e-05,3.7500187500936974e-05,3.7500187500936974e-05,3.7500187500936974e-05,3.7500187500936974e-05
31.950000000000003,0.00015014263550373175,0.0001126052859423585,0.0001251151058974283,0.00015013624864564911,8.757673911765371e-05,7.506380423360016e-05,5.004165968168607e-05,0.0001000799388511595,5.003834187946621e-05,1.2509241201938199e-05,2.501757484633008e-05,0.00011257514390856136,3.752392149995702e-05,2.5015259308178523e-05,2.5014351984451613e-05,2.50136637138042e-05,2.50122560054432e-05,0.0,5.002107137631834e-05,3.7514443060579124e-05,2.5009128331841655e-05,1.2504454711991414e-05,5.001675561313146e-05,5.001594258169898e-05,0.0,2.500728337128242e-05,2.500672055615e-05,1.2503172680067833e-05,0.00010002325540688423,5.0010002000401144e-05,6.25112520253659e-05,5.0008063800288863e-05,1.2501797133338185e-05,1.2501562695337183e-05,2.5002844073513896e-05,0.0,0.0,2.5001968905051805e-05,5.000362526283262e-05,0.0,2.5001500090005932e-05,2.50013125689104e-05,3.750168757594172e-05,2.50009375351581e-05,1.2500437515313303e-05,1.2500375011250605e-05,2.500071877066519e-05,1.2500312507812961e-05,1.2500265630644917e-05,1.2500265630644917e-05,2.5000531261289834e-05,1.2500218753828459e-05,5.0000812513204405e-05,2.5000343754727162e-05,3.750051563209074e-05,5.000062500781366e-05,5.000062500781366e-05,0.0,2.5000281253164633e-05,5.0000562506329265e-05,6.250070313291158e-05,2.5000250002500558e-05,5.000043750382922e-05,3.750028125211019e-05,1.250007812548855e-05,5.00003125019542e-05,5.00003125019542e-05,0.0,0.0,1.2500062500312768e-05,2.5000125000625537e-05,3.75001875009383e-05,3.75001875009383e-05,3.75001875009383e-05,2.5000125000625537e-05,2.5000125000625537e-05,2.5000125000625537e-05,2.5000125000625537e-05,1.2500062500312768e-05,1.2500062500312768e-05,1.2500062500312768e-05,2.5000125000625537e-05,2.5000125000625537e-05
32.05,0.00017516640808768082,0.00010009358750431511,0.00013762661648716623,8.757947837662554e-05,0.00013762059004202238,0.00011259570635039624,8.75729044429475e-05,6.254996178197246e-05,3.7528756409598325e-05,5.003696480775102e-05,1.2508787423164595e-05,7.505009593903824e-05,5.003189533327425e-05,2.5015259308177632e-05,3.752152797667609e-05,0.0,2.5012256005442313e-05,0.0,5.002107137631656e-05,6.252407176762965e-05,5.0018256663681534e-05,2.5008909423981937e-05,2.5008377806564843e-05,2.5007971290848602e-05,3.7511300279208576e-05,5.001456674256306e-05,7.502016166844733e-05,6.251586340033695e-05,3.7508720777580254e-05,7.501500300059905e-05,2.500450081014547e-05,3.7506047850215316e-05,0.0,5.000625078134696e-05,1.2501422036756504e-05,2.5002375225646082e-05,0.0,2.5001968905050918e-05,1.2500906315707711e-05,2.5001656359733478e-05,3.750225013500757e-05,2.5001312568909513e-05,5.000225010125385e-05,2.5000937535157213e-05,2.5000875030625718e-05,1.250037501125016e-05,6.250179692666075e-05,3.7500937523437555e-05,1.2500265630644473e-05,7.500159378386684e-05,3.750079689193342e-05,2.5000437507656027e-05,3.750060938490197e-05,7.500103126417882e-05,3.750051563208941e-05,8.75010937636708e-05,1.2500156251952971e-05,1.2500156251952971e-05,3.750042187974561e-05,5.000056250632748e-05,2.500028125316374e-05,5.000050000499934e-05,3.750032812787059e-05,1.2500093750702953e-05,5.0000312501952425e-05,2.5000156250976213e-05,0.0,1.2500078125488106e-05,2.500012500062465e-05,3.7500187500936974e-05,2.500012500062465e-05,1.2500062500312325e-05,1.2500062500312325e-05,1.2500062500312325e-05,1.2500062500312325e-05,1.2500062500312325e-05,1.2500062500312325e-05,2.500012500062465e-05,3.7500187500936974e-05,3.7500187500936974e-05,3.7500187500936974e-05,2.500012500062465e-05,2.500012500062465e-05
32.150000000000006,0.00010009509033581761,0.00011260528594235451,0.0001751611482563934,0.00010009083243042919,7.506577638655765e-05,7.506380423359749e-05,0.00010008331936336858,0.00013760991592033943,2.5019170939732213e-05,6.254620600968877e-05,1.2508787423164595e-05,3.752504796951912e-05,2.5015947666637126e-05,6.253814827044409e-05,2.5014351984450722e-05,2.501366371380331e-05,5.0024512010884625e-05,3.7516741846048266e-05,2.501053568815828e-05,1.250481435352593e-05,5.0018256663681534e-05,6.252227355995485e-05,7.502513341969453e-05,1.2503985645424301e-05,1.2503766759736193e-05,1.2503641685640766e-05,7.502016166844733e-05,0.0,5.001162770344034e-05,3.7507501500299525e-05,5.000900162029094e-05,1.2502015950071772e-05,3.750539140001322e-05,2.500312539067348e-05,3.7504266110269513e-05,5.0004750451292164e-05,1.250106259032e-05,1.2500984452525459e-05,5.0003625262830846e-05,0.0,1.2500750045002522e-05,1.2500656284454757e-05,2.5001125050626924e-05,1.2500468767578606e-05,0.0,0.0,2.5000718770664303e-05,1.2500312507812517e-05,1.2500265630644473e-05,1.2500265630644473e-05,2.5000531261288946e-05,3.750065626148404e-05,2.5000406256601315e-05,2.500034375472627e-05,5.000068750945254e-05,3.7500468755858914e-05,0.0,1.2500156251952971e-05,3.750042187974561e-05,5.000056250632748e-05,5.000056250632748e-05,2.500025000249967e-05,1.2500109375956862e-05,5.000037500281181e-05,2.5000156250976213e-05,0.0,2.5000156250976213e-05,3.750023437646432e-05,2.500012500062465e-05,1.2500062500312325e-05,1.2500062500312325e-05,3.7500187500936974e-05,3.7500187500936974e-05,6.250031250156162e-05,7.500037500187395e-05,7.500037500187395e-05,7.500037500187395e-05,6.250031250156162e-05,6.250031250156162e-05,6.250031250156162e-05,6.250031250156162e-05,6.250031250156162e-05,6.250031250156162e-05
32.25,0.000125118862919772,0.00010009358750431511,8.75805741281967e-05,0.00013762489459184015,0.00010008770184874354,0.00011259570635039624,0.00011259373428378965,5.003996942557797e-05,8.756709828906274e-05,0.00010007392961550204,5.003514969265838e-05,6.25417466158652e-05,6.253986916659282e-05,1.2507629654088816e-05,2.5014351984450722e-05,5.002732742760662e-05,1.2506128002721156e-05,5.002232246139769e-05,1.250526784407914e-05,5.001925741410372e-05,2.5009128331840767e-05,5.0017818847963874e-05,2.5008377806564843e-05,6.251992822712151e-05,3.7511300279208576e-05,0.0,3.7510080834223665e-05,6.251586340033695e-05,5.001162770344034e-05,6.25125025004992e-05,2.500450081014547e-05,3.7506047850215316e-05,3.750539140001322e-05,5.000625078134696e-05,0.0,2.5002375225646082e-05,0.0,2.5001968905050918e-05,2.5001812631415423e-05,1.2500828179866739e-05,1.2500750045002522e-05,0.0,0.0,2.5000937535157213e-05,0.0,3.750112503375048e-05,2.5000718770664303e-05,1.2500312507812517e-05,2.5000531261288946e-05,2.5000531261288946e-05,0.0,2.5000437507656027e-05,5.000081251320263e-05,5.000068750945254e-05,8.750120314154195e-05,1.2500156251952971e-05,2.5000312503905943e-05,6.250078125976486e-05,7.500084375949122e-05,2.500028125316374e-05,2.500028125316374e-05,2.500025000249967e-05,5.0000437503827446e-05,2.5000187501405906e-05,0.0,2.5000156250976213e-05,2.5000156250976213e-05,1.2500078125488106e-05,1.2500062500312325e-05,5.00002500012493e-05,7.500037500187395e-05,6.250031250156162e-05,5.00002500012493e-05,3.7500187500936974e-05,2.500012500062465e-05,2.500012500062465e-05,2.500012500062465e-05,2.500012500062465e-05,2.500012500062465e-05,2.500012500062465e-05,2.500012500062465e-05,2.500012500062465e-05,2.500012500062465e-05
32.35,0.00011260697662780281,0.0001626520796945236,8.758057412820292e-05,0.00011260218648424084,6.255481365546916e-05,7.506380423360283e-05,0.00012510414920421963,5.0039969425581524e-05,7.505751281920198e-05,7.505544721163185e-05,7.50527245389929e-05,6.254174661586964e-05,1.2507973833319452e-05,1.2507629654089706e-05,1.250717599222625e-05,6.253415928451271e-05,3.7518384008166136e-05,2.501116123070062e-05,3.751580353224009e-05,3.751444306058045e-05,2.5009128331842542e-05,6.25222735599593e-05,2.5008377806566622e-05,1.250398564542519e-05,3.7511300279211246e-05,1.2503641685641653e-05,3.751008083422633e-05,2.5006345360136557e-05,8.75203484810268e-05,5.001000200040292e-05,5.00090016202945e-05,5.000806380029064e-05,5.0007188533354514e-05,5.000625078135051e-05,1.2501422036757392e-05,1.2501187612823929e-05,0.0,0.0,2.5001812631417198e-05,2.5001656359735253e-05,0.0,2.500131256891129e-05,2.50011250506287e-05,0.0,2.5000875030627493e-05,6.250187505625524e-05,5.0001437541332156e-05,1.2500312507813405e-05,6.25013281532268e-05,3.750079689193608e-05,2.5000531261290725e-05,3.7500656261486706e-05,2.500040625660309e-05,5.00006875094561e-05,3.7500515632092074e-05,0.0,2.500031250390772e-05,5.000062500781544e-05,2.500028125316552e-05,3.750042187974828e-05,2.500028125316552e-05,3.750037500375217e-05,2.5000218751915502e-05,0.0,3.750023437646698e-05,2.500015625097799e-05,1.2500078125488996e-05,3.750023437646698e-05,7.500037500187927e-05,3.750018750093964e-05,2.5000125000626425e-05,1.2500062500313212e-05,2.5000125000626425e-05,2.5000125000626425e-05,2.5000125000626425e-05,2.5000125000626425e-05,2.5000125000626425e-05,2.5000125000626425e-05,1.2500062500313212e-05,1.2500062500313212e-05,1.2500062500313212e-05,1.2500062500313212e-05,1.2500062500313212e-05
32.45,0.000125118862919772,0.00010009358750431511,0.00013762661648716623,0.00013762489459184015,7.506577638655765e-05,0.00012510634038932915,8.75729044429475e-05,7.505995413836695e-05,5.0038341879464426e-05,5.003696480775102e-05,2.501757484632919e-05,1.250834932317304e-05,3.752392149995569e-05,3.752288896226645e-05,1.2507175992225361e-05,6.253415928450828e-05,3.7518384008163466e-05,1.2505580615349422e-05,6.25263392203957e-05,1.250481435352593e-05,3.751369249776115e-05,3.7513364135972905e-05,2.5008377806564843e-05,3.7511956936272905e-05,0.0,6.251820842820383e-05,6.251680139037277e-05,0.0,5.001162770344034e-05,5.001000200039937e-05,2.500450081014547e-05,2.5004031900143544e-05,3.750539140001322e-05,2.500312539067348e-05,1.2501422036756504e-05,1.2501187612823041e-05,2.500212518064e-05,5.0003937810101835e-05,0.0,5.0003312719466955e-05,3.750225013500757e-05,3.750196885336427e-05,2.5001125050626924e-05,2.5000937535157213e-05,0.0,1.250037501125016e-05,1.2500359385332151e-05,1.2500312507812517e-05,1.2500265630644473e-05,1.2500265630644473e-05,3.750079689193342e-05,5.0000875015312054e-05,6.250101564150329e-05,7.500103126417882e-05,1.2500171877363135e-05,2.5000312503905943e-05,3.7500468755858914e-05,3.7500468755858914e-05,3.750042187974561e-05,3.750042187974561e-05,3.750042187974561e-05,3.7500375003749506e-05,0.0,3.750028125210886e-05,1.2500078125488106e-05,1.2500078125488106e-05,7.500046875292864e-05,5.0000312501952425e-05,2.500012500062465e-05,2.500012500062465e-05,2.500012500062465e-05,2.500012500062465e-05,2.500012500062465e-05,2.500012500062465e-05,2.500012500062465e-05,2.500012500062465e-05,2.500012500062465e-05,2.500012500062465e-05,2.500012500062465e-05,3.7500187500936974e-05,3.7500187500936974e-05,3.7500187500936974e-05,3.7500187500936974e-05
32.55,7.50713177518632e-05,8.758188906627572e-05,5.0046042358969544e-05,0.0001251135405380365,0.00011259866457983648,6.255317019466458e-05,3.7531244761263215e-05,6.254996178197246e-05,6.254792734933054e-05,7.505544721162653e-05,0.0,3.752504796951912e-05,1.2507973833318563e-05,3.752288896226645e-05,5.0028703968901445e-05,3.752049557070496e-05,2.5012256005442313e-05,2.5011161230698844e-05,3.751580353223742e-05,2.500962870705186e-05,1.2504564165920383e-05,1.2504454711990968e-05,7.502513341969453e-05,2.5007971290848602e-05,5.001506703894477e-05,5.001456674256306e-05,0.0,6.251586340033695e-05,1.2502906925860085e-05,5.001000200039937e-05,5.000900162029094e-05,1.2502015950071772e-05,1.2501797133337739e-05,2.500312539067348e-05,1.2501422036756504e-05,0.0,2.500212518064e-05,1.2500984452525459e-05,2.5001812631415423e-05,1.2500828179866739e-05,1.2500750045002522e-05,3.750196885336427e-05,1.2500562525313462e-05,0.0,1.2500437515312859e-05,5.000150004500064e-05,0.0,1.2500312507812517e-05,2.5000531261288946e-05,0.0,5.000106252257789e-05,3.750065626148404e-05,5.000081251320263e-05,5.000068750945254e-05,0.0,3.7500468755858914e-05,5.0000625007811885e-05,2.5000312503905943e-05,2.500028125316374e-05,1.250014062658187e-05,5.000056250632748e-05,0.0,2.5000218751913723e-05,1.2500093750702953e-05,3.750023437646432e-05,7.500046875292864e-05,2.5000156250976213e-05,2.5000156250976213e-05,2.500012500062465e-05,3.7500187500936974e-05,2.500012500062465e-05,2.500012500062465e-05,5.00002500012493e-05,3.7500187500936974e-05,3.7500187500936974e-05,3.7500187500936974e-05,5.00002500012493e-05,5.00002500012493e-05,5.00002500012493e-05,3.7500187500936974e-05,3.7500187500936974e-05,3.7500187500936974e-05,3.7500187500936974e-05
32.650000000000006,0.0001126069766277948,0.00018767547657059085,0.00013762661648716623,7.50681243228219e-05,0.0,0.00010008507231146332,3.7531244761263215e-05,5.003996942557797e-05,6.254792734933054e-05,5.003696480775102e-05,3.752636226949379e-05,5.003339729269216e-05,0.0,1.2507629654088816e-05,1.2507175992225361e-05,8.754782299831158e-05,5.0024512010884625e-05,3.7516741846048266e-05,3.751580353223742e-05,2.500962870705186e-05,5.0018256663681534e-05,2.5008909423981937e-05,5.001675561312969e-05,1.2503985645424301e-05,3.7511300279208576e-05,1.2503641685640766e-05,1.2503360278074556e-05,0.0001125285541206065,5.001162770344034e-05,6.25125025004992e-05,3.750675121521821e-05,0.0,7.501078280002643e-05,2.500312539067348e-05,2.5002844073513008e-05,1.2501187612823041e-05,1.250106259032e-05,5.0003937810101835e-05,0.0,2.5001656359733478e-05,1.2500750045002522e-05,1.2500656284454757e-05,2.5001125050626924e-05,0.0,3.750131254593858e-05,3.750112503375048e-05,2.5000718770664303e-05,7.500187504687511e-05,3.750079689193342e-05,6.250132815322237e-05,2.5000531261288946e-05,3.750065626148404e-05,3.750060938490197e-05,1.2500171877363135e-05,2.500034375472627e-05,2.5000312503905943e-05,5.0000625007811885e-05,5.0000625007811885e-05,2.500028125316374e-05,5.000056250632748e-05,0.0,2.500025000249967e-05,2.5000218751913723e-05,3.750028125210886e-05,5.0000312501952425e-05,2.5000156250976213e-05,2.5000156250976213e-05,2.5000156250976213e-05,2.500012500062465e-05,3.7500187500936974e-05,3.7500187500936974e-05,5.00002500012493e-05,2.500012500062465e-05,2.500012500062465e-05,2.500012500062465e-05,3.7500187500936974e-05,2.500012500062465e-05,2.500012500062465e-05,3.7500187500936974e-05,3.7500187500936974e-05,3.7500187500936974e-05,3.7500187500936974e-05,3.7500187500936974e-05
32.75,8.758320404384041e-05,0.00013762868281843327,0.00012511510589742386,0.00013762489459184015,0.00010008770184874354,5.004253615573166e-05,6.255207460210537e-05,3.7529977069183474e-05,3.7528756409598325e-05,5.003696480775102e-05,2.501757484632919e-05,1.250834932317304e-05,1.2507973833318563e-05,5.0030518616355265e-05,0.0,1.2506831856901655e-05,3.7518384008163466e-05,2.5011161230698844e-05,0.0,1.250481435352593e-05,3.751369249776115e-05,5.0017818847963874e-05,2.5008377806564843e-05,0.0,1.2503766759736193e-05,5.001456674256306e-05,3.7510080834223665e-05,3.750951804020217e-05,8.75203484810206e-05,3.7507501500299525e-05,0.0,3.7506047850215316e-05,1.2501797133337739e-05,1.250156269533674e-05,5.0005688147026016e-05,0.0,2.500212518064e-05,2.5001968905050918e-05,2.5001812631415423e-05,0.0,0.0,0.0,0.0,2.5000937535157213e-05,5.0001750061251435e-05,1.250037501125016e-05,1.2500359385332151e-05,0.0,1.2500265630644473e-05,1.2500265630644473e-05,5.000106252257789e-05,3.750065626148404e-05,8.75014218981046e-05,0.0,3.750051563208941e-05,7.500093751171783e-05,2.5000312503905943e-05,3.7500468755858914e-05,3.750042187974561e-05,2.500028125316374e-05,1.250014062658187e-05,2.500025000249967e-05,1.2500109375956862e-05,6.250046875351477e-05,2.5000156250976213e-05,2.5000156250976213e-05,2.5000156250976213e-05,5.0000312501952425e-05,5.00002500012493e-05,2.500012500062465e-05,2.500012500062465e-05,3.7500187500936974e-05,3.7500187500936974e-05,3.7500187500936974e-05,3.7500187500936974e-05,3.7500187500936974e-05,3.7500187500936974e-05,3.7500187500936974e-05,2.500012500062465e-05,2.500012500062465e-05,2.500012500062465e-05,2.500012500062465e-05,2.500012500062465e-05
32.85,0.00017516640808769326,8.758188906628195e-05,8.758057412820292e-05,8.757947837663176e-05,0.00011259866457984448,0.00010008507231147044,8.757290444295374e-05,6.254996178197691e-05,1.2509585469866996e-05,3.752772360581593e-05,7.50527245389929e-05,6.254174661586964e-05,5.003189533327781e-05,1.2507629654089706e-05,1.250717599222625e-05,1.2506831856902543e-05,1.2506128002722044e-05,3.751674184605093e-05,7.503160706448018e-05,1.2504814353526818e-05,1.2504564165921271e-05,2.5008909423983716e-05,6.252094451641655e-05,2.500797129085038e-05,5.001506703894833e-05,7.502185011384992e-05,2.5006720556150886e-05,5.0012690720273114e-05,1.2502906925860974e-05,3.7507501500302195e-05,5.00090016202945e-05,3.750604785021798e-05,5.0007188533354514e-05,0.0,2.5002844073514783e-05,0.0,0.0,2.5001968905052693e-05,2.5001812631417198e-05,2.5001656359735253e-05,3.750225013501023e-05,5.000262513782258e-05,2.50011250506287e-05,0.0,2.5000875030627493e-05,1.2500375011251049e-05,0.0,2.500062501562681e-05,0.0,3.750079689193608e-05,2.5000531261290725e-05,7.500131252297341e-05,2.500040625660309e-05,2.500034375472805e-05,2.500034375472805e-05,2.500031250390772e-05,3.750046875586158e-05,1.250015625195386e-05,5.000056250633104e-05,0.0,3.750042187974828e-05,1.2500125001250723e-05,7.50006562557465e-05,1.250009375070384e-05,2.500015625097799e-05,2.500015625097799e-05,3.750023437646698e-05,2.500015625097799e-05,2.5000125000626425e-05,3.750018750093964e-05,3.750018750093964e-05,2.5000125000626425e-05,1.2500062500313212e-05,1.2500062500313212e-05,1.2500062500313212e-05,0.0,1.2500062500313212e-05,1.2500062500313212e-05,1.2500062500313212e-05,1.2500062500313212e-05,1.2500062500313212e-05,1.2500062500313212e-05,1.2500062500313212e-05
32.95,0.00010009509033581761,8.758188906627572e-05,0.00016264963766665102,6.255677026901825e-05,5.004385092437177e-05,7.506380423359749e-05,0.00015012497904505286,2.5019984712788986e-05,2.5019170939732213e-05,1.2509241201937755e-05,8.756151196215217e-05,6.25417466158652e-05,2.5015947666637126e-05,5.0030518616355265e-05,2.5014351984450722e-05,2.501366371380331e-05,0.0,5.002232246139769e-05,3.751580353223742e-05,6.252407176762965e-05,2.5009128331840767e-05,2.5008909423981937e-05,0.0,2.5007971290848602e-05,1.2503766759736193e-05,5.001456674256306e-05,3.7510080834223665e-05,5.0012690720269556e-05,7.501744155516051e-05,3.7507501500299525e-05,1.2502250405072735e-05,5.000806380028709e-05,3.750539140001322e-05,2.500312539067348e-05,1.2501422036756504e-05,0.0,5.000425036128e-05,1.2500984452525459e-05,5.0003625262830846e-05,2.5001656359733478e-05,5.000300018001009e-05,1.2500656284454757e-05,0.0,1.2500468767578606e-05,3.750131254593858e-05,1.250037501125016e-05,6.250179692666075e-05,5.000125003125007e-05,6.250132815322237e-05,2.5000531261288946e-05,5.000106252257789e-05,6.250109376914007e-05,0.0,2.500034375472627e-05,6.250085938681569e-05,2.5000312503905943e-05,3.7500468755858914e-05,5.0000625007811885e-05,0.0,3.750042187974561e-05,1.250014062658187e-05,7.500075000749901e-05,2.5000218751913723e-05,2.5000187501405906e-05,2.5000156250976213e-05,3.750023437646432e-05,2.5000156250976213e-05,3.750023437646432e-05,3.7500187500936974e-05,1.2500062500312325e-05,1.2500062500312325e-05,1.2500062500312325e-05,3.7500187500936974e-05,3.7500187500936974e-05,3.7500187500936974e-05,3.7500187500936974e-05,2.500012500062465e-05,2.500012500062465e-05,2.500012500062465e-05,2.500012500062465e-05,2.500012500062465e-05,2.500012500062465e-05,2.500012500062465e-05
33.05,7.50713177518632e-05,0.0001251169843803939,0.00013762661648716623,0.00010009083243042919,0.0001501315527731153,0.00012510634038932915,6.255207460210537e-05,2.5019984712788986e-05,8.756709828906274e-05,0.0,5.003514969265838e-05,2.501669864634608e-05,3.752392149995569e-05,1.2507629654088816e-05,1.2507175992225361e-05,3.752049557070496e-05,0.0,5.002232246139769e-05,6.25263392203957e-05,5.001925741410372e-05,7.50273849955223e-05,7.502672827194581e-05,3.7512566709847265e-05,3.7511956936272905e-05,0.0,3.7510925056922297e-05,3.7510080834223665e-05,8.752220876047173e-05,3.7508720777580254e-05,1.2502500500099842e-05,6.251125202536367e-05,3.7506047850215316e-05,2.5003594266675478e-05,0.0,0.0,2.5002375225646082e-05,1.250106259032e-05,1.2500984452525459e-05,1.2500906315707711e-05,1.2500828179866739e-05,2.5001500090005044e-05,1.2500656284454757e-05,0.0,3.750140630273582e-05,3.750131254593858e-05,1.250037501125016e-05,2.5000718770664303e-05,1.2500312507812517e-05,1.2500265630644473e-05,6.250132815322237e-05,6.250132815322237e-05,3.750065626148404e-05,1.2500203128300657e-05,3.750051563208941e-05,3.750051563208941e-05,3.7500468755858914e-05,1.2500156251952971e-05,2.5000312503905943e-05,1.250014062658187e-05,1.250014062658187e-05,5.000056250632748e-05,2.500025000249967e-05,2.5000218751913723e-05,2.5000187501405906e-05,5.0000312501952425e-05,3.750023437646432e-05,3.750023437646432e-05,1.2500078125488106e-05,0.0,3.7500187500936974e-05,3.7500187500936974e-05,2.500012500062465e-05,0.0,0.0,0.0,0.0,0.0,0.0,0.0,0.0,0.0,0.0,0.0
33.150000000000006,0.00021270206696361241,6.255849219019694e-05,7.50690635384543e-05,7.50681243228219e-05,6.255481365546471e-05,0.00011259570635039624,5.004165968168429e-05,8.756994649476145e-05,5.0038341879464426e-05,3.7527723605813264e-05,3.752636226949379e-05,6.25417466158652e-05,3.752392149995569e-05,2.5015259308177632e-05,1.2507175992225361e-05,3.752049557070496e-05,6.253064001360578e-05,1.2505580615349422e-05,2.501053568815828e-05,2.500962870705186e-05,3.751369249776115e-05,1.2504454711990968e-05,3.7512566709847265e-05,3.7511956936272905e-05,1.2503766759736193e-05,5.001456674256306e-05,1.2503360278074556e-05,5.0012690720269556e-05,6.251453462930043e-05,2.5005001000199684e-05,1.2502250405072735e-05,1.2502015950071772e-05,2.5003594266675478e-05,2.500312539067348e-05,0.0,2.5002375225646082e-05,5.000425036128e-05,0.0,1.2500906315707711e-05,0.0,0.0,1.2500656284454757e-05,1.2500562525313462e-05,5.0001875070314426e-05,1.2500437515312859e-05,1.250037501125016e-05,2.5000718770664303e-05,0.0,3.750079689193342e-05,2.5000531261288946e-05,3.750079689193342e-05,1.2500218753828014e-05,1.2500203128300657e-05,5.000068750945254e-05,2.500034375472627e-05,3.7500468755858914e-05,5.0000625007811885e-05,0.0,3.750042187974561e-05,1.250014062658187e-05,3.750042187974561e-05,2.500025000249967e-05,2.5000218751913723e-05,5.000037500281181e-05,2.5000156250976213e-05,3.750023437646432e-05,1.2500078125488106e-05,3.750023437646432e-05,3.7500187500936974e-05,0.0,0.0,0.0,0.0,1.2500062500312325e-05,2.500012500062465e-05,3.7500187500936974e-05,3.7500187500936974e-05,5.00002500012493e-05,6.250031250156162e-05,6.250031250156162e-05,6.250031250156162e-05,6.250031250156162e-05,6.250031250156162e-05
33.25,0.000125118862919772,0.0001251169843803939,0.00012511510589742386,0.00011260218648423284,0.00010008770184874354,0.00011259570635039624,5.004165968168429e-05,7.505995413836695e-05,0.00010007668375892885,6.254620600968877e-05,7.505272453898758e-05,2.501669864634608e-05,2.5015947666637126e-05,2.5015259308177632e-05,6.25358799611268e-05,1.2506831856901655e-05,2.5012256005442313e-05,2.5011161230698844e-05,3.751580353223742e-05,2.500962870705186e-05,6.252282082960192e-05,2.5008909423981937e-05,1.2504188903282422e-05,0.0,6.251883379868096e-05,5.001456674256306e-05,3.7510080834223665e-05,0.0,3.7508720777580254e-05,5.001000200039937e-05,0.0,5.000806380028709e-05,2.5003594266675478e-05,5.000625078134696e-05,1.2501422036756504e-05,2.5002375225646082e-05,2.500212518064e-05,2.5001968905050918e-05,0.0,2.5001656359733478e-05,3.750225013500757e-05,2.5001312568909513e-05,1.2500562525313462e-05,2.5000937535157213e-05,1.2500437515312859e-05,1.250037501125016e-05,2.5000718770664303e-05,3.7500937523437555e-05,2.5000531261288946e-05,6.250132815322237e-05,8.750185941451132e-05,0.0,5.000081251320263e-05,5.000068750945254e-05,3.750051563208941e-05,2.5000312503905943e-05,2.5000312503905943e-05,2.5000312503905943e-05,1.250014062658187e-05,7.500084375949122e-05,2.500028125316374e-05,2.500025000249967e-05,3.750032812787059e-05,2.5000187501405906e-05,3.750023437646432e-05,0.0,3.750023437646432e-05,0.0,0.0,0.0,2.500012500062465e-05,5.00002500012493e-05,6.250031250156162e-05,6.250031250156162e-05,5.00002500012493e-05,3.7500187500936974e-05,3.7500187500936974e-05,2.500012500062465e-05,1.2500062500312325e-05,1.2500062500312325e-05,1.2500062500312325e-05,1.2500062500312325e-05,1.2500062500312325e-05
33.35,8.758320404384663e-05,0.00013762868281844305,8.758057412820292e-05,2.5022708107609077e-05,6.255481365546916e-05,5.004253615573522e-05,6.255207460210982e-05,5.0039969425581524e-05,6.254792734933499e-05,6.254620600969321e-05,3.752636226949645e-05,0.0,0.0,1.2507629654089706e-05,7.50430559533575e-05,3.752049557070763e-05,2.5012256005444088e-05,2.501116123070062e-05,2.501053568816006e-05,3.751444306058045e-05,3.7513692497763815e-05,5.001781884796743e-05,5.0016755613133244e-05,1.250398564542519e-05,5.001506703894833e-05,0.0,7.502016166845266e-05,3.750951804020483e-05,6.251453462930486e-05,3.7507501500302195e-05,2.500450081014725e-05,2.500403190014532e-05,1.2501797133338628e-05,2.5003125390675254e-05,0.0,1.2501187612823929e-05,2.5002125180641774e-05,2.5001968905052693e-05,2.5001812631417198e-05,2.5001656359735253e-05,2.500150009000682e-05,0.0,1.250056252531435e-05,3.750140630273848e-05,2.5000875030627493e-05,7.500225006750629e-05,2.5000718770666078e-05,3.750093752344022e-05,6.25013281532268e-05,3.750079689193608e-05,2.5000531261290725e-05,2.5000437507657806e-05,3.7500609384904635e-05,2.500034375472805e-05,3.7500515632092074e-05,5.000062500781544e-05,0.0,2.500031250390772e-05,5.000056250633104e-05,2.500028125316552e-05,2.500028125316552e-05,3.750037500375217e-05,3.750032812787325e-05,3.750028125211152e-05,0.0,3.750023437646698e-05,0.0,0.0,3.750018750093964e-05,6.250031250156606e-05,5.000025000125285e-05,2.5000125000626425e-05,1.2500062500313212e-05,0.0,0.0,0.0,0.0,0.0,0.0,0.0,0.0,0.0,0.0
33.45,8.758320404384041e-05,7.507019062823634e-05,0.00013762661648716623,6.255677026901825e-05,0.00011259866457983648,1.2510634038932915e-05,6.255207460210537e-05,6.254996178197246e-05,6.254792734933054e-05,0.0,2.501757484632919e-05,3.752504796951912e-05,3.752392149995569e-05,1.2507629654088816e-05,3.752152797667609e-05,3.752049557070496e-05,2.5012256005442313e-05,7.503348369209653e-05,2.501053568815828e-05,0.0,1.2504564165920383e-05,6.252227355995485e-05,2.5008377806564843e-05,5.0015942581697205e-05,1.2503766759736193e-05,1.2503641685640766e-05,7.502016166844733e-05,8.752220876047173e-05,3.7508720777580254e-05,1.2502500500099842e-05,2.500450081014547e-05,5.000806380028709e-05,0.0,1.250156269533674e-05,0.0,2.5002375225646082e-05,0.0,5.0003937810101835e-05,2.5001812631415423e-05,5.0003312719466955e-05,0.0,0.0,2.5001125050626924e-05,3.750140630273582e-05,0.0,0.0,1.2500359385332151e-05,3.7500937523437555e-05,2.5000531261288946e-05,5.000106252257789e-05,0.0,2.5000437507656027e-05,6.250101564150329e-05,3.750051563208941e-05,2.500034375472627e-05,1.2500156251952971e-05,2.5000312503905943e-05,1.2500156251952971e-05,3.750042187974561e-05,2.500028125316374e-05,5.000056250632748e-05,2.500025000249967e-05,2.5000218751913723e-05,0.0,3.750023437646432e-05,0.0,1.2500078125488106e-05,6.250039062744054e-05,3.7500187500936974e-05,1.2500062500312325e-05,0.0,0.0,1.2500062500312325e-05,1.2500062500312325e-05,1.2500062500312325e-05,2.500012500062465e-05,2.500012500062465e-05,3.7500187500936974e-05,3.7500187500936974e-05,3.7500187500936974e-05,3.7500187500936974e-05,3.7500187500936974e-05,3.7500187500936974e-05
33.55,0.0001126069766277948,0.00016265207969451206,6.255755294871193e-05,7.50681243228219e-05,5.004385092437177e-05,6.255317019466458e-05,6.255207460210537e-05,6.254996178197246e-05,3.7528756409598325e-05,3.7527723605813264e-05,3.752636226949379e-05,1.250834932317304e-05,3.752392149995569e-05,5.0030518616355265e-05,6.25358799611268e-05,2.501366371380331e-05,1.2506128002721156e-05,5.002232246139769e-05,1.250526784407914e-05,5.001925741410372e-05,2.5009128331840767e-05,5.0017818847963874e-05,0.0,3.7511956936272905e-05,3.7511300279208576e-05,3.7510925056922297e-05,2.500672055614911e-05,3.750951804020217e-05,3.7508720777580254e-05,3.7507501500299525e-05,5.000900162029094e-05,5.000806380028709e-05,2.5003594266675478e-05,1.250156269533674e-05,2.5002844073513008e-05,3.750356283846912e-05,2.500212518064e-05,1.2500984452525459e-05,1.2500906315707711e-05,1.2500828179866739e-05,2.5001500090005044e-05,0.0,6.25028126265673e-05,1.2500468767578606e-05,1.2500437515312859e-05,2.500075002250032e-05,2.5000718770664303e-05,2.5000625015625035e-05,6.250132815322237e-05,7.500159378386684e-05,0.0,3.750065626148404e-05,2.5000406256601315e-05,3.750051563208941e-05,3.750051563208941e-05,0.0,2.5000312503905943e-05,7.500093751171783e-05,2.500028125316374e-05,2.500028125316374e-05,2.500028125316374e-05,3.7500375003749506e-05,1.2500109375956862e-05,3.750028125210886e-05,0.0,3.750023437646432e-05,6.250039062744054e-05,1.2500078125488106e-05,0.0,1.2500062500312325e-05,1.2500062500312325e-05,3.7500187500936974e-05,2.500012500062465e-05,2.500012500062465e-05,3.7500187500936974e-05,3.7500187500936974e-05,3.7500187500936974e-05,2.500012500062465e-05,2.500012500062465e-05,2.500012500062465e-05,2.500012500062465e-05,2.500012500062465e-05,2.500012500062465e-05
33.650000000000006,8.758320404384041e-05,0.00011260528594235451,8.75805741281967e-05,0.00011260218648423284,8.75767391176506e-05,0.00010008507231146332,3.7531244761263215e-05,3.7529977069183474e-05,5.0038341879464426e-05,0.0,3.752636226949379e-05,0.0,1.2507973833318563e-05,1.2507629654088816e-05,6.25358799611268e-05,5.002732742760662e-05,3.7518384008163466e-05,1.2505580615349422e-05,2.501053568815828e-05,3.751444306057779e-05,5.0018256663681534e-05,5.0017818847963874e-05,0.0,3.7511956936272905e-05,7.502260055841715e-05,2.500728337128153e-05,7.502016166844733e-05,5.0012690720269556e-05,3.7508720777580254e-05,5.001000200039937e-05,5.000900162029094e-05,1.2502015950071772e-05,0.0,0.0,2.5002844073513008e-05,0.0,0.0,1.2500984452525459e-05,0.0,0.0,0.0,2.5001312568909513e-05,1.2500562525313462e-05,1.2500468767578606e-05,3.750131254593858e-05,5.000150004500064e-05,3.750107815599645e-05,5.000125003125007e-05,3.750079689193342e-05,2.5000531261288946e-05,2.5000531261288946e-05,5.0000875015312054e-05,3.750060938490197e-05,1.2500171877363135e-05,2.500034375472627e-05,3.7500468755858914e-05,1.2500156251952971e-05,2.5000312503905943e-05,2.500028125316374e-05,3.750042187974561e-05,3.750042187974561e-05,1.2500125001249835e-05,3.750032812787059e-05,0.0,3.750023437646432e-05,3.750023437646432e-05,0.0,1.2500078125488106e-05,1.2500062500312325e-05,2.500012500062465e-05,3.7500187500936974e-05,2.500012500062465e-05,3.7500187500936974e-05,3.7500187500936974e-05,2.500012500062465e-05,1.2500062500312325e-05,2.500012500062465e-05,2.500012500062465e-05,2.500012500062465e-05,2.500012500062465e-05,3.7500187500936974e-05,3.7500187500936974e-05,3.7500187500936974e-05
33.75,0.00010009509033581761,0.00010009358750431511,8.75805741281967e-05,7.50681243228219e-05,0.00010008770184874354,6.255317019466458e-05,3.7531244761263215e-05,1.2509992356394493e-05,6.254792734933054e-05,3.7527723605813264e-05,5.003514969265838e-05,2.501669864634608e-05,5.003189533327425e-05,0.0,1.2507175992225361e-05,3.752049557070496e-05,2.5012256005442313e-05,2.5011161230698844e-05,1.250526784407914e-05,2.500962870705186e-05,2.5009128331840767e-05,2.5008909423981937e-05,3.7512566709847265e-05,1.2503985645424301e-05,6.251883379868096e-05,3.7510925056922297e-05,5.001344111229822e-05,5.0012690720269556e-05,1.2502906925860085e-05,2.5005001000199684e-05,1.2502250405072735e-05,3.7506047850215316e-05,2.5003594266675478e-05,0.0,1.2501422036756504e-05,7.500712567693824e-05,1.250106259032e-05,0.0,3.7502718947123136e-05,5.0003312719466955e-05,2.5001500090005044e-05,0.0,5.000225010125385e-05,2.5000937535157213e-05,5.0001750061251435e-05,1.250037501125016e-05,2.5000718770664303e-05,2.5000625015625035e-05,3.750079689193342e-05,0.0,3.750079689193342e-05,5.0000875015312054e-05,2.5000406256601315e-05,5.000068750945254e-05,0.0,1.2500156251952971e-05,7.500093751171783e-05,2.5000312503905943e-05,5.000056250632748e-05,2.500028125316374e-05,1.250014062658187e-05,3.7500375003749506e-05,0.0,3.750028125210886e-05,3.750023437646432e-05,0.0,1.2500078125488106e-05,2.5000156250976213e-05,5.00002500012493e-05,3.7500187500936974e-05,2.500012500062465e-05,2.500012500062465e-05,2.500012500062465e-05,2.500012500062465e-05,2.500012500062465e-05,3.7500187500936974e-05,3.7500187500936974e-05,5.00002500012493e-05,5.00002500012493e-05,5.00002500012493e-05,3.7500187500936974e-05,3.7500187500936974e-05,3.7500187500936974e-05
33.85,0.00013763074921175898,0.00012511698438040278,6.255755294871637e-05,0.00010009083243043631,0.00010008770184875065,0.00013761697442827184,2.5020829840843924e-05,1.2509992356395381e-05,1.2509585469866996e-05,0.00011258317081744778,3.752636226949645e-05,3.7525047969521785e-05,1.2507973833319452e-05,1.2507629654089706e-05,1.250717599222625e-05,1.2506831856902543e-05,3.7518384008166136e-05,5.002232246140124e-05,3.751580353224009e-05,2.5009628707053636e-05,2.5009128331842542e-05,0.0,1.2504188903283311e-05,1.250398564542519e-05,3.7511300279211246e-05,3.751092505692496e-05,6.251680139037722e-05,5.0012690720273114e-05,2.5005813851721948e-05,1.250250050010073e-05,3.750675121522087e-05,1.250201595007266e-05,3.750539140001589e-05,1.2501562695337627e-05,2.5002844073514783e-05,2.5002375225647857e-05,2.5002125180641774e-05,2.5001968905052693e-05,3.75027189471258e-05,1.2500828179867627e-05,0.0,3.750196885336693e-05,3.7501687575943046e-05,0.0,1.2500437515313747e-05,0.0,3.7501078155999114e-05,5.000125003125362e-05,8.750185941451753e-05,1.2500265630645362e-05,3.750079689193608e-05,2.5000437507657806e-05,2.500040625660309e-05,2.500034375472805e-05,2.500034375472805e-05,2.500031250390772e-05,2.500031250390772e-05,2.500031250390772e-05,1.250014062658276e-05,3.750042187974828e-05,1.250014062658276e-05,0.0,3.750032812787325e-05,3.750028125211152e-05,0.0,1.2500078125488996e-05,2.500015625097799e-05,2.500015625097799e-05,1.2500062500313212e-05,2.5000125000626425e-05,2.5000125000626425e-05,5.000025000125285e-05,3.750018750093964e-05,3.750018750093964e-05,5.000025000125285e-05,5.000025000125285e-05,3.750018750093964e-05,3.750018750093964e-05,3.750018750093964e-05,3.750018750093964e-05,3.750018750093964e-05,3.750018750093964e-05,3.750018750093964e-05
33.95,7.50713177518632e-05,7.507019062823634e-05,0.00011260359530768147,0.00011260218648423284,0.00010008770184874354,5.004253615573166e-05,2.5020829840842145e-05,7.505995413836695e-05,1.2509585469866107e-05,7.505544721162653e-05,6.254393711582298e-05,3.752504796951912e-05,5.003189533327425e-05,2.5015259308177632e-05,2.5014351984450722e-05,0.0,5.0024512010884625e-05,5.002232246139769e-05,3.751580353223742e-05,1.250481435352593e-05,6.252282082960192e-05,6.252227355995485e-05,6.252094451641211e-05,0.0,3.7511300279208576e-05,1.2503641685640766e-05,5.001344111229822e-05,5.0012690720269556e-05,5.001162770344034e-05,0.0,5.000900162029094e-05,2.5004031900143544e-05,3.750539140001322e-05,0.0,0.0,0.0,5.000425036128e-05,2.5001968905050918e-05,2.5001812631415423e-05,1.2500828179866739e-05,0.0,2.5001312568909513e-05,1.2500562525313462e-05,1.2500468767578606e-05,2.5000875030625718e-05,2.500075002250032e-05,3.750107815599645e-05,3.7500937523437555e-05,2.5000531261288946e-05,1.2500265630644473e-05,6.250132815322237e-05,3.750065626148404e-05,3.750060938490197e-05,0.0,2.500034375472627e-05,6.250078125976486e-05,2.5000312503905943e-05,3.7500468755858914e-05,3.750042187974561e-05,1.250014062658187e-05,2.500028125316374e-05,1.2500125001249835e-05,3.750032812787059e-05,0.0,2.5000156250976213e-05,3.750023437646432e-05,3.750023437646432e-05,3.750023437646432e-05,2.500012500062465e-05,3.7500187500936974e-05,5.00002500012493e-05,3.7500187500936974e-05,5.00002500012493e-05,5.00002500012493e-05,3.7500187500936974e-05,3.7500187500936974e-05,3.7500187500936974e-05,2.500012500062465e-05,3.7500187500936974e-05,3.7500187500936974e-05,3.7500187500936974e-05,3.7500187500936974e-05,3.7500187500936974e-05
34.05,0.0001501426355037264,0.00013762868281843327,1.2511510589742386e-05,8.757947837662554e-05,0.00012510962731092942,3.7531902116798746e-05,0.00010008331936336858,7.505995413836695e-05,2.5019170939732213e-05,2.501848240387551e-05,1.2508787423164595e-05,2.501669864634608e-05,1.2507973833318563e-05,0.0,2.5014351984450722e-05,0.0,5.0024512010884625e-05,5.002232246139769e-05,5.002107137631656e-05,0.00010003851482820744,2.5009128331840767e-05,1.2504454711990968e-05,1.2504188903282422e-05,2.5007971290848602e-05,5.001506703894477e-05,3.7510925056922297e-05,1.2503360278074556e-05,6.251586340033695e-05,3.7508720777580254e-05,3.7507501500299525e-05,2.500450081014547e-05,0.0,1.2501797133337739e-05,0.0,5.0005688147026016e-05,1.2501187612823041e-05,1.250106259032e-05,1.2500984452525459e-05,1.2500906315707711e-05,1.2500828179866739e-05,2.5001500090005044e-05,5.0002625137819026e-05,1.2500562525313462e-05,2.5000937535157213e-05,3.750131254593858e-05,3.750112503375048e-05,5.0001437541328606e-05,6.250156253906259e-05,0.0,5.000106252257789e-05,2.5000531261288946e-05,3.750065626148404e-05,5.000081251320263e-05,2.500034375472627e-05,1.2500171877363135e-05,2.5000312503905943e-05,2.5000312503905943e-05,2.5000312503905943e-05,2.500028125316374e-05,3.750042187974561e-05,0.0,6.250062500624918e-05,0.0,1.2500093750702953e-05,3.750023437646432e-05,2.5000156250976213e-05,2.5000156250976213e-05,3.750023437646432e-05,5.00002500012493e-05,3.7500187500936974e-05,3.7500187500936974e-05,2.500012500062465e-05,2.500012500062465e-05,2.500012500062465e-05,3.7500187500936974e-05,2.500012500062465e-05,2.500012500062465e-05,2.500012500062465e-05,1.2500062500312325e-05,1.2500062500312325e-05,1.2500062500312325e-05,1.2500062500312325e-05,1.2500062500312325e-05
34.150000000000006,0.0001126069766277948,6.255849219019694e-05,7.50690635384543e-05,7.50681243228219e-05,5.004385092437177e-05,7.506380423359749e-05,6.255207460210537e-05,8.756994649476145e-05,3.7528756409598325e-05,2.501848240387551e-05,6.254393711582298e-05,3.752504796951912e-05,2.5015947666637126e-05,2.5015259308177632e-05,5.0028703968901445e-05,5.002732742760662e-05,1.2506128002721156e-05,2.5011161230698844e-05,2.501053568815828e-05,2.500962870705186e-05,2.5009128331840767e-05,1.2504454711990968e-05,0.0,6.251992822712151e-05,1.2503766759736193e-05,7.502185011384459e-05,5.001344111229822e-05,1.2503172680067389e-05,1.2502906925860085e-05,2.5005001000199684e-05,3.750675121521821e-05,1.2502015950071772e-05,1.2501797133337739e-05,2.500312539067348e-05,1.2501422036756504e-05,1.2501187612823041e-05,2.500212518064e-05,0.0,0.0,0.0,0.0,3.750196885336427e-05,1.2500562525313462e-05,6.250234383789303e-05,1.2500437515312859e-05,5.000150004500064e-05,3.750107815599645e-05,8.750218755468762e-05,0.0,2.5000531261288946e-05,3.750079689193342e-05,1.2500218753828014e-05,0.0,2.500034375472627e-05,7.500103126417882e-05,2.5000312503905943e-05,3.7500468755858914e-05,3.7500468755858914e-05,1.250014062658187e-05,0.0,6.250070313290936e-05,0.0,1.2500109375956862e-05,5.000037500281181e-05,1.2500078125488106e-05,2.5000156250976213e-05,3.750023437646432e-05,3.750023437646432e-05,5.00002500012493e-05,3.7500187500936974e-05,3.7500187500936974e-05,2.500012500062465e-05,2.500012500062465e-05,2.500012500062465e-05,1.2500062500312325e-05,2.500012500062465e-05,2.500012500062465e-05,2.500012500062465e-05,2.500012500062465e-05,2.500012500062465e-05,2.500012500062465e-05,2.500012500062465e-05,2.500012500062465e-05
34.25,0.0001126069766277948,6.255849219019694e-05,7.50690635384543e-05,7.50681243228219e-05,1.2510962731092943e-05,6.255317019466458e-05,5.004165968168429e-05,5.003996942557797e-05,7.505751281919665e-05,8.756468841356428e-05,2.501757484632919e-05,2.501669864634608e-05,2.5015947666637126e-05,3.752288896226645e-05,1.2507175992225361e-05,3.752049557070496e-05,2.5012256005442313e-05,3.7516741846048266e-05,2.501053568815828e-05,6.252407176762965e-05,2.5009128331840767e-05,5.0017818847963874e-05,5.001675561312969e-05,3.7511956936272905e-05,1.2503766759736193e-05,7.502185011384459e-05,7.502016166844733e-05,5.0012690720269556e-05,3.7508720777580254e-05,3.7507501500299525e-05,5.000900162029094e-05,1.2502015950071772e-05,0.0,2.500312539067348e-05,2.5002844073513008e-05,0.0,0.0,3.7502953357576376e-05,5.0003625262830846e-05,2.5001656359733478e-05,1.2500750045002522e-05,1.2500656284454757e-05,1.2500562525313462e-05,1.2500468767578606e-05,0.0,2.500075002250032e-05,3.750107815599645e-05,1.2500312507812517e-05,2.5000531261288946e-05,7.500159378386684e-05,2.5000531261288946e-05,5.0000875015312054e-05,1.2500203128300657e-05,1.2500171877363135e-05,2.500034375472627e-05,2.5000312503905943e-05,2.5000312503905943e-05,1.2500156251952971e-05,2.500028125316374e-05,1.250014062658187e-05,1.250014062658187e-05,1.2500125001249835e-05,3.750032812787059e-05,1.2500093750702953e-05,2.5000156250976213e-05,5.0000312501952425e-05,5.0000312501952425e-05,3.750023437646432e-05,2.500012500062465e-05,2.500012500062465e-05,1.2500062500312325e-05,2.500012500062465e-05,1.2500062500312325e-05,2.500012500062465e-05,2.500012500062465e-05,1.2500062500312325e-05,1.2500062500312325e-05,1.2500062500312325e-05,1.2500062500312325e-05,1.2500062500312325e-05,1.2500062500312325e-05,1.2500062500312325e-05,1.2500062500312325e-05
34.35,0.00011260697662780281,0.00010009358750432223,0.00010009208471794619,6.25567702690227e-05,6.255481365546916e-05,5.004253615573522e-05,6.255207460210982e-05,6.254996178197691e-05,2.5019170939733992e-05,2.5018482403877285e-05,0.0,0.0,1.2507973833319452e-05,6.253814827044852e-05,3.752152797667875e-05,2.5013663713805086e-05,2.5012256005444088e-05,2.501116123070062e-05,3.751580353224009e-05,2.5009628707053636e-05,7.502738499552763e-05,2.5008909423983716e-05,2.5008377806566622e-05,2.500797129085038e-05,3.7511300279211246e-05,2.5007283371283306e-05,2.5006720556150886e-05,2.5006345360136557e-05,2.5005813851721948e-05,5.001000200040292e-05,2.500450081014725e-05,1.250201595007266e-05,0.0,1.2501562695337627e-05,5.0005688147029566e-05,3.750356283847179e-05,2.5002125180641774e-05,1.2500984452526346e-05,1.2500906315708599e-05,0.0,2.500150009000682e-05,5.000262513782258e-05,1.250056252531435e-05,1.2500468767579494e-05,3.750131254594124e-05,5.0001500045004194e-05,5.0001437541332156e-05,1.2500312507813405e-05,3.750079689193608e-05,2.5000531261290725e-05,3.750079689193608e-05,2.5000437507657806e-05,3.7500609384904635e-05,6.250085938682012e-05,2.500034375472805e-05,3.750046875586158e-05,3.750046875586158e-05,3.750046875586158e-05,0.0,6.250070313291379e-05,0.0,2.5000250002501446e-05,2.5000218751915502e-05,2.500018750140768e-05,5.000031250195598e-05,3.750023437646698e-05,2.500015625097799e-05,1.2500078125488996e-05,2.5000125000626425e-05,1.2500062500313212e-05,2.5000125000626425e-05,1.2500062500313212e-05,2.5000125000626425e-05,1.2500062500313212e-05,2.5000125000626425e-05,2.5000125000626425e-05,2.5000125000626425e-05,2.5000125000626425e-05,2.5000125000626425e-05,2.5000125000626425e-05,2.5000125000626425e-05,2.5000125000626425e-05,2.5000125000626425e-05
34.45,8.758320404384041e-05,7.507019062823634e-05,7.50690635384543e-05,6.255677026901825e-05,0.00010008770184874354,3.7531902116798746e-05,6.255207460210537e-05,6.254996178197246e-05,0.0,2.501848240387551e-05,3.752636226949379e-05,3.752504796951912e-05,1.2507973833318563e-05,7.50457779245329e-05,3.752152797667609e-05,1.2506831856901655e-05,7.503676801632693e-05,2.5011161230698844e-05,0.0,1.250481435352593e-05,5.0018256663681534e-05,0.0,2.5008377806564843e-05,5.0015942581697205e-05,2.5007533519472385e-05,6.251820842820383e-05,6.251680139037277e-05,5.0012690720269556e-05,5.001162770344034e-05,1.2502500500099842e-05,1.2502250405072735e-05,2.5004031900143544e-05,1.2501797133337739e-05,2.500312539067348e-05,2.5002844073513008e-05,2.5002375225646082e-05,1.250106259032e-05,5.0003937810101835e-05,1.2500906315707711e-05,0.0,6.250375022501261e-05,0.0,1.2500562525313462e-05,5.0001875070314426e-05,3.750131254593858e-05,2.500075002250032e-05,5.0001437541328606e-05,0.0,3.750079689193342e-05,3.750079689193342e-05,2.5000531261288946e-05,0.0,1.2500203128300657e-05,3.750051563208941e-05,2.500034375472627e-05,2.5000312503905943e-05,1.2500156251952971e-05,0.0,3.750042187974561e-05,0.0,2.500028125316374e-05,3.7500375003749506e-05,2.5000218751913723e-05,5.000037500281181e-05,5.0000312501952425e-05,3.750023437646432e-05,2.5000156250976213e-05,2.5000156250976213e-05,1.2500062500312325e-05,1.2500062500312325e-05,2.500012500062465e-05,2.500012500062465e-05,1.2500062500312325e-05,1.2500062500312325e-05,0.0,0.0,0.0,0.0,1.2500062500312325e-05,1.2500062500312325e-05,1.2500062500312325e-05,1.2500062500312325e-05,1.2500062500312325e-05
34.55,0.000125118862919772,7.507019062823634e-05,0.00010009208471793909,0.00010009083243042919,6.255481365546471e-05,5.004253615573166e-05,3.7531244761263215e-05,3.7529977069183474e-05,3.7528756409598325e-05,5.003696480775102e-05,1.2508787423164595e-05,3.752504796951912e-05,5.003189533327425e-05,3.752288896226645e-05,2.5014351984450722e-05,2.501366371380331e-05,2.5012256005442313e-05,1.2505580615349422e-05,6.25263392203957e-05,1.250481435352593e-05,2.5009128331840767e-05,0.0,5.001675561312969e-05,6.251992822712151e-05,1.2503766759736193e-05,6.251820842820383e-05,5.001344111229822e-05,1.2503172680067389e-05,1.2502906925860085e-05,5.001000200039937e-05,2.500450081014547e-05,5.000806380028709e-05,0.0,0.0,0.0,3.750356283846912e-05,1.250106259032e-05,1.2500984452525459e-05,1.2500906315707711e-05,2.5001656359733478e-05,1.2500750045002522e-05,1.2500656284454757e-05,6.25028126265673e-05,1.2500468767578606e-05,3.750131254593858e-05,5.000150004500064e-05,7.50021563119929e-05,2.5000625015625035e-05,6.250132815322237e-05,1.2500265630644473e-05,3.750079689193342e-05,2.5000437507656027e-05,2.5000406256601315e-05,2.500034375472627e-05,3.750051563208941e-05,3.7500468755858914e-05,3.7500468755858914e-05,0.0,3.750042187974561e-05,1.250014062658187e-05,3.750042187974561e-05,2.500025000249967e-05,3.750032812787059e-05,3.750028125210886e-05,2.5000156250976213e-05,1.2500078125488106e-05,2.5000156250976213e-05,1.2500078125488106e-05,2.500012500062465e-05,2.500012500062465e-05,0.0,0.0,1.2500062500312325e-05,2.500012500062465e-05,3.7500187500936974e-05,3.7500187500936974e-05,3.7500187500936974e-05,3.7500187500936974e-05,2.500012500062465e-05,2.500012500062465e-05,2.500012500062465e-05,2.500012500062465e-05,2.500012500062465e-05
34.650000000000006,7.50713177518632e-05,6.255849219019694e-05,0.00011260359530768147,0.0001251135405380365,0.00012510962731092942,2.502126807786583e-05,1.2510414920421072e-05,6.254996178197246e-05,2.5019170939732213e-05,2.501848240387551e-05,0.0,1.250834932317304e-05,1.2507973833318563e-05,6.253814827044409e-05,5.0028703968901445e-05,3.752049557070496e-05,3.7518384008163466e-05,2.5011161230698844e-05,2.501053568815828e-05,5.001925741410372e-05,5.0018256663681534e-05,3.7513364135972905e-05,1.2504188903282422e-05,7.502391387254581e-05,6.251883379868096e-05,6.251820842820383e-05,5.001344111229822e-05,2.5006345360134778e-05,0.0,3.7507501500299525e-05,1.2502250405072735e-05,2.5004031900143544e-05,0.0,5.000625078134696e-05,1.2501422036756504e-05,1.2501187612823041e-05,1.250106259032e-05,0.0,0.0,0.0,5.000300018001009e-05,2.5001312568909513e-05,1.2500562525313462e-05,0.0,2.5000875030625718e-05,2.500075002250032e-05,1.2500359385332151e-05,3.7500937523437555e-05,2.5000531261288946e-05,3.750079689193342e-05,2.5000531261288946e-05,2.5000437507656027e-05,6.250101564150329e-05,2.500034375472627e-05,2.500034375472627e-05,1.2500156251952971e-05,0.0,6.250078125976486e-05,0.0,2.500028125316374e-05,2.500028125316374e-05,3.7500375003749506e-05,5.0000437503827446e-05,3.750028125210886e-05,2.5000156250976213e-05,2.5000156250976213e-05,1.2500078125488106e-05,2.5000156250976213e-05,0.0,1.2500062500312325e-05,2.500012500062465e-05,3.7500187500936974e-05,2.500012500062465e-05,3.7500187500936974e-05,2.500012500062465e-05,2.500012500062465e-05,2.500012500062465e-05,2.500012500062465e-05,2.500012500062465e-05,2.500012500062465e-05,2.500012500062465e-05,2.500012500062465e-05,2.500012500062465e-05
34.75,6.2559431459886e-05,3.753509531411817e-05,7.50690635384543e-05,0.00011260218648423284,6.255481365546471e-05,3.7531902116798746e-05,1.2510414920421072e-05,2.5019984712788986e-05,3.7528756409598325e-05,6.254620600968877e-05,1.2508787423164595e-05,5.003339729269216e-05,0.0,2.5015259308177632e-05,2.5014351984450722e-05,2.501366371380331e-05,0.0,1.2505580615349422e-05,2.501053568815828e-05,2.500962870705186e-05,1.2504564165920383e-05,1.2504454711990968e-05,0.0,2.5007971290848602e-05,1.2503766759736193e-05,5.001456674256306e-05,3.7510080834223665e-05,5.0012690720269556e-05,1.2502906925860085e-05,2.5005001000199684e-05,0.0,1.2502015950071772e-05,2.5003594266675478e-05,1.250156269533674e-05,1.2501422036756504e-05,1.2501187612823041e-05,0.0,5.0003937810101835e-05,2.5001812631415423e-05,1.2500828179866739e-05,2.5001500090005044e-05,0.0,2.5001125050626924e-05,2.5000937535157213e-05,5.0001750061251435e-05,7.500225006750097e-05,0.0,2.5000625015625035e-05,3.750079689193342e-05,2.5000531261288946e-05,0.0,1.2500218753828014e-05,1.2500203128300657e-05,3.750051563208941e-05,3.750051563208941e-05,3.7500468755858914e-05,1.2500156251952971e-05,1.2500156251952971e-05,2.500028125316374e-05,3.750042187974561e-05,2.500028125316374e-05,5.000050000499934e-05,2.5000218751913723e-05,1.2500093750702953e-05,1.2500078125488106e-05,2.5000156250976213e-05,1.2500078125488106e-05,1.2500078125488106e-05,3.7500187500936974e-05,2.500012500062465e-05,3.7500187500936974e-05,2.500012500062465e-05,2.500012500062465e-05,0.0,0.0,0.0,0.0,0.0,0.0,0.0,0.0,0.0,0.0
34.85,0.00010009509033582471,0.00010009358750432223,7.506906353845965e-05,8.757947837663176e-05,2.502192546218766e-05,3.7531902116801416e-05,5.004165968168785e-05,1.2509992356395381e-05,0.00010007668375893597,2.5018482403877285e-05,5.003514969266194e-05,1.250834932317393e-05,1.2507973833319452e-05,2.501525930817941e-05,2.50143519844525e-05,2.5013663713805086e-05,6.253064001361022e-05,1.250558061535031e-05,2.501053568816006e-05,2.5009628707053636e-05,2.5009128331842542e-05,5.001781884796743e-05,0.0,3.751195693627557e-05,0.0,0.0,6.251680139037722e-05,2.5006345360136557e-05,2.5005813851721948e-05,3.7507501500302195e-05,2.500450081014725e-05,0.0,1.2501797133338628e-05,2.5003125390675254e-05,0.0,0.0,3.750318777096266e-05,1.2500984452526346e-05,0.0,3.750248453960288e-05,2.500150009000682e-05,1.2500656284455644e-05,3.7501687575943046e-05,3.750140630273848e-05,2.5000875030627493e-05,6.250187505625524e-05,1.2500359385333039e-05,5.000125003125362e-05,2.5000531261290725e-05,5.000106252258145e-05,2.5000531261290725e-05,5.000087501531561e-05,2.500040625660309e-05,2.500034375472805e-05,1.2500171877364025e-05,0.0,5.000062500781544e-05,0.0,3.750042187974828e-05,2.500028125316552e-05,5.000056250633104e-05,2.5000250002501446e-05,2.5000218751915502e-05,2.500018750140768e-05,2.500015625097799e-05,0.0,2.500015625097799e-05,2.500015625097799e-05,2.5000125000626425e-05,2.5000125000626425e-05,0.0,0.0,0.0,0.0,0.0,0.0,0.0,0.0,0.0,0.0,0.0,0.0,0.0
34.95,5.0047545167908806e-05,0.00010009358750431511,8.75805741281967e-05,3.753406216141095e-05,7.506577638655765e-05,7.506380423359749e-05,0.00010008331936336858,0.0,6.254792734933054e-05,6.254620600968877e-05,2.501757484632919e-05,3.752504796951912e-05,2.5015947666637126e-05,2.5015259308177632e-05,0.0,5.002732742760662e-05,3.7518384008163466e-05,6.252790307674711e-05,1.250526784407914e-05,7.502888612115558e-05,5.0018256663681534e-05,2.5008909423981937e-05,3.7512566709847265e-05,5.0015942581697205e-05,6.251883379868096e-05,5.001456674256306e-05,1.2503360278074556e-05,2.5006345360134778e-05,6.251453462930043e-05,3.7507501500299525e-05,0.0,0.0,2.5003594266675478e-05,5.000625078134696e-05,3.7504266110269513e-05,2.5002375225646082e-05,5.000425036128e-05,0.0,0.0,5.0003312719466955e-05,1.2500750045002522e-05,3.750196885336427e-05,1.2500562525313462e-05,5.0001875070314426e-05,5.0001750061251435e-05,3.750112503375048e-05,1.2500359385332151e-05,5.000125003125007e-05,3.750079689193342e-05,1.2500265630644473e-05,2.5000531261288946e-05,3.750065626148404e-05,2.5000406256601315e-05,3.750051563208941e-05,3.750051563208941e-05,1.2500156251952971e-05,1.2500156251952971e-05,3.7500468755858914e-05,1.250014062658187e-05,3.750042187974561e-05,3.750042187974561e-05,2.500025000249967e-05,2.5000218751913723e-05,2.5000187501405906e-05,0.0,2.5000156250976213e-05,2.5000156250976213e-05,2.5000156250976213e-05,0.0,0.0,0.0,0.0,0.0,0.0,0.0,1.2500062500312325e-05,1.2500062500312325e-05,1.2500062500312325e-05,2.500012500062465e-05,2.500012500062465e-05,2.500012500062465e-05,2.500012500062465e-05,2.500012500062465e-05
35.05,0.00010009509033581761,5.004679375215756e-05,6.255755294871193e-05,1.2511354053803649e-05,5.004385092437177e-05,7.506380423359749e-05,7.506248952252643e-05,3.7529977069183474e-05,2.5019170939732213e-05,1.2509241201937755e-05,3.752636226949379e-05,2.501669864634608e-05,0.0,1.2507629654088816e-05,0.0,5.002732742760662e-05,6.253064001360578e-05,5.002232246139769e-05,8.753687490855398e-05,1.250481435352593e-05,1.2504564165920383e-05,0.0,7.502513341969453e-05,0.0,0.00010003013407788954,7.502185011384459e-05,5.001344111229822e-05,2.5006345360134778e-05,2.500581385172017e-05,3.7507501500299525e-05,2.500450081014547e-05,1.2502015950071772e-05,1.2501797133337739e-05,2.500312539067348e-05,3.7504266110269513e-05,2.5002375225646082e-05,2.500212518064e-05,2.5001968905050918e-05,2.5001812631415423e-05,1.2500828179866739e-05,0.0,5.0002625137819026e-05,1.2500562525313462e-05,1.2500468767578606e-05,2.5000875030625718e-05,1.250037501125016e-05,5.0001437541328606e-05,2.5000625015625035e-05,1.2500265630644473e-05,0.0,1.2500265630644473e-05,2.5000437507656027e-05,3.750060938490197e-05,1.2500171877363135e-05,0.0,5.0000625007811885e-05,1.2500156251952971e-05,2.5000312503905943e-05,2.500028125316374e-05,5.000056250632748e-05,2.500028125316374e-05,1.2500125001249835e-05,1.2500109375956862e-05,0.0,3.750023437646432e-05,3.750023437646432e-05,1.2500078125488106e-05,0.0,0.0,0.0,0.0,1.2500062500312325e-05,2.500012500062465e-05,3.7500187500936974e-05,3.7500187500936974e-05,2.500012500062465e-05,2.500012500062465e-05,2.500012500062465e-05,1.2500062500312325e-05,1.2500062500312325e-05,1.2500062500312325e-05,1.2500062500312325e-05,1.2500062500312325e-05
35.150000000000006,6.2559431459886e-05,0.0001251169843803939,6.255755294871193e-05,7.50681243228219e-05,5.004385092437177e-05,6.255317019466458e-05,6.255207460210537e-05,6.254996178197246e-05,3.7528756409598325e-05,6.254620600968877e-05,3.752636226949379e-05,2.501669864634608e-05,2.5015947666637126e-05,5.0030518616355265e-05,1.2507175992225361e-05,2.501366371380331e-05,1.2506128002721156e-05,2.5011161230698844e-05,3.751580353223742e-05,2.500962870705186e-05,3.751369249776115e-05,2.5008909423981937e-05,1.2504188903282422e-05,1.2503985645424301e-05,5.001506703894477e-05,3.7510925056922297e-05,2.500672055614911e-05,5.0012690720269556e-05,3.7508720777580254e-05,1.2502500500099842e-05,1.2502250405072735e-05,0.0,1.2501797133337739e-05,0.0,2.5002844073513008e-05,1.2501187612823041e-05,0.0,0.0,0.0,5.0003312719466955e-05,2.5001500090005044e-05,1.2500656284454757e-05,2.5001125050626924e-05,5.0001875070314426e-05,7.500262509187716e-05,0.0,2.5000718770664303e-05,3.7500937523437555e-05,5.000106252257789e-05,2.5000531261288946e-05,7.500159378386684e-05,2.5000437507656027e-05,2.5000406256601315e-05,1.2500171877363135e-05,0.0,1.2500156251952971e-05,2.5000312503905943e-05,2.5000312503905943e-05,5.000056250632748e-05,2.500028125316374e-05,2.500028125316374e-05,1.2500125001249835e-05,1.2500109375956862e-05,2.5000187501405906e-05,2.5000156250976213e-05,0.0,0.0,0.0,0.0,2.500012500062465e-05,3.7500187500936974e-05,2.500012500062465e-05,1.2500062500312325e-05,0.0,0.0,0.0,0.0,0.0,0.0,0.0,0.0,0.0,0.0
35.25,2.5023772583954403e-05,6.255849219019694e-05,0.00010009208471793909,0.00010009083243042919,6.255481365546471e-05,3.7531902116798746e-05,3.7531244761263215e-05,5.003996942557797e-05,8.756709828906274e-05,2.501848240387551e-05,1.2508787423164595e-05,1.250834932317304e-05,3.752392149995569e-05,1.2507629654088816e-05,5.0028703968901445e-05,1.2506831856901655e-05,5.0024512010884625e-05,1.2505580615349422e-05,6.25263392203957e-05,3.751444306057779e-05,2.5009128331840767e-05,5.0017818847963874e-05,2.5008377806564843e-05,3.7511956936272905e-05,2.5007533519472385e-05,3.7510925056922297e-05,5.001344111229822e-05,2.5006345360134778e-05,1.2502906925860085e-05,2.5005001000199684e-05,5.000900162029094e-05,0.0,3.750539140001322e-05,1.250156269533674e-05,1.2501422036756504e-05,0.0,2.500212518064e-05,2.5001968905050918e-05,1.2500906315707711e-05,3.7502484539600216e-05,1.2500750045002522e-05,2.5001312568909513e-05,3.750168757594038e-05,3.750140630273582e-05,6.250218757656429e-05,1.250037501125016e-05,7.50021563119929e-05,2.5000625015625035e-05,2.5000531261288946e-05,2.5000531261288946e-05,2.5000531261288946e-05,2.5000437507656027e-05,3.750060938490197e-05,2.500034375472627e-05,6.250085938681569e-05,1.2500156251952971e-05,2.5000312503905943e-05,3.7500468755858914e-05,3.750042187974561e-05,2.500028125316374e-05,1.250014062658187e-05,2.500025000249967e-05,2.5000218751913723e-05,3.750028125210886e-05,0.0,0.0,0.0,2.5000156250976213e-05,3.7500187500936974e-05,1.2500062500312325e-05,0.0,0.0,0.0,1.2500062500312325e-05,2.500012500062465e-05,2.500012500062465e-05,2.500012500062465e-05,2.500012500062465e-05,2.500012500062465e-05,2.500012500062465e-05,2.500012500062465e-05,2.500012500062465e-05,2.500012500062465e-05
35.35,0.00010009509033582471,0.00010009358750432223,0.00011260359530768948,5.0045416215218154e-05,3.7532888193281495e-05,6.255317019466902e-05,7.506248952253177e-05,1.2509992356395381e-05,1.2509585469866996e-05,0.0,1.2508787423165484e-05,1.250834932317393e-05,3.752392149995836e-05,3.752288896226912e-05,3.752152797667875e-05,1.2506831856902543e-05,3.7518384008166136e-05,2.501116123070062e-05,2.501053568816006e-05,7.50288861211609e-05,1.2504564165921271e-05,2.5008909423983716e-05,5.0016755613133244e-05,2.500797129085038e-05,7.502260055842249e-05,6.251820842820827e-05,1.2503360278075443e-05,1.2503172680068278e-05,6.251453462930486e-05,1.250250050010073e-05,2.500450081014725e-05,0.0,2.5003594266677257e-05,1.2501562695337627e-05,1.2501422036757392e-05,2.5002375225647857e-05,2.5002125180641774e-05,0.0,3.75027189471258e-05,1.2500828179867627e-05,0.0,3.750196885336693e-05,1.250056252531435e-05,3.750140630273848e-05,3.750131254594124e-05,2.5000750022502097e-05,1.2500359385333039e-05,2.500062501562681e-05,0.0,1.2500265630645362e-05,2.5000531261290725e-05,3.7500656261486706e-05,1.2500203128301545e-05,0.0,1.2500171877364025e-05,2.500031250390772e-05,2.500031250390772e-05,3.750046875586158e-05,3.750042187974828e-05,1.250014062658276e-05,2.500028125316552e-05,1.2500125001250723e-05,2.5000218751915502e-05,0.0,0.0,0.0,2.500015625097799e-05,1.2500078125488996e-05,0.0,0.0,2.5000125000626425e-05,2.5000125000626425e-05,3.750018750093964e-05,2.5000125000626425e-05,1.2500062500313212e-05,1.2500062500313212e-05,1.2500062500313212e-05,1.2500062500313212e-05,1.2500062500313212e-05,1.2500062500313212e-05,1.2500062500313212e-05,1.2500062500313212e-05,1.2500062500313212e-05
35.45,8.758320404384041e-05,7.507019062823634e-05,8.75805741281967e-05,0.00013762489459184015,3.7532888193278826e-05,3.7531902116798746e-05,5.004165968168429e-05,1.2509992356394493e-05,3.7528756409598325e-05,3.7527723605813264e-05,2.501757484632919e-05,1.250834932317304e-05,7.504784299991137e-05,2.5015259308177632e-05,1.2507175992225361e-05,6.253415928450828e-05,1.2506128002721156e-05,2.5011161230698844e-05,0.0,3.751444306057779e-05,0.0,3.7513364135972905e-05,6.252094451641211e-05,1.2503985645424301e-05,5.001506703894477e-05,2.500728337128153e-05,2.500672055614911e-05,0.0,1.2502906925860085e-05,0.0,1.2502250405072735e-05,2.5004031900143544e-05,0.0,0.0,0.0,1.2501187612823041e-05,1.250106259032e-05,0.0,5.0003625262830846e-05,1.2500828179866739e-05,6.250375022501261e-05,1.2500656284454757e-05,3.750168757594038e-05,3.750140630273582e-05,1.2500437515312859e-05,5.000150004500064e-05,3.750107815599645e-05,2.5000625015625035e-05,2.5000531261288946e-05,7.500159378386684e-05,2.5000531261288946e-05,2.5000437507656027e-05,3.750060938490197e-05,3.750051563208941e-05,0.0,2.5000312503905943e-05,5.0000625007811885e-05,3.7500468755858914e-05,1.250014062658187e-05,1.250014062658187e-05,0.0,2.500025000249967e-05,1.2500109375956862e-05,0.0,0.0,3.750023437646432e-05,1.2500078125488106e-05,0.0,2.500012500062465e-05,3.7500187500936974e-05,1.2500062500312325e-05,1.2500062500312325e-05,0.0,0.0,0.0,0.0,0.0,0.0,0.0,0.0,0.0,0.0,0.0
35.55,5.0047545167908806e-05,0.00010009358750431511,0.00012511510589742386,5.0045416215214596e-05,2.5021925462185886e-05,1.2510634038932915e-05,3.7531244761263215e-05,2.5019984712788986e-05,3.7528756409598325e-05,1.2509241201937755e-05,2.501757484632919e-05,5.003339729269216e-05,3.752392149995569e-05,2.5015259308177632e-05,2.5014351984450722e-05,3.752049557070496e-05,1.2506128002721156e-05,2.5011161230698844e-05,2.501053568815828e-05,2.500962870705186e-05,1.2504564165920383e-05,1.2504454711990968e-05,7.502513341969453e-05,6.251992822712151e-05,6.251883379868096e-05,6.251820842820383e-05,5.001344111229822e-05,3.750951804020217e-05,5.001162770344034e-05,1.2502500500099842e-05,0.0,2.5004031900143544e-05,6.25089856666887e-05,3.750468808601022e-05,2.5002844073513008e-05,5.0004750451292164e-05,1.250106259032e-05,1.2500984452525459e-05,1.2500906315707711e-05,0.0,2.5001500090005044e-05,0.0,2.5001125050626924e-05,5.0001875070314426e-05,0.0,3.750112503375048e-05,2.5000718770664303e-05,5.000125003125007e-05,2.5000531261288946e-05,2.5000531261288946e-05,3.750079689193342e-05,3.750065626148404e-05,0.0,3.750051563208941e-05,3.750051563208941e-05,2.5000312503905943e-05,3.7500468755858914e-05,2.5000312503905943e-05,2.500028125316374e-05,2.500028125316374e-05,3.750042187974561e-05,2.500025000249967e-05,0.0,0.0,3.750023437646432e-05,0.0,1.2500078125488106e-05,2.5000156250976213e-05,1.2500062500312325e-05,0.0,0.0,0.0,0.0,0.0,1.2500062500312325e-05,1.2500062500312325e-05,1.2500062500312325e-05,2.500012500062465e-05,2.500012500062465e-05,2.500012500062465e-05,2.500012500062465e-05,2.500012500062465e-05,2.500012500062465e-05
35.650000000000006,0.0001376307492117492,3.753509531411817e-05,3.753453176922715e-05,2.5022708107607298e-05,2.5021925462185886e-05,1.2510634038932915e-05,5.004165968168429e-05,2.5019984712788986e-05,2.5019170939732213e-05,0.0,3.752636226949379e-05,1.250834932317304e-05,6.253986916659282e-05,3.752288896226645e-05,1.2507175992225361e-05,5.002732742760662e-05,2.5012256005442313e-05,6.252790307674711e-05,5.002107137631656e-05,5.001925741410372e-05,3.751369249776115e-05,1.2504454711990968e-05,2.5008377806564843e-05,1.2503985645424301e-05,2.5007533519472385e-05,6.251820842820383e-05,2.500672055614911e-05,1.2503172680067389e-05,3.7508720777580254e-05,1.2502500500099842e-05,0.0,1.2502015950071772e-05,3.750539140001322e-05,3.750468808601022e-05,2.5002844073513008e-05,2.5002375225646082e-05,1.250106259032e-05,1.2500984452525459e-05,5.0003625262830846e-05,2.5001656359733478e-05,1.2500750045002522e-05,2.5001312568909513e-05,6.25028126265673e-05,3.750140630273582e-05,1.2500437515312859e-05,5.000150004500064e-05,3.750107815599645e-05,0.0,1.2500265630644473e-05,2.5000531261288946e-05,2.5000531261288946e-05,0.0,0.0,0.0,2.500034375472627e-05,5.0000625007811885e-05,2.5000312503905943e-05,2.5000312503905943e-05,1.250014062658187e-05,1.250014062658187e-05,2.500028125316374e-05,0.0,0.0,3.750028125210886e-05,0.0,1.2500078125488106e-05,2.5000156250976213e-05,1.2500078125488106e-05,0.0,0.0,1.2500062500312325e-05,1.2500062500312325e-05,2.500012500062465e-05,2.500012500062465e-05,1.2500062500312325e-05,1.2500062500312325e-05,1.2500062500312325e-05,0.0,0.0,0.0,0.0,0.0,0.0
35.75,5.0047545167908806e-05,0.00010009358750431511,1.2511510589742386e-05,8.757947837662554e-05,8.75767391176506e-05,6.255317019466458e-05,0.0,6.254996178197246e-05,6.254792734933054e-05,1.2509241201937755e-05,5.003514969265838e-05,1.250834932317304e-05,5.003189533327425e-05,3.752288896226645e-05,3.752152797667609e-05,1.2506831856901655e-05,2.5012256005442313e-05,1.2505580615349422e-05,2.501053568815828e-05,1.250481435352593e-05,2.5009128331840767e-05,0.0,3.7512566709847265e-05,1.2503985645424301e-05,3.7511300279208576e-05,2.500728337128153e-05,2.500672055614911e-05,5.0012690720269556e-05,2.500581385172017e-05,1.2502500500099842e-05,1.2502250405072735e-05,2.5004031900143544e-05,0.0,2.500312539067348e-05,1.2501422036756504e-05,0.0,2.500212518064e-05,0.0,1.2500906315707711e-05,1.2500828179866739e-05,2.5001500090005044e-05,3.750196885336427e-05,2.5001125050626924e-05,8.750328137305024e-05,1.2500437515312859e-05,2.500075002250032e-05,1.2500359385332151e-05,1.2500312507812517e-05,5.000106252257789e-05,2.5000531261288946e-05,2.5000531261288946e-05,3.750065626148404e-05,6.250101564150329e-05,1.2500171877363135e-05,1.2500171877363135e-05,2.5000312503905943e-05,2.5000312503905943e-05,1.2500156251952971e-05,1.250014062658187e-05,2.500028125316374e-05,0.0,0.0,2.5000218751913723e-05,0.0,1.2500078125488106e-05,2.5000156250976213e-05,0.0,0.0,1.2500062500312325e-05,2.500012500062465e-05,1.2500062500312325e-05,1.2500062500312325e-05,0.0,0.0,1.2500062500312325e-05,1.2500062500312325e-05,1.2500062500312325e-05,1.2500062500312325e-05,1.2500062500312325e-05,1.2500062500312325e-05,1.2500062500312325e-05,1.2500062500312325e-05,1.2500062500312325e-05
35.85,0.0001251188629197809,5.0046793752161114e-05,6.255755294871637e-05,5.0045416215218154e-05,6.255481365546916e-05,8.757443827253663e-05,1.2510414920421962e-05,0.00010007993885116305,2.5019170939733992e-05,5.003696480775457e-05,0.0,0.0,1.2507973833319452e-05,3.752288896226912e-05,2.50143519844525e-05,3.752049557070763e-05,0.0,2.501116123070062e-05,2.501053568816006e-05,2.5009628707053636e-05,5.0018256663685085e-05,2.5008909423983716e-05,5.0016755613133244e-05,6.251992822712594e-05,2.5007533519474164e-05,3.751092505692496e-05,2.5006720556150886e-05,5.0012690720273114e-05,2.5005813851721948e-05,2.500500100020146e-05,0.0,0.0,1.2501797133338628e-05,1.2501562695337627e-05,0.0,3.750356283847179e-05,0.0,3.750295335757904e-05,3.75027189471258e-05,0.0,3.750225013501023e-05,3.750196885336693e-05,5.00022501012574e-05,1.2500468767579494e-05,5.0001750061254986e-05,3.7501125033753146e-05,5.0001437541332156e-05,3.750093752344022e-05,3.750079689193608e-05,3.750079689193608e-05,2.5000531261290725e-05,0.0,1.2500203128301545e-05,3.7500515632092074e-05,3.7500515632092074e-05,3.750046875586158e-05,2.500031250390772e-05,2.500031250390772e-05,2.500028125316552e-05,2.500028125316552e-05,0.0,1.2500125001250723e-05,1.2500109375957751e-05,1.250009375070384e-05,2.500015625097799e-05,0.0,0.0,2.500015625097799e-05,1.2500062500313212e-05,0.0,0.0,1.2500062500313212e-05,1.2500062500313212e-05,3.750018750093964e-05,2.5000125000626425e-05,2.5000125000626425e-05,2.5000125000626425e-05,2.5000125000626425e-05,2.5000125000626425e-05,2.5000125000626425e-05,2.5000125000626425e-05,2.5000125000626425e-05,2.5000125000626425e-05
35.95,6.2559431459886e-05,0.00013762868281843327,0.00010009208471793909,5.0045416215214596e-05,6.255481365546471e-05,7.506380423359749e-05,3.7531244761263215e-05,3.7529977069183474e-05,6.254792734933054e-05,2.501848240387551e-05,3.752636226949379e-05,2.501669864634608e-05,1.2507973833318563e-05,1.2507629654088816e-05,3.752152797667609e-05,3.752049557070496e-05,5.0024512010884625e-05,1.2505580615349422e-05,6.25263392203957e-05,5.001925741410372e-05,0.0,5.0017818847963874e-05,0.0,8.752789951797011e-05,8.752636731815335e-05,3.7510925056922297e-05,5.001344111229822e-05,1.2503172680067389e-05,1.2502906925860085e-05,5.001000200039937e-05,0.0,5.000806380028709e-05,1.2501797133337739e-05,1.250156269533674e-05,2.5002844073513008e-05,1.2501187612823041e-05,0.0,2.5001968905050918e-05,1.2500906315707711e-05,6.250414089933369e-05,1.2500750045002522e-05,2.5001312568909513e-05,3.750168757594038e-05,0.0,2.5000875030625718e-05,1.250037501125016e-05,2.5000718770664303e-05,1.2500312507812517e-05,2.5000531261288946e-05,2.5000531261288946e-05,1.2500265630644473e-05,2.5000437507656027e-05,0.0,2.500034375472627e-05,3.750051563208941e-05,2.5000312503905943e-05,1.2500156251952971e-05,0.0,2.500028125316374e-05,0.0,0.0,2.500025000249967e-05,0.0,2.5000187501405906e-05,0.0,0.0,2.5000156250976213e-05,0.0,1.2500062500312325e-05,1.2500062500312325e-05,3.7500187500936974e-05,2.500012500062465e-05,2.500012500062465e-05,1.2500062500312325e-05,1.2500062500312325e-05,1.2500062500312325e-05,1.2500062500312325e-05,1.2500062500312325e-05,1.2500062500312325e-05,1.2500062500312325e-05,1.2500062500312325e-05,1.2500062500312325e-05,1.2500062500312325e-05
36.05,6.2559431459886e-05,8.758188906627572e-05,6.255755294871193e-05,5.0045416215214596e-05,6.255481365546471e-05,6.255317019466458e-05,2.5020829840842145e-05,3.7529977069183474e-05,1.2509585469866107e-05,1.2509241201937755e-05,3.752636226949379e-05,1.250834932317304e-05,2.5015947666637126e-05,0.0,5.0028703968901445e-05,5.002732742760662e-05,2.5012256005442313e-05,5.002232246139769e-05,2.501053568815828e-05,1.250481435352593e-05,1.2504564165920383e-05,5.0017818847963874e-05,1.2504188903282422e-05,5.0015942581697205e-05,1.2503766759736193e-05,3.7510925056922297e-05,2.500672055614911e-05,2.5006345360134778e-05,2.500581385172017e-05,2.5005001000199684e-05,0.0,1.2502015950071772e-05,0.0,0.0,1.2501422036756504e-05,1.2501187612823041e-05,0.0,5.0003937810101835e-05,0.0,2.5001656359733478e-05,0.0,3.750196885336427e-05,5.000225010125385e-05,0.0,7.500262509187716e-05,3.750112503375048e-05,0.0,2.5000625015625035e-05,2.5000531261288946e-05,2.5000531261288946e-05,2.5000531261288946e-05,5.0000875015312054e-05,3.750060938490197e-05,2.500034375472627e-05,3.750051563208941e-05,2.5000312503905943e-05,2.5000312503905943e-05,2.5000312503905943e-05,1.250014062658187e-05,0.0,3.750042187974561e-05,0.0,3.750032812787059e-05,0.0,0.0,2.5000156250976213e-05,0.0,1.2500078125488106e-05,2.500012500062465e-05,2.500012500062465e-05,1.2500062500312325e-05,1.2500062500312325e-05,1.2500062500312325e-05,0.0,0.0,0.0,1.2500062500312325e-05,1.2500062500312325e-05,1.2500062500312325e-05,1.2500062500312325e-05,1.2500062500312325e-05,1.2500062500312325e-05,1.2500062500312325e-05
36.150000000000006,7.50713177518632e-05,0.0001251169843803939,0.00011260359530768147,3.753406216141095e-05,1.2510962731092943e-05,3.7531902116798746e-05,7.506248952252643e-05,6.254996178197246e-05,6.254792734933054e-05,5.003696480775102e-05,0.0,1.250834932317304e-05,2.5015947666637126e-05,0.0,5.0028703968901445e-05,5.002732742760662e-05,5.0024512010884625e-05,6.252790307674711e-05,2.501053568815828e-05,3.751444306057779e-05,3.751369249776115e-05,1.2504454711990968e-05,3.7512566709847265e-05,2.5007971290848602e-05,6.251883379868096e-05,1.2503641685640766e-05,1.2503360278074556e-05,6.251586340033695e-05,1.2502906925860085e-05,1.2502500500099842e-05,2.500450081014547e-05,2.5004031900143544e-05,1.2501797133337739e-05,2.500312539067348e-05,5.0005688147026016e-05,1.2501187612823041e-05,2.500212518064e-05,3.7502953357576376e-05,2.5001812631415423e-05,1.2500828179866739e-05,3.750225013500757e-05,5.0002625137819026e-05,7.500337515188077e-05,2.5000937535157213e-05,1.2500437515312859e-05,2.500075002250032e-05,2.5000718770664303e-05,5.000125003125007e-05,1.2500265630644473e-05,2.5000531261288946e-05,0.0,0.0,2.5000406256601315e-05,3.750051563208941e-05,3.750051563208941e-05,1.2500156251952971e-05,0.0,3.7500468755858914e-05,0.0,1.250014062658187e-05,0.0,2.500025000249967e-05,0.0,0.0,2.5000156250976213e-05,0.0,2.5000156250976213e-05,2.5000156250976213e-05,1.2500062500312325e-05,1.2500062500312325e-05,0.0,1.2500062500312325e-05,1.2500062500312325e-05,1.2500062500312325e-05,1.2500062500312325e-05,1.2500062500312325e-05,0.0,0.0,0.0,0.0,0.0,0.0,0.0
36.25,7.50713177518632e-05,3.753509531411817e-05,5.0046042358969544e-05,3.753406216141095e-05,7.506577638655765e-05,7.506380423359749e-05,2.5020829840842145e-05,6.254996178197246e-05,2.5019170939732213e-05,2.501848240387551e-05,2.501757484632919e-05,1.250834932317304e-05,5.003189533327425e-05,2.5015259308177632e-05,1.2507175992225361e-05,1.2506831856901655e-05,2.5012256005442313e-05,5.002232246139769e-05,2.501053568815828e-05,2.500962870705186e-05,2.5009128331840767e-05,3.7513364135972905e-05,2.5008377806564843e-05,7.502391387254581e-05,5.001506703894477e-05,2.500728337128153e-05,0.0,1.2503172680067389e-05,0.0,0.0,2.500450081014547e-05,5.000806380028709e-05,2.5003594266675478e-05,2.500312539067348e-05,2.5002844073513008e-05,1.2501187612823041e-05,0.0,1.2500984452525459e-05,1.2500906315707711e-05,2.5001656359733478e-05,2.5001500090005044e-05,2.5001312568909513e-05,2.5001125050626924e-05,3.750140630273582e-05,3.750131254593858e-05,3.750112503375048e-05,2.5000718770664303e-05,2.5000625015625035e-05,5.000106252257789e-05,1.2500265630644473e-05,3.750079689193342e-05,1.2500218753828014e-05,1.2500203128300657e-05,5.000068750945254e-05,1.2500171877363135e-05,2.5000312503905943e-05,3.7500468755858914e-05,0.0,0.0,2.500028125316374e-05,1.250014062658187e-05,1.2500125001249835e-05,0.0,2.5000187501405906e-05,0.0,3.750023437646432e-05,1.2500078125488106e-05,1.2500078125488106e-05,0.0,1.2500062500312325e-05,1.2500062500312325e-05,0.0,0.0,0.0,0.0,0.0,0.0,0.0,0.0,0.0,0.0,0.0,0.0
36.35,6.255943145989045e-05,3.753509531412083e-05,5.0046042358973095e-05,2.5022708107609077e-05,2.502192546218766e-05,3.7531902116801416e-05,0.0,1.2509992356395381e-05,0.0,1.2509241201938642e-05,2.501757484633097e-05,6.254174661586964e-05,1.2507973833319452e-05,6.253814827044852e-05,1.250717599222625e-05,5.002732742761017e-05,2.5012256005444088e-05,5.002232246140124e-05,7.503160706448018e-05,1.2504814353526818e-05,2.5009128331842542e-05,7.502672827195115e-05,1.2504188903283311e-05,5.001594258170076e-05,3.7511300279211246e-05,5.001456674256661e-05,2.5006720556150886e-05,3.750951804020483e-05,2.5005813851721948e-05,0.0,1.2502250405073624e-05,2.500403190014532e-05,5.0007188533354514e-05,0.0,0.0,2.5002375225647857e-05,1.2501062590320887e-05,5.0003937810105386e-05,0.0,3.750248453960288e-05,5.000300018001364e-05,5.000262513782258e-05,1.250056252531435e-05,2.5000937535158988e-05,2.5000875030627493e-05,2.5000750022502097e-05,1.2500359385333039e-05,2.500062501562681e-05,2.5000531261290725e-05,2.5000531261290725e-05,3.750079689193608e-05,2.5000437507657806e-05,3.7500609384904635e-05,2.500034375472805e-05,2.500034375472805e-05,0.0,2.500031250390772e-05,0.0,2.500028125316552e-05,0.0,2.500028125316552e-05,0.0,2.5000218751915502e-05,0.0,3.750023437646698e-05,1.2500078125488996e-05,1.2500078125488996e-05,1.2500078125488996e-05,1.2500062500313212e-05,0.0,0.0,0.0,0.0,0.0,0.0,0.0,0.0,1.2500062500313212e-05,1.2500062500313212e-05,1.2500062500313212e-05,1.2500062500313212e-05,1.2500062500313212e-05,1.2500062500313212e-05
36.45,0.0001126069766277948,3.753509531411817e-05,5.0046042358969544e-05,2.5022708107607298e-05,1.2510962731092943e-05,5.004253615573166e-05,3.7531244761263215e-05,2.5019984712788986e-05,3.7528756409598325e-05,1.2509241201937755e-05,1.2508787423164595e-05,3.752504796951912e-05,3.752392149995569e-05,1.2507629654088816e-05,3.752152797667609e-05,2.501366371380331e-05,3.7518384008163466e-05,1.2505580615349422e-05,1.250526784407914e-05,0.0,5.0018256663681534e-05,6.252227355995485e-05,6.252094451641211e-05,5.0015942581697205e-05,5.001506703894477e-05,3.7510925056922297e-05,1.2503360278074556e-05,5.0012690720269556e-05,0.0,1.2502500500099842e-05,2.500450081014547e-05,0.0,1.2501797133337739e-05,1.250156269533674e-05,2.5002844073513008e-05,0.0,3.750318777096e-05,0.0,3.7502718947123136e-05,1.2500828179866739e-05,1.2500750045002522e-05,3.750196885336427e-05,0.0,6.250234383789303e-05,3.750131254593858e-05,0.0,5.0001437541328606e-05,2.5000625015625035e-05,2.5000531261288946e-05,0.0,0.0,3.750065626148404e-05,3.750060938490197e-05,2.500034375472627e-05,1.2500171877363135e-05,2.5000312503905943e-05,0.0,0.0,1.250014062658187e-05,2.500028125316374e-05,0.0,1.2500125001249835e-05,0.0,3.750028125210886e-05,1.2500078125488106e-05,0.0,1.2500078125488106e-05,0.0,0.0,0.0,0.0,0.0,1.2500062500312325e-05,1.2500062500312325e-05,2.500012500062465e-05,2.500012500062465e-05,2.500012500062465e-05,2.500012500062465e-05,2.500012500062465e-05,2.500012500062465e-05,2.500012500062465e-05,2.500012500062465e-05,2.500012500062465e-05
36.55,0.00010009509033581761,6.255849219019694e-05,5.0046042358969544e-05,7.50681243228219e-05,3.7532888193278826e-05,3.7531902116798746e-05,2.5020829840842145e-05,3.7529977069183474e-05,1.2509585469866107e-05,3.7527723605813264e-05,1.2508787423164595e-05,6.25417466158652e-05,2.5015947666637126e-05,2.5015259308177632e-05,6.25358799611268e-05,1.2506831856901655e-05,0.0,1.2505580615349422e-05,5.002107137631656e-05,0.0,0.0,3.7513364135972905e-05,1.2504188903282422e-05,3.7511956936272905e-05,5.001506703894477e-05,0.0,5.001344111229822e-05,1.2503172680067389e-05,2.500581385172017e-05,0.0,0.0,1.2502015950071772e-05,1.2501797133337739e-05,0.0,2.5002844073513008e-05,0.0,5.000425036128e-05,1.2500984452525459e-05,5.0003625262830846e-05,0.0,5.000300018001009e-05,3.750196885336427e-05,2.5001125050626924e-05,3.750140630273582e-05,1.2500437515312859e-05,2.500075002250032e-05,3.750107815599645e-05,3.7500937523437555e-05,1.2500265630644473e-05,2.5000531261288946e-05,1.2500265630644473e-05,2.5000437507656027e-05,3.750060938490197e-05,1.2500171877363135e-05,1.2500171877363135e-05,3.7500468755858914e-05,0.0,2.5000312503905943e-05,0.0,1.250014062658187e-05,0.0,1.2500125001249835e-05,1.2500109375956862e-05,1.2500093750702953e-05,0.0,1.2500078125488106e-05,0.0,0.0,0.0,1.2500062500312325e-05,1.2500062500312325e-05,2.500012500062465e-05,2.500012500062465e-05,2.500012500062465e-05,1.2500062500312325e-05,1.2500062500312325e-05,1.2500062500312325e-05,1.2500062500312325e-05,1.2500062500312325e-05,1.2500062500312325e-05,1.2500062500312325e-05,1.2500062500312325e-05,1.2500062500312325e-05
36.650000000000006,0.0001126069766277948,8.758188906627572e-05,6.255755294871193e-05,5.0045416215214596e-05,6.255481365546471e-05,1.2510634038932915e-05,1.2510414920421072e-05,3.7529977069183474e-05,0.0,3.7527723605813264e-05,5.003514969265838e-05,5.003339729269216e-05,2.5015947666637126e-05,1.2507629654088816e-05,1.2507175992225361e-05,1.2506831856901655e-05,3.7518384008163466e-05,1.2505580615349422e-05,5.002107137631656e-05,3.751444306057779e-05,1.2504564165920383e-05,1.2504454711990968e-05,0.0,1.2503985645424301e-05,2.5007533519472385e-05,5.001456674256306e-05,3.7510080834223665e-05,2.5006345360134778e-05,3.7508720777580254e-05,0.0,5.000900162029094e-05,1.2502015950071772e-05,1.2501797133337739e-05,3.750468808601022e-05,1.2501422036756504e-05,0.0,1.250106259032e-05,2.5001968905050918e-05,1.2500906315707711e-05,2.5001656359733478e-05,3.750225013500757e-05,8.750459399118329e-05,1.2500562525313462e-05,2.5000937535157213e-05,5.0001750061251435e-05,2.500075002250032e-05,2.5000718770664303e-05,2.5000625015625035e-05,3.750079689193342e-05,5.000106252257789e-05,2.5000531261288946e-05,3.750065626148404e-05,3.750060938490197e-05,1.2500171877363135e-05,2.500034375472627e-05,0.0,0.0,1.2500156251952971e-05,2.500028125316374e-05,0.0,2.500028125316374e-05,1.2500125001249835e-05,2.5000218751913723e-05,0.0,1.2500078125488106e-05,0.0,0.0,0.0,2.500012500062465e-05,2.500012500062465e-05,2.500012500062465e-05,1.2500062500312325e-05,1.2500062500312325e-05,1.2500062500312325e-05,1.2500062500312325e-05,2.500012500062465e-05,2.500012500062465e-05,1.2500062500312325e-05,1.2500062500312325e-05,1.2500062500312325e-05,1.2500062500312325e-05,1.2500062500312325e-05,1.2500062500312325e-05
36.75,8.758320404384041e-05,5.004679375215756e-05,5.0046042358969544e-05,8.757947837662554e-05,5.004385092437177e-05,1.2510634038932915e-05,0.00011259373428378965,5.003996942557797e-05,1.2509585469866107e-05,0.0,1.2508787423164595e-05,5.003339729269216e-05,3.752392149995569e-05,1.2507629654088816e-05,5.0028703968901445e-05,2.501366371380331e-05,5.0024512010884625e-05,5.002232246139769e-05,2.501053568815828e-05,1.250481435352593e-05,0.0,5.0017818847963874e-05,6.252094451641211e-05,3.7511956936272905e-05,3.7511300279208576e-05,1.2503641685640766e-05,3.7510080834223665e-05,1.2503172680067389e-05,3.7508720777580254e-05,0.0,1.2502250405072735e-05,0.0,0.0,5.000625078134696e-05,1.2501422036756504e-05,2.5002375225646082e-05,5.000425036128e-05,0.0,1.2500906315707711e-05,3.7502484539600216e-05,3.750225013500757e-05,2.5001312568909513e-05,5.000225010125385e-05,3.750140630273582e-05,2.5000875030625718e-05,1.250037501125016e-05,1.2500359385332151e-05,3.7500937523437555e-05,0.0,0.0,3.750079689193342e-05,2.5000437507656027e-05,1.2500203128300657e-05,2.500034375472627e-05,2.500034375472627e-05,0.0,2.5000312503905943e-05,1.2500156251952971e-05,1.250014062658187e-05,1.250014062658187e-05,0.0,2.500025000249967e-05,1.2500109375956862e-05,1.2500093750702953e-05,0.0,0.0,1.2500078125488106e-05,3.750023437646432e-05,1.2500062500312325e-05,1.2500062500312325e-05,1.2500062500312325e-05,2.500012500062465e-05,1.2500062500312325e-05,1.2500062500312325e-05,1.2500062500312325e-05,2.500012500062465e-05,2.500012500062465e-05,2.500012500062465e-05,2.500012500062465e-05,2.500012500062465e-05,2.500012500062465e-05,2.500012500062465e-05,2.500012500062465e-05
36.85,3.7535658875934266e-05,0.00013762868281844305,3.753453176922982e-05,5.0045416215218154e-05,0.00010008770184875065,1.2510634038933805e-05,6.255207460210982e-05,2.5019984712790762e-05,3.752875640960099e-05,5.003696480775457e-05,0.0,3.7525047969521785e-05,3.752392149995836e-05,5.003051861635882e-05,1.250717599222625e-05,2.5013663713805086e-05,2.5012256005444088e-05,2.501116123070062e-05,0.0,5.001925741410727e-05,2.5009128331842542e-05,3.7513364135975575e-05,6.252094451641655e-05,7.502391387255114e-05,3.7511300279211246e-05,5.001456674256661e-05,1.2503360278075443e-05,2.5006345360136557e-05,1.2502906925860974e-05,2.500500100020146e-05,0.0,2.500403190014532e-05,3.750539140001589e-05,2.5003125390675254e-05,1.2501422036757392e-05,0.0,0.0,1.2500984452526346e-05,3.75027189471258e-05,3.750248453960288e-05,3.750225013501023e-05,0.0,2.50011250506287e-05,2.5000937535158988e-05,0.0,5.0001500045004194e-05,2.5000718770666078e-05,1.2500312507813405e-05,0.0,1.2500265630645362e-05,2.5000531261290725e-05,3.7500656261486706e-05,2.500040625660309e-05,0.0,1.2500171877364025e-05,0.0,1.250015625195386e-05,2.500031250390772e-05,0.0,1.250014062658276e-05,2.500028125316552e-05,1.2500125001250723e-05,1.2500109375957751e-05,0.0,0.0,1.2500078125488996e-05,2.500015625097799e-05,0.0,1.2500062500313212e-05,1.2500062500313212e-05,1.2500062500313212e-05,2.5000125000626425e-05,2.5000125000626425e-05,2.5000125000626425e-05,2.5000125000626425e-05,0.0,1.2500062500313212e-05,1.2500062500313212e-05,1.2500062500313212e-05,1.2500062500313212e-05,1.2500062500313212e-05,1.2500062500313212e-05,1.2500062500313212e-05
36.95,1.2511886291977202e-05,5.004679375215756e-05,3.753453176922715e-05,1.2511354053803649e-05,6.255481365546471e-05,5.004253615573166e-05,2.5020829840842145e-05,6.254996178197246e-05,2.5019170939732213e-05,1.2509241201937755e-05,1.2508787423164595e-05,1.250834932317304e-05,2.5015947666637126e-05,2.5015259308177632e-05,3.752152797667609e-05,0.0,1.2506128002721156e-05,2.5011161230698844e-05,5.002107137631656e-05,2.500962870705186e-05,5.0018256663681534e-05,0.0,6.252094451641211e-05,3.7511956936272905e-05,3.7511300279208576e-05,1.2503641685640766e-05,5.001344111229822e-05,1.2503172680067389e-05,1.2502906925860085e-05,1.2502500500099842e-05,7.501350243043642e-05,1.2502015950071772e-05,1.2501797133337739e-05,0.0,2.5002844073513008e-05,1.2501187612823041e-05,5.000425036128e-05,1.2500984452525459e-05,2.5001812631415423e-05,2.5001656359733478e-05,3.750225013500757e-05,0.0,6.25028126265673e-05,2.5000937535157213e-05,2.5000875030625718e-05,3.750112503375048e-05,3.750107815599645e-05,1.2500312507812517e-05,6.250132815322237e-05,2.5000531261288946e-05,3.750079689193342e-05,2.5000437507656027e-05,1.2500203128300657e-05,3.750051563208941e-05,0.0,2.5000312503905943e-05,1.2500156251952971e-05,0.0,2.500028125316374e-05,1.250014062658187e-05,1.250014062658187e-05,0.0,0.0,0.0,1.2500078125488106e-05,2.5000156250976213e-05,1.2500078125488106e-05,2.5000156250976213e-05,1.2500062500312325e-05,2.500012500062465e-05,2.500012500062465e-05,1.2500062500312325e-05,1.2500062500312325e-05,1.2500062500312325e-05,2.500012500062465e-05,2.500012500062465e-05,1.2500062500312325e-05,1.2500062500312325e-05,1.2500062500312325e-05,1.2500062500312325e-05,1.2500062500312325e-05,1.2500062500312325e-05,1.2500062500312325e-05
37.05,6.2559431459886e-05,2.502339687607878e-05,3.753453176922715e-05,7.50681243228219e-05,3.7532888193278826e-05,5.004253615573166e-05,3.7531244761263215e-05,1.2509992356394493e-05,2.5019170939732213e-05,5.003696480775102e-05,2.501757484632919e-05,1.250834932317304e-05,1.2507973833318563e-05,2.5015259308177632e-05,3.752152797667609e-05,5.002732742760662e-05,1.2506128002721156e-05,6.252790307674711e-05,2.501053568815828e-05,0.0,5.0018256663681534e-05,1.2504454711990968e-05,2.5008377806564843e-05,5.0015942581697205e-05,1.2503766759736193e-05,1.2503641685640766e-05,2.500672055614911e-05,0.0,0.0,2.5005001000199684e-05,2.500450081014547e-05,6.251007975035886e-05,1.2501797133337739e-05,0.0,0.0,3.750356283846912e-05,1.250106259032e-05,6.25049222626273e-05,0.0,1.2500828179866739e-05,3.750225013500757e-05,2.5001312568909513e-05,1.2500562525313462e-05,2.5000937535157213e-05,2.5000875030625718e-05,2.500075002250032e-05,2.5000718770664303e-05,2.5000625015625035e-05,1.2500265630644473e-05,2.5000531261288946e-05,3.750079689193342e-05,2.5000437507656027e-05,1.2500203128300657e-05,2.500034375472627e-05,0.0,1.2500156251952971e-05,2.5000312503905943e-05,0.0,0.0,2.500028125316374e-05,1.250014062658187e-05,1.2500125001249835e-05,0.0,1.2500093750702953e-05,2.5000156250976213e-05,1.2500078125488106e-05,1.2500078125488106e-05,2.5000156250976213e-05,2.500012500062465e-05,1.2500062500312325e-05,1.2500062500312325e-05,1.2500062500312325e-05,1.2500062500312325e-05,1.2500062500312325e-05,0.0,0.0,1.2500062500312325e-05,1.2500062500312325e-05,1.2500062500312325e-05,1.2500062500312325e-05,1.2500062500312325e-05,2.500012500062465e-05,2.500012500062465e-05
37.150000000000006,8.758320404384041e-05,7.507019062823634e-05,2.5023021179484772e-05,2.5022708107607298e-05,6.255481365546471e-05,5.004253615573166e-05,7.506248952252643e-05,6.254996178197246e-05,3.7528756409598325e-05,1.2509241201937755e-05,0.0,3.752504796951912e-05,0.0,3.752288896226645e-05,5.0028703968901445e-05,2.501366371380331e-05,6.253064001360578e-05,2.5011161230698844e-05,1.250526784407914e-05,1.250481435352593e-05,1.2504564165920383e-05,3.7513364135972905e-05,6.252094451641211e-05,5.0015942581697205e-05,2.5007533519472385e-05,0.0,2.500672055614911e-05,2.5006345360134778e-05,0.0,1.2502500500099842e-05,0.0,0.0,0.0,5.000625078134696e-05,0.0,5.0004750451292164e-05,0.0,1.2500984452525459e-05,2.5001812631415423e-05,7.500496907920043e-05,8.750525031501765e-05,2.5001312568909513e-05,3.750168757594038e-05,5.0001875070314426e-05,1.2500437515312859e-05,1.250037501125016e-05,3.750107815599645e-05,0.0,0.0,2.5000531261288946e-05,2.5000531261288946e-05,1.2500218753828014e-05,2.5000406256601315e-05,0.0,1.2500171877363135e-05,0.0,0.0,2.5000312503905943e-05,1.250014062658187e-05,1.250014062658187e-05,1.250014062658187e-05,0.0,1.2500109375956862e-05,2.5000187501405906e-05,1.2500078125488106e-05,1.2500078125488106e-05,2.5000156250976213e-05,1.2500078125488106e-05,1.2500062500312325e-05,1.2500062500312325e-05,1.2500062500312325e-05,1.2500062500312325e-05,2.500012500062465e-05,2.500012500062465e-05,2.500012500062465e-05,2.500012500062465e-05,1.2500062500312325e-05,1.2500062500312325e-05,1.2500062500312325e-05,1.2500062500312325e-05,1.2500062500312325e-05,0.0,0.0
37.25,6.2559431459886e-05,5.004679375215756e-05,3.753453176922715e-05,1.2511354053803649e-05,3.7532888193278826e-05,0.0,3.7531244761263215e-05,2.5019984712788986e-05,2.5019170939732213e-05,2.501848240387551e-05,1.2508787423164595e-05,2.501669864634608e-05,0.0,6.253814827044409e-05,5.0028703968901445e-05,5.002732742760662e-05,5.0024512010884625e-05,2.5011161230698844e-05,3.751580353223742e-05,5.001925741410372e-05,3.751369249776115e-05,2.5008909423981937e-05,3.7512566709847265e-05,2.5007971290848602e-05,5.001506703894477e-05,3.7510925056922297e-05,3.7510080834223665e-05,0.0,1.2502906925860085e-05,1.2502500500099842e-05,1.2502250405072735e-05,1.2502015950071772e-05,3.750539140001322e-05,1.250156269533674e-05,0.0,1.2501187612823041e-05,2.500212518064e-05,1.2500984452525459e-05,3.7502718947123136e-05,1.2500828179866739e-05,2.5001500090005044e-05,3.750196885336427e-05,2.5001125050626924e-05,0.0,2.5000875030625718e-05,2.500075002250032e-05,1.2500359385332151e-05,3.7500937523437555e-05,2.5000531261288946e-05,5.000106252257789e-05,2.5000531261288946e-05,2.5000437507656027e-05,1.2500203128300657e-05,0.0,2.500034375472627e-05,2.5000312503905943e-05,0.0,0.0,2.500028125316374e-05,0.0,0.0,0.0,2.5000218751913723e-05,1.2500093750702953e-05,1.2500078125488106e-05,2.5000156250976213e-05,1.2500078125488106e-05,1.2500078125488106e-05,1.2500062500312325e-05,1.2500062500312325e-05,2.500012500062465e-05,1.2500062500312325e-05,0.0,0.0,0.0,0.0,0.0,0.0,0.0,0.0,0.0,0.0,0.0
37.35,0.00011260697662780281,5.0046793752161114e-05,7.506906353845965e-05,2.5022708107609077e-05,5.004385092437532e-05,1.2510634038933805e-05,2.5020829840843924e-05,0.0,2.5019170939733992e-05,0.0,3.752636226949645e-05,3.7525047969521785e-05,3.752392149995836e-05,1.2507629654089706e-05,1.250717599222625e-05,2.5013663713805086e-05,3.7518384008166136e-05,2.501116123070062e-05,2.501053568816006e-05,3.751444306058045e-05,5.0018256663685085e-05,1.2504454711991858e-05,8.752932232298317e-05,6.251992822712594e-05,3.7511300279211246e-05,1.2503641685641653e-05,5.001344111230177e-05,2.5006345360136557e-05,0.0,1.250250050010073e-05,1.2502250405073624e-05,1.250201595007266e-05,1.2501797133338628e-05,1.2501562695337627e-05,2.5002844073514783e-05,5.0004750451295715e-05,0.0,2.5001968905052693e-05,1.2500906315708599e-05,6.250414089933813e-05,0.0,5.000262513782258e-05,3.7501687575943046e-05,0.0,5.0001750061254986e-05,3.7501125033753146e-05,3.7501078155999114e-05,3.750093752344022e-05,3.750079689193608e-05,2.5000531261290725e-05,2.5000531261290725e-05,0.0,2.500040625660309e-05,0.0,0.0,1.250015625195386e-05,2.500031250390772e-05,1.250015625195386e-05,1.250014062658276e-05,1.250014062658276e-05,0.0,2.5000250002501446e-05,0.0,1.250009375070384e-05,2.500015625097799e-05,1.2500078125488996e-05,1.2500078125488996e-05,1.2500078125488996e-05,2.5000125000626425e-05,1.2500062500313212e-05,0.0,0.0,0.0,2.5000125000626425e-05,2.5000125000626425e-05,3.750018750093964e-05,3.750018750093964e-05,3.750018750093964e-05,3.750018750093964e-05,3.750018750093964e-05,3.750018750093964e-05,3.750018750093964e-05,3.750018750093964e-05
37.45,6.2559431459886e-05,6.255849219019694e-05,7.50690635384543e-05,7.50681243228219e-05,3.7532888193278826e-05,2.502126807786583e-05,2.5020829840842145e-05,3.7529977069183474e-05,0.0,2.501848240387551e-05,3.752636226949379e-05,1.250834932317304e-05,5.003189533327425e-05,1.2507629654088816e-05,3.752152797667609e-05,2.501366371380331e-05,6.253064001360578e-05,7.503348369209653e-05,1.250526784407914e-05,2.500962870705186e-05,6.252282082960192e-05,6.252227355995485e-05,5.001675561312969e-05,3.7511956936272905e-05,0.0,5.001456674256306e-05,2.500672055614911e-05,1.2503172680067389e-05,0.0,3.7507501500299525e-05,0.0,0.0,3.750539140001322e-05,1.250156269533674e-05,0.0,0.0,1.250106259032e-05,3.7502953357576376e-05,3.7502718947123136e-05,3.7502484539600216e-05,0.0,3.750196885336427e-05,1.2500562525313462e-05,3.750140630273582e-05,2.5000875030625718e-05,2.500075002250032e-05,0.0,0.0,1.2500265630644473e-05,3.750079689193342e-05,1.2500265630644473e-05,2.5000437507656027e-05,0.0,3.750051563208941e-05,2.500034375472627e-05,0.0,0.0,2.5000312503905943e-05,1.250014062658187e-05,0.0,1.250014062658187e-05,1.2500125001249835e-05,2.5000218751913723e-05,2.5000187501405906e-05,1.2500078125488106e-05,1.2500078125488106e-05,1.2500078125488106e-05,1.2500078125488106e-05,0.0,0.0,2.500012500062465e-05,3.7500187500936974e-05,3.7500187500936974e-05,1.2500062500312325e-05,1.2500062500312325e-05,0.0,1.2500062500312325e-05,1.2500062500312325e-05,1.2500062500312325e-05,1.2500062500312325e-05,1.2500062500312325e-05,1.2500062500312325e-05,1.2500062500312325e-05
37.55,5.0047545167908806e-05,2.502339687607878e-05,3.753453176922715e-05,6.255677026901825e-05,0.0,2.502126807786583e-05,2.5020829840842145e-05,1.2509992356394493e-05,3.7528756409598325e-05,1.2509241201937755e-05,7.505272453898758e-05,3.752504796951912e-05,1.2507973833318563e-05,1.2507629654088816e-05,3.752152797667609e-05,3.752049557070496e-05,1.2506128002721156e-05,1.2505580615349422e-05,0.0,2.500962870705186e-05,5.0018256663681534e-05,1.2504454711990968e-05,0.0,5.0015942581697205e-05,2.5007533519472385e-05,3.7510925056922297e-05,1.2503360278074556e-05,5.0012690720269556e-05,0.0,1.2502500500099842e-05,1.2502250405072735e-05,3.7506047850215316e-05,2.5003594266675478e-05,0.0,1.2501422036756504e-05,5.0004750451292164e-05,1.250106259032e-05,1.2500984452525459e-05,2.5001812631415423e-05,3.7502484539600216e-05,2.5001500090005044e-05,2.5001312568909513e-05,3.750168757594038e-05,1.2500468767578606e-05,2.5000875030625718e-05,3.750112503375048e-05,0.0,1.2500312507812517e-05,2.5000531261288946e-05,2.5000531261288946e-05,2.5000531261288946e-05,2.5000437507656027e-05,0.0,0.0,1.2500171877363135e-05,2.5000312503905943e-05,1.2500156251952971e-05,1.2500156251952971e-05,0.0,0.0,2.500028125316374e-05,1.2500125001249835e-05,2.5000218751913723e-05,1.2500093750702953e-05,1.2500078125488106e-05,2.5000156250976213e-05,1.2500078125488106e-05,0.0,2.500012500062465e-05,3.7500187500936974e-05,1.2500062500312325e-05,0.0,1.2500062500312325e-05,1.2500062500312325e-05,1.2500062500312325e-05,1.2500062500312325e-05,0.0,1.2500062500312325e-05,1.2500062500312325e-05,1.2500062500312325e-05,1.2500062500312325e-05,1.2500062500312325e-05,1.2500062500312325e-05
37.650000000000006,3.75356588759316e-05,5.004679375215756e-05,6.255755294871193e-05,7.50681243228219e-05,1.2510962731092943e-05,6.255317019466458e-05,3.7531244761263215e-05,0.0,3.7528756409598325e-05,3.7527723605813264e-05,3.752636226949379e-05,2.501669864634608e-05,2.5015947666637126e-05,6.253814827044409e-05,1.2507175992225361e-05,0.0,1.2506128002721156e-05,5.002232246139769e-05,1.250526784407914e-05,1.250481435352593e-05,2.5009128331840767e-05,0.0,3.7512566709847265e-05,3.7511956936272905e-05,3.7511300279208576e-05,2.500728337128153e-05,2.500672055614911e-05,2.5006345360134778e-05,2.500581385172017e-05,5.001000200039937e-05,2.500450081014547e-05,1.2502015950071772e-05,0.0,2.500312539067348e-05,2.5002844073513008e-05,0.0,7.500637554192e-05,0.0,5.0003625262830846e-05,8.750579725906716e-05,2.5001500090005044e-05,3.750196885336427e-05,3.750168757594038e-05,1.2500468767578606e-05,2.5000875030625718e-05,1.250037501125016e-05,3.750107815599645e-05,2.5000625015625035e-05,3.750079689193342e-05,1.2500265630644473e-05,0.0,1.2500218753828014e-05,1.2500203128300657e-05,1.2500171877363135e-05,0.0,0.0,2.5000312503905943e-05,1.2500156251952971e-05,0.0,1.250014062658187e-05,1.250014062658187e-05,1.2500125001249835e-05,1.2500109375956862e-05,1.2500093750702953e-05,2.5000156250976213e-05,0.0,0.0,3.750023437646432e-05,1.2500062500312325e-05,1.2500062500312325e-05,1.2500062500312325e-05,1.2500062500312325e-05,1.2500062500312325e-05,1.2500062500312325e-05,1.2500062500312325e-05,2.500012500062465e-05,2.500012500062465e-05,1.2500062500312325e-05,1.2500062500312325e-05,1.2500062500312325e-05,1.2500062500312325e-05,1.2500062500312325e-05,1.2500062500312325e-05
37.75,6.2559431459886e-05,2.502339687607878e-05,2.5023021179484772e-05,6.255677026901825e-05,2.5021925462185886e-05,0.00010008507231146332,5.004165968168429e-05,0.0,1.2509585469866107e-05,2.501848240387551e-05,3.752636226949379e-05,2.501669864634608e-05,1.2507973833318563e-05,3.752288896226645e-05,1.2507175992225361e-05,3.752049557070496e-05,1.2506128002721156e-05,5.002232246139769e-05,3.751580353223742e-05,0.0,5.0018256663681534e-05,6.252227355995485e-05,5.001675561312969e-05,2.5007971290848602e-05,3.7511300279208576e-05,1.2503641685640766e-05,1.2503360278074556e-05,1.2503172680067389e-05,2.500581385172017e-05,2.5005001000199684e-05,3.750675121521821e-05,1.2502015950071772e-05,2.5003594266675478e-05,0.0,3.7504266110269513e-05,1.2501187612823041e-05,0.0,2.5001968905050918e-05,2.5001812631415423e-05,1.2500828179866739e-05,3.750225013500757e-05,1.2500656284454757e-05,0.0,6.250234383789303e-05,3.750131254593858e-05,1.250037501125016e-05,3.750107815599645e-05,2.5000625015625035e-05,5.000106252257789e-05,2.5000531261288946e-05,2.5000531261288946e-05,0.0,2.5000406256601315e-05,2.500034375472627e-05,1.2500171877363135e-05,1.2500156251952971e-05,1.2500156251952971e-05,0.0,0.0,2.500028125316374e-05,1.250014062658187e-05,2.500025000249967e-05,1.2500109375956862e-05,1.2500093750702953e-05,0.0,1.2500078125488106e-05,3.750023437646432e-05,0.0,1.2500062500312325e-05,1.2500062500312325e-05,1.2500062500312325e-05,2.500012500062465e-05,1.2500062500312325e-05,1.2500062500312325e-05,1.2500062500312325e-05,0.0,0.0,0.0,0.0,1.2500062500312325e-05,1.2500062500312325e-05,1.2500062500312325e-05,1.2500062500312325e-05
37.85,5.004754516791236e-05,2.5023396876080557e-05,7.506906353845965e-05,3.7534062161413614e-05,3.7532888193281495e-05,3.7531902116801416e-05,2.5020829840843924e-05,5.0039969425581524e-05,3.752875640960099e-05,1.2509241201938642e-05,5.003514969266194e-05,3.7525047969521785e-05,1.2507973833319452e-05,5.003051861635882e-05,2.50143519844525e-05,5.002732742761017e-05,5.0024512010888176e-05,2.501116123070062e-05,0.0,0.0,3.7513692497763815e-05,6.25222735599593e-05,6.252094451641655e-05,2.500797129085038e-05,2.5007533519474164e-05,5.001456674256661e-05,0.0,0.0,1.2502906925860974e-05,2.500500100020146e-05,2.500450081014725e-05,0.0,2.5003594266677257e-05,0.0,3.7504266110272177e-05,2.5002375225647857e-05,2.5002125180641774e-05,3.750295335757904e-05,5.0003625262834397e-05,1.2500828179867627e-05,3.750225013501023e-05,3.750196885336693e-05,1.250056252531435e-05,2.5000937535158988e-05,2.5000875030627493e-05,2.5000750022502097e-05,0.0,2.500062501562681e-05,2.5000531261290725e-05,1.2500265630645362e-05,2.5000531261290725e-05,0.0,0.0,0.0,1.2500171877364025e-05,2.500031250390772e-05,1.250015625195386e-05,0.0,2.500028125316552e-05,1.250014062658276e-05,2.500028125316552e-05,1.2500125001250723e-05,1.2500109375957751e-05,1.250009375070384e-05,1.2500078125488996e-05,2.500015625097799e-05,1.2500078125488996e-05,1.2500078125488996e-05,1.2500062500313212e-05,1.2500062500313212e-05,1.2500062500313212e-05,0.0,1.2500062500313212e-05,3.750018750093964e-05,3.750018750093964e-05,3.750018750093964e-05,3.750018750093964e-05,3.750018750093964e-05,3.750018750093964e-05,2.5000125000626425e-05,2.5000125000626425e-05,2.5000125000626425e-05,2.5000125000626425e-05
37.95,5.0047545167908806e-05,3.753509531411817e-05,1.2511510589742386e-05,7.50681243228219e-05,5.004385092437177e-05,3.7531902116798746e-05,6.255207460210537e-05,1.2509992356394493e-05,1.2509585469866107e-05,0.0,3.752636226949379e-05,2.501669864634608e-05,3.752392149995569e-05,1.2507629654088816e-05,1.2507175992225361e-05,1.2506831856901655e-05,2.5012256005442313e-05,0.0,6.25263392203957e-05,3.751444306057779e-05,0.0,7.502672827194581e-05,2.5008377806564843e-05,3.7511956936272905e-05,1.2503766759736193e-05,2.500728337128153e-05,1.2503360278074556e-05,0.0,1.2502906925860085e-05,0.0,1.2502250405072735e-05,2.5004031900143544e-05,1.2501797133337739e-05,1.250156269533674e-05,3.7504266110269513e-05,0.0,1.250106259032e-05,2.5001968905050918e-05,2.5001812631415423e-05,0.0,5.000300018001009e-05,1.2500656284454757e-05,3.750168757594038e-05,2.5000937535157213e-05,3.750131254593858e-05,0.0,1.2500359385332151e-05,5.000125003125007e-05,2.5000531261288946e-05,1.2500265630644473e-05,1.2500265630644473e-05,1.2500218753828014e-05,2.5000406256601315e-05,0.0,0.0,1.2500156251952971e-05,0.0,0.0,1.250014062658187e-05,1.250014062658187e-05,1.250014062658187e-05,1.2500125001249835e-05,1.2500109375956862e-05,0.0,2.5000156250976213e-05,1.2500078125488106e-05,1.2500078125488106e-05,2.5000156250976213e-05,1.2500062500312325e-05,0.0,3.7500187500936974e-05,3.7500187500936974e-05,2.500012500062465e-05,0.0,1.2500062500312325e-05,1.2500062500312325e-05,2.500012500062465e-05,3.7500187500936974e-05,3.7500187500936974e-05,3.7500187500936974e-05,3.7500187500936974e-05,3.7500187500936974e-05,3.7500187500936974e-05
38.05,3.75356588759316e-05,6.255849219019694e-05,1.2511510589742386e-05,2.5022708107607298e-05,5.004385092437177e-05,2.502126807786583e-05,1.2510414920421072e-05,3.7529977069183474e-05,3.7528756409598325e-05,1.2509241201937755e-05,2.501757484632919e-05,3.752504796951912e-05,2.5015947666637126e-05,0.0,1.2507175992225361e-05,1.2506831856901655e-05,1.2506128002721156e-05,2.5011161230698844e-05,1.250526784407914e-05,6.252407176762965e-05,1.2504564165920383e-05,2.5008909423981937e-05,5.001675561312969e-05,1.2503985645424301e-05,0.0,3.7510925056922297e-05,1.2503360278074556e-05,1.2503172680067389e-05,1.2502906925860085e-05,1.2502500500099842e-05,1.2502250405072735e-05,1.2502015950071772e-05,1.2501797133337739e-05,1.250156269533674e-05,1.2501422036756504e-05,1.2501187612823041e-05,3.750318777096e-05,3.7502953357576376e-05,5.0003625262830846e-05,1.2500828179866739e-05,1.2500750045002522e-05,5.0002625137819026e-05,0.0,1.2500468767578606e-05,1.2500437515312859e-05,3.750112503375048e-05,2.5000718770664303e-05,2.5000625015625035e-05,1.2500265630644473e-05,1.2500265630644473e-05,0.0,2.5000437507656027e-05,1.2500203128300657e-05,2.500034375472627e-05,3.750051563208941e-05,0.0,0.0,2.5000312503905943e-05,1.250014062658187e-05,2.500028125316374e-05,1.250014062658187e-05,2.500025000249967e-05,0.0,3.750028125210886e-05,1.2500078125488106e-05,1.2500078125488106e-05,1.2500078125488106e-05,0.0,3.7500187500936974e-05,3.7500187500936974e-05,1.2500062500312325e-05,2.500012500062465e-05,3.7500187500936974e-05,3.7500187500936974e-05,2.500012500062465e-05,2.500012500062465e-05,1.2500062500312325e-05,0.0,0.0,0.0,0.0,0.0,0.0
38.150000000000006,5.0047545167908806e-05,7.507019062823634e-05,3.753453176922715e-05,3.753406216141095e-05,0.0,7.506380423359749e-05,6.255207460210537e-05,2.5019984712788986e-05,3.7528756409598325e-05,2.501848240387551e-05,0.0,1.250834932317304e-05,2.5015947666637126e-05,6.253814827044409e-05,2.5014351984450722e-05,2.501366371380331e-05,7.503676801632693e-05,5.002232246139769e-05,0.0,2.500962870705186e-05,3.751369249776115e-05,6.252227355995485e-05,5.001675561312969e-05,2.5007971290848602e-05,2.5007533519472385e-05,2.500728337128153e-05,1.2503360278074556e-05,0.0,1.2502906925860085e-05,1.2502500500099842e-05,0.0,5.000806380028709e-05,1.2501797133337739e-05,0.0,3.7504266110269513e-05,1.2501187612823041e-05,1.250106259032e-05,1.2500984452525459e-05,5.0003625262830846e-05,1.2500828179866739e-05,3.750225013500757e-05,2.5001312568909513e-05,1.2500562525313462e-05,2.5000937535157213e-05,0.0,3.750112503375048e-05,3.750107815599645e-05,3.7500937523437555e-05,1.2500265630644473e-05,2.5000531261288946e-05,0.0,0.0,0.0,0.0,1.2500171877363135e-05,1.2500156251952971e-05,0.0,1.2500156251952971e-05,1.250014062658187e-05,1.250014062658187e-05,1.250014062658187e-05,0.0,3.750032812787059e-05,1.2500093750702953e-05,1.2500078125488106e-05,1.2500078125488106e-05,0.0,3.750023437646432e-05,1.2500062500312325e-05,3.7500187500936974e-05,2.500012500062465e-05,1.2500062500312325e-05,0.0,0.0,0.0,0.0,0.0,0.0,0.0,0.0,0.0,0.0,0.0
38.25,2.5023772583954403e-05,6.255849219019694e-05,6.255755294871193e-05,6.255677026901825e-05,1.2510962731092943e-05,2.502126807786583e-05,2.5020829840842145e-05,3.7529977069183474e-05,0.0,0.0,3.752636226949379e-05,0.0,5.003189533327425e-05,3.752288896226645e-05,5.0028703968901445e-05,1.2506831856901655e-05,2.5012256005442313e-05,1.2505580615349422e-05,1.250526784407914e-05,2.500962870705186e-05,2.5009128331840767e-05,5.0017818847963874e-05,3.7512566709847265e-05,3.7511956936272905e-05,1.2503766759736193e-05,5.001456674256306e-05,1.2503360278074556e-05,0.0,3.7508720777580254e-05,0.0,2.500450081014547e-05,2.5004031900143544e-05,0.0,2.500312539067348e-05,1.2501422036756504e-05,6.250593806411521e-05,0.0,7.500590671515275e-05,7.500543789424627e-05,5.0003312719466955e-05,2.5001500090005044e-05,0.0,7.500337515188077e-05,3.750140630273582e-05,3.750131254593858e-05,0.0,2.5000718770664303e-05,2.5000625015625035e-05,2.5000531261288946e-05,2.5000531261288946e-05,1.2500265630644473e-05,2.5000437507656027e-05,0.0,1.2500171877363135e-05,0.0,0.0,2.5000312503905943e-05,1.2500156251952971e-05,2.500028125316374e-05,1.250014062658187e-05,1.250014062658187e-05,2.500025000249967e-05,0.0,1.2500093750702953e-05,1.2500078125488106e-05,1.2500078125488106e-05,3.750023437646432e-05,1.2500078125488106e-05,2.500012500062465e-05,0.0,0.0,0.0,0.0,0.0,0.0,0.0,0.0,1.2500062500312325e-05,1.2500062500312325e-05,1.2500062500312325e-05,1.2500062500312325e-05,1.2500062500312325e-05,1.2500062500312325e-05
38.35000000000001,2.5023772583954403e-05,3.753509531411817e-05,5.0046042358969544e-05,1.2511354053803649e-05,2.5021925462185886e-05,2.502126807786583e-05,0.0,1.2509992356394493e-05,2.5019170939732213e-05,2.501848240387551e-05,1.2508787423164595e-05,0.0,5.003189533327425e-05,6.253814827044409e-05,3.752152797667609e-05,0.00010005465485521324,2.5012256005442313e-05,3.7516741846048266e-05,5.002107137631656e-05,5.001925741410372e-05,0.0,6.252227355995485e-05,5.001675561312969e-05,3.7511956936272905e-05,3.7511300279208576e-05,2.500728337128153e-05,5.001344111229822e-05,0.0,1.2502906925860085e-05,2.5005001000199684e-05,2.500450081014547e-05,0.0,2.5003594266675478e-05,2.500312539067348e-05,1.2501422036756504e-05,1.2501187612823041e-05,3.750318777096e-05,1.2500984452525459e-05,1.2500906315707711e-05,2.5001656359733478e-05,3.750225013500757e-05,1.2500656284454757e-05,2.5001125050626924e-05,2.5000937535157213e-05,0.0,1.250037501125016e-05,3.750107815599645e-05,1.2500312507812517e-05,0.0,0.0,2.5000531261288946e-05,1.2500218753828014e-05,2.5000406256601315e-05,2.500034375472627e-05,1.2500171877363135e-05,0.0,1.2500156251952971e-05,1.2500156251952971e-05,1.250014062658187e-05,2.500028125316374e-05,0.0,1.2500125001249835e-05,1.2500109375956862e-05,1.2500093750702953e-05,1.2500078125488106e-05,2.5000156250976213e-05,3.750023437646432e-05,2.5000156250976213e-05,0.0,0.0,0.0,0.0,1.2500062500312325e-05,1.2500062500312325e-05,1.2500062500312325e-05,1.2500062500312325e-05,1.2500062500312325e-05,1.2500062500312325e-05,1.2500062500312325e-05,1.2500062500312325e-05,1.2500062500312325e-05,1.2500062500312325e-05,1.2500062500312325e-05
38.45,2.502377258395618e-05,2.5023396876080557e-05,0.00010009208471794619,1.2511354053804538e-05,2.502192546218766e-05,3.7531902116801416e-05,3.7531244761265885e-05,1.2509992356395381e-05,1.2509585469866996e-05,3.752772360581593e-05,5.003514969266194e-05,1.250834932317393e-05,2.5015947666638905e-05,1.2507629654089706e-05,3.752152797667875e-05,2.5013663713805086e-05,1.2506128002722044e-05,2.501116123070062e-05,3.751580353224009e-05,5.001925741410727e-05,5.0018256663685085e-05,5.001781884796743e-05,5.0016755613133244e-05,1.250398564542519e-05,5.001506703894833e-05,1.2503641685641653e-05,2.5006720556150886e-05,1.2503172680068278e-05,5.0011627703443896e-05,2.500500100020146e-05,0.0,2.500403190014532e-05,0.0,5.000625078135051e-05,1.2501422036757392e-05,1.2501187612823929e-05,2.5002125180641774e-05,5.0003937810105386e-05,0.0,6.250414089933813e-05,1.250075004500341e-05,3.750196885336693e-05,2.50011250506287e-05,3.750140630273848e-05,1.2500437515313747e-05,2.5000750022502097e-05,2.5000718770666078e-05,2.500062501562681e-05,3.750079689193608e-05,0.0,0.0,0.0,0.0,1.2500171877364025e-05,0.0,1.250015625195386e-05,1.250015625195386e-05,2.500031250390772e-05,1.250014062658276e-05,0.0,3.750042187974828e-05,1.2500125001250723e-05,2.5000218751915502e-05,0.0,2.500015625097799e-05,3.750023437646698e-05,0.0,0.0,0.0,1.2500062500313212e-05,1.2500062500313212e-05,1.2500062500313212e-05,1.2500062500313212e-05,1.2500062500313212e-05,1.2500062500313212e-05,1.2500062500313212e-05,1.2500062500313212e-05,0.0,0.0,0.0,0.0,0.0,0.0
38.55,6.2559431459886e-05,7.507019062823634e-05,3.753453176922715e-05,0.0,3.7532888193278826e-05,3.7531902116798746e-05,1.2510414920421072e-05,2.5019984712788986e-05,1.2509585469866107e-05,2.501848240387551e-05,1.2508787423164595e-05,5.003339729269216e-05,1.2507973833318563e-05,2.5015259308177632e-05,1.2507175992225361e-05,6.253415928450828e-05,3.7518384008163466e-05,1.2505580615349422e-05,2.501053568815828e-05,6.252407176762965e-05,3.751369249776115e-05,0.0,2.5008377806564843e-05,3.7511956936272905e-05,3.7511300279208576e-05,2.500728337128153e-05,1.2503360278074556e-05,1.2503172680067389e-05,2.500581385172017e-05,3.7507501500299525e-05,1.2502250405072735e-05,2.5004031900143544e-05,0.0,1.250156269533674e-05,1.2501422036756504e-05,2.5002375225646082e-05,3.750318777096e-05,2.5001968905050918e-05,0.0,2.5001656359733478e-05,2.5001500090005044e-05,0.0,1.2500562525313462e-05,1.2500468767578606e-05,5.0001750061251435e-05,2.500075002250032e-05,3.750107815599645e-05,1.2500312507812517e-05,2.5000531261288946e-05,1.2500265630644473e-05,2.5000531261288946e-05,1.2500218753828014e-05,2.5000406256601315e-05,0.0,0.0,2.5000312503905943e-05,1.2500156251952971e-05,1.2500156251952971e-05,2.500028125316374e-05,0.0,0.0,1.2500125001249835e-05,0.0,3.750028125210886e-05,3.750023437646432e-05,0.0,0.0,0.0,1.2500062500312325e-05,1.2500062500312325e-05,1.2500062500312325e-05,1.2500062500312325e-05,0.0,0.0,0.0,0.0,0.0,0.0,0.0,0.0,0.0,0.0,0.0
38.650000000000006,6.2559431459886e-05,1.251169843803939e-05,5.0046042358969544e-05,3.753406216141095e-05,0.00011259866457983648,1.2510634038932915e-05,0.0,2.5019984712788986e-05,1.2509585469866107e-05,7.505544721162653e-05,3.752636226949379e-05,3.752504796951912e-05,1.2507973833318563e-05,3.752288896226645e-05,2.5014351984450722e-05,1.2506831856901655e-05,6.253064001360578e-05,0.0,2.501053568815828e-05,3.751444306057779e-05,0.0,3.7513364135972905e-05,3.7512566709847265e-05,1.2503985645424301e-05,1.2503766759736193e-05,1.2503641685640766e-05,1.2503360278074556e-05,2.5006345360134778e-05,2.500581385172017e-05,1.2502500500099842e-05,0.0,1.2502015950071772e-05,1.2501797133337739e-05,5.000625078134696e-05,1.2501422036756504e-05,3.750356283846912e-05,2.500212518064e-05,6.25049222626273e-05,2.5001812631415423e-05,2.5001656359733478e-05,5.000300018001009e-05,1.2500656284454757e-05,2.5001125050626924e-05,2.5000937535157213e-05,1.2500437515312859e-05,2.500075002250032e-05,2.5000718770664303e-05,1.2500312507812517e-05,0.0,2.5000531261288946e-05,1.2500265630644473e-05,1.2500218753828014e-05,1.2500203128300657e-05,1.2500171877363135e-05,1.2500171877363135e-05,1.2500156251952971e-05,2.5000312503905943e-05,1.2500156251952971e-05,0.0,3.750042187974561e-05,1.250014062658187e-05,1.2500125001249835e-05,3.750032812787059e-05,3.750028125210886e-05,0.0,0.0,1.2500078125488106e-05,1.2500078125488106e-05,1.2500062500312325e-05,0.0,0.0,0.0,0.0,0.0,0.0,1.2500062500312325e-05,1.2500062500312325e-05,1.2500062500312325e-05,1.2500062500312325e-05,1.2500062500312325e-05,1.2500062500312325e-05,1.2500062500312325e-05,1.2500062500312325e-05
38.75,6.2559431459886e-05,1.251169843803939e-05,6.255755294871193e-05,6.255677026901825e-05,5.004385092437177e-05,5.004253615573166e-05,0.0,3.7529977069183474e-05,5.0038341879464426e-05,3.7527723605813264e-05,1.2508787423164595e-05,1.250834932317304e-05,2.5015947666637126e-05,2.5015259308177632e-05,2.5014351984450722e-05,1.2506831856901655e-05,5.0024512010884625e-05,0.0,1.250526784407914e-05,1.250481435352593e-05,3.751369249776115e-05,3.7513364135972905e-05,3.7512566709847265e-05,5.0015942581697205e-05,3.7511300279208576e-05,0.0,0.0,1.2503172680067389e-05,0.0,1.2502500500099842e-05,3.750675121521821e-05,1.2502015950071772e-05,1.2501797133337739e-05,0.0,0.0,1.2501187612823041e-05,1.250106259032e-05,6.25049222626273e-05,2.5001812631415423e-05,3.7502484539600216e-05,0.0,7.500393770672854e-05,3.750168757594038e-05,1.2500468767578606e-05,0.0,3.750112503375048e-05,1.2500359385332151e-05,1.2500312507812517e-05,0.0,0.0,0.0,0.0,1.2500203128300657e-05,0.0,2.500034375472627e-05,1.2500156251952971e-05,1.2500156251952971e-05,2.5000312503905943e-05,2.500028125316374e-05,1.250014062658187e-05,2.500028125316374e-05,2.500025000249967e-05,1.2500109375956862e-05,0.0,0.0,1.2500078125488106e-05,1.2500078125488106e-05,1.2500078125488106e-05,0.0,0.0,0.0,1.2500062500312325e-05,1.2500062500312325e-05,1.2500062500312325e-05,1.2500062500312325e-05,0.0,1.2500062500312325e-05,1.2500062500312325e-05,1.2500062500312325e-05,1.2500062500312325e-05,1.2500062500312325e-05,1.2500062500312325e-05,1.2500062500312325e-05
38.85000000000001,5.0047545167908806e-05,3.753509531411817e-05,3.753453176922715e-05,5.0045416215214596e-05,2.5021925462185886e-05,3.7531902116798746e-05,5.004165968168429e-05,0.0,1.2509585469866107e-05,3.7527723605813264e-05,2.501757484632919e-05,2.501669864634608e-05,7.504784299991137e-05,2.5015259308177632e-05,0.0,2.501366371380331e-05,1.2506128002721156e-05,3.7516741846048266e-05,0.0,5.001925741410372e-05,6.252282082960192e-05,7.502672827194581e-05,3.7512566709847265e-05,1.2503985645424301e-05,3.7511300279208576e-05,1.2503641685640766e-05,0.0,2.5006345360134778e-05,1.2502906925860085e-05,1.2502500500099842e-05,5.000900162029094e-05,1.2502015950071772e-05,0.0,5.000625078134696e-05,5.0005688147026016e-05,0.0,6.25053129516e-05,3.7502953357576376e-05,3.7502718947123136e-05,2.5001656359733478e-05,0.0,2.5001312568909513e-05,2.5001125050626924e-05,0.0,2.5000875030625718e-05,2.500075002250032e-05,2.5000718770664303e-05,2.5000625015625035e-05,0.0,1.2500265630644473e-05,0.0,3.750065626148404e-05,1.2500203128300657e-05,0.0,1.2500171877363135e-05,2.5000312503905943e-05,1.2500156251952971e-05,0.0,1.250014062658187e-05,1.250014062658187e-05,0.0,1.2500125001249835e-05,2.5000218751913723e-05,0.0,1.2500078125488106e-05,1.2500078125488106e-05,0.0,0.0,0.0,1.2500062500312325e-05,1.2500062500312325e-05,1.2500062500312325e-05,1.2500062500312325e-05,3.7500187500936974e-05,3.7500187500936974e-05,3.7500187500936974e-05,2.500012500062465e-05,2.500012500062465e-05,2.500012500062465e-05,2.500012500062465e-05,2.500012500062465e-05,2.500012500062465e-05,2.500012500062465e-05
38.95,3.7535658875934266e-05,6.255849219020139e-05,2.5023021179486547e-05,1.2511354053804538e-05,2.502192546218766e-05,5.004253615573522e-05,1.2510414920421962e-05,5.0039969425581524e-05,1.2509585469866996e-05,3.752772360581593e-05,3.752636226949645e-05,1.250834932317393e-05,1.2507973833319452e-05,1.2507629654089706e-05,6.253587996113125e-05,2.5013663713805086e-05,5.0024512010888176e-05,1.250558061535031e-05,0.0,3.751444306058045e-05,7.502738499552763e-05,1.2504454711991858e-05,1.2504188903283311e-05,1.250398564542519e-05,2.5007533519474164e-05,1.2503641685641653e-05,1.2503360278075443e-05,0.0,1.2502906925860974e-05,0.0,1.2502250405073624e-05,0.0,3.750539140001589e-05,0.0,3.7504266110272177e-05,2.5002375225647857e-05,2.5002125180641774e-05,1.2500984452526346e-05,5.0003625262834397e-05,1.2500828179867627e-05,3.750225013501023e-05,1.2500656284455644e-05,2.50011250506287e-05,3.750140630273848e-05,3.750131254594124e-05,3.7501125033753146e-05,1.2500359385333039e-05,2.500062501562681e-05,2.5000531261290725e-05,2.5000531261290725e-05,2.5000531261290725e-05,0.0,0.0,1.2500171877364025e-05,1.2500171877364025e-05,1.250015625195386e-05,2.500031250390772e-05,2.500031250390772e-05,1.250014062658276e-05,1.250014062658276e-05,3.750042187974828e-05,3.750037500375217e-05,0.0,0.0,1.2500078125488996e-05,0.0,0.0,1.2500078125488996e-05,1.2500062500313212e-05,1.2500062500313212e-05,3.750018750093964e-05,2.5000125000626425e-05,2.5000125000626425e-05,0.0,0.0,0.0,0.0,0.0,0.0,0.0,0.0,0.0,0.0
39.05,6.2559431459886e-05,5.004679375215756e-05,6.255755294871193e-05,0.0,7.506577638655765e-05,1.2510634038932915e-05,2.5020829840842145e-05,1.2509992356394493e-05,0.0,5.003696480775102e-05,3.752636226949379e-05,3.752504796951912e-05,5.003189533327425e-05,2.5015259308177632e-05,2.5014351984450722e-05,2.501366371380331e-05,1.2506128002721156e-05,3.7516741846048266e-05,2.501053568815828e-05,0.0,3.751369249776115e-05,5.0017818847963874e-05,1.2504188903282422e-05,0.0,3.7511300279208576e-05,1.2503641685640766e-05,0.0,5.0012690720269556e-05,0.0,2.5005001000199684e-05,1.2502250405072735e-05,2.5004031900143544e-05,1.2501797133337739e-05,1.250156269533674e-05,0.0,3.750356283846912e-05,3.750318777096e-05,0.0,3.7502718947123136e-05,3.7502484539600216e-05,1.2500750045002522e-05,2.5001312568909513e-05,1.2500562525313462e-05,3.750140630273582e-05,1.2500437515312859e-05,2.500075002250032e-05,1.2500359385332151e-05,0.0,1.2500265630644473e-05,0.0,0.0,1.2500218753828014e-05,0.0,2.500034375472627e-05,2.500034375472627e-05,1.2500156251952971e-05,0.0,1.2500156251952971e-05,1.250014062658187e-05,0.0,1.250014062658187e-05,0.0,0.0,1.2500093750702953e-05,0.0,0.0,1.2500078125488106e-05,0.0,3.7500187500936974e-05,2.500012500062465e-05,0.0,0.0,0.0,0.0,0.0,0.0,0.0,0.0,0.0,0.0,0.0,0.0,0.0
39.150000000000006,3.75356588759316e-05,0.00010009358750431511,1.2511510589742386e-05,3.753406216141095e-05,3.7532888193278826e-05,6.255317019466458e-05,1.2510414920421072e-05,2.5019984712788986e-05,1.2509585469866107e-05,1.2509241201937755e-05,2.501757484632919e-05,1.250834932317304e-05,0.0,1.2507629654088816e-05,2.5014351984450722e-05,2.501366371380331e-05,1.2506128002721156e-05,3.7516741846048266e-05,6.25263392203957e-05,1.250481435352593e-05,3.751369249776115e-05,5.0017818847963874e-05,2.5008377806564843e-05,3.7511956936272905e-05,3.7511300279208576e-05,1.2503641685640766e-05,0.0,1.2503172680067389e-05,1.2502906925860085e-05,2.5005001000199684e-05,0.0,0.0,5.0007188533350956e-05,2.500312539067348e-05,2.5002844073513008e-05,1.2501187612823041e-05,2.500212518064e-05,0.0,2.5001812631415423e-05,3.7502484539600216e-05,1.2500750045002522e-05,1.2500656284454757e-05,3.750168757594038e-05,0.0,2.5000875030625718e-05,2.500075002250032e-05,1.2500359385332151e-05,0.0,0.0,0.0,1.2500265630644473e-05,1.2500218753828014e-05,0.0,1.2500171877363135e-05,0.0,1.2500156251952971e-05,1.2500156251952971e-05,1.2500156251952971e-05,1.250014062658187e-05,3.750042187974561e-05,2.500028125316374e-05,0.0,1.2500109375956862e-05,1.2500093750702953e-05,0.0,1.2500078125488106e-05,1.2500078125488106e-05,3.750023437646432e-05,0.0,0.0,0.0,0.0,0.0,0.0,0.0,0.0,0.0,0.0,0.0,0.0,0.0,0.0,0.0
39.25,1.2511886291977202e-05,3.753509531411817e-05,1.2511510589742386e-05,2.5022708107607298e-05,2.5021925462185886e-05,2.502126807786583e-05,5.004165968168429e-05,3.7529977069183474e-05,2.5019170939732213e-05,1.2509241201937755e-05,2.501757484632919e-05,3.752504796951912e-05,6.253986916659282e-05,0.0,1.2507175992225361e-05,2.501366371380331e-05,5.0024512010884625e-05,0.0,3.751580353223742e-05,3.751444306057779e-05,6.252282082960192e-05,2.5008909423981937e-05,3.7512566709847265e-05,1.2503985645424301e-05,1.2503766759736193e-05,3.7510925056922297e-05,0.0,0.0,2.500581385172017e-05,1.2502500500099842e-05,3.750675121521821e-05,0.0,1.2501797133337739e-05,0.0,3.7504266110269513e-05,3.750356283846912e-05,7.500637554192e-05,2.5001968905050918e-05,2.5001812631415423e-05,1.2500828179866739e-05,6.250375022501261e-05,5.0002625137819026e-05,0.0,1.2500468767578606e-05,3.750131254593858e-05,1.250037501125016e-05,2.5000718770664303e-05,0.0,2.5000531261288946e-05,2.5000531261288946e-05,2.5000531261288946e-05,0.0,2.5000406256601315e-05,1.2500171877363135e-05,2.500034375472627e-05,1.2500156251952971e-05,2.5000312503905943e-05,1.2500156251952971e-05,1.250014062658187e-05,2.500028125316374e-05,0.0,1.2500125001249835e-05,1.2500109375956862e-05,0.0,1.2500078125488106e-05,1.2500078125488106e-05,2.5000156250976213e-05,0.0,0.0,0.0,0.0,0.0,0.0,0.0,0.0,0.0,0.0,0.0,0.0,0.0,0.0,0.0,0.0
39.35000000000001,1.2511886291977202e-05,3.753509531411817e-05,0.0,1.2511354053803649e-05,2.5021925462185886e-05,0.0,2.5020829840842145e-05,1.2509992356394493e-05,0.0,2.501848240387551e-05,0.0,1.250834932317304e-05,1.2507973833318563e-05,5.0030518616355265e-05,1.2507175992225361e-05,6.253415928450828e-05,1.2506128002721156e-05,1.2505580615349422e-05,1.250526784407914e-05,2.500962870705186e-05,2.5009128331840767e-05,6.252227355995485e-05,3.7512566709847265e-05,5.0015942581697205e-05,2.5007533519472385e-05,2.500728337128153e-05,2.500672055614911e-05,6.251586340033695e-05,3.7508720777580254e-05,0.0,1.2502250405072735e-05,0.0,5.0007188533350956e-05,1.250156269533674e-05,1.2501422036756504e-05,2.5002375225646082e-05,5.000425036128e-05,3.7502953357576376e-05,2.5001812631415423e-05,0.0,2.5001500090005044e-05,1.2500656284454757e-05,0.0,2.5000937535157213e-05,3.750131254593858e-05,1.250037501125016e-05,2.5000718770664303e-05,2.5000625015625035e-05,1.2500265630644473e-05,0.0,1.2500265630644473e-05,0.0,1.2500203128300657e-05,2.500034375472627e-05,0.0,0.0,1.2500156251952971e-05,1.2500156251952971e-05,2.500028125316374e-05,1.250014062658187e-05,0.0,1.2500125001249835e-05,0.0,1.2500093750702953e-05,1.2500078125488106e-05,2.5000156250976213e-05,0.0,0.0,0.0,0.0,0.0,0.0,0.0,1.2500062500312325e-05,1.2500062500312325e-05,1.2500062500312325e-05,1.2500062500312325e-05,1.2500062500312325e-05,1.2500062500312325e-05,1.2500062500312325e-05,1.2500062500312325e-05,1.2500062500312325e-05,1.2500062500312325e-05
39.45,3.7535658875934266e-05,7.507019062824166e-05,3.753453176922982e-05,7.506812432282723e-05,2.502192546218766e-05,3.7531902116801416e-05,1.2510414920421962e-05,1.2509992356395381e-05,1.2509585469866996e-05,2.5018482403877285e-05,0.0,5.003339729269572e-05,5.003189533327781e-05,2.501525930817941e-05,6.253587996113125e-05,2.5013663713805086e-05,1.2506128002722044e-05,3.751674184605093e-05,3.751580353224009e-05,0.0,6.252282082960636e-05,3.7513364135975575e-05,1.2504188903283311e-05,2.500797129085038e-05,1.2503766759737082e-05,2.5007283371283306e-05,0.0,2.5006345360136557e-05,2.5005813851721948e-05,0.0,1.2502250405073624e-05,2.500403190014532e-05,0.0,0.0,1.2501422036757392e-05,5.0004750451295715e-05,5.000425036128355e-05,2.5001968905052693e-05,3.75027189471258e-05,2.5001656359735253e-05,2.500150009000682e-05,3.750196885336693e-05,3.7501687575943046e-05,2.5000937535158988e-05,3.750131254594124e-05,2.5000750022502097e-05,0.0,1.2500312507813405e-05,0.0,1.2500265630645362e-05,1.2500265630645362e-05,0.0,1.2500203128301545e-05,1.2500171877364025e-05,2.500034375472805e-05,3.750046875586158e-05,1.250015625195386e-05,1.250015625195386e-05,3.750042187974828e-05,0.0,1.250014062658276e-05,0.0,0.0,1.250009375070384e-05,2.500015625097799e-05,0.0,0.0,0.0,0.0,0.0,1.2500062500313212e-05,1.2500062500313212e-05,1.2500062500313212e-05,0.0,0.0,0.0,0.0,0.0,0.0,0.0,0.0,0.0,0.0
39.55,6.2559431459886e-05,3.753509531411817e-05,6.255755294871193e-05,7.50681243228219e-05,3.7532888193278826e-05,1.2510634038932915e-05,0.0,2.5019984712788986e-05,3.7528756409598325e-05,3.7527723605813264e-05,0.0,5.003339729269216e-05,5.003189533327425e-05,5.0030518616355265e-05,5.0028703968901445e-05,2.501366371380331e-05,3.7518384008163466e-05,2.5011161230698844e-05,5.002107137631656e-05,5.001925741410372e-05,5.0018256663681534e-05,5.0017818847963874e-05,3.7512566709847265e-05,3.7511956936272905e-05,2.5007533519472385e-05,1.2503641685640766e-05,2.500672055614911e-05,1.2503172680067389e-05,1.2502906925860085e-05,3.7507501500299525e-05,1.2502250405072735e-05,0.0,5.0007188533350956e-05,6.25078134766837e-05,0.0,2.5002375225646082e-05,1.250106259032e-05,5.0003937810101835e-05,1.2500906315707711e-05,2.5001656359733478e-05,1.2500750045002522e-05,1.2500656284454757e-05,3.750168757594038e-05,1.2500468767578606e-05,1.2500437515312859e-05,0.0,0.0,0.0,1.2500265630644473e-05,2.5000531261288946e-05,0.0,2.5000437507656027e-05,1.2500203128300657e-05,1.2500171877363135e-05,0.0,1.2500156251952971e-05,1.2500156251952971e-05,2.5000312503905943e-05,0.0,0.0,1.250014062658187e-05,0.0,1.2500109375956862e-05,2.5000187501405906e-05,0.0,0.0,0.0,0.0,1.2500062500312325e-05,1.2500062500312325e-05,0.0,0.0,0.0,0.0,0.0,0.0,0.0,0.0,0.0,0.0,0.0,0.0,0.0
39.650000000000006,6.2559431459886e-05,2.502339687607878e-05,5.0046042358969544e-05,3.753406216141095e-05,5.004385092437177e-05,0.0,3.7531244761263215e-05,1.2509992356394493e-05,3.7528756409598325e-05,1.2509241201937755e-05,6.254393711582298e-05,1.250834932317304e-05,1.2507973833318563e-05,2.5015259308177632e-05,2.5014351984450722e-05,2.501366371380331e-05,2.5012256005442313e-05,2.5011161230698844e-05,6.25263392203957e-05,3.751444306057779e-05,0.0,2.5008909423981937e-05,1.2504188903282422e-05,1.2503985645424301e-05,1.2503766759736193e-05,0.0,1.2503360278074556e-05,0.0,1.2502906925860085e-05,5.001000200039937e-05,1.2502250405072735e-05,1.2502015950071772e-05,0.0,2.500312539067348e-05,5.0005688147026016e-05,3.750356283846912e-05,0.0,3.7502953357576376e-05,2.5001812631415423e-05,1.2500828179866739e-05,2.5001500090005044e-05,1.2500656284454757e-05,0.0,2.5000937535157213e-05,2.5000875030625718e-05,3.750112503375048e-05,0.0,2.5000625015625035e-05,1.2500265630644473e-05,1.2500265630644473e-05,0.0,1.2500218753828014e-05,2.5000406256601315e-05,1.2500171877363135e-05,2.500034375472627e-05,0.0,0.0,3.7500468755858914e-05,0.0,1.250014062658187e-05,0.0,1.2500125001249835e-05,3.750032812787059e-05,0.0,0.0,0.0,0.0,1.2500078125488106e-05,0.0,0.0,0.0,0.0,0.0,0.0,0.0,0.0,1.2500062500312325e-05,1.2500062500312325e-05,1.2500062500312325e-05,1.2500062500312325e-05,1.2500062500312325e-05,1.2500062500312325e-05,1.2500062500312325e-05
39.75,8.758320404384041e-05,5.004679375215756e-05,1.2511510589742386e-05,3.753406216141095e-05,2.5021925462185886e-05,0.0,3.7531244761263215e-05,0.0,5.0038341879464426e-05,3.7527723605813264e-05,2.501757484632919e-05,1.250834932317304e-05,3.752392149995569e-05,1.2507629654088816e-05,6.25358799611268e-05,7.504099114140993e-05,1.2506128002721156e-05,2.5011161230698844e-05,5.002107137631656e-05,0.0,3.751369249776115e-05,3.7513364135972905e-05,5.001675561312969e-05,3.7511956936272905e-05,0.0,0.0,2.500672055614911e-05,2.5006345360134778e-05,0.0,1.2502500500099842e-05,1.2502250405072735e-05,2.5004031900143544e-05,1.2501797133337739e-05,1.250156269533674e-05,1.2501422036756504e-05,3.750356283846912e-05,0.0,2.5001968905050918e-05,5.0003625262830846e-05,2.5001656359733478e-05,3.750225013500757e-05,2.5001312568909513e-05,1.2500562525313462e-05,3.750140630273582e-05,1.2500437515312859e-05,2.500075002250032e-05,2.5000718770664303e-05,1.2500312507812517e-05,0.0,0.0,0.0,1.2500218753828014e-05,1.2500203128300657e-05,1.2500171877363135e-05,1.2500171877363135e-05,2.5000312503905943e-05,3.7500468755858914e-05,0.0,1.250014062658187e-05,1.250014062658187e-05,0.0,1.2500125001249835e-05,0.0,0.0,0.0,0.0,1.2500078125488106e-05,0.0,0.0,0.0,0.0,0.0,1.2500062500312325e-05,1.2500062500312325e-05,1.2500062500312325e-05,2.500012500062465e-05,1.2500062500312325e-05,1.2500062500312325e-05,1.2500062500312325e-05,1.2500062500312325e-05,1.2500062500312325e-05,1.2500062500312325e-05,1.2500062500312325e-05
39.85000000000001,5.0047545167908806e-05,2.502339687607878e-05,0.0,2.5022708107607298e-05,6.255481365546471e-05,5.004253615573166e-05,1.2510414920421072e-05,5.003996942557797e-05,5.0038341879464426e-05,1.2509241201937755e-05,1.2508787423164595e-05,1.250834932317304e-05,2.5015947666637126e-05,2.5015259308177632e-05,2.5014351984450722e-05,1.2506831856901655e-05,0.0,2.5011161230698844e-05,2.501053568815828e-05,3.751444306057779e-05,5.0018256663681534e-05,1.2504454711990968e-05,1.2504188903282422e-05,3.7511956936272905e-05,1.2503766759736193e-05,0.0,0.0,0.0,2.500581385172017e-05,1.2502500500099842e-05,1.2502250405072735e-05,3.7506047850215316e-05,1.2501797133337739e-05,1.250156269533674e-05,5.0005688147026016e-05,3.750356283846912e-05,2.500212518064e-05,2.5001968905050918e-05,0.0,5.0003312719466955e-05,2.5001500090005044e-05,0.0,2.5001125050626924e-05,5.0001875070314426e-05,1.2500437515312859e-05,0.0,1.2500359385332151e-05,0.0,3.750079689193342e-05,1.2500265630644473e-05,2.5000531261288946e-05,1.2500218753828014e-05,1.2500203128300657e-05,0.0,1.2500171877363135e-05,0.0,3.7500468755858914e-05,0.0,0.0,0.0,1.250014062658187e-05,2.500025000249967e-05,0.0,0.0,0.0,1.2500078125488106e-05,0.0,0.0,0.0,1.2500062500312325e-05,1.2500062500312325e-05,2.500012500062465e-05,1.2500062500312325e-05,1.2500062500312325e-05,1.2500062500312325e-05,0.0,1.2500062500312325e-05,1.2500062500312325e-05,1.2500062500312325e-05,1.2500062500312325e-05,1.2500062500312325e-05,1.2500062500312325e-05,1.2500062500312325e-05
39.95,3.7535658875934266e-05,1.2511698438040279e-05,3.753453176922982e-05,7.506812432282723e-05,1.251096273109383e-05,1.2510634038933805e-05,5.004165968168785e-05,1.2509992356395381e-05,3.752875640960099e-05,3.752772360581593e-05,2.501757484633097e-05,6.254174661586964e-05,2.5015947666638905e-05,2.501525930817941e-05,0.0,5.002732742761017e-05,1.2506128002722044e-05,1.250558061535031e-05,2.501053568816006e-05,5.001925741410727e-05,7.502738499552763e-05,3.7513364135975575e-05,1.2504188903283311e-05,2.500797129085038e-05,1.2503766759737082e-05,1.2503641685641653e-05,5.001344111230177e-05,0.0,1.2502906925860974e-05,0.0,0.0,3.750604785021798e-05,1.2501797133338628e-05,3.750468808601288e-05,1.2501422036757392e-05,3.750356283847179e-05,2.5002125180641774e-05,2.5001968905052693e-05,0.0,2.5001656359735253e-05,3.750225013501023e-05,2.500131256891129e-05,2.50011250506287e-05,2.5000937535158988e-05,1.2500437515313747e-05,0.0,0.0,1.2500312507813405e-05,0.0,0.0,1.2500265630645362e-05,2.5000437507657806e-05,2.500040625660309e-05,3.7500515632092074e-05,1.2500171877364025e-05,3.750046875586158e-05,0.0,1.250015625195386e-05,1.250014062658276e-05,1.250014062658276e-05,2.500028125316552e-05,0.0,0.0,0.0,1.2500078125488996e-05,0.0,0.0,0.0,1.2500062500313212e-05,1.2500062500313212e-05,1.2500062500313212e-05,1.2500062500313212e-05,1.2500062500313212e-05,1.2500062500313212e-05,1.2500062500313212e-05,1.2500062500313212e-05,0.0,0.0,0.0,0.0,0.0,0.0,0.0
40.05,6.2559431459886e-05,0.0,0.0,2.5022708107607298e-05,2.5021925462185886e-05,2.502126807786583e-05,0.0,1.2509992356394493e-05,5.0038341879464426e-05,2.501848240387551e-05,1.2508787423164595e-05,3.752504796951912e-05,1.2507973833318563e-05,1.2507629654088816e-05,2.5014351984450722e-05,1.2506831856901655e-05,2.5012256005442313e-05,0.0,5.002107137631656e-05,7.502888612115558e-05,1.2504564165920383e-05,2.5008909423981937e-05,0.0,3.7511956936272905e-05,1.2503766759736193e-05,0.0,1.2503360278074556e-05,3.750951804020217e-05,1.2502906925860085e-05,3.7507501500299525e-05,0.0,2.5004031900143544e-05,1.2501797133337739e-05,1.250156269533674e-05,1.2501422036756504e-05,8.750831328976128e-05,3.750318777096e-05,3.7502953357576376e-05,2.5001812631415423e-05,2.5001656359733478e-05,1.2500750045002522e-05,5.0002625137819026e-05,1.2500562525313462e-05,1.2500468767578606e-05,1.2500437515312859e-05,0.0,2.5000718770664303e-05,1.2500312507812517e-05,1.2500265630644473e-05,0.0,1.2500265630644473e-05,1.2500218753828014e-05,0.0,0.0,1.2500171877363135e-05,1.2500156251952971e-05,0.0,0.0,0.0,0.0,1.250014062658187e-05,0.0,0.0,1.2500093750702953e-05,0.0,0.0,0.0,1.2500078125488106e-05,1.2500062500312325e-05,1.2500062500312325e-05,1.2500062500312325e-05,0.0,0.0,0.0,0.0,0.0,0.0,0.0,0.0,0.0,0.0,0.0,0.0
40.150000000000006,3.75356588759316e-05,3.753509531411817e-05,2.5023021179484772e-05,2.5022708107607298e-05,5.004385092437177e-05,1.2510634038932915e-05,1.2510414920421072e-05,0.0,5.0038341879464426e-05,5.003696480775102e-05,1.2508787423164595e-05,3.752504796951912e-05,1.2507973833318563e-05,5.0030518616355265e-05,2.5014351984450722e-05,5.002732742760662e-05,1.2506128002721156e-05,0.0,1.250526784407914e-05,5.001925741410372e-05,5.0018256663681534e-05,1.2504454711990968e-05,2.5008377806564843e-05,3.7511956936272905e-05,1.2503766759736193e-05,0.0,0.0,1.2503172680067389e-05,1.2502906925860085e-05,1.2502500500099842e-05,1.2502250405072735e-05,2.5004031900143544e-05,0.0,1.250156269533674e-05,6.250711018378251e-05,1.2501187612823041e-05,3.750318777096e-05,1.2500984452525459e-05,2.5001812631415423e-05,1.2500828179866739e-05,0.0,0.0,2.5001125050626924e-05,2.5000937535157213e-05,2.5000875030625718e-05,2.500075002250032e-05,1.2500359385332151e-05,0.0,1.2500265630644473e-05,1.2500265630644473e-05,1.2500265630644473e-05,1.2500218753828014e-05,0.0,1.2500171877363135e-05,2.500034375472627e-05,2.5000312503905943e-05,0.0,1.2500156251952971e-05,1.250014062658187e-05,3.750042187974561e-05,0.0,0.0,1.2500109375956862e-05,0.0,0.0,1.2500078125488106e-05,2.5000156250976213e-05,1.2500078125488106e-05,1.2500062500312325e-05,0.0,0.0,0.0,0.0,0.0,1.2500062500312325e-05,1.2500062500312325e-05,1.2500062500312325e-05,1.2500062500312325e-05,1.2500062500312325e-05,1.2500062500312325e-05,1.2500062500312325e-05,1.2500062500312325e-05,1.2500062500312325e-05
40.25,2.5023772583954403e-05,3.753509531411817e-05,7.50690635384543e-05,2.5022708107607298e-05,1.2510962731092943e-05,5.004253615573166e-05,6.255207460210537e-05,1.2509992356394493e-05,1.2509585469866107e-05,2.501848240387551e-05,3.752636226949379e-05,2.501669864634608e-05,2.5015947666637126e-05,2.5015259308177632e-05,2.5014351984450722e-05,1.2506831856901655e-05,3.7518384008163466e-05,3.7516741846048266e-05,0.0,1.250481435352593e-05,5.0018256663681534e-05,5.0017818847963874e-05,1.2504188903282422e-05,1.2503985645424301e-05,5.001506703894477e-05,0.0,6.251680139037277e-05,5.0012690720269556e-05,0.0,1.2502500500099842e-05,1.2502250405072735e-05,3.7506047850215316e-05,5.0007188533350956e-05,1.250156269533674e-05,1.2501422036756504e-05,1.2501187612823041e-05,5.000425036128e-05,2.5001968905050918e-05,1.2500906315707711e-05,2.5001656359733478e-05,3.750225013500757e-05,1.2500656284454757e-05,3.750168757594038e-05,1.2500468767578606e-05,2.5000875030625718e-05,1.250037501125016e-05,0.0,3.7500937523437555e-05,0.0,2.5000531261288946e-05,2.5000531261288946e-05,2.5000437507656027e-05,3.750060938490197e-05,2.500034375472627e-05,1.2500171877363135e-05,0.0,1.2500156251952971e-05,0.0,0.0,0.0,0.0,0.0,0.0,0.0,0.0,1.2500078125488106e-05,1.2500078125488106e-05,1.2500078125488106e-05,0.0,0.0,0.0,1.2500062500312325e-05,1.2500062500312325e-05,1.2500062500312325e-05,0.0,1.2500062500312325e-05,2.500012500062465e-05,2.500012500062465e-05,2.500012500062465e-05,2.500012500062465e-05,2.500012500062465e-05,2.500012500062465e-05,2.500012500062465e-05
40.35000000000001,6.2559431459886e-05,6.255849219019694e-05,8.75805741281967e-05,5.0045416215214596e-05,1.2510962731092943e-05,2.502126807786583e-05,0.0,2.5019984712788986e-05,1.2509585469866107e-05,2.501848240387551e-05,2.501757484632919e-05,0.0,1.2507973833318563e-05,2.5015259308177632e-05,2.5014351984450722e-05,2.501366371380331e-05,3.7518384008163466e-05,5.002232246139769e-05,1.250526784407914e-05,6.252407176762965e-05,2.5009128331840767e-05,3.7513364135972905e-05,3.7512566709847265e-05,2.5007971290848602e-05,2.5007533519472385e-05,2.500728337128153e-05,1.2503360278074556e-05,0.0,3.7508720777580254e-05,1.2502500500099842e-05,0.0,1.2502015950071772e-05,3.750539140001322e-05,5.000625078134696e-05,5.0005688147026016e-05,0.0,1.250106259032e-05,5.0003937810101835e-05,3.7502718947123136e-05,3.7502484539600216e-05,0.0,2.5001312568909513e-05,5.000225010125385e-05,2.5000937535157213e-05,0.0,0.0,1.2500359385332151e-05,1.2500312507812517e-05,0.0,1.2500265630644473e-05,1.2500265630644473e-05,0.0,1.2500203128300657e-05,0.0,3.750051563208941e-05,0.0,1.2500156251952971e-05,1.2500156251952971e-05,3.750042187974561e-05,0.0,0.0,1.2500125001249835e-05,0.0,0.0,2.5000156250976213e-05,1.2500078125488106e-05,0.0,0.0,0.0,1.2500062500312325e-05,1.2500062500312325e-05,1.2500062500312325e-05,2.500012500062465e-05,2.500012500062465e-05,2.500012500062465e-05,1.2500062500312325e-05,0.0,0.0,0.0,0.0,0.0,0.0,0.0
40.45,1.251188629197809e-05,2.5023396876080557e-05,3.753453176922982e-05,1.2511354053804538e-05,3.7532888193281495e-05,1.2510634038933805e-05,2.5020829840843924e-05,0.0,2.5019170939733992e-05,0.0,2.501757484633097e-05,6.254174661586964e-05,0.0,1.2507629654089706e-05,2.50143519844525e-05,3.752049557070763e-05,0.0,3.751674184605093e-05,5.002107137632012e-05,5.001925741410727e-05,5.0018256663685085e-05,0.0,5.0016755613133244e-05,1.250398564542519e-05,1.2503766759737082e-05,2.5007283371283306e-05,2.5006720556150886e-05,1.2503172680068278e-05,1.2502906925860974e-05,1.250250050010073e-05,2.500450081014725e-05,1.250201595007266e-05,0.0,1.2501562695337627e-05,2.5002844073514783e-05,1.2501187612823929e-05,2.5002125180641774e-05,0.0,5.0003625262834397e-05,1.2500828179867627e-05,0.0,2.500131256891129e-05,2.50011250506287e-05,0.0,0.0,2.5000750022502097e-05,1.2500359385333039e-05,0.0,0.0,1.2500265630645362e-05,1.2500265630645362e-05,0.0,0.0,3.7500515632092074e-05,0.0,1.250015625195386e-05,0.0,0.0,0.0,0.0,0.0,0.0,0.0,1.250009375070384e-05,1.2500078125488996e-05,0.0,0.0,1.2500078125488996e-05,1.2500062500313212e-05,2.5000125000626425e-05,2.5000125000626425e-05,1.2500062500313212e-05,0.0,0.0,0.0,0.0,0.0,0.0,0.0,0.0,0.0,0.0,0.0
40.55,1.2511886291977202e-05,0.0,2.5023021179484772e-05,5.0045416215214596e-05,0.0,0.0,0.0,1.2509992356394493e-05,1.2509585469866107e-05,0.0,3.752636226949379e-05,1.250834932317304e-05,6.253986916659282e-05,1.2507629654088816e-05,6.25358799611268e-05,1.2506831856901655e-05,1.2506128002721156e-05,1.2505580615349422e-05,1.250526784407914e-05,6.252407176762965e-05,3.751369249776115e-05,2.5008909423981937e-05,2.5008377806564843e-05,2.5007971290848602e-05,1.2503766759736193e-05,1.2503641685640766e-05,0.0,1.2503172680067389e-05,3.7508720777580254e-05,0.0,2.500450081014547e-05,0.0,2.5003594266675478e-05,3.750468808601022e-05,5.0005688147026016e-05,1.2501187612823041e-05,3.750318777096e-05,0.0,1.2500906315707711e-05,3.7502484539600216e-05,6.250375022501261e-05,1.2500656284454757e-05,1.2500562525313462e-05,2.5000937535157213e-05,0.0,1.250037501125016e-05,0.0,1.2500312507812517e-05,2.5000531261288946e-05,2.5000531261288946e-05,1.2500265630644473e-05,3.750065626148404e-05,2.5000406256601315e-05,1.2500171877363135e-05,0.0,1.2500156251952971e-05,0.0,3.7500468755858914e-05,0.0,0.0,1.250014062658187e-05,0.0,1.2500109375956862e-05,1.2500093750702953e-05,0.0,0.0,1.2500078125488106e-05,0.0,2.500012500062465e-05,0.0,0.0,0.0,0.0,0.0,0.0,0.0,0.0,0.0,0.0,0.0,0.0,0.0,0.0
40.650000000000006,0.0,1.251169843803939e-05,2.5023021179484772e-05,2.5022708107607298e-05,0.0,3.7531902116798746e-05,2.5020829840842145e-05,3.7529977069183474e-05,5.0038341879464426e-05,0.0,3.752636226949379e-05,7.505009593903824e-05,1.2507973833318563e-05,3.752288896226645e-05,2.5014351984450722e-05,1.2506831856901655e-05,3.7518384008163466e-05,3.7516741846048266e-05,1.250526784407914e-05,5.001925741410372e-05,5.0018256663681534e-05,2.5008909423981937e-05,2.5008377806564843e-05,1.2503985645424301e-05,0.0,1.2503641685640766e-05,1.2503360278074556e-05,0.0,2.500581385172017e-05,2.5005001000199684e-05,5.000900162029094e-05,2.5004031900143544e-05,2.5003594266675478e-05,1.250156269533674e-05,3.7504266110269513e-05,3.750356283846912e-05,2.500212518064e-05,2.5001968905050918e-05,2.5001812631415423e-05,1.2500828179866739e-05,1.2500750045002522e-05,2.5001312568909513e-05,2.5001125050626924e-05,1.2500468767578606e-05,2.5000875030625718e-05,0.0,3.750107815599645e-05,0.0,1.2500265630644473e-05,0.0,1.2500265630644473e-05,0.0,0.0,2.500034375472627e-05,1.2500171877363135e-05,0.0,1.2500156251952971e-05,0.0,0.0,1.250014062658187e-05,0.0,0.0,1.2500109375956862e-05,1.2500093750702953e-05,0.0,1.2500078125488106e-05,1.2500078125488106e-05,2.5000156250976213e-05,0.0,0.0,0.0,0.0,0.0,0.0,0.0,0.0,0.0,0.0,0.0,0.0,0.0,0.0,0.0
40.75,3.75356588759316e-05,2.502339687607878e-05,7.50690635384543e-05,6.255677026901825e-05,1.2510962731092943e-05,1.2510634038932915e-05,1.2510414920421072e-05,3.7529977069183474e-05,1.2509585469866107e-05,1.2509241201937755e-05,5.003514969265838e-05,2.501669864634608e-05,5.003189533327425e-05,7.50457779245329e-05,2.5014351984450722e-05,3.752049557070496e-05,2.5012256005442313e-05,5.002232246139769e-05,6.25263392203957e-05,0.0,2.5009128331840767e-05,3.7513364135972905e-05,2.5008377806564843e-05,0.0,0.0,1.2503641685640766e-05,1.2503360278074556e-05,2.5006345360134778e-05,0.0,0.0,1.2502250405072735e-05,0.0,2.5003594266675478e-05,1.250156269533674e-05,7.500853222053903e-05,2.5002375225646082e-05,1.250106259032e-05,2.5001968905050918e-05,2.5001812631415423e-05,1.2500828179866739e-05,0.0,3.750196885336427e-05,1.2500562525313462e-05,2.5000937535157213e-05,1.2500437515312859e-05,0.0,0.0,0.0,1.2500265630644473e-05,2.5000531261288946e-05,0.0,1.2500218753828014e-05,3.750060938490197e-05,0.0,0.0,0.0,3.7500468755858914e-05,0.0,0.0,0.0,0.0,2.500025000249967e-05,1.2500109375956862e-05,0.0,1.2500078125488106e-05,1.2500078125488106e-05,1.2500078125488106e-05,0.0,0.0,0.0,0.0,0.0,0.0,0.0,0.0,0.0,0.0,0.0,0.0,0.0,0.0,0.0,0.0
40.85000000000001,2.5023772583954403e-05,2.502339687607878e-05,3.753453176922715e-05,1.2511354053803649e-05,3.7532888193278826e-05,3.7531902116798746e-05,1.2510414920421072e-05,3.7529977069183474e-05,1.2509585469866107e-05,5.003696480775102e-05,0.0,1.250834932317304e-05,2.5015947666637126e-05,2.5015259308177632e-05,1.2507175992225361e-05,2.501366371380331e-05,2.5012256005442313e-05,6.252790307674711e-05,1.250526784407914e-05,3.751444306057779e-05,3.751369249776115e-05,3.7513364135972905e-05,5.001675561312969e-05,1.2503985645424301e-05,1.2503766759736193e-05,1.2503641685640766e-05,0.0,2.5006345360134778e-05,0.0,0.0,3.750675121521821e-05,1.2502015950071772e-05,1.2501797133337739e-05,6.25078134766837e-05,2.5002844073513008e-05,5.0004750451292164e-05,3.750318777096e-05,1.2500984452525459e-05,3.7502718947123136e-05,2.5001656359733478e-05,1.2500750045002522e-05,3.750196885336427e-05,2.5001125050626924e-05,0.0,0.0,2.500075002250032e-05,1.2500359385332151e-05,0.0,1.2500265630644473e-05,0.0,3.750079689193342e-05,2.5000437507656027e-05,1.2500203128300657e-05,0.0,1.2500171877363135e-05,1.2500156251952971e-05,0.0,0.0,1.250014062658187e-05,0.0,1.250014062658187e-05,0.0,0.0,1.2500093750702953e-05,0.0,1.2500078125488106e-05,0.0,0.0,0.0,0.0,0.0,0.0,0.0,0.0,0.0,0.0,0.0,0.0,0.0,0.0,0.0,0.0,0.0
40.95,6.255943145989045e-05,3.753509531412083e-05,2.5023021179486547e-05,2.5022708107609077e-05,2.502192546218766e-05,1.2510634038933805e-05,5.004165968168785e-05,6.254996178197691e-05,3.752875640960099e-05,2.5018482403877285e-05,1.2508787423165484e-05,3.7525047969521785e-05,1.2507973833319452e-05,6.253814827044852e-05,6.253587996113125e-05,1.2506831856902543e-05,2.5012256005444088e-05,5.002232246140124e-05,0.0,2.5009628707053636e-05,1.2504564165921271e-05,0.0,0.0,1.250398564542519e-05,0.0,3.751092505692496e-05,1.2503360278075443e-05,0.0,5.0011627703443896e-05,0.0,1.2502250405073624e-05,1.250201595007266e-05,0.0,1.2501562695337627e-05,0.0,3.750356283847179e-05,2.5002125180641774e-05,2.5001968905052693e-05,1.2500906315708599e-05,0.0,2.500150009000682e-05,2.500131256891129e-05,0.0,0.0,2.5000875030627493e-05,0.0,1.2500359385333039e-05,2.500062501562681e-05,2.5000531261290725e-05,2.5000531261290725e-05,0.0,0.0,2.500040625660309e-05,1.2500171877364025e-05,0.0,1.250015625195386e-05,0.0,0.0,0.0,0.0,1.250014062658276e-05,1.2500125001250723e-05,0.0,0.0,2.500015625097799e-05,0.0,0.0,0.0,0.0,0.0,0.0,0.0,0.0,0.0,0.0,0.0,0.0,0.0,0.0,0.0,0.0,0.0,0.0
41.05,3.75356588759316e-05,8.758188906627572e-05,2.5023021179484772e-05,5.0045416215214596e-05,2.5021925462185886e-05,3.7531902116798746e-05,1.2510414920421072e-05,2.5019984712788986e-05,2.5019170939732213e-05,2.501848240387551e-05,3.752636226949379e-05,2.501669864634608e-05,2.5015947666637126e-05,1.2507629654088816e-05,3.752152797667609e-05,0.0,2.5012256005442313e-05,2.5011161230698844e-05,3.751580353223742e-05,6.252407176762965e-05,3.751369249776115e-05,1.2504454711990968e-05,3.7512566709847265e-05,1.2503985645424301e-05,0.0,1.2503641685640766e-05,2.500672055614911e-05,1.2503172680067389e-05,1.2502906925860085e-05,2.5005001000199684e-05,3.750675121521821e-05,5.000806380028709e-05,2.5003594266675478e-05,5.000625078134696e-05,0.0,2.5002375225646082e-05,2.500212518064e-05,5.0003937810101835e-05,2.5001812631415423e-05,1.2500828179866739e-05,3.750225013500757e-05,2.5001312568909513e-05,2.5001125050626924e-05,0.0,1.2500437515312859e-05,1.250037501125016e-05,0.0,1.2500312507812517e-05,1.2500265630644473e-05,0.0,1.2500265630644473e-05,3.750065626148404e-05,0.0,1.2500171877363135e-05,1.2500171877363135e-05,2.5000312503905943e-05,0.0,1.2500156251952971e-05,0.0,1.250014062658187e-05,1.250014062658187e-05,0.0,1.2500109375956862e-05,2.5000187501405906e-05,0.0,0.0,0.0,0.0,0.0,0.0,0.0,0.0,0.0,0.0,0.0,0.0,0.0,0.0,0.0,0.0,0.0,0.0,0.0
41.150000000000006,0.0,7.507019062823634e-05,2.5023021179484772e-05,1.2511354053803649e-05,2.5021925462185886e-05,1.2510634038932915e-05,0.0,6.254996178197246e-05,1.2509585469866107e-05,1.2509241201937755e-05,5.003514969265838e-05,2.501669864634608e-05,2.5015947666637126e-05,1.2507629654088816e-05,3.752152797667609e-05,0.0,1.2506128002721156e-05,2.5011161230698844e-05,6.25263392203957e-05,3.751444306057779e-05,1.2504564165920383e-05,0.0,2.5008377806564843e-05,1.2503985645424301e-05,0.0,2.500728337128153e-05,3.7510080834223665e-05,0.0,0.0,0.0,1.2502250405072735e-05,2.5004031900143544e-05,3.750539140001322e-05,2.500312539067348e-05,1.2501422036756504e-05,3.750356283846912e-05,0.0,2.5001968905050918e-05,2.5001812631415423e-05,6.250414089933369e-05,1.2500750045002522e-05,1.2500656284454757e-05,1.2500562525313462e-05,3.750140630273582e-05,0.0,2.500075002250032e-05,0.0,1.2500312507812517e-05,1.2500265630644473e-05,1.2500265630644473e-05,1.2500265630644473e-05,1.2500218753828014e-05,0.0,0.0,0.0,0.0,0.0,0.0,0.0,1.250014062658187e-05,0.0,1.2500125001249835e-05,2.5000218751913723e-05,0.0,0.0,0.0,0.0,0.0,0.0,0.0,0.0,0.0,0.0,0.0,1.2500062500312325e-05,1.2500062500312325e-05,2.500012500062465e-05,2.500012500062465e-05,2.500012500062465e-05,2.500012500062465e-05,2.500012500062465e-05,2.500012500062465e-05,2.500012500062465e-05
41.25,1.2511886291977202e-05,1.251169843803939e-05,2.5023021179484772e-05,1.2511354053803649e-05,3.7532888193278826e-05,3.7531902116798746e-05,0.0,5.003996942557797e-05,3.7528756409598325e-05,1.2509241201937755e-05,2.501757484632919e-05,1.250834932317304e-05,0.0,1.2507629654088816e-05,2.5014351984450722e-05,3.752049557070496e-05,0.0,2.5011161230698844e-05,7.503160706447484e-05,3.751444306057779e-05,2.5009128331840767e-05,3.7513364135972905e-05,5.001675561312969e-05,3.7511956936272905e-05,0.0,5.001456674256306e-05,2.500672055614911e-05,3.750951804020217e-05,2.500581385172017e-05,1.2502500500099842e-05,1.2502250405072735e-05,1.2502015950071772e-05,1.2501797133337739e-05,5.000625078134696e-05,1.2501422036756504e-05,1.2501187612823041e-05,1.250106259032e-05,2.5001968905050918e-05,1.2500906315707711e-05,0.0,2.5001500090005044e-05,2.5001312568909513e-05,2.5001125050626924e-05,0.0,1.2500437515312859e-05,1.250037501125016e-05,0.0,1.2500312507812517e-05,1.2500265630644473e-05,2.5000531261288946e-05,1.2500265630644473e-05,2.5000437507656027e-05,1.2500203128300657e-05,0.0,3.750051563208941e-05,0.0,0.0,0.0,1.250014062658187e-05,1.250014062658187e-05,0.0,0.0,0.0,0.0,0.0,0.0,0.0,0.0,0.0,0.0,0.0,1.2500062500312325e-05,2.500012500062465e-05,2.500012500062465e-05,2.500012500062465e-05,2.500012500062465e-05,1.2500062500312325e-05,1.2500062500312325e-05,1.2500062500312325e-05,1.2500062500312325e-05,1.2500062500312325e-05,1.2500062500312325e-05,1.2500062500312325e-05
41.35000000000001,2.5023772583954403e-05,3.753509531411817e-05,5.0046042358969544e-05,2.5022708107607298e-05,1.2510962731092943e-05,2.502126807786583e-05,1.2510414920421072e-05,0.0,3.7528756409598325e-05,2.501848240387551e-05,5.003514969265838e-05,1.250834932317304e-05,5.003189533327425e-05,2.5015259308177632e-05,5.0028703968901445e-05,1.2506831856901655e-05,0.0,3.7516741846048266e-05,3.751580353223742e-05,3.751444306057779e-05,5.0018256663681534e-05,1.2504454711990968e-05,2.5008377806564843e-05,2.5007971290848602e-05,2.5007533519472385e-05,2.500728337128153e-05,1.2503360278074556e-05,1.2503172680067389e-05,0.0,2.5005001000199684e-05,0.0,1.2502015950071772e-05,3.750539140001322e-05,3.750468808601022e-05,3.7504266110269513e-05,3.750356283846912e-05,3.750318777096e-05,1.2500984452525459e-05,1.2500906315707711e-05,0.0,3.750225013500757e-05,1.2500656284454757e-05,0.0,0.0,1.2500437515312859e-05,0.0,1.2500359385332151e-05,2.5000625015625035e-05,1.2500265630644473e-05,1.2500265630644473e-05,2.5000531261288946e-05,0.0,1.2500203128300657e-05,1.2500171877363135e-05,0.0,0.0,1.2500156251952971e-05,0.0,1.250014062658187e-05,0.0,1.250014062658187e-05,2.500025000249967e-05,0.0,0.0,0.0,0.0,0.0,0.0,0.0,2.500012500062465e-05,2.500012500062465e-05,2.500012500062465e-05,1.2500062500312325e-05,1.2500062500312325e-05,0.0,0.0,0.0,0.0,0.0,0.0,0.0,1.2500062500312325e-05,1.2500062500312325e-05
41.45,2.502377258395618e-05,5.0046793752161114e-05,2.5023021179486547e-05,1.2511354053804538e-05,1.251096273109383e-05,2.502126807786761e-05,2.5020829840843924e-05,2.5019984712790762e-05,2.5019170939733992e-05,3.752772360581593e-05,1.2508787423165484e-05,2.501669864634786e-05,3.752392149995836e-05,3.752288896226912e-05,1.250717599222625e-05,2.5013663713805086e-05,2.5012256005444088e-05,0.0,1.250526784408003e-05,3.751444306058045e-05,2.5009128331842542e-05,5.001781884796743e-05,1.2504188903283311e-05,2.500797129085038e-05,2.5007533519474164e-05,0.0,1.2503360278075443e-05,3.750951804020483e-05,2.5005813851721948e-05,2.500500100020146e-05,2.500450081014725e-05,3.750604785021798e-05,2.5003594266677257e-05,7.500937617202577e-05,2.5002844073514783e-05,1.2501187612823929e-05,0.0,1.2500984452526346e-05,2.5001812631417198e-05,1.2500828179867627e-05,3.750225013501023e-05,1.2500656284455644e-05,0.0,2.5000937535158988e-05,0.0,1.2500375011251049e-05,2.5000718770666078e-05,1.2500312507813405e-05,0.0,1.2500265630645362e-05,1.2500265630645362e-05,0.0,0.0,1.2500171877364025e-05,0.0,0.0,0.0,1.250015625195386e-05,1.250014062658276e-05,0.0,2.500028125316552e-05,0.0,0.0,0.0,0.0,0.0,0.0,1.2500078125488996e-05,2.5000125000626425e-05,1.2500062500313212e-05,1.2500062500313212e-05,0.0,0.0,1.2500062500313212e-05,1.2500062500313212e-05,1.2500062500313212e-05,1.2500062500313212e-05,1.2500062500313212e-05,1.2500062500313212e-05,1.2500062500313212e-05,1.2500062500313212e-05,0.0,0.0
41.55,3.75356588759316e-05,6.255849219019694e-05,5.0046042358969544e-05,0.0,0.0,0.0,0.0,1.2509992356394493e-05,2.5019170939732213e-05,1.2509241201937755e-05,0.0,1.250834932317304e-05,2.5015947666637126e-05,2.5015259308177632e-05,0.0,5.002732742760662e-05,6.253064001360578e-05,1.2505580615349422e-05,7.503160706447484e-05,5.001925741410372e-05,1.2504564165920383e-05,2.5008909423981937e-05,1.2504188903282422e-05,0.0,1.2503766759736193e-05,0.0,0.0,2.5006345360134778e-05,0.0,5.001000200039937e-05,0.0,1.2502015950071772e-05,5.0007188533350956e-05,1.250156269533674e-05,5.0005688147026016e-05,2.5002375225646082e-05,1.250106259032e-05,5.0003937810101835e-05,0.0,3.7502484539600216e-05,2.5001500090005044e-05,0.0,0.0,1.2500468767578606e-05,1.2500437515312859e-05,0.0,1.2500359385332151e-05,1.2500312507812517e-05,2.5000531261288946e-05,1.2500265630644473e-05,3.750079689193342e-05,1.2500218753828014e-05,0.0,2.500034375472627e-05,0.0,1.2500156251952971e-05,0.0,1.2500156251952971e-05,0.0,1.250014062658187e-05,0.0,0.0,0.0,0.0,0.0,0.0,1.2500078125488106e-05,2.5000156250976213e-05,1.2500062500312325e-05,0.0,1.2500062500312325e-05,1.2500062500312325e-05,1.2500062500312325e-05,0.0,0.0,0.0,0.0,0.0,0.0,0.0,0.0,0.0,0.0
41.650000000000006,8.758320404384041e-05,0.0,2.5023021179484772e-05,1.2511354053803649e-05,3.7532888193278826e-05,2.502126807786583e-05,2.5020829840842145e-05,2.5019984712788986e-05,0.0,2.501848240387551e-05,6.254393711582298e-05,0.0,0.0,2.5015259308177632e-05,3.752152797667609e-05,0.0,3.7518384008163466e-05,3.7516741846048266e-05,3.751580353223742e-05,3.751444306057779e-05,2.5009128331840767e-05,3.7513364135972905e-05,2.5008377806564843e-05,1.2503985645424301e-05,1.2503766759736193e-05,2.500728337128153e-05,1.2503360278074556e-05,0.0,0.0,1.2502500500099842e-05,1.2502250405072735e-05,1.2502015950071772e-05,2.5003594266675478e-05,1.250156269533674e-05,3.7504266110269513e-05,5.0004750451292164e-05,6.25053129516e-05,1.2500984452525459e-05,1.2500906315707711e-05,2.5001656359733478e-05,1.2500750045002522e-05,3.750196885336427e-05,2.5001125050626924e-05,0.0,2.5000875030625718e-05,0.0,1.2500359385332151e-05,1.2500312507812517e-05,1.2500265630644473e-05,0.0,0.0,1.2500218753828014e-05,1.2500203128300657e-05,0.0,0.0,0.0,1.2500156251952971e-05,1.2500156251952971e-05,0.0,2.500028125316374e-05,0.0,0.0,0.0,0.0,0.0,1.2500078125488106e-05,2.5000156250976213e-05,0.0,1.2500062500312325e-05,1.2500062500312325e-05,0.0,0.0,0.0,0.0,0.0,0.0,0.0,0.0,0.0,0.0,0.0,0.0,0.0
41.75,6.2559431459886e-05,2.502339687607878e-05,1.2511510589742386e-05,3.753406216141095e-05,3.7532888193278826e-05,1.2510634038932915e-05,3.7531244761263215e-05,2.5019984712788986e-05,0.0,5.003696480775102e-05,1.2508787423164595e-05,5.003339729269216e-05,2.5015947666637126e-05,6.253814827044409e-05,3.752152797667609e-05,0.0,1.2506128002721156e-05,2.5011161230698844e-05,6.25263392203957e-05,5.001925741410372e-05,2.5009128331840767e-05,1.2504454711990968e-05,0.0,0.0,1.2503766759736193e-05,0.0,2.500672055614911e-05,0.0,0.0,3.7507501500299525e-05,1.2502250405072735e-05,0.0,3.750539140001322e-05,0.0,2.5002844073513008e-05,0.0,2.500212518064e-05,3.7502953357576376e-05,6.250453157853856e-05,2.5001656359733478e-05,2.5001500090005044e-05,2.5001312568909513e-05,1.2500562525313462e-05,1.2500468767578606e-05,1.2500437515312859e-05,1.250037501125016e-05,2.5000718770664303e-05,1.2500312507812517e-05,1.2500265630644473e-05,3.750079689193342e-05,0.0,0.0,1.2500203128300657e-05,0.0,1.2500171877363135e-05,0.0,1.2500156251952971e-05,0.0,1.250014062658187e-05,0.0,0.0,0.0,0.0,0.0,1.2500078125488106e-05,2.5000156250976213e-05,0.0,1.2500078125488106e-05,0.0,0.0,0.0,0.0,0.0,1.2500062500312325e-05,1.2500062500312325e-05,1.2500062500312325e-05,1.2500062500312325e-05,1.2500062500312325e-05,1.2500062500312325e-05,1.2500062500312325e-05,1.2500062500312325e-05,1.2500062500312325e-05,1.2500062500312325e-05
41.85000000000001,2.5023772583954403e-05,3.753509531411817e-05,6.255755294871193e-05,1.2511354053803649e-05,1.2510962731092943e-05,0.0,2.5020829840842145e-05,3.7529977069183474e-05,0.0,3.7527723605813264e-05,5.003514969265838e-05,2.501669864634608e-05,1.2507973833318563e-05,2.5015259308177632e-05,1.2507175992225361e-05,1.2506831856901655e-05,2.5012256005442313e-05,0.0,5.002107137631656e-05,2.500962870705186e-05,1.2504564165920383e-05,3.7513364135972905e-05,0.0,0.0,1.2503766759736193e-05,0.0,1.2503360278074556e-05,5.0012690720269556e-05,1.2502906925860085e-05,2.5005001000199684e-05,5.000900162029094e-05,5.000806380028709e-05,3.750539140001322e-05,1.250156269533674e-05,3.7504266110269513e-05,0.0,2.500212518064e-05,1.2500984452525459e-05,0.0,3.7502484539600216e-05,1.2500750045002522e-05,0.0,0.0,1.2500468767578606e-05,0.0,1.250037501125016e-05,0.0,0.0,1.2500265630644473e-05,1.2500265630644473e-05,0.0,0.0,2.5000406256601315e-05,0.0,0.0,0.0,1.2500156251952971e-05,0.0,2.500028125316374e-05,0.0,0.0,0.0,0.0,0.0,2.5000156250976213e-05,0.0,1.2500078125488106e-05,0.0,0.0,0.0,0.0,1.2500062500312325e-05,1.2500062500312325e-05,0.0,0.0,1.2500062500312325e-05,1.2500062500312325e-05,1.2500062500312325e-05,1.2500062500312325e-05,1.2500062500312325e-05,1.2500062500312325e-05,1.2500062500312325e-05,1.2500062500312325e-05
41.95,2.502377258395618e-05,3.753509531412083e-05,2.5023021179486547e-05,2.5022708107609077e-05,2.502192546218766e-05,5.004253615573522e-05,3.7531244761265885e-05,1.2509992356395381e-05,3.752875640960099e-05,3.752772360581593e-05,5.003514969266194e-05,5.003339729269572e-05,8.755581683323617e-05,1.2507629654089706e-05,2.50143519844525e-05,5.002732742761017e-05,3.7518384008166136e-05,5.002232246140124e-05,0.0,3.751444306058045e-05,5.0018256663685085e-05,3.7513364135975575e-05,2.5008377806566622e-05,1.250398564542519e-05,3.7511300279211246e-05,2.5007283371283306e-05,1.2503360278075443e-05,1.2503172680068278e-05,1.2502906925860974e-05,2.500500100020146e-05,2.500450081014725e-05,1.250201595007266e-05,3.750539140001589e-05,1.2501562695337627e-05,1.2501422036757392e-05,2.5002375225647857e-05,1.2501062590320887e-05,1.2500984452526346e-05,0.0,2.5001656359735253e-05,2.500150009000682e-05,0.0,2.50011250506287e-05,0.0,1.2500437515313747e-05,1.2500375011251049e-05,2.5000718770666078e-05,2.500062501562681e-05,1.2500265630645362e-05,2.5000531261290725e-05,1.2500265630645362e-05,1.2500218753828903e-05,0.0,0.0,0.0,1.250015625195386e-05,0.0,1.250015625195386e-05,0.0,0.0,0.0,0.0,0.0,2.500018750140768e-05,0.0,1.2500078125488996e-05,0.0,0.0,0.0,1.2500062500313212e-05,1.2500062500313212e-05,1.2500062500313212e-05,1.2500062500313212e-05,1.2500062500313212e-05,1.2500062500313212e-05,0.0,0.0,0.0,0.0,0.0,0.0,0.0,0.0
42.05,6.2559431459886e-05,1.251169843803939e-05,0.0,1.2511354053803649e-05,2.5021925462185886e-05,1.2510634038932915e-05,6.255207460210537e-05,2.5019984712788986e-05,3.7528756409598325e-05,0.0,1.2508787423164595e-05,2.501669864634608e-05,2.5015947666637126e-05,1.2507629654088816e-05,2.5014351984450722e-05,3.752049557070496e-05,6.253064001360578e-05,2.5011161230698844e-05,3.751580353223742e-05,2.500962870705186e-05,1.2504564165920383e-05,0.0,0.0,0.0,1.2503766759736193e-05,1.2503641685640766e-05,0.0,0.0,0.0,0.0,1.2502250405072735e-05,2.5004031900143544e-05,3.750539140001322e-05,3.750468808601022e-05,3.7504266110269513e-05,2.5002375225646082e-05,2.500212518064e-05,2.5001968905050918e-05,1.2500906315707711e-05,2.5001656359733478e-05,0.0,0.0,1.2500562525313462e-05,1.2500468767578606e-05,0.0,1.250037501125016e-05,0.0,1.2500312507812517e-05,0.0,0.0,1.2500265630644473e-05,0.0,0.0,1.2500171877363135e-05,0.0,1.2500156251952971e-05,0.0,2.5000312503905943e-05,0.0,0.0,0.0,0.0,2.5000218751913723e-05,1.2500093750702953e-05,1.2500078125488106e-05,0.0,0.0,1.2500078125488106e-05,1.2500062500312325e-05,1.2500062500312325e-05,1.2500062500312325e-05,0.0,0.0,0.0,0.0,0.0,0.0,0.0,0.0,0.0,0.0,0.0,0.0
42.150000000000006,5.0047545167908806e-05,5.004679375215756e-05,3.753453176922715e-05,5.0045416215214596e-05,1.2510962731092943e-05,1.2510634038932915e-05,2.5020829840842145e-05,2.5019984712788986e-05,2.5019170939732213e-05,1.2509241201937755e-05,2.501757484632919e-05,1.250834932317304e-05,5.003189533327425e-05,2.5015259308177632e-05,2.5014351984450722e-05,1.2506831856901655e-05,5.0024512010884625e-05,1.2505580615349422e-05,1.250526784407914e-05,1.250481435352593e-05,1.2504564165920383e-05,3.7513364135972905e-05,1.2504188903282422e-05,0.0,0.0,3.7510925056922297e-05,0.0,1.2503172680067389e-05,1.2502906925860085e-05,1.2502500500099842e-05,1.2502250405072735e-05,3.7506047850215316e-05,6.25089856666887e-05,2.500312539067348e-05,1.2501422036756504e-05,1.2501187612823041e-05,3.750318777096e-05,0.0,3.7502718947123136e-05,2.5001656359733478e-05,1.2500750045002522e-05,1.2500656284454757e-05,0.0,2.5000937535157213e-05,0.0,1.250037501125016e-05,2.5000718770664303e-05,1.2500312507812517e-05,3.750079689193342e-05,0.0,0.0,3.750065626148404e-05,0.0,0.0,1.2500171877363135e-05,1.2500156251952971e-05,1.2500156251952971e-05,0.0,0.0,0.0,0.0,0.0,1.2500109375956862e-05,1.2500093750702953e-05,0.0,0.0,1.2500078125488106e-05,0.0,1.2500062500312325e-05,0.0,0.0,0.0,0.0,0.0,0.0,0.0,0.0,0.0,0.0,0.0,0.0,0.0,0.0
42.25,1.2511886291977202e-05,2.502339687607878e-05,1.2511510589742386e-05,2.5022708107607298e-05,3.7532888193278826e-05,0.0,6.255207460210537e-05,2.5019984712788986e-05,1.2509585469866107e-05,3.7527723605813264e-05,3.752636226949379e-05,2.501669864634608e-05,3.752392149995569e-05,7.50457779245329e-05,0.0,3.752049557070496e-05,3.7518384008163466e-05,3.7516741846048266e-05,7.503160706447484e-05,3.751444306057779e-05,0.0,2.5008909423981937e-05,2.5008377806564843e-05,0.0,6.251883379868096e-05,2.500728337128153e-05,3.7510080834223665e-05,1.2503172680067389e-05,2.500581385172017e-05,1.2502500500099842e-05,3.750675121521821e-05,1.2502015950071772e-05,3.750539140001322e-05,5.000625078134696e-05,2.5002844073513008e-05,1.2501187612823041e-05,2.500212518064e-05,0.0,2.5001812631415423e-05,2.5001656359733478e-05,2.5001500090005044e-05,2.5001312568909513e-05,0.0,1.2500468767578606e-05,1.2500437515312859e-05,2.500075002250032e-05,0.0,1.2500312507812517e-05,1.2500265630644473e-05,1.2500265630644473e-05,0.0,0.0,0.0,0.0,1.2500171877363135e-05,0.0,1.2500156251952971e-05,0.0,0.0,0.0,0.0,2.500025000249967e-05,0.0,0.0,0.0,1.2500078125488106e-05,1.2500078125488106e-05,1.2500078125488106e-05,0.0,0.0,0.0,0.0,0.0,0.0,0.0,0.0,0.0,0.0,0.0,0.0,0.0,0.0,0.0
42.35000000000001,2.5023772583954403e-05,6.255849219019694e-05,0.0,1.2511354053803649e-05,2.5021925462185886e-05,1.2510634038932915e-05,5.004165968168429e-05,2.5019984712788986e-05,2.5019170939732213e-05,3.7527723605813264e-05,1.2508787423164595e-05,2.501669864634608e-05,1.2507973833318563e-05,1.2507629654088816e-05,0.0,0.0,1.2506128002721156e-05,2.5011161230698844e-05,3.751580353223742e-05,2.500962870705186e-05,0.0,5.0017818847963874e-05,3.7512566709847265e-05,2.5007971290848602e-05,1.2503766759736193e-05,1.2503641685640766e-05,5.001344111229822e-05,1.2503172680067389e-05,3.7508720777580254e-05,1.2502500500099842e-05,1.2502250405072735e-05,5.000806380028709e-05,1.2501797133337739e-05,3.750468808601022e-05,5.0005688147026016e-05,6.250593806411521e-05,1.250106259032e-05,6.25049222626273e-05,2.5001812631415423e-05,1.2500828179866739e-05,2.5001500090005044e-05,0.0,2.5001125050626924e-05,0.0,2.5000875030625718e-05,1.250037501125016e-05,1.2500359385332151e-05,1.2500312507812517e-05,2.5000531261288946e-05,1.2500265630644473e-05,1.2500265630644473e-05,0.0,1.2500203128300657e-05,0.0,1.2500171877363135e-05,0.0,1.2500156251952971e-05,0.0,0.0,0.0,1.250014062658187e-05,1.2500125001249835e-05,1.2500109375956862e-05,0.0,1.2500078125488106e-05,1.2500078125488106e-05,0.0,0.0,0.0,0.0,0.0,0.0,0.0,0.0,0.0,0.0,0.0,0.0,0.0,0.0,0.0,0.0,0.0
42.45,2.502377258395618e-05,1.2511698438040279e-05,0.0,0.0,2.502192546218766e-05,1.2510634038933805e-05,0.0,5.0039969425581524e-05,0.0,3.752772360581593e-05,2.501757484633097e-05,0.0,1.2507973833319452e-05,5.003051861635882e-05,1.250717599222625e-05,1.2506831856902543e-05,5.0024512010888176e-05,6.252790307675156e-05,2.501053568816006e-05,1.2504814353526818e-05,3.7513692497763815e-05,2.5008909423983716e-05,2.5008377806566622e-05,0.0,2.5007533519474164e-05,1.2503641685641653e-05,1.2503360278075443e-05,1.2503172680068278e-05,3.750872077758292e-05,1.250250050010073e-05,1.2502250405073624e-05,2.500403190014532e-05,0.0,1.2501562695337627e-05,0.0,2.5002375225647857e-05,2.5002125180641774e-05,1.2500984452526346e-05,2.5001812631417198e-05,1.2500828179867627e-05,0.0,1.2500656284455644e-05,0.0,1.2500468767579494e-05,0.0,1.2500375011251049e-05,2.5000718770666078e-05,0.0,0.0,0.0,2.5000531261290725e-05,0.0,0.0,1.2500171877364025e-05,0.0,1.250015625195386e-05,0.0,0.0,0.0,0.0,2.500028125316552e-05,1.2500125001250723e-05,0.0,0.0,0.0,0.0,0.0,0.0,0.0,0.0,0.0,0.0,0.0,0.0,1.2500062500313212e-05,1.2500062500313212e-05,1.2500062500313212e-05,1.2500062500313212e-05,1.2500062500313212e-05,1.2500062500313212e-05,1.2500062500313212e-05,1.2500062500313212e-05,1.2500062500313212e-05
42.55,2.5023772583954403e-05,2.502339687607878e-05,1.2511510589742386e-05,2.5022708107607298e-05,0.0,1.2510634038932915e-05,2.5020829840842145e-05,1.2509992356394493e-05,2.5019170939732213e-05,3.7527723605813264e-05,1.2508787423164595e-05,3.752504796951912e-05,1.2507973833318563e-05,3.752288896226645e-05,3.752152797667609e-05,0.0,3.7518384008163466e-05,6.252790307674711e-05,5.002107137631656e-05,5.001925741410372e-05,3.751369249776115e-05,1.2504454711990968e-05,1.2504188903282422e-05,2.5007971290848602e-05,0.0,0.0,1.2503360278074556e-05,0.0,1.2502906925860085e-05,0.0,0.0,3.7506047850215316e-05,0.0,2.500312539067348e-05,0.0,1.2501187612823041e-05,1.250106259032e-05,0.0,2.5001812631415423e-05,2.5001656359733478e-05,0.0,2.5001312568909513e-05,1.2500562525313462e-05,0.0,2.5000875030625718e-05,1.250037501125016e-05,1.2500359385332151e-05,3.7500937523437555e-05,0.0,0.0,1.2500265630644473e-05,0.0,0.0,1.2500171877363135e-05,0.0,2.5000312503905943e-05,0.0,0.0,0.0,2.500028125316374e-05,0.0,0.0,0.0,1.2500093750702953e-05,1.2500078125488106e-05,0.0,0.0,0.0,0.0,0.0,0.0,1.2500062500312325e-05,1.2500062500312325e-05,1.2500062500312325e-05,0.0,0.0,0.0,0.0,0.0,0.0,0.0,0.0,0.0
42.650000000000006,3.75356588759316e-05,3.753509531411817e-05,5.0046042358969544e-05,2.5022708107607298e-05,2.5021925462185886e-05,0.0,1.2510414920421072e-05,2.5019984712788986e-05,3.7528756409598325e-05,2.501848240387551e-05,1.2508787423164595e-05,5.003339729269216e-05,3.752392149995569e-05,3.752288896226645e-05,0.0,1.2506831856901655e-05,0.0,2.5011161230698844e-05,3.751580353223742e-05,3.751444306057779e-05,2.5009128331840767e-05,0.0,1.2504188903282422e-05,1.2503985645424301e-05,1.2503766759736193e-05,1.2503641685640766e-05,0.0,0.0,3.7508720777580254e-05,2.5005001000199684e-05,2.500450081014547e-05,3.7506047850215316e-05,2.5003594266675478e-05,3.750468808601022e-05,2.5002844073513008e-05,1.2501187612823041e-05,3.750318777096e-05,1.2500984452525459e-05,3.7502718947123136e-05,0.0,0.0,0.0,2.5001125050626924e-05,0.0,0.0,1.250037501125016e-05,0.0,1.2500312507812517e-05,1.2500265630644473e-05,1.2500265630644473e-05,0.0,1.2500218753828014e-05,0.0,1.2500171877363135e-05,1.2500171877363135e-05,0.0,0.0,0.0,0.0,1.250014062658187e-05,1.250014062658187e-05,0.0,1.2500109375956862e-05,1.2500093750702953e-05,0.0,0.0,0.0,0.0,0.0,1.2500062500312325e-05,1.2500062500312325e-05,0.0,0.0,0.0,0.0,0.0,0.0,0.0,0.0,0.0,0.0,0.0,0.0
42.75,5.0047545167908806e-05,2.502339687607878e-05,1.2511510589742386e-05,3.753406216141095e-05,1.2510962731092943e-05,2.502126807786583e-05,2.5020829840842145e-05,1.2509992356394493e-05,2.5019170939732213e-05,0.0,2.501757484632919e-05,1.250834932317304e-05,2.5015947666637126e-05,0.0,3.752152797667609e-05,3.752049557070496e-05,1.2506128002721156e-05,5.002232246139769e-05,3.751580353223742e-05,0.0,5.0018256663681534e-05,2.5008909423981937e-05,0.0,2.5007971290848602e-05,1.2503766759736193e-05,2.500728337128153e-05,2.500672055614911e-05,0.0,2.500581385172017e-05,6.25125025004992e-05,3.750675121521821e-05,3.7506047850215316e-05,0.0,2.500312539067348e-05,2.5002844073513008e-05,2.5002375225646082e-05,0.0,2.5001968905050918e-05,2.5001812631415423e-05,2.5001656359733478e-05,2.5001500090005044e-05,0.0,1.2500562525313462e-05,1.2500468767578606e-05,2.5000875030625718e-05,0.0,2.5000718770664303e-05,2.5000625015625035e-05,1.2500265630644473e-05,1.2500265630644473e-05,0.0,0.0,1.2500203128300657e-05,0.0,0.0,0.0,0.0,0.0,2.500028125316374e-05,0.0,0.0,0.0,1.2500109375956862e-05,0.0,0.0,0.0,0.0,0.0,1.2500062500312325e-05,0.0,0.0,0.0,0.0,0.0,0.0,0.0,0.0,0.0,0.0,0.0,0.0,0.0,0.0
42.85000000000001,1.2511886291977202e-05,0.0,2.5023021179484772e-05,0.0,0.0,3.7531902116798746e-05,1.2510414920421072e-05,0.0,2.5019170939732213e-05,6.254620600968877e-05,0.0,1.250834932317304e-05,1.2507973833318563e-05,2.5015259308177632e-05,3.752152797667609e-05,5.002732742760662e-05,2.5012256005442313e-05,5.002232246139769e-05,3.751580353223742e-05,2.500962870705186e-05,1.2504564165920383e-05,1.2504454711990968e-05,0.0,0.0,0.0,1.2503641685640766e-05,2.500672055614911e-05,2.5006345360134778e-05,2.500581385172017e-05,0.0,1.2502250405072735e-05,3.7506047850215316e-05,5.0007188533350956e-05,1.250156269533674e-05,0.0,3.750356283846912e-05,0.0,2.5001968905050918e-05,1.2500906315707711e-05,1.2500828179866739e-05,1.2500750045002522e-05,1.2500656284454757e-05,0.0,2.5000937535157213e-05,1.2500437515312859e-05,2.500075002250032e-05,0.0,0.0,0.0,2.5000531261288946e-05,0.0,0.0,1.2500203128300657e-05,0.0,2.500034375472627e-05,0.0,0.0,0.0,1.250014062658187e-05,1.250014062658187e-05,0.0,1.2500125001249835e-05,0.0,0.0,0.0,0.0,1.2500078125488106e-05,1.2500078125488106e-05,0.0,0.0,0.0,0.0,0.0,0.0,0.0,0.0,0.0,0.0,0.0,0.0,0.0,0.0,0.0
42.95,5.004754516791236e-05,3.753509531412083e-05,2.5023021179486547e-05,5.0045416215218154e-05,3.7532888193281495e-05,3.7531902116801416e-05,5.004165968168785e-05,0.0,3.752875640960099e-05,1.2509241201938642e-05,1.2508787423165484e-05,2.501669864634786e-05,2.5015947666638905e-05,3.752288896226912e-05,0.0,2.5013663713805086e-05,2.5012256005444088e-05,5.002232246140124e-05,3.751580353224009e-05,2.5009628707053636e-05,1.2504564165921271e-05,0.0,0.0,1.250398564542519e-05,1.2503766759737082e-05,1.2503641685641653e-05,1.2503360278075443e-05,0.0,0.0,1.250250050010073e-05,3.750675121522087e-05,6.25100797503633e-05,1.2501797133338628e-05,3.750468808601288e-05,1.2501422036757392e-05,2.5002375225647857e-05,2.5002125180641774e-05,1.2500984452526346e-05,2.5001812631417198e-05,2.5001656359735253e-05,0.0,1.2500656284455644e-05,1.250056252531435e-05,0.0,1.2500437515313747e-05,1.2500375011251049e-05,3.7501078155999114e-05,0.0,0.0,0.0,0.0,0.0,1.2500203128301545e-05,1.2500171877364025e-05,0.0,0.0,0.0,1.250015625195386e-05,0.0,0.0,1.250014062658276e-05,1.2500125001250723e-05,0.0,0.0,0.0,1.2500078125488996e-05,0.0,0.0,0.0,0.0,0.0,0.0,0.0,0.0,0.0,0.0,0.0,0.0,0.0,0.0,0.0,0.0,0.0
43.05,2.5023772583954403e-05,1.251169843803939e-05,3.753453176922715e-05,1.2511354053803649e-05,2.5021925462185886e-05,6.255317019466458e-05,0.0,0.0,3.7528756409598325e-05,3.7527723605813264e-05,6.254393711582298e-05,1.250834932317304e-05,6.253986916659282e-05,1.2507629654088816e-05,1.2507175992225361e-05,1.2506831856901655e-05,1.2506128002721156e-05,3.7516741846048266e-05,5.002107137631656e-05,1.250481435352593e-05,3.751369249776115e-05,1.2504454711990968e-05,1.2504188903282422e-05,3.7511956936272905e-05,2.5007533519472385e-05,0.0,0.0,0.0,1.2502906925860085e-05,2.5005001000199684e-05,2.500450081014547e-05,3.7506047850215316e-05,5.0007188533350956e-05,2.500312539067348e-05,6.250711018378251e-05,2.5002375225646082e-05,5.000425036128e-05,2.5001968905050918e-05,1.2500906315707711e-05,0.0,2.5001500090005044e-05,0.0,0.0,1.2500468767578606e-05,1.2500437515312859e-05,1.250037501125016e-05,1.2500359385332151e-05,1.2500312507812517e-05,1.2500265630644473e-05,0.0,1.2500265630644473e-05,1.2500218753828014e-05,0.0,1.2500171877363135e-05,0.0,0.0,0.0,2.5000312503905943e-05,1.250014062658187e-05,0.0,0.0,0.0,0.0,0.0,0.0,0.0,0.0,0.0,0.0,0.0,0.0,0.0,0.0,0.0,0.0,1.2500062500312325e-05,1.2500062500312325e-05,1.2500062500312325e-05,1.2500062500312325e-05,1.2500062500312325e-05,1.2500062500312325e-05,1.2500062500312325e-05,1.2500062500312325e-05
43.150000000000006,1.2511886291977202e-05,0.0,1.2511510589742386e-05,2.5022708107607298e-05,1.2510962731092943e-05,3.7531902116798746e-05,3.7531244761263215e-05,6.254996178197246e-05,3.7528756409598325e-05,5.003696480775102e-05,0.0,5.003339729269216e-05,2.5015947666637126e-05,1.2507629654088816e-05,2.5014351984450722e-05,3.752049557070496e-05,1.2506128002721156e-05,5.002232246139769e-05,1.250526784407914e-05,5.001925741410372e-05,3.751369249776115e-05,1.2504454711990968e-05,0.0,1.2503985645424301e-05,3.7511300279208576e-05,0.0,2.500672055614911e-05,3.750951804020217e-05,1.2502906925860085e-05,3.7507501500299525e-05,5.000900162029094e-05,1.2502015950071772e-05,3.750539140001322e-05,2.500312539067348e-05,2.5002844073513008e-05,1.2501187612823041e-05,0.0,3.7502953357576376e-05,1.2500906315707711e-05,0.0,1.2500750045002522e-05,1.2500656284454757e-05,0.0,1.2500468767578606e-05,1.2500437515312859e-05,1.250037501125016e-05,2.5000718770664303e-05,1.2500312507812517e-05,1.2500265630644473e-05,0.0,0.0,1.2500218753828014e-05,0.0,1.2500171877363135e-05,0.0,0.0,0.0,0.0,0.0,1.250014062658187e-05,1.250014062658187e-05,0.0,0.0,0.0,1.2500078125488106e-05,0.0,0.0,0.0,0.0,0.0,0.0,1.2500062500312325e-05,1.2500062500312325e-05,1.2500062500312325e-05,1.2500062500312325e-05,0.0,0.0,0.0,0.0,0.0,0.0,0.0,0.0
43.25,6.2559431459886e-05,0.0,1.2511510589742386e-05,3.753406216141095e-05,0.0,3.7531902116798746e-05,1.2510414920421072e-05,2.5019984712788986e-05,0.0,1.2509241201937755e-05,6.254393711582298e-05,5.003339729269216e-05,2.5015947666637126e-05,3.752288896226645e-05,2.5014351984450722e-05,5.002732742760662e-05,6.253064001360578e-05,0.0,3.751580353223742e-05,1.250481435352593e-05,2.5009128331840767e-05,1.2504454711990968e-05,0.0,2.5007971290848602e-05,2.5007533519472385e-05,3.7510925056922297e-05,0.0,2.5006345360134778e-05,1.2502906925860085e-05,1.2502500500099842e-05,2.500450081014547e-05,0.0,2.5003594266675478e-05,0.0,2.5002844073513008e-05,1.2501187612823041e-05,0.0,3.7502953357576376e-05,1.2500906315707711e-05,0.0,0.0,2.5001312568909513e-05,0.0,2.5000937535157213e-05,0.0,1.250037501125016e-05,0.0,0.0,2.5000531261288946e-05,0.0,0.0,1.2500218753828014e-05,1.2500203128300657e-05,0.0,0.0,0.0,2.5000312503905943e-05,1.2500156251952971e-05,0.0,0.0,0.0,0.0,0.0,1.2500093750702953e-05,0.0,0.0,0.0,0.0,0.0,1.2500062500312325e-05,1.2500062500312325e-05,0.0,0.0,0.0,0.0,0.0,0.0,0.0,0.0,0.0,0.0,0.0,0.0
43.35000000000001,2.5023772583954403e-05,1.251169843803939e-05,0.0,0.0,0.0,3.7531902116798746e-05,3.7531244761263215e-05,1.2509992356394493e-05,1.2509585469866107e-05,2.501848240387551e-05,1.2508787423164595e-05,2.501669864634608e-05,1.2507973833318563e-05,1.2507629654088816e-05,3.752152797667609e-05,3.752049557070496e-05,1.2506128002721156e-05,3.7516741846048266e-05,2.501053568815828e-05,1.250481435352593e-05,2.5009128331840767e-05,1.2504454711990968e-05,0.0,5.0015942581697205e-05,1.2503766759736193e-05,3.7510925056922297e-05,2.500672055614911e-05,3.750951804020217e-05,1.2502906925860085e-05,0.0,1.2502250405072735e-05,0.0,3.750539140001322e-05,1.250156269533674e-05,1.2501422036756504e-05,3.750356283846912e-05,1.250106259032e-05,2.5001968905050918e-05,1.2500906315707711e-05,2.5001656359733478e-05,0.0,1.2500656284454757e-05,2.5001125050626924e-05,1.2500468767578606e-05,2.5000875030625718e-05,0.0,0.0,0.0,0.0,0.0,0.0,0.0,1.2500203128300657e-05,0.0,0.0,0.0,1.2500156251952971e-05,0.0,1.250014062658187e-05,1.250014062658187e-05,0.0,0.0,1.2500109375956862e-05,0.0,0.0,0.0,0.0,0.0,1.2500062500312325e-05,0.0,0.0,0.0,0.0,0.0,0.0,0.0,0.0,0.0,0.0,0.0,0.0,0.0,0.0
43.45,0.0,5.0046793752161114e-05,3.753453176922982e-05,2.5022708107609077e-05,1.251096273109383e-05,5.004253615573522e-05,1.2510414920421962e-05,1.2509992356395381e-05,1.2509585469866996e-05,3.752772360581593e-05,1.2508787423165484e-05,6.254174661586964e-05,3.752392149995836e-05,2.501525930817941e-05,1.250717599222625e-05,5.002732742761017e-05,0.0,2.501116123070062e-05,3.751580353224009e-05,0.0,3.7513692497763815e-05,1.2504454711991858e-05,2.5008377806566622e-05,2.500797129085038e-05,0.0,1.2503641685641653e-05,0.0,1.2503172680068278e-05,0.0,1.250250050010073e-05,5.00090016202945e-05,2.500403190014532e-05,1.2501797133338628e-05,1.2501562695337627e-05,2.5002844073514783e-05,0.0,2.5002125180641774e-05,2.5001968905052693e-05,2.5001812631417198e-05,1.2500828179867627e-05,1.250075004500341e-05,0.0,1.250056252531435e-05,1.2500468767579494e-05,1.2500437515313747e-05,3.7501125033753146e-05,1.2500359385333039e-05,1.2500312507813405e-05,0.0,1.2500265630645362e-05,1.2500265630645362e-05,0.0,1.2500203128301545e-05,0.0,0.0,2.500031250390772e-05,1.250015625195386e-05,0.0,0.0,0.0,0.0,0.0,0.0,0.0,0.0,0.0,0.0,1.2500078125488996e-05,0.0,0.0,0.0,0.0,0.0,0.0,0.0,0.0,0.0,0.0,0.0,0.0,0.0,0.0,0.0
43.55,3.75356588759316e-05,1.251169843803939e-05,1.2511510589742386e-05,0.0,2.5021925462185886e-05,0.0,3.7531244761263215e-05,2.5019984712788986e-05,6.254792734933054e-05,2.501848240387551e-05,2.501757484632919e-05,1.250834932317304e-05,5.003189533327425e-05,0.0,3.752152797667609e-05,3.752049557070496e-05,3.7518384008163466e-05,6.252790307674711e-05,1.250526784407914e-05,0.0,2.5009128331840767e-05,5.0017818847963874e-05,0.0,0.0,1.2503766759736193e-05,2.500728337128153e-05,0.0,5.0012690720269556e-05,2.500581385172017e-05,3.7507501500299525e-05,1.2502250405072735e-05,0.0,3.750539140001322e-05,2.500312539067348e-05,3.7504266110269513e-05,0.0,3.750318777096e-05,1.2500984452525459e-05,2.5001812631415423e-05,0.0,1.2500750045002522e-05,1.2500656284454757e-05,1.2500562525313462e-05,1.2500468767578606e-05,1.2500437515312859e-05,1.250037501125016e-05,0.0,0.0,0.0,0.0,1.2500265630644473e-05,1.2500218753828014e-05,0.0,0.0,0.0,1.2500156251952971e-05,0.0,1.2500156251952971e-05,1.250014062658187e-05,0.0,0.0,1.2500125001249835e-05,0.0,0.0,0.0,0.0,1.2500078125488106e-05,0.0,0.0,0.0,0.0,0.0,0.0,0.0,0.0,0.0,0.0,0.0,0.0,0.0,0.0,0.0,0.0
43.650000000000006,1.2511886291977202e-05,2.502339687607878e-05,3.753453176922715e-05,2.5022708107607298e-05,0.0,2.502126807786583e-05,2.5020829840842145e-05,1.2509992356394493e-05,3.7528756409598325e-05,1.2509241201937755e-05,2.501757484632919e-05,1.250834932317304e-05,1.2507973833318563e-05,0.0,1.2507175992225361e-05,1.2506831856901655e-05,3.7518384008163466e-05,3.7516741846048266e-05,1.250526784407914e-05,3.751444306057779e-05,2.5009128331840767e-05,1.2504454711990968e-05,2.5008377806564843e-05,0.0,0.0,0.0,0.0,0.0,5.001162770344034e-05,1.2502500500099842e-05,5.000900162029094e-05,5.000806380028709e-05,1.2501797133337739e-05,1.250156269533674e-05,1.2501422036756504e-05,1.2501187612823041e-05,1.250106259032e-05,2.5001968905050918e-05,0.0,1.2500828179866739e-05,0.0,0.0,1.2500562525313462e-05,1.2500468767578606e-05,1.2500437515312859e-05,2.500075002250032e-05,1.2500359385332151e-05,3.7500937523437555e-05,0.0,0.0,1.2500265630644473e-05,0.0,0.0,0.0,0.0,0.0,0.0,0.0,0.0,0.0,0.0,0.0,0.0,0.0,0.0,1.2500078125488106e-05,0.0,0.0,0.0,0.0,0.0,0.0,0.0,0.0,0.0,0.0,0.0,0.0,0.0,1.2500062500312325e-05,1.2500062500312325e-05,1.2500062500312325e-05,1.2500062500312325e-05
43.75,0.0,2.502339687607878e-05,0.0,1.2511354053803649e-05,2.5021925462185886e-05,1.2510634038932915e-05,2.5020829840842145e-05,2.5019984712788986e-05,2.5019170939732213e-05,1.2509241201937755e-05,0.0,1.250834932317304e-05,5.003189533327425e-05,1.2507629654088816e-05,0.0,5.002732742760662e-05,7.503676801632693e-05,3.7516741846048266e-05,2.501053568815828e-05,3.751444306057779e-05,1.2504564165920383e-05,1.2504454711990968e-05,1.2504188903282422e-05,1.2503985645424301e-05,2.5007533519472385e-05,0.0,0.0,3.750951804020217e-05,1.2502906925860085e-05,2.5005001000199684e-05,3.750675121521821e-05,1.2502015950071772e-05,2.5003594266675478e-05,3.750468808601022e-05,2.5002844073513008e-05,6.250593806411521e-05,1.250106259032e-05,0.0,0.0,2.5001656359733478e-05,3.750225013500757e-05,0.0,2.5001125050626924e-05,0.0,1.2500437515312859e-05,0.0,0.0,0.0,1.2500265630644473e-05,1.2500265630644473e-05,0.0,2.5000437507656027e-05,0.0,0.0,2.500034375472627e-05,1.2500156251952971e-05,0.0,1.2500156251952971e-05,0.0,0.0,1.250014062658187e-05,0.0,0.0,0.0,1.2500078125488106e-05,0.0,0.0,0.0,0.0,0.0,0.0,0.0,0.0,1.2500062500312325e-05,1.2500062500312325e-05,1.2500062500312325e-05,1.2500062500312325e-05,1.2500062500312325e-05,1.2500062500312325e-05,0.0,0.0,0.0,0.0
43.85000000000001,0.0,3.753509531411817e-05,5.0046042358969544e-05,1.2511354053803649e-05,3.7532888193278826e-05,2.502126807786583e-05,2.5020829840842145e-05,2.5019984712788986e-05,2.5019170939732213e-05,2.501848240387551e-05,3.752636226949379e-05,1.250834932317304e-05,5.003189533327425e-05,3.752288896226645e-05,0.0,3.752049557070496e-05,5.0024512010884625e-05,3.7516741846048266e-05,3.751580353223742e-05,2.500962870705186e-05,1.2504564165920383e-05,1.2504454711990968e-05,2.5008377806564843e-05,1.2503985645424301e-05,1.2503766759736193e-05,5.001456674256306e-05,2.500672055614911e-05,1.2503172680067389e-05,1.2502906925860085e-05,2.5005001000199684e-05,7.501350243043642e-05,5.000806380028709e-05,3.750539140001322e-05,3.750468808601022e-05,2.5002844073513008e-05,0.0,3.750318777096e-05,2.5001968905050918e-05,0.0,0.0,0.0,1.2500656284454757e-05,0.0,2.5000937535157213e-05,0.0,0.0,0.0,0.0,0.0,1.2500265630644473e-05,0.0,0.0,0.0,0.0,1.2500171877363135e-05,0.0,1.2500156251952971e-05,0.0,0.0,0.0,0.0,0.0,0.0,1.2500093750702953e-05,0.0,0.0,0.0,0.0,0.0,0.0,1.2500062500312325e-05,1.2500062500312325e-05,1.2500062500312325e-05,0.0,0.0,0.0,0.0,1.2500062500312325e-05,1.2500062500312325e-05,1.2500062500312325e-05,1.2500062500312325e-05,1.2500062500312325e-05,1.2500062500312325e-05
43.95,1.251188629197809e-05,1.2511698438040279e-05,1.2511510589743274e-05,3.7534062161413614e-05,2.502192546218766e-05,1.2510634038933805e-05,0.0,2.5019984712790762e-05,1.2509585469866996e-05,1.2509241201938642e-05,5.003514969266194e-05,5.003339729269572e-05,2.5015947666638905e-05,0.0,1.250717599222625e-05,0.0,1.2506128002722044e-05,3.751674184605093e-05,3.751580353224009e-05,2.5009628707053636e-05,2.5009128331842542e-05,0.0,0.0,0.0,1.2503766759737082e-05,1.2503641685641653e-05,0.0,1.2503172680068278e-05,2.5005813851721948e-05,2.500500100020146e-05,1.2502250405073624e-05,3.750604785021798e-05,1.2501797133338628e-05,2.5003125390675254e-05,1.2501422036757392e-05,0.0,5.000425036128355e-05,0.0,1.2500906315708599e-05,0.0,1.250075004500341e-05,1.2500656284455644e-05,2.50011250506287e-05,1.2500468767579494e-05,3.750131254594124e-05,1.2500375011251049e-05,1.2500359385333039e-05,0.0,0.0,0.0,1.2500265630645362e-05,0.0,0.0,0.0,0.0,0.0,1.250015625195386e-05,0.0,0.0,1.250014062658276e-05,0.0,0.0,0.0,0.0,0.0,0.0,0.0,0.0,0.0,1.2500062500313212e-05,0.0,0.0,1.2500062500313212e-05,1.2500062500313212e-05,1.2500062500313212e-05,1.2500062500313212e-05,1.2500062500313212e-05,0.0,0.0,0.0,0.0,0.0,0.0
44.05,3.75356588759316e-05,1.251169843803939e-05,2.5023021179484772e-05,1.2511354053803649e-05,3.7532888193278826e-05,5.004253615573166e-05,0.0,2.5019984712788986e-05,3.7528756409598325e-05,1.2509241201937755e-05,1.2508787423164595e-05,2.501669864634608e-05,0.0,3.752288896226645e-05,2.5014351984450722e-05,1.2506831856901655e-05,5.0024512010884625e-05,5.002232246139769e-05,0.0,3.751444306057779e-05,0.0,0.0,1.2504188903282422e-05,1.2503985645424301e-05,1.2503766759736193e-05,0.0,0.0,0.0,2.500581385172017e-05,5.001000200039937e-05,1.2502250405072735e-05,2.5004031900143544e-05,0.0,1.250156269533674e-05,1.2501422036756504e-05,1.2501187612823041e-05,2.500212518064e-05,2.5001968905050918e-05,2.5001812631415423e-05,1.2500828179866739e-05,0.0,1.2500656284454757e-05,0.0,1.2500468767578606e-05,1.2500437515312859e-05,1.250037501125016e-05,2.5000718770664303e-05,0.0,0.0,1.2500265630644473e-05,2.5000531261288946e-05,0.0,0.0,2.500034375472627e-05,1.2500171877363135e-05,1.2500156251952971e-05,0.0,0.0,0.0,0.0,0.0,0.0,1.2500109375956862e-05,0.0,0.0,0.0,0.0,1.2500078125488106e-05,1.2500062500312325e-05,0.0,1.2500062500312325e-05,1.2500062500312325e-05,0.0,0.0,1.2500062500312325e-05,1.2500062500312325e-05,1.2500062500312325e-05,1.2500062500312325e-05,1.2500062500312325e-05,1.2500062500312325e-05,1.2500062500312325e-05,1.2500062500312325e-05,1.2500062500312325e-05
44.150000000000006,1.2511886291977202e-05,0.0,3.753453176922715e-05,1.2511354053803649e-05,6.255481365546471e-05,0.0,0.0,3.7529977069183474e-05,2.5019170939732213e-05,0.0,1.2508787423164595e-05,0.0,2.5015947666637126e-05,3.752288896226645e-05,5.0028703968901445e-05,0.0,5.0024512010884625e-05,2.5011161230698844e-05,2.501053568815828e-05,1.250481435352593e-05,0.0,1.2504454711990968e-05,3.7512566709847265e-05,2.5007971290848602e-05,0.0,1.2503641685640766e-05,3.7510080834223665e-05,2.5006345360134778e-05,1.2502906925860085e-05,2.5005001000199684e-05,0.0,1.2502015950071772e-05,1.2501797133337739e-05,1.250156269533674e-05,2.5002844073513008e-05,2.5002375225646082e-05,1.250106259032e-05,1.2500984452525459e-05,0.0,1.2500828179866739e-05,1.2500750045002522e-05,1.2500656284454757e-05,2.5001125050626924e-05,1.2500468767578606e-05,2.5000875030625718e-05,0.0,1.2500359385332151e-05,0.0,1.2500265630644473e-05,0.0,0.0,0.0,0.0,1.2500171877363135e-05,0.0,0.0,0.0,0.0,1.250014062658187e-05,0.0,0.0,1.2500125001249835e-05,0.0,0.0,0.0,0.0,1.2500078125488106e-05,0.0,1.2500062500312325e-05,1.2500062500312325e-05,0.0,1.2500062500312325e-05,1.2500062500312325e-05,1.2500062500312325e-05,0.0,0.0,0.0,0.0,0.0,1.2500062500312325e-05,1.2500062500312325e-05,1.2500062500312325e-05,1.2500062500312325e-05
44.25,2.5023772583954403e-05,3.753509531411817e-05,0.0,0.0,2.5021925462185886e-05,2.502126807786583e-05,1.2510414920421072e-05,3.7529977069183474e-05,3.7528756409598325e-05,5.003696480775102e-05,2.501757484632919e-05,3.752504796951912e-05,3.752392149995569e-05,0.0,3.752152797667609e-05,5.002732742760662e-05,5.0024512010884625e-05,3.7516741846048266e-05,2.501053568815828e-05,3.751444306057779e-05,1.2504564165920383e-05,0.0,1.2504188903282422e-05,3.7511956936272905e-05,2.5007533519472385e-05,1.2503641685640766e-05,2.500672055614911e-05,0.0,1.2502906925860085e-05,2.5005001000199684e-05,0.0,3.7506047850215316e-05,2.5003594266675478e-05,2.500312539067348e-05,0.0,2.5002375225646082e-05,1.250106259032e-05,2.5001968905050918e-05,0.0,0.0,0.0,1.2500656284454757e-05,0.0,1.2500468767578606e-05,0.0,0.0,0.0,1.2500312507812517e-05,1.2500265630644473e-05,0.0,0.0,0.0,0.0,0.0,0.0,1.2500156251952971e-05,0.0,0.0,0.0,0.0,0.0,0.0,0.0,0.0,0.0,1.2500078125488106e-05,0.0,1.2500078125488106e-05,0.0,1.2500062500312325e-05,1.2500062500312325e-05,0.0,0.0,1.2500062500312325e-05,1.2500062500312325e-05,1.2500062500312325e-05,1.2500062500312325e-05,1.2500062500312325e-05,1.2500062500312325e-05,0.0,0.0,0.0,0.0
44.35000000000001,1.2511886291977202e-05,1.251169843803939e-05,2.5023021179484772e-05,1.2511354053803649e-05,3.7532888193278826e-05,2.502126807786583e-05,5.004165968168429e-05,3.7529977069183474e-05,6.254792734933054e-05,2.501848240387551e-05,1.2508787423164595e-05,5.003339729269216e-05,1.2507973833318563e-05,0.0,1.2507175992225361e-05,1.2506831856901655e-05,3.7518384008163466e-05,5.002232246139769e-05,2.501053568815828e-05,3.751444306057779e-05,1.2504564165920383e-05,0.0,0.0,2.5007971290848602e-05,1.2503766759736193e-05,0.0,3.7510080834223665e-05,1.2503172680067389e-05,0.0,3.7507501500299525e-05,2.500450081014547e-05,2.5004031900143544e-05,1.2501797133337739e-05,3.750468808601022e-05,0.0,1.2501187612823041e-05,2.500212518064e-05,0.0,2.5001812631415423e-05,1.2500828179866739e-05,0.0,2.5001312568909513e-05,0.0,0.0,0.0,1.250037501125016e-05,0.0,0.0,0.0,1.2500265630644473e-05,0.0,0.0,2.5000406256601315e-05,1.2500171877363135e-05,1.2500171877363135e-05,0.0,0.0,1.2500156251952971e-05,0.0,0.0,1.250014062658187e-05,0.0,0.0,0.0,1.2500078125488106e-05,0.0,1.2500078125488106e-05,0.0,1.2500062500312325e-05,0.0,1.2500062500312325e-05,1.2500062500312325e-05,1.2500062500312325e-05,0.0,0.0,0.0,0.0,0.0,0.0,0.0,0.0,0.0,0.0
44.45,3.7535658875934266e-05,3.753509531412083e-05,0.0,1.2511354053804538e-05,5.004385092437532e-05,3.7531902116801416e-05,2.5020829840843924e-05,0.0,1.2509585469866996e-05,3.752772360581593e-05,7.50527245389929e-05,2.501669864634786e-05,1.2507973833319452e-05,1.2507629654089706e-05,2.50143519844525e-05,1.2506831856902543e-05,5.0024512010888176e-05,1.250558061535031e-05,5.002107137632012e-05,0.0,1.2504564165921271e-05,0.0,6.252094451641655e-05,1.250398564542519e-05,5.001506703894833e-05,2.5007283371283306e-05,1.2503360278075443e-05,0.0,2.5005813851721948e-05,2.500500100020146e-05,2.500450081014725e-05,1.250201595007266e-05,1.2501797133338628e-05,2.5003125390675254e-05,6.250711018378696e-05,2.5002375225647857e-05,0.0,0.0,1.2500906315708599e-05,2.5001656359735253e-05,1.250075004500341e-05,1.2500656284455644e-05,3.7501687575943046e-05,3.750140630273848e-05,1.2500437515313747e-05,0.0,0.0,0.0,1.2500265630645362e-05,2.5000531261290725e-05,0.0,0.0,1.2500203128301545e-05,0.0,1.2500171877364025e-05,0.0,0.0,0.0,0.0,0.0,0.0,0.0,0.0,0.0,0.0,1.2500078125488996e-05,1.2500078125488996e-05,1.2500078125488996e-05,0.0,1.2500062500313212e-05,0.0,0.0,0.0,0.0,0.0,0.0,0.0,0.0,0.0,0.0,0.0,0.0,0.0
44.55,2.5023772583954403e-05,0.0,2.5023021179484772e-05,1.2511354053803649e-05,2.5021925462185886e-05,1.2510634038932915e-05,2.5020829840842145e-05,1.2509992356394493e-05,1.2509585469866107e-05,3.7527723605813264e-05,2.501757484632919e-05,2.501669864634608e-05,3.752392149995569e-05,5.0030518616355265e-05,3.752152797667609e-05,3.752049557070496e-05,0.0,3.7516741846048266e-05,0.0,3.751444306057779e-05,1.2504564165920383e-05,0.0,1.2504188903282422e-05,0.0,1.2503766759736193e-05,0.0,5.001344111229822e-05,3.750951804020217e-05,3.7508720777580254e-05,3.7507501500299525e-05,3.750675121521821e-05,2.5004031900143544e-05,3.750539140001322e-05,2.500312539067348e-05,1.2501422036756504e-05,3.750356283846912e-05,2.500212518064e-05,0.0,0.0,1.2500828179866739e-05,1.2500750045002522e-05,1.2500656284454757e-05,0.0,0.0,1.2500437515312859e-05,3.750112503375048e-05,0.0,0.0,0.0,0.0,0.0,0.0,0.0,0.0,0.0,0.0,1.2500156251952971e-05,0.0,0.0,1.250014062658187e-05,0.0,0.0,0.0,1.2500093750702953e-05,1.2500078125488106e-05,0.0,0.0,1.2500078125488106e-05,1.2500062500312325e-05,0.0,0.0,0.0,0.0,0.0,0.0,0.0,0.0,0.0,1.2500062500312325e-05,1.2500062500312325e-05,1.2500062500312325e-05,1.2500062500312325e-05,1.2500062500312325e-05
44.650000000000006,2.5023772583954403e-05,5.004679375215756e-05,1.2511510589742386e-05,0.0,1.2510962731092943e-05,2.502126807786583e-05,1.2510414920421072e-05,1.2509992356394493e-05,3.7528756409598325e-05,1.2509241201937755e-05,2.501757484632919e-05,1.250834932317304e-05,1.2507973833318563e-05,3.752288896226645e-05,6.25358799611268e-05,2.501366371380331e-05,3.7518384008163466e-05,2.5011161230698844e-05,1.250526784407914e-05,2.500962870705186e-05,1.2504564165920383e-05,2.5008909423981937e-05,2.5008377806564843e-05,1.2503985645424301e-05,1.2503766759736193e-05,0.0,0.0,5.0012690720269556e-05,1.2502906925860085e-05,3.7507501500299525e-05,1.2502250405072735e-05,3.7506047850215316e-05,3.750539140001322e-05,1.250156269533674e-05,0.0,3.750356283846912e-05,0.0,2.5001968905050918e-05,0.0,0.0,1.2500750045002522e-05,0.0,1.2500562525313462e-05,3.750140630273582e-05,0.0,0.0,1.2500359385332151e-05,1.2500312507812517e-05,0.0,0.0,0.0,1.2500218753828014e-05,1.2500203128300657e-05,1.2500171877363135e-05,0.0,0.0,0.0,0.0,0.0,0.0,0.0,0.0,1.2500109375956862e-05,0.0,0.0,1.2500078125488106e-05,1.2500078125488106e-05,0.0,0.0,0.0,0.0,0.0,0.0,1.2500062500312325e-05,1.2500062500312325e-05,1.2500062500312325e-05,1.2500062500312325e-05,1.2500062500312325e-05,0.0,0.0,0.0,0.0,0.0
44.75,0.0,1.251169843803939e-05,1.2511510589742386e-05,2.5022708107607298e-05,1.2510962731092943e-05,3.7531902116798746e-05,1.2510414920421072e-05,3.7529977069183474e-05,2.5019170939732213e-05,1.2509241201937755e-05,6.254393711582298e-05,2.501669864634608e-05,2.5015947666637126e-05,0.0,5.0028703968901445e-05,1.2506831856901655e-05,2.5012256005442313e-05,3.7516741846048266e-05,0.0,3.751444306057779e-05,5.0018256663681534e-05,0.0,0.0,0.0,0.0,0.0,3.7510080834223665e-05,0.0,3.7508720777580254e-05,7.501500300059905e-05,6.251125202536367e-05,2.5004031900143544e-05,2.5003594266675478e-05,1.250156269533674e-05,1.2501422036756504e-05,2.5002375225646082e-05,2.500212518064e-05,1.2500984452525459e-05,2.5001812631415423e-05,1.2500828179866739e-05,1.2500750045002522e-05,2.5001312568909513e-05,1.2500562525313462e-05,0.0,0.0,0.0,0.0,1.2500312507812517e-05,1.2500265630644473e-05,0.0,0.0,2.5000437507656027e-05,0.0,1.2500171877363135e-05,0.0,0.0,0.0,0.0,1.250014062658187e-05,0.0,0.0,0.0,0.0,1.2500093750702953e-05,1.2500078125488106e-05,1.2500078125488106e-05,0.0,0.0,0.0,0.0,1.2500062500312325e-05,1.2500062500312325e-05,1.2500062500312325e-05,0.0,0.0,0.0,0.0,0.0,0.0,0.0,0.0,0.0,0.0
44.85000000000001,2.5023772583954403e-05,2.502339687607878e-05,3.753453176922715e-05,3.753406216141095e-05,2.5021925462185886e-05,2.502126807786583e-05,1.2510414920421072e-05,6.254996178197246e-05,1.2509585469866107e-05,2.501848240387551e-05,1.2508787423164595e-05,6.25417466158652e-05,0.0,5.0030518616355265e-05,3.752152797667609e-05,1.2506831856901655e-05,6.253064001360578e-05,1.2505580615349422e-05,0.0,1.250481435352593e-05,1.2504564165920383e-05,2.5008909423981937e-05,1.2504188903282422e-05,2.5007971290848602e-05,2.5007533519472385e-05,1.2503641685640766e-05,1.2503360278074556e-05,1.2503172680067389e-05,2.500581385172017e-05,1.2502500500099842e-05,2.500450081014547e-05,0.0,1.2501797133337739e-05,3.750468808601022e-05,2.5002844073513008e-05,2.5002375225646082e-05,1.250106259032e-05,0.0,0.0,0.0,1.2500750045002522e-05,0.0,1.2500562525313462e-05,0.0,0.0,0.0,0.0,1.2500312507812517e-05,2.5000531261288946e-05,0.0,0.0,0.0,0.0,0.0,0.0,1.2500156251952971e-05,0.0,0.0,0.0,0.0,0.0,1.2500125001249835e-05,1.2500109375956862e-05,1.2500093750702953e-05,1.2500078125488106e-05,0.0,0.0,0.0,1.2500062500312325e-05,1.2500062500312325e-05,0.0,0.0,0.0,0.0,0.0,0.0,0.0,0.0,0.0,0.0,0.0,0.0,0.0
