percentage_bin_center,r=0.0500,r=0.0600,r=0.0700,r=0.0800,r=0.0900,r=0.1000,r=0.1100,r=0.1200,r=0.1300,r=0.1400,r=0.1500,r=0.1600,r=0.1700,r=0.1800,r=0.1900,r=0.2000,r=0.2100,r=0.2200,r=0.2300,r=0.2400,r=0.2500,r=0.2600,r=0.2700,r=0.2800,r=0.2900,r=0.3000,r=0.3100,r=0.3200,r=0.3300,r=0.3400,r=0.3500,r=0.3600,r=0.3700,r=0.3800,r=0.3900,r=0.4000,r=0.4100,r=0.4200,r=0.4300,r=0.4400,r=0.4500,r=0.4600,r=0.4700,r=0.4800,r=0.4900,r=0.5000,r=0.5100,r=0.5200,r=0.5300,r=0.5400,r=0.5500,r=0.5600,r=0.5700,r=0.5800,r=0.5900,r=0.6000,r=0.6100,r=0.6200,r=0.6300,r=0.6400,r=0.6500,r=0.6600,r=0.6700,r=0.6800,r=0.6900,r=0.7000,r=0.7100,r=0.7200,r=0.7300,r=0.7400,r=0.7500,r=0.7600,r=0.7700,r=0.7800,r=0.7900,r=0.8000,r=0.8100,r=0.8200,r=0.8300,r=0.8400,r=0.8500,r=0.8600,r=0.8700
0.05,0.0,0.0,0.0,0.0,0.0,0.0,0.0,0.0,0.0,0.0,0.0,0.0,0.0,0.0,0.0,0.0,0.0,0.0,0.0,0.0,0.0,0.0,0.0,0.0,0.0,0.0,0.0,0.0,0.0,0.0,0.0,0.0,0.0,0.0,0.0,0.0,0.0,0.0,0.0,0.0,0.0,0.0,0.0,0.0,0.0,0.0,0.0,0.0,0.0,0.0,0.0,0.0,0.0,0.0,0.0,0.0,0.0,0.0,0.0,0.0,0.0,0.0,0.0,0.0,0.0,0.0,0.0,0.0,0.0,0.0,0.0,0.0,0.0,0.0,0.0,0.0,0.0,0.0,0.0,0.0,0.0,0.0,0.0
0.15000000000000002,0.0,0.0,0.0,0.0,0.0,0.0,0.0,0.0,0.0,0.0,0.0,0.0,0.0,0.0,0.0,0.0,0.0,0.0,0.0,0.0,0.0,0.0,0.0,0.0,0.0,0.0,0.0,0.0,0.0,0.0,0.0,0.0,0.0,0.0,0.0,0.0,0.0,0.0,0.0,0.0,0.0,0.0,0.0,0.0,0.0,0.0,0.0,0.0,0.0,0.0,0.0,0.0,0.0,0.0,0.0,0.0,0.0,0.0,0.0,0.0,0.0,0.0,0.0,0.0,0.0,0.0,0.0,0.0,0.0,0.0,0.0,0.0,0.0,0.0,0.0,0.0,0.0,0.0,0.0,0.0,0.0,0.0,0.0
0.25,0.0,0.0,0.0,0.0,0.0,0.0,0.0,0.0,0.0,0.0,0.0,0.0,0.0,0.0,0.0,0.0,0.0,0.0,0.0,0.0,0.0,0.0,0.0,0.0,0.0,0.0,0.0,0.0,0.0,0.0,0.0,0.0,0.0,0.0,0.0,0.0,0.0,0.0,0.0,0.0,0.0,0.0,0.0,0.0,0.0,0.0,0.0,0.0,0.0,0.0,0.0,0.0,0.0,0.0,0.0,0.0,0.0,0.0,0.0,0.0,0.0,0.0,0.0,0.0,0.0,0.0,0.0,0.0,0.0,0.0,0.0,0.0,0.0,0.0,0.0,0.0,0.0,0.0,0.0,0.0,0.0,0.0,0.0
0.35000000000000003,0.0,0.0,0.0,0.0,0.0,0.0,0.0,0.0,0.0,0.0,0.0,0.0,0.0,0.0,0.0,0.0,0.0,0.0,0.0,0.0,0.0,0.0,0.0,0.0,0.0,0.0,0.0,0.0,0.0,0.0,0.0,0.0,0.0,0.0,0.0,0.0,0.0,0.0,0.0,0.0,0.0,0.0,0.0,0.0,0.0,0.0,0.0,0.0,0.0,0.0,0.0,0.0,0.0,0.0,0.0,0.0,0.0,0.0,0.0,0.0,0.0,0.0,0.0,0.0,0.0,0.0,0.0,0.0,0.0,0.0,0.0,0.0,0.0,0.0,0.0,0.0,0.0,0.0,0.0,0.0,0.0,0.0,0.0
0.45,0.0,0.0,0.0,0.0,0.0,0.0,0.0,0.0,0.0,0.0,0.0,0.0,0.0,0.0,0.0,0.0,0.0,0.0,0.0,0.0,0.0,0.0,0.0,0.0,0.0,0.0,0.0,0.0,0.0,0.0,0.0,0.0,0.0,0.0,0.0,0.0,0.0,0.0,0.0,0.0,0.0,0.0,0.0,0.0,0.0,0.0,0.0,0.0,0.0,0.0,0.0,0.0,0.0,0.0,0.0,0.0,0.0,0.0,0.0,0.0,0.0,0.0,0.0,0.0,0.0,0.0,0.0,0.0,0.0,0.0,0.0,0.0,0.0,0.0,0.0,0.0,0.0,0.0,0.0,0.0,0.0,0.0,0.0
0.55,0.0,0.0,0.0,0.0,0.0,0.0,0.0,0.0,0.0,0.0,0.0,0.0,0.0,0.0,0.0,0.0,0.0,0.0,0.0,0.0,0.0,0.0,0.0,0.0,0.0,0.0,0.0,0.0,0.0,0.0,0.0,0.0,0.0,0.0,0.0,0.0,0.0,0.0,0.0,0.0,0.0,0.0,0.0,0.0,0.0,0.0,0.0,0.0,0.0,0.0,0.0,0.0,0.0,0.0,0.0,0.0,0.0,0.0,0.0,0.0,0.0,0.0,0.0,0.0,0.0,0.0,0.0,0.0,0.0,0.0,0.0,0.0,0.0,0.0,0.0,0.0,0.0,0.0,0.0,0.0,0.0,0.0,0.0
0.6500000000000001,0.0,0.0,0.0,0.0,0.0,0.0,0.0,0.0,0.0,0.0,0.0,0.0,0.0,0.0,0.0,0.0,0.0,0.0,0.0,0.0,0.0,0.0,0.0,0.0,0.0,0.0,0.0,0.0,0.0,0.0,0.0,0.0,0.0,0.0,0.0,0.0,0.0,0.0,0.0,0.0,0.0,0.0,0.0,0.0,0.0,0.0,0.0,0.0,0.0,0.0,0.0,0.0,0.0,0.0,0.0,0.0,0.0,0.0,0.0,0.0,0.0,0.0,0.0,0.0,0.0,0.0,0.0,0.0,0.0,0.0,0.0,0.0,0.0,0.0,0.0,0.0,0.0,0.0,0.0,0.0,0.0,0.0,0.0
0.75,0.0,0.0,0.0,0.0,0.0,0.0,0.0,0.0,0.0,0.0,0.0,0.0,0.0,0.0,0.0,0.0,0.0,0.0,0.0,0.0,0.0,0.0,0.0,0.0,0.0,0.0,0.0,0.0,0.0,0.0,0.0,0.0,0.0,0.0,0.0,0.0,0.0,0.0,0.0,0.0,0.0,0.0,0.0,0.0,0.0,0.0,0.0,0.0,0.0,0.0,0.0,0.0,0.0,0.0,0.0,0.0,0.0,0.0,0.0,0.0,0.0,0.0,0.0,0.0,0.0,0.0,0.0,0.0,0.0,0.0,0.0,0.0,0.0,0.0,0.0,0.0,0.0,0.0,0.0,0.0,0.0,0.0,0.0
0.8500000000000001,0.0,0.0,0.0,0.0,0.0,0.0,0.0,0.0,0.0,0.0,0.0,0.0,0.0,0.0,0.0,0.0,0.0,0.0,0.0,0.0,0.0,0.0,0.0,0.0,0.0,0.0,0.0,0.0,0.0,0.0,0.0,0.0,0.0,0.0,0.0,0.0,0.0,0.0,0.0,0.0,0.0,0.0,0.0,0.0,0.0,0.0,0.0,0.0,0.0,0.0,0.0,0.0,0.0,0.0,0.0,0.0,0.0,0.0,0.0,0.0,0.0,0.0,0.0,0.0,0.0,0.0,0.0,0.0,0.0,0.0,0.0,0.0,0.0,0.0,0.0,0.0,0.0,0.0,0.0,0.0,0.0,0.0,0.0
0.95,0.0,0.0,0.0,0.0,0.0,0.0,0.0,0.0,0.0,0.0,0.0,0.0,0.0,0.0,0.0,0.0,0.0,0.0,0.0,0.0,0.0,0.0,0.0,0.0,0.0,0.0,0.0,0.0,0.0,0.0,0.0,0.0,0.0,0.0,0.0,0.0,0.0,0.0,0.0,0.0,0.0,0.0,0.0,0.0,0.0,0.0,0.0,0.0,0.0,0.0,0.0,0.0,0.0,0.0,0.0,0.0,0.0,0.0,0.0,0.0,0.0,0.0,0.0,0.0,0.0,0.0,0.0,0.0,0.0,0.0,0.0,0.0,0.0,0.0,0.0,0.0,0.0,0.0,0.0,0.0,0.0,0.0,0.0
1.05,0.0,0.0,0.0,0.0,0.0,0.0,0.0,0.0,0.0,0.0,0.0,0.0,0.0,0.0,0.0,0.0,0.0,0.0,0.0,0.0,0.0,0.0,0.0,0.0,0.0,0.0,0.0,0.0,0.0,0.0,0.0,0.0,0.0,0.0,0.0,0.0,0.0,0.0,0.0,0.0,0.0,0.0,0.0,0.0,0.0,0.0,0.0,0.0,0.0,0.0,0.0,0.0,0.0,0.0,0.0,0.0,0.0,0.0,0.0,0.0,0.0,0.0,0.0,0.0,0.0,0.0,0.0,0.0,0.0,0.0,0.0,0.0,0.0,0.0,0.0,0.0,0.0,0.0,0.0,0.0,0.0,0.0,0.0
1.1500000000000001,0.0,0.0,0.0,0.0,0.0,0.0,0.0,0.0,0.0,0.0,0.0,0.0,0.0,0.0,0.0,0.0,0.0,0.0,0.0,0.0,0.0,0.0,0.0,0.0,0.0,0.0,0.0,0.0,0.0,0.0,0.0,0.0,0.0,0.0,0.0,0.0,0.0,0.0,0.0,0.0,0.0,0.0,0.0,0.0,0.0,0.0,0.0,0.0,0.0,0.0,0.0,0.0,0.0,0.0,0.0,0.0,0.0,0.0,0.0,0.0,0.0,0.0,0.0,0.0,0.0,0.0,0.0,0.0,0.0,0.0,0.0,0.0,0.0,0.0,0.0,0.0,0.0,0.0,0.0,0.0,0.0,0.0,0.0
1.25,0.0,0.0,0.0,0.0,0.0,0.0,0.0,0.0,0.0,0.0,0.0,0.0,0.0,0.0,0.0,0.0,0.0,0.0,0.0,0.0,0.0,0.0,0.0,0.0,0.0,0.0,0.0,0.0,0.0,0.0,0.0,0.0,0.0,0.0,0.0,0.0,0.0,0.0,0.0,0.0,0.0,0.0,0.0,0.0,0.0,0.0,0.0,0.0,0.0,0.0,0.0,0.0,0.0,0.0,0.0,0.0,0.0,0.0,0.0,0.0,0.0,0.0,0.0,2.5000000000000035e-05,2.5000000000000035e-05,5.000000000000007e-05,6.250000000000008e-05,6.250000000000008e-05,7.50000000000001e-05,7.50000000000001e-05,8.750000000000012e-05,8.750000000000012e-05,0.00010000000000000014,0.00010000000000000014,0.00010000000000000014,0.00010000000000000014,0.00010000000000000014,0.00010000000000000014,0.00010000000000000014,0.00010000000000000014,0.00010000000000000014,0.00010000000000000014,0.00010000000000000014
1.35,0.0,0.0,0.0,0.0,0.0,0.0,0.0,0.0,0.0,0.0,0.0,0.0,0.0,0.0,0.0,0.0,0.0,0.0,0.0,0.0,0.0,0.0,0.0,0.0,0.0,0.0,0.0,0.0,0.0,0.0,0.0,0.0,0.0,0.0,0.0,0.0,0.0,0.0,0.0,0.0,0.0,0.0,0.0,0.0,0.0,0.0,0.0,0.0,0.0,0.0,2.4999999999999977e-05,6.249999999999995e-05,9.999999999999991e-05,0.00026249999999999977,0.00036249999999999965,0.0004999999999999996,0.0006749999999999994,0.0009374999999999991,0.001249999999999999,0.0014749999999999987,0.0016874999999999987,0.0019874999999999984,0.002349999999999998,0.0026749999999999977,0.0029499999999999973,0.003149999999999997,0.0033874999999999973,0.0035749999999999966,0.0037999999999999965,0.003924999999999996,0.0040249999999999965,0.004187499999999996,0.004274999999999996,0.004324999999999996,0.0043874999999999964,0.004524999999999996,0.004537499999999996,0.004637499999999996,0.004662499999999996,0.004674999999999996,0.004699999999999996,0.004699999999999996,0.004699999999999996
1.4500000000000002,0.0,0.0,0.0,0.0,0.0,0.0,0.0,0.0,0.0,0.0,0.0,0.0,0.0,0.0,0.0,0.0,0.0,0.0,0.0,0.0,0.0,0.0,0.0,0.0,0.0,0.0,0.0,0.0,0.0,0.0,0.0,0.0,0.0,0.0,0.0,0.0,0.0,0.0,0.0,0.0,0.0,0.0,0.0,2.5000000000000035e-05,7.50000000000001e-05,0.00018750000000000025,0.00043750000000000055,0.000700000000000001,0.0012375000000000016,0.0016875000000000024,0.0023875000000000033,0.003100000000000004,0.0038625000000000053,0.004637500000000006,0.005462500000000006,0.006450000000000009,0.007187500000000009,0.00803750000000001,0.008950000000000012,0.009875000000000014,0.010775000000000014,0.011687500000000016,0.012387500000000017,0.013037500000000018,0.013787500000000018,0.014500000000000018,0.01526250000000002,0.01600000000000002,0.016612500000000023,0.017275000000000023,0.01757500000000002,0.017812500000000023,0.018075000000000025,0.018362500000000025,0.018550000000000025,0.018575000000000026,0.018662500000000026,0.018612500000000025,0.018700000000000026,0.018825000000000026,0.018812500000000024,0.018825000000000026,0.018825000000000026
1.55,0.0,0.0,0.0,0.0,0.0,0.0,0.0,0.0,0.0,0.0,0.0,0.0,0.0,0.0,0.0,0.0,0.0,0.0,0.0,0.0,0.0,0.0,0.0,0.0,0.0,0.0,0.0,0.0,0.0,0.0,0.0,0.0,0.0,0.0,0.0,0.0,0.0,0.0,0.0,7.499999999999994e-05,0.00026249999999999977,0.0005124999999999996,0.001112499999999999,0.0017499999999999985,0.002862499999999998,0.0038499999999999967,0.0051124999999999955,0.006549999999999994,0.007862499999999993,0.009599999999999992,0.01122499999999999,0.012787499999999988,0.014874999999999987,0.017199999999999983,0.01938749999999998,0.021899999999999982,0.024399999999999977,0.026949999999999977,0.029249999999999974,0.031674999999999974,0.03431249999999997,0.03699999999999997,0.03946249999999996,0.041912499999999964,0.04418749999999996,0.046199999999999956,0.047799999999999954,0.04932499999999995,0.050499999999999955,0.05148749999999996,0.052637499999999955,0.05343749999999996,0.054212499999999955,0.054837499999999956,0.055287499999999955,0.055524999999999956,0.055849999999999955,0.05608749999999996,0.05631249999999995,0.056387499999999945,0.05653749999999994,0.05659999999999994,0.05661249999999995
1.6500000000000001,0.0,0.0,0.0,0.0,0.0,0.0,0.0,0.0,0.0,0.0,0.0,0.0,0.0,0.0,0.0,0.0,0.0,0.0,0.0,0.0,0.0,0.0,0.0,0.0,0.0,0.0,0.0,0.0,0.0,0.0,0.0,0.0,0.0,0.0,0.0,6.249999999999995e-05,0.00027499999999999975,0.0006749999999999994,0.0014124999999999988,0.002362499999999998,0.003612499999999997,0.005137499999999995,0.006724999999999994,0.008924999999999992,0.01093749999999999,0.01356249999999999,0.016899999999999984,0.02064999999999998,0.02444999999999998,0.02873749999999997,0.033112499999999975,0.03851249999999996,0.04369999999999996,0.048537499999999956,0.053949999999999956,0.05957499999999995,0.06549999999999995,0.07089999999999994,0.07573749999999993,0.08067499999999993,0.08591249999999993,0.09069999999999993,0.09583749999999991,0.10084999999999991,0.10511249999999991,0.10882499999999991,0.11242499999999991,0.1154874999999999,0.11819999999999989,0.1206374999999999,0.1225374999999999,0.1242999999999999,0.12578749999999989,0.1267249999999999,0.12782499999999988,0.12912499999999988,0.1296749999999999,0.1302124999999999,0.13038749999999988,0.1304749999999999,0.13062499999999988,0.1306624999999999,0.1307249999999999
1.75,0.0,0.0,0.0,0.0,0.0,0.0,0.0,0.0,0.0,0.0,0.0,0.0,0.0,0.0,0.0,0.0,0.0,0.0,0.0,0.0,0.0,0.0,0.0,0.0,0.0,0.0,0.0,0.0,0.0,0.0,0.0,0.0,8.750000000000012e-05,0.00043750000000000055,0.0010625000000000014,0.0020000000000000026,0.0033625000000000044,0.0050125000000000065,0.006975000000000009,0.009287500000000013,0.011787500000000017,0.01570000000000002,0.02012500000000003,0.02495000000000003,0.03072500000000004,0.03797500000000005,0.04486250000000006,0.052562500000000074,0.06172500000000008,0.07038750000000009,0.07871250000000012,0.08810000000000011,0.09837500000000013,0.10842500000000015,0.11855000000000017,0.12853750000000017,0.13932500000000017,0.1490625000000002,0.1588500000000002,0.1685000000000002,0.17747500000000022,0.18625000000000025,0.19418750000000026,0.20200000000000026,0.2092750000000003,0.2161375000000003,0.2212875000000003,0.2259125000000003,0.2306500000000003,0.23431250000000034,0.23743750000000033,0.23981250000000032,0.24143750000000033,0.24312500000000034,0.24418750000000033,0.24495000000000033,0.24578750000000033,0.24631250000000032,0.24698750000000033,0.24737500000000032,0.24745000000000034,0.24756250000000032,0.24756250000000032
1.85,0.0,0.0,0.0,0.0,0.0,0.0,0.0,0.0,0.0,0.0,0.0,0.0,0.0,0.0,0.0,0.0,0.0,0.0,0.0,0.0,0.0,0.0,0.0,0.0,0.0,0.0,0.0,0.0,0.0,7.499999999999994e-05,0.00036249999999999965,0.001087499999999999,0.002174999999999998,0.0035874999999999965,0.005512499999999996,0.007924999999999993,0.010662499999999991,0.014187499999999987,0.018962499999999983,0.024537499999999976,0.03157499999999997,0.039512499999999964,0.04839999999999996,0.059599999999999945,0.07081249999999993,0.08239999999999993,0.09681249999999991,0.11033749999999991,0.1255249999999999,0.14217499999999988,0.15826249999999986,0.17409999999999987,0.18907499999999983,0.2061499999999998,0.2210249999999998,0.23558749999999978,0.24849999999999978,0.26077499999999976,0.27373749999999974,0.28623749999999976,0.29697499999999977,0.30808749999999974,0.3174374999999997,0.3259124999999997,0.3343499999999997,0.34236249999999974,0.3503499999999997,0.3569124999999997,0.3622499999999997,0.3668999999999997,0.3708499999999996,0.37396249999999964,0.3764749999999996,0.37834999999999963,0.3802124999999996,0.38162499999999966,0.38264999999999966,0.38341249999999966,0.38388749999999966,0.38434999999999964,0.38472499999999965,0.3848374999999996,0.38489999999999963
1.9500000000000002,0.0,0.0,0.0,0.0,0.0,0.0,0.0,0.0,0.0,0.0,0.0,0.0,0.0,0.0,0.0,0.0,0.0,0.0,0.0,0.0,0.0,0.0,0.0,0.0,0.0,0.0,0.0,0.00010000000000000014,0.0006500000000000008,0.0016000000000000022,0.003162500000000004,0.005087500000000007,0.0075750000000000105,0.010562500000000013,0.01471250000000002,0.019937500000000028,0.026687500000000038,0.03516250000000005,0.044287500000000056,0.05623750000000007,0.0684375000000001,0.08223750000000012,0.09900000000000013,0.11707500000000017,0.13793750000000018,0.15792500000000023,0.17877500000000027,0.20195000000000027,0.22271250000000029,0.24200000000000033,0.26178750000000034,0.2813250000000004,0.3007500000000004,0.31800000000000045,0.33851250000000044,0.3574500000000005,0.37496250000000053,0.3940500000000005,0.4111000000000006,0.42932500000000057,0.4462000000000006,0.4608750000000006,0.47655000000000064,0.48896250000000063,0.49980000000000063,0.5090750000000006,0.5176500000000006,0.5251375000000007,0.5316125000000007,0.5367250000000007,0.5411750000000007,0.5450000000000007,0.5483375000000007,0.5507000000000007,0.5529875000000007,0.5546000000000008,0.5558750000000007,0.5570250000000008,0.5580875000000007,0.5586875000000008,0.5589000000000007,0.5591000000000007,0.5591375000000007
2.05,0.0,0.0,0.0,0.0,0.0,0.0,0.0,0.0,0.0,0.0,0.0,0.0,0.0,0.0,0.0,0.0,0.0,0.0,0.0,0.0,0.0,0.0,0.0,0.0,0.0,0.00014999999999999988,0.0007749999999999993,0.0019749999999999985,0.0037249999999999965,0.006024999999999994,0.008849999999999992,0.01252499999999999,0.018287499999999984,0.025224999999999977,0.033899999999999965,0.04419999999999996,0.05756249999999995,0.07053749999999993,0.08808749999999993,0.1058124999999999,0.1291874999999999,0.15172499999999986,0.17641249999999986,0.20199999999999982,0.2284374999999998,0.25412499999999977,0.2795124999999997,0.30286249999999976,0.33102499999999974,0.3584749999999997,0.3860999999999996,0.41459999999999964,0.44198749999999964,0.4685999999999996,0.4906999999999996,0.5125874999999995,0.5334999999999995,0.5561249999999995,0.5757749999999995,0.5906499999999995,0.6055249999999995,0.6206624999999995,0.6343124999999994,0.6478749999999994,0.6597749999999994,0.6714249999999994,0.6800499999999994,0.6891499999999994,0.6953874999999994,0.7024999999999995,0.7069124999999994,0.7110999999999994,0.7146624999999994,0.7182499999999994,0.7202749999999994,0.7219124999999994,0.7228874999999995,0.7235499999999995,0.7241374999999994,0.7245874999999994,0.7249499999999994,0.7251749999999995,0.7252874999999994
2.1500000000000004,0.0,0.0,0.0,0.0,0.0,0.0,0.0,0.0,0.0,0.0,0.0,0.0,0.0,0.0,0.0,0.0,0.0,0.0,0.0,0.0,0.0,0.0,0.0,9.999999999999991e-05,0.0006999999999999995,0.0019249999999999983,0.0038624999999999966,0.006374999999999994,0.009487499999999992,0.014112499999999986,0.02067499999999998,0.029237499999999972,0.03911249999999997,0.05261249999999996,0.06638749999999995,0.08487499999999992,0.1044374999999999,0.13036249999999988,0.15487499999999985,0.18347499999999986,0.2101249999999998,0.23893749999999978,0.26802499999999974,0.29743749999999974,0.3310874999999997,0.3668124999999997,0.40357499999999963,0.4409249999999996,0.4705249999999996,0.5014374999999995,0.5345249999999995,0.5612124999999994,0.5863499999999995,0.6130749999999995,0.6371374999999995,0.6617874999999994,0.6849624999999994,0.7037249999999994,0.7228624999999994,0.7431124999999993,0.7609624999999993,0.7780374999999993,0.7910624999999992,0.8055374999999992,0.8187374999999992,0.8284999999999992,0.8383749999999993,0.8447749999999993,0.8525374999999993,0.8566124999999992,0.8619499999999993,0.8658124999999993,0.8683499999999993,0.8701749999999993,0.8718999999999992,0.8726874999999993,0.8740124999999993,0.8751374999999992,0.8751999999999993,0.8752874999999992,0.8754124999999993,0.8755624999999992,0.8756374999999993
2.25,0.0,0.0,0.0,0.0,0.0,0.0,0.0,0.0,0.0,0.0,0.0,0.0,0.0,0.0,0.0,0.0,0.0,0.0,0.0,0.0,0.0,6.249999999999995e-05,0.0004874999999999996,0.0015874999999999986,0.0033874999999999973,0.005824999999999994,0.009124999999999992,0.014012499999999989,0.02121249999999998,0.03043749999999997,0.04204999999999996,0.057087499999999944,0.07339999999999994,0.09328749999999991,0.11982499999999989,0.14494999999999988,0.17551249999999985,0.20521249999999983,0.23543749999999977,0.26632499999999976,0.30029999999999973,0.33988749999999973,0.3814249999999996,0.42438749999999964,0.4604999999999996,0.4999624999999996,0.5369124999999995,0.5697374999999995,0.6052624999999995,0.6380124999999994,0.6681749999999994,0.6987499999999994,0.7288249999999994,0.7555749999999992,0.7831124999999993,0.8044249999999993,0.8250374999999993,0.8417499999999992,0.8587249999999993,0.8738374999999993,0.8881374999999992,0.8985874999999993,0.9095999999999991,0.9184624999999992,0.9258749999999991,0.9320624999999991,0.9378124999999992,0.9438249999999991,0.9481124999999991,0.9487874999999991,0.9504249999999991,0.9518624999999992,0.9538374999999991,0.9550624999999991,0.9564999999999991,0.9573624999999991,0.9581999999999992,0.9586249999999992,0.9594499999999991,0.9598999999999991,0.9598874999999991,0.9598499999999991,0.9599874999999991
2.3500000000000005,0.0,0.0,0.0,0.0,0.0,0.0,0.0,0.0,0.0,0.0,0.0,0.0,0.0,0.0,0.0,0.0,0.0,0.0,0.0,1.2499999999999989e-05,0.00027499999999999975,0.001137499999999999,0.002712499999999998,0.004999999999999996,0.008012499999999994,0.012799999999999988,0.01976249999999998,0.02946249999999997,0.04161249999999996,0.05784999999999994,0.07554999999999994,0.09798749999999991,0.1262249999999999,0.15503749999999986,0.18656249999999983,0.21956249999999983,0.2517499999999998,0.28713749999999977,0.3303249999999997,0.3742624999999996,0.41883749999999964,0.45941249999999956,0.5035499999999996,0.5414249999999995,0.5841874999999995,0.6239874999999995,0.6617499999999994,0.7006874999999995,0.7363124999999994,0.7703874999999992,0.7982624999999993,0.8219499999999993,0.8459624999999993,0.8653374999999993,0.8814374999999993,0.8957749999999993,0.9105999999999991,0.9192749999999992,0.9278624999999991,0.9338999999999992,0.9413499999999991,0.9482999999999991,0.9529874999999991,0.9574124999999991,0.9606874999999991,0.9647374999999991,0.9650749999999991,0.9646624999999991,0.9648374999999991,0.9692249999999991,0.9697874999999991,0.9715749999999991,0.9710874999999991,0.9718124999999991,0.9718624999999991,0.9725124999999991,0.9729124999999992,0.9737624999999991,0.9738874999999991,0.9742749999999991,0.9747624999999991,0.9745874999999992,0.9744249999999991
2.45,0.0,0.0,0.0,0.0,0.0,0.0,0.0,0.0,0.0,0.0,0.0,0.0,0.0,0.0,0.0,0.0,0.0,0.0,6.250000000000022e-05,0.0005000000000000017,0.001712500000000006,0.003750000000000013,0.006587500000000024,0.010200000000000037,0.01685000000000006,0.02567500000000009,0.03800000000000014,0.05433750000000019,0.07258750000000025,0.09657500000000034,0.12636250000000046,0.15772500000000056,0.1912625000000007,0.2250000000000008,0.2586125000000009,0.30177500000000107,0.34716250000000126,0.39682500000000137,0.4400375000000015,0.48678750000000176,0.5285875000000019,0.573825000000002,0.6167625000000022,0.6638000000000023,0.7044375000000025,0.7446750000000026,0.7779500000000028,0.8086250000000029,0.8333125000000029,0.854275000000003,0.873937500000003,0.8865250000000032,0.8971500000000032,0.9097250000000032,0.9173750000000032,0.9254000000000033,0.9248125000000034,0.9321125000000033,0.9352250000000033,0.9360375000000033,0.9331250000000033,0.9317500000000033,0.9329125000000034,0.9307750000000033,0.9285750000000034,0.9279500000000034,0.9273625000000033,0.9269375000000033,0.9251375000000034,0.9217250000000033,0.9209750000000032,0.9199625000000032,0.9195375000000032,0.9188000000000032,0.9189375000000032,0.9180750000000032,0.9178375000000032,0.9166875000000032,0.9164000000000032,0.9162375000000031,0.9160750000000032,0.9163125000000032,0.9164125000000032
2.55,0.0,0.0,0.0,0.0,0.0,0.0,0.0,0.0,0.0,0.0,0.0,0.0,0.0,0.0,0.0,0.0,0.0,9.999999999999991e-05,0.0008749999999999993,0.0025249999999999977,0.004774999999999996,0.008024999999999994,0.012999999999999989,0.021199999999999983,0.032099999999999976,0.04751249999999996,0.06519999999999994,0.08848749999999993,0.11962499999999988,0.15169999999999986,0.18752499999999983,0.2220374999999998,0.25851249999999976,0.3057374999999997,0.3568374999999997,0.40302499999999963,0.4528499999999996,0.49788749999999954,0.5448749999999994,0.5908999999999995,0.6402249999999994,0.6862999999999995,0.7276999999999995,0.7635874999999993,0.7979624999999992,0.8218624999999993,0.8438874999999992,0.8595374999999993,0.8746374999999993,0.8836249999999993,0.8888499999999993,0.8970249999999993,0.8995999999999993,0.8958124999999992,0.8955249999999992,0.8909749999999993,0.8913624999999993,0.8842749999999993,0.8800499999999992,0.8782874999999992,0.8741624999999993,0.8701624999999993,0.8637874999999993,0.8590499999999993,0.8535499999999993,0.8460624999999993,0.8425874999999993,0.8391874999999993,0.8364249999999993,0.8359624999999993,0.8340499999999993,0.8311124999999993,0.8296624999999993,0.8283999999999992,0.8266874999999992,0.8262749999999993,0.8251749999999993,0.8250749999999992,0.8244999999999992,0.8240999999999993,0.8240624999999993,0.8239624999999993,0.8237749999999993
2.6500000000000004,0.0,0.0,0.0,0.0,0.0,0.0,0.0,0.0,0.0,0.0,0.0,0.0,0.0,0.0,0.0,0.0,0.00027499999999999975,0.001249999999999999,0.002999999999999997,0.005487499999999996,0.009212499999999992,0.015837499999999987,0.025212499999999978,0.03796249999999997,0.05493749999999995,0.07628749999999994,0.10693749999999991,0.13822499999999988,0.17504999999999984,0.21156249999999982,0.24898749999999978,0.2991124999999997,0.3522624999999997,0.40011249999999965,0.4507999999999996,0.4994374999999996,0.5475624999999995,0.5981749999999995,0.6488999999999994,0.6935374999999994,0.7334874999999994,0.7685249999999992,0.7966499999999993,0.8189374999999993,0.8346624999999993,0.8486499999999992,0.8596749999999993,0.8653624999999993,0.8617374999999993,0.8611124999999993,0.8588374999999993,0.8511999999999993,0.8460999999999993,0.8400874999999993,0.8327249999999993,0.8229374999999993,0.8105749999999993,0.8046249999999993,0.7938249999999992,0.7824499999999993,0.7728249999999993,0.7628624999999992,0.7526249999999993,0.7453999999999993,0.7388499999999992,0.7352874999999994,0.7292624999999994,0.7244374999999994,0.7202124999999994,0.7164999999999995,0.7129124999999994,0.7110999999999994,0.7097624999999994,0.7081999999999994,0.7072124999999995,0.7062624999999995,0.7057999999999994,0.7047999999999994,0.7044249999999994,0.7039249999999995,0.7035374999999994,0.7034499999999995,0.7034999999999995
2.75,0.0,0.0,0.0,0.0,0.0,0.0,0.0,0.0,0.0,0.0,0.0,0.0,0.0,0.0,3.749999999999997e-05,0.00042499999999999965,0.0014374999999999989,0.0034624999999999973,0.006237499999999994,0.01057499999999999,0.018424999999999983,0.02886249999999997,0.043912499999999965,0.06221249999999995,0.08768749999999993,0.1198874999999999,0.15514999999999984,0.19391249999999982,0.2312749999999998,0.28088749999999973,0.3367874999999997,0.3862374999999996,0.43961249999999963,0.4905124999999996,0.5401249999999995,0.5957124999999995,0.6447749999999994,0.6924874999999994,0.7292874999999994,0.7609374999999993,0.7860249999999993,0.8032249999999993,0.8186499999999993,0.8286874999999992,0.8347249999999993,0.8302249999999993,0.8265374999999993,0.8178499999999993,0.8147999999999993,0.8033749999999993,0.7887124999999993,0.7779124999999992,0.7625999999999993,0.7470249999999993,0.7295624999999994,0.7171749999999995,0.7068624999999994,0.6930249999999994,0.6824874999999995,0.6705749999999994,0.6633999999999994,0.6564374999999995,0.6493374999999995,0.6417249999999994,0.6365499999999994,0.6286499999999994,0.6241999999999994,0.6188874999999994,0.6136374999999995,0.6087874999999995,0.6062749999999995,0.6029124999999995,0.6009499999999995,0.5997624999999995,0.5984499999999995,0.5973499999999995,0.5961999999999995,0.5958624999999995,0.5953249999999994,0.5947124999999995,0.5947749999999995,0.5945499999999995,0.5944624999999994
2.8500000000000005,0.0,0.0,0.0,0.0,0.0,0.0,0.0,0.0,0.0,0.0,0.0,0.0,0.0,6.249999999999995e-05,0.00047499999999999957,0.0016499999999999985,0.0038124999999999964,0.006749999999999995,0.011637499999999988,0.020062499999999983,0.031799999999999974,0.048674999999999954,0.06886249999999994,0.09881249999999991,0.13089999999999988,0.17014999999999986,0.2076374999999998,0.2541874999999998,0.3088874999999997,0.3631624999999997,0.41752499999999965,0.46977499999999955,0.5219124999999996,0.5784374999999995,0.6306374999999994,0.6753624999999994,0.7165374999999994,0.7438999999999992,0.7681624999999993,0.7862624999999993,0.7993249999999993,0.8058124999999993,0.8010499999999993,0.7996249999999993,0.7875624999999993,0.7795874999999993,0.7650999999999992,0.7494874999999993,0.7296374999999994,0.7094749999999994,0.6911874999999994,0.6754249999999994,0.6590499999999995,0.6442374999999995,0.6337624999999995,0.6202374999999994,0.6077499999999995,0.5961624999999995,0.5819374999999994,0.5710374999999995,0.5597499999999995,0.5478624999999995,0.5390374999999995,0.5293124999999995,0.5202624999999995,0.5124749999999996,0.5065374999999995,0.5014374999999995,0.4969874999999996,0.49386249999999954,0.49206249999999957,0.4902499999999996,0.4878874999999996,0.48608749999999956,0.4839374999999996,0.48263749999999955,0.4825499999999996,0.48182499999999956,0.48149999999999954,0.4816999999999996,0.48121249999999954,0.48129999999999956,0.4813374999999996
2.95,0.0,0.0,0.0,0.0,0.0,0.0,0.0,0.0,0.0,0.0,0.0,0.0,7.500000000000026e-05,0.0006000000000000021,0.001937500000000007,0.004075000000000014,0.007000000000000025,0.012125000000000044,0.021037500000000074,0.03375000000000012,0.05117500000000018,0.07342500000000027,0.10513750000000038,0.13981250000000048,0.17948750000000066,0.21810000000000077,0.273062500000001,0.3298125000000012,0.3847000000000014,0.4398750000000015,0.49227500000000174,0.5526750000000019,0.6062000000000022,0.6544250000000024,0.6944375000000025,0.7258500000000027,0.7457125000000027,0.7639750000000027,0.7751250000000027,0.7760000000000028,0.7711000000000028,0.7630000000000028,0.7560125000000026,0.7379250000000026,0.7198875000000026,0.6986375000000025,0.6718250000000023,0.6531750000000023,0.6335750000000022,0.6162500000000022,0.6012750000000021,0.5845500000000021,0.566312500000002,0.549012500000002,0.5306875000000019,0.5166250000000018,0.5003875000000018,0.4866125000000017,0.4749125000000017,0.4646000000000017,0.4531500000000016,0.4421125000000016,0.43238750000000153,0.42362500000000153,0.41638750000000146,0.4112625000000015,0.40488750000000145,0.39993750000000144,0.3970625000000014,0.39337500000000136,0.3892250000000014,0.3871750000000014,0.38535000000000136,0.3827000000000014,0.38151250000000136,0.3809750000000014,0.37996250000000137,0.3792625000000014,0.3787250000000013,0.37828750000000133,0.3781500000000013,0.3779250000000013,0.3777500000000013
3.05,0.0,0.0,0.0,0.0,0.0,0.0,0.0,0.0,0.0,0.0,0.0,8.749999999999993e-05,0.0006874999999999994,0.002099999999999998,0.004099999999999997,0.007199999999999993,0.012637499999999989,0.021649999999999982,0.03494999999999997,0.05268749999999996,0.07791249999999993,0.1106249999999999,0.14648749999999988,0.18499999999999983,0.22962499999999977,0.28584999999999977,0.34264999999999973,0.40202499999999963,0.45804999999999957,0.5164999999999995,0.5743374999999995,0.6264124999999994,0.6680874999999994,0.6999499999999994,0.7221749999999995,0.7397749999999993,0.7515374999999993,0.7493999999999993,0.7457374999999993,0.7350124999999994,0.7230749999999995,0.7028749999999995,0.6800624999999995,0.6515124999999994,0.6301624999999994,0.6079874999999995,0.5909499999999995,0.5699624999999995,0.5469374999999995,0.5251499999999996,0.5050124999999995,0.48398749999999957,0.46638749999999957,0.44984999999999964,0.43378749999999966,0.4169874999999996,0.40356249999999966,0.39116249999999964,0.37991249999999965,0.36787499999999973,0.3570999999999997,0.3485374999999997,0.3398249999999997,0.33183749999999973,0.3244874999999997,0.3186249999999997,0.3131499999999997,0.3084374999999997,0.30428749999999977,0.30159999999999976,0.29883749999999976,0.29597499999999977,0.29396249999999974,0.2928499999999997,0.29226249999999976,0.29113749999999977,0.29007499999999975,0.28969999999999974,0.28944999999999976,0.28922499999999973,0.28892499999999977,0.28888749999999974,0.28891249999999974
3.1500000000000004,0.0,0.0,0.0,0.0,0.0,0.0,0.0,0.0,0.0,0.0,9.999999999999991e-05,0.0007999999999999993,0.002212499999999998,0.004149999999999997,0.007287499999999993,0.012749999999999989,0.021887499999999983,0.035212499999999966,0.05323749999999995,0.07991249999999993,0.11289999999999989,0.15127499999999988,0.18981249999999983,0.2377874999999998,0.29649999999999976,0.3540624999999997,0.41238749999999963,0.46787499999999954,0.5307624999999996,0.5871249999999995,0.6340749999999994,0.6694249999999994,0.6956624999999994,0.7151374999999994,0.7275749999999994,0.7250124999999994,0.7215499999999995,0.7112124999999995,0.6943874999999994,0.6739874999999994,0.6457749999999994,0.6204249999999994,0.5944124999999995,0.5753249999999995,0.5520374999999995,0.5259499999999996,0.49933749999999955,0.47471249999999954,0.45346249999999955,0.43354999999999966,0.41137499999999966,0.39256249999999965,0.37646249999999964,0.3603374999999997,0.3438124999999997,0.3306749999999997,0.3171999999999997,0.30511249999999973,0.2943749999999997,0.28408749999999977,0.2744874999999997,0.26624999999999976,0.2589499999999998,0.2530874999999998,0.2473874999999998,0.24194999999999978,0.2377999999999998,0.23384999999999978,0.23078749999999978,0.2282249999999998,0.22628749999999978,0.22517499999999982,0.22371249999999981,0.22333749999999983,0.22212499999999982,0.22156249999999983,0.22079999999999983,0.22038749999999982,0.21988749999999982,0.21979999999999983,0.21977499999999983,0.21964999999999982,0.21963749999999982
3.25,0.0,0.0,0.0,0.0,0.0,0.0,0.0,0.0,0.0,0.00010000025000062492,0.0008374999999999993,0.002174999999999998,0.004112499999999996,0.007149999999999993,0.01271249999999999,0.021737499999999983,0.034774999999999966,0.05286249999999995,0.08008749999999992,0.11367499999999989,0.15261249999999987,0.19109999999999983,0.24174999999999977,0.30078749999999976,0.3562874999999997,0.41659999999999964,0.47769999999999957,0.5393249999999995,0.5942749999999994,0.6350874999999995,0.6686624999999994,0.6887749999999995,0.7045749999999994,0.7047624999999994,0.6989499999999994,0.6896999999999994,0.6716874999999994,0.6505874999999994,0.6203999999999994,0.5937624999999995,0.5695749999999995,0.5468499999999995,0.5226624999999996,0.4908874999999996,0.4631874999999996,0.43808749999999963,0.41344999999999965,0.38916249999999963,0.3682374999999997,0.3484249999999997,0.3298624999999997,0.3109999999999997,0.29462499999999975,0.28011249999999976,0.2661124999999998,0.2541124999999998,0.2435999999999998,0.2337124999999998,0.22464999999999982,0.2176874999999998,0.21122499999999983,0.20477499999999982,0.19994999999999982,0.19386249999999983,0.18982499999999983,0.18562499999999982,0.18136249999999984,0.17901249999999985,0.17584999999999987,0.17344999999999985,0.17173749999999985,0.16974999999999985,0.16853749999999987,0.16719999999999985,0.16642499999999985,0.16607499999999986,0.16572499999999984,0.16534999999999986,0.16534999999999986,0.16488749999999985,0.16499999999999984,0.16501249999999987,0.16499999999999984
3.3500000000000005,0.0,0.0,0.0,0.0,0.0,0.0,0.0,0.0,0.00013750154689240243,0.0008375020937552337,0.002174999999999998,0.004062499999999997,0.006974999999999994,0.01239999999999999,0.020974999999999983,0.03372499999999997,0.05148749999999996,0.07832499999999992,0.1107499999999999,0.15043749999999986,0.18941249999999982,0.24297499999999977,0.3029499999999997,0.3601999999999997,0.41883749999999964,0.4810499999999996,0.5416624999999995,0.5925999999999995,0.6308124999999994,0.6584749999999994,0.6769749999999994,0.6860624999999995,0.6794749999999994,0.6704374999999995,0.6562499999999994,0.6334749999999995,0.6026624999999995,0.5741874999999995,0.5490624999999995,0.5249874999999996,0.49781249999999955,0.4666874999999996,0.4359999999999996,0.41081249999999964,0.38241249999999966,0.3578249999999997,0.3356124999999997,0.3130124999999997,0.2913499999999997,0.27316249999999975,0.2555374999999998,0.24201249999999977,0.22836249999999977,0.2154249999999998,0.2066499999999998,0.19684999999999983,0.18858749999999982,0.18054999999999985,0.17347499999999985,0.16572499999999984,0.15956249999999986,0.15322499999999986,0.14722499999999988,0.14301249999999988,0.13809999999999986,0.13501249999999987,0.13262499999999988,0.13037499999999988,0.12937499999999988,0.1277874999999999,0.1266874999999999,0.1257249999999999,0.1246749999999999,0.1238249999999999,0.12294999999999989,0.1223124999999999,0.1221874999999999,0.12198749999999989,0.1218124999999999,0.12184999999999989,0.1216499999999999,0.1215374999999999,0.12146249999999989
3.45,0.0,0.0,0.0,0.0,0.0,0.0,0.0,0.00017500393758859638,0.0009000101251139108,0.0021750054375136016,0.003975000000000014,0.006737500000000024,0.011862500000000043,0.02006250000000007,0.03242500000000011,0.04960000000000017,0.07551250000000026,0.10756250000000038,0.14690000000000053,0.18538750000000065,0.24127500000000088,0.3001500000000011,0.35786250000000125,0.4132125000000015,0.4793875000000017,0.5397625000000019,0.5871375000000021,0.6255625000000022,0.6476875000000023,0.6638875000000023,0.6606875000000023,0.6555250000000024,0.6425375000000022,0.6219625000000022,0.5923750000000021,0.5612500000000019,0.5359500000000019,0.5094750000000018,0.4811750000000017,0.4477750000000016,0.41733750000000147,0.39027500000000137,0.3607125000000013,0.33548750000000116,0.31013750000000107,0.285775000000001,0.26363750000000097,0.24401250000000088,0.2276500000000008,0.21245000000000078,0.20076250000000073,0.18876250000000067,0.17785000000000062,0.1677375000000006,0.15713750000000057,0.14845000000000053,0.14050000000000049,0.13272500000000048,0.12746250000000045,0.12332500000000043,0.11827500000000042,0.1150750000000004,0.1122500000000004,0.10957500000000038,0.10680000000000038,0.10400000000000037,0.10196250000000036,0.09991250000000036,0.09828750000000035,0.09741250000000035,0.09643750000000034,0.09576250000000035,0.09557500000000034,0.09506250000000034,0.09498750000000035,0.09446250000000032,0.09402500000000033,0.09385000000000032,0.09357500000000032,0.09330000000000033,0.09313750000000033,0.09308750000000032,0.09312500000000033
3.55,0.0,0.0,0.0,0.0,0.0,2.5001562597662332e-05,0.0002500100004000158,0.0009250208129682909,0.0020750233440126184,0.0038875097187742935,0.006549999999999994,0.01129999999999999,0.019049999999999984,0.03103749999999997,0.047149999999999956,0.07163749999999994,0.10239999999999991,0.14077499999999987,0.17916249999999986,0.23489999999999978,0.29342499999999977,0.3528124999999997,0.4091749999999996,0.4757874999999996,0.5323624999999995,0.5801624999999995,0.6138749999999995,0.6336624999999995,0.6464874999999994,0.6414374999999994,0.6331999999999994,0.6134124999999995,0.5879874999999994,0.5546999999999995,0.5264874999999996,0.5015124999999996,0.4727374999999996,0.4376624999999996,0.40621249999999964,0.37686249999999966,0.3467499999999997,0.3195499999999997,0.29342499999999977,0.26732499999999976,0.2448249999999998,0.2245499999999998,0.2074124999999998,0.19246249999999981,0.17912499999999987,0.16681249999999986,0.15367499999999987,0.14289999999999986,0.1319499999999999,0.1243249999999999,0.11869999999999989,0.11246249999999991,0.1079874999999999,0.10359999999999991,0.09881249999999991,0.0946124999999999,0.0922124999999999,0.08839999999999992,0.08479999999999993,0.08151249999999993,0.07994999999999992,0.07803749999999993,0.07671249999999993,0.07554999999999994,0.07431249999999993,0.07311249999999994,0.07196249999999994,0.07092499999999993,0.07032499999999994,0.07007499999999994,0.06978749999999993,0.06978749999999993,0.06964999999999993,0.06923749999999994,0.06913749999999994,0.06932499999999994,0.06928749999999993,0.06933749999999994,0.06932499999999994
3.6500000000000004,0.0,0.0,0.0,0.0,3.750375037503747e-05,0.0002500156259766233,0.0008875355014200559,0.001987544719756193,0.003650041062961955,0.006187515468788666,0.010599999999999991,0.018074999999999983,0.029312499999999974,0.04433749999999996,0.06749999999999994,0.09743749999999991,0.13451249999999987,0.17201249999999985,0.22511249999999983,0.28449999999999975,0.3442999999999997,0.40074999999999966,0.46619999999999956,0.5241624999999995,0.5696374999999995,0.6000499999999995,0.6217374999999994,0.6295999999999994,0.6213249999999995,0.6102249999999995,0.5883874999999995,0.5554624999999995,0.5242624999999995,0.4972499999999996,0.46889999999999954,0.4332124999999996,0.3993374999999996,0.3694749999999996,0.3389999999999997,0.3108249999999997,0.28299999999999975,0.2568749999999998,0.2320124999999998,0.2106624999999998,0.1932874999999998,0.17764999999999986,0.16279999999999986,0.14874999999999988,0.13554999999999987,0.1235749999999999,0.11666249999999989,0.10888749999999991,0.10316249999999991,0.09694999999999991,0.09127499999999993,0.08693749999999993,0.08198749999999992,0.07778749999999993,0.07481249999999993,0.07178749999999993,0.06826249999999993,0.06601249999999995,0.06352499999999994,0.062424999999999946,0.06063749999999995,0.05886249999999994,0.05781249999999995,0.05658749999999994,0.05599999999999995,0.05507499999999996,0.054837499999999956,0.054662499999999954,0.05436249999999995,0.053974999999999954,0.053649999999999955,0.053262499999999956,0.05299999999999996,0.05304999999999995,0.052949999999999955,0.05279999999999995,0.05278749999999995,0.05274999999999996,0.05279999999999995
3.75,0.0,0.0,0.0,6.250906381425302e-05,0.0003000300030002998,0.0009375585974123374,0.0019750790031601247,0.0035375795955408964,0.005912566516373304,0.01007502518756296,0.017099999999999983,0.02734999999999998,0.041974999999999964,0.06316249999999994,0.0924874999999999,0.12737499999999988,0.16324999999999987,0.2134374999999998,0.2734874999999998,0.3321999999999997,0.38967499999999966,0.45553749999999954,0.5131249999999996,0.5555249999999995,0.5867124999999995,0.6081374999999994,0.6108124999999995,0.6030749999999995,0.5869624999999995,0.5609624999999995,0.5272624999999995,0.49826249999999955,0.46916249999999954,0.4384499999999996,0.4011499999999996,0.3690624999999996,0.3363999999999997,0.3072999999999997,0.27806249999999977,0.2507624999999998,0.2254124999999998,0.2026249999999998,0.1852124999999998,0.16892499999999985,0.15258749999999988,0.13702499999999987,0.12233749999999989,0.11352499999999989,0.1048374999999999,0.09837499999999991,0.09028749999999992,0.08524999999999992,0.07893749999999992,0.07372499999999993,0.06969999999999994,0.06587499999999995,0.06196249999999995,0.059987499999999944,0.05633749999999994,0.05451249999999996,0.05284999999999995,0.05103749999999996,0.050174999999999956,0.04877499999999996,0.04756249999999995,0.04676249999999996,0.04557499999999996,0.04474999999999996,0.04363749999999996,0.04323749999999996,0.04244999999999997,0.042024999999999965,0.04149999999999996,0.04112499999999996,0.040837499999999964,0.04084999999999996,0.04073749999999996,0.04062499999999997,0.04056249999999997,0.04054999999999996,0.04048749999999996,0.040449999999999965,0.040374999999999966
3.8500000000000005,0.0,0.0,7.501509678822857e-05,0.00037505438288551804,0.0010001000100009992,0.0019751234452153243,0.0034251370054802165,0.005637626846604044,0.009550107438708677,0.01583753959384897,0.025437499999999977,0.039762499999999965,0.05857499999999995,0.08601249999999992,0.11856249999999989,0.15458749999999985,0.2023499999999998,0.2598749999999998,0.3175874999999997,0.37381249999999966,0.4411374999999996,0.49959999999999954,0.5424624999999995,0.5729249999999995,0.5936999999999995,0.5921999999999995,0.5863374999999995,0.5681874999999995,0.5408999999999995,0.5038874999999996,0.47503749999999956,0.4464499999999996,0.40831249999999963,0.37436249999999965,0.3409374999999997,0.3099124999999997,0.2784624999999997,0.24901249999999978,0.22258749999999983,0.1985374999999998,0.18084999999999984,0.16283749999999986,0.14622499999999988,0.1295124999999999,0.1153499999999999,0.1050874999999999,0.0977624999999999,0.08847499999999993,0.08213749999999993,0.07452499999999994,0.06993749999999993,0.06427499999999994,0.059962499999999946,0.05667499999999995,0.053149999999999954,0.050887499999999954,0.04908749999999996,0.04674999999999995,0.04547499999999997,0.04273749999999996,0.040962499999999964,0.039137499999999964,0.03758749999999997,0.03606249999999997,0.03474999999999997,0.03362499999999997,0.03214999999999997,0.03182499999999997,0.03132499999999997,0.030899999999999973,0.030474999999999974,0.030149999999999972,0.030037499999999974,0.029724999999999974,0.029699999999999973,0.029562499999999974,0.029612499999999972,0.029599999999999974,0.02952499999999997,0.029412499999999973,0.02939999999999997,0.02939999999999997,0.029412499999999973
3.95,5.001925741410461e-05,0.00011253361941880177,0.0004375880645980019,0.0010376504593166047,0.0020127012701270197,0.0033502093880867674,0.005437717508700367,0.009150205879632325,0.014600164251847885,0.02377505943764868,0.03680000000000013,0.05375000000000019,0.08003750000000028,0.1113250000000004,0.1453125000000005,0.18871250000000064,0.24492500000000086,0.30021250000000105,0.35820000000000124,0.4258500000000015,0.4836375000000017,0.5283250000000019,0.558925000000002,0.579450000000002,0.5768500000000021,0.570925000000002,0.5506625000000019,0.5201750000000018,0.48393750000000174,0.4554125000000016,0.42571250000000155,0.3843750000000014,0.35096250000000123,0.31641250000000115,0.285087500000001,0.25412500000000093,0.2267500000000008,0.20001250000000073,0.17936250000000065,0.16157500000000058,0.1438375000000005,0.12647500000000045,0.1112375000000004,0.10092500000000036,0.09223750000000033,0.08403750000000029,0.07552500000000027,0.06918750000000025,0.06280000000000023,0.05808750000000021,0.05327500000000019,0.05040000000000018,0.04802500000000017,0.04521250000000016,0.042887500000000155,0.03970000000000014,0.037275000000000134,0.03506250000000012,0.032787500000000115,0.03117500000000011,0.029800000000000104,0.0287500000000001,0.0277250000000001,0.026600000000000096,0.02570000000000009,0.02497500000000009,0.024512500000000086,0.023900000000000088,0.02348750000000008,0.02313750000000008,0.022875000000000083,0.02251250000000008,0.022150000000000076,0.022387500000000077,0.022150000000000076,0.021950000000000077,0.02177500000000008,0.021675000000000076,0.021675000000000076,0.021662500000000078,0.021625000000000078,0.021625000000000078,0.021625000000000078
4.050000000000001,0.00030011554448462497,0.000637690510039871,0.001175236516348909,0.002125308169684593,0.0033503350335033328,0.005275329708106728,0.008500340013600498,0.013662807413166724,0.021750244690252652,0.033762584406460835,0.04868749999999974,0.0738874999999996,0.10196249999999946,0.13534999999999928,0.17434999999999906,0.22981249999999875,0.2824874999999985,0.3423374999999982,0.40443749999999784,0.4650249999999975,0.5128624999999972,0.5430999999999971,0.564362499999997,0.562962499999997,0.556987499999997,0.5371249999999972,0.5042124999999973,0.46789999999999754,0.4398249999999977,0.4045499999999978,0.36439999999999806,0.32946249999999827,0.29621249999999844,0.2639374999999986,0.23338749999999878,0.2057874999999989,0.18198749999999903,0.16322499999999912,0.1450749999999992,0.12609999999999932,0.10947499999999942,0.09872499999999947,0.08983749999999953,0.08091249999999957,0.07152499999999962,0.06467499999999965,0.058412499999999694,0.05303749999999972,0.049274999999999736,0.04636249999999975,0.04368749999999976,0.039999999999999786,0.0364374999999998,0.03384999999999982,0.030524999999999837,0.029087499999999846,0.02781249999999985,0.02603749999999986,0.02452499999999987,0.02349999999999987,0.02237499999999988,0.021349999999999886,0.020449999999999892,0.02036249999999989,0.019562499999999896,0.0193749999999999,0.019274999999999896,0.0186749999999999,0.018262499999999904,0.017887499999999903,0.017812499999999905,0.017837499999999906,0.017787499999999904,0.017462499999999905,0.017374999999999908,0.017324999999999906,0.017249999999999908,0.01723749999999991,0.01722499999999991,0.01722499999999991,0.017187499999999908,0.01713749999999991,0.017124999999999908
4.15,0.0009128514478074091,0.001412922110480511,0.002300462968172353,0.0034880057608353337,0.005200520052005219,0.008138008625539124,0.01305052202088088,0.020337957604046164,0.031325352410214724,0.04463761159402914,0.06760000000000024,0.09317500000000033,0.12772500000000045,0.1622250000000006,0.21427500000000077,0.26621250000000096,0.32370000000000115,0.3836750000000014,0.4454500000000016,0.49455000000000177,0.5270125000000019,0.5493875000000019,0.5504375000000019,0.544825000000002,0.5239125000000019,0.49117500000000175,0.4550000000000016,0.42481250000000154,0.3868375000000014,0.35002500000000125,0.3134000000000011,0.28012500000000096,0.24735000000000087,0.21697500000000075,0.18868750000000065,0.1677875000000006,0.14766250000000053,0.12883750000000047,0.1104375000000004,0.09923750000000034,0.08978750000000033,0.07963750000000028,0.06991250000000025,0.06227500000000022,0.0558500000000002,0.05008750000000018,0.04661250000000016,0.043150000000000154,0.03936250000000014,0.035462500000000126,0.03226250000000011,0.028987500000000103,0.027275000000000094,0.02522500000000009,0.023662500000000083,0.02200000000000008,0.020337500000000074,0.01972500000000007,0.019175000000000067,0.018412500000000064,0.01752500000000006,0.01700000000000006,0.016300000000000057,0.015250000000000055,0.015112500000000055,0.014800000000000053,0.01422500000000005,0.01436250000000005,0.01417500000000005,0.01413750000000005,0.01396250000000005,0.01385000000000005,0.01381250000000005,0.01380000000000005,0.01385000000000005,0.013687500000000049,0.013662500000000048,0.013600000000000048,0.013575000000000047,0.013537500000000048,0.013587500000000047,0.013600000000000048,0.013600000000000048
4.25,0.0017631788238471873,0.0025882732466324405,0.00362572967809773,0.005138245045531621,0.00790079007900793,0.012488280517532391,0.018850754030161274,0.02863814435824816,0.04126296420834749,0.06181265453163655,0.08677500000000031,0.11890000000000042,0.15053750000000052,0.1991125000000007,0.25136250000000093,0.3057750000000011,0.36213750000000133,0.4216250000000015,0.4740500000000017,0.5129000000000018,0.5332750000000019,0.5394375000000019,0.5320250000000019,0.5124125000000018,0.48063750000000166,0.4441750000000016,0.41233750000000147,0.3753000000000013,0.3375750000000012,0.29898750000000107,0.26496250000000093,0.23062500000000083,0.20232500000000073,0.1759250000000006,0.15545000000000053,0.1364375000000005,0.11667500000000042,0.10120000000000036,0.09055000000000032,0.07916250000000029,0.07022500000000025,0.062050000000000216,0.05503750000000019,0.048625000000000175,0.045262500000000164,0.04130000000000014,0.03688750000000013,0.032850000000000115,0.028862500000000103,0.026600000000000096,0.024025000000000088,0.02245000000000008,0.020412500000000073,0.019175000000000067,0.018537500000000064,0.01746250000000006,0.01666250000000006,0.015475000000000055,0.014512500000000053,0.01387500000000005,0.01377500000000005,0.013475000000000048,0.013262500000000049,0.013075000000000045,0.012750000000000046,0.012237500000000043,0.012037500000000043,0.011675000000000041,0.011437500000000041,0.011175000000000039,0.011037500000000039,0.01088750000000004,0.010750000000000039,0.010650000000000038,0.010612500000000039,0.010587500000000038,0.010550000000000037,0.010550000000000037,0.010475000000000036,0.010450000000000036,0.010387500000000036,0.010400000000000036,0.010400000000000036
4.35,0.002838592858250411,0.003776128118275315,0.005401086968752433,0.007888643853358695,0.012051205120511988,0.01801362585161563,0.026438557542301552,0.0379883547379814,0.05627563310087209,0.08036270090675184,0.10917499999999941,0.13943749999999924,0.181674999999999,0.23278749999999876,0.28598749999999845,0.3383624999999982,0.4002749999999979,0.4548124999999976,0.49474999999999736,0.5169499999999972,0.5288874999999972,0.5209874999999973,0.5027624999999973,0.47134999999999744,0.4356624999999977,0.4037874999999978,0.36657499999999804,0.32628749999999823,0.2888749999999985,0.25517499999999865,0.22003749999999883,0.19122499999999898,0.16619999999999913,0.14512499999999923,0.12534999999999932,0.10529999999999944,0.0930624999999995,0.08214999999999956,0.07231249999999961,0.06316249999999966,0.05544999999999971,0.04858749999999974,0.044649999999999766,0.04056249999999978,0.03567499999999981,0.03114999999999983,0.027224999999999853,0.02474999999999987,0.022612499999999883,0.02033749999999989,0.0188249999999999,0.017662499999999907,0.01677499999999991,0.01512499999999992,0.014087499999999925,0.013562499999999927,0.013149999999999929,0.012749999999999932,0.012424999999999934,0.011837499999999937,0.011162499999999942,0.010437499999999945,0.009887499999999948,0.009249999999999951,0.008637499999999954,0.008237499999999955,0.007974999999999958,0.007574999999999959,0.00744999999999996,0.00741249999999996,0.007199999999999962,0.007062499999999963,0.006874999999999964,0.0066624999999999645,0.006537499999999964,0.0065749999999999646,0.006562499999999965,0.0065124999999999645,0.0065124999999999645,0.0064874999999999655,0.0064874999999999655,0.006462499999999966,0.006462499999999966
4.45,0.004376685023734153,0.005789229532322802,0.008201650582179693,0.011889223937470977,0.01718921892189225,0.02470154384649049,0.03610144405776244,0.05202617058883843,0.0744133371500432,0.10065025162562943,0.12950000000000045,0.16670000000000057,0.21663750000000076,0.26411250000000097,0.3175250000000011,0.3778375000000013,0.4335875000000015,0.4747875000000017,0.5000875000000018,0.5155375000000019,0.5090750000000018,0.4929750000000018,0.4655750000000017,0.4281750000000015,0.39758750000000137,0.3595500000000013,0.3199250000000011,0.281787500000001,0.24682500000000088,0.21157500000000076,0.18182500000000065,0.15763750000000057,0.1359000000000005,0.11603750000000042,0.09846250000000034,0.08676250000000031,0.07532500000000027,0.06587500000000024,0.0572250000000002,0.05000000000000018,0.04418750000000016,0.04067500000000015,0.035537500000000125,0.030650000000000108,0.026600000000000096,0.023950000000000086,0.021175000000000076,0.018850000000000065,0.017687500000000064,0.01641250000000006,0.014787500000000052,0.01377500000000005,0.013050000000000046,0.012737500000000046,0.012050000000000043,0.011112500000000039,0.010387500000000036,0.009600000000000034,0.008537500000000031,0.007825000000000028,0.007250000000000026,0.006937500000000025,0.006312500000000023,0.006025000000000022,0.0058625000000000205,0.00561250000000002,0.005512500000000019,0.005400000000000019,0.005125000000000018,0.004750000000000017,0.004762500000000017,0.004612500000000017,0.004675000000000017,0.004750000000000017,0.004725000000000017,0.004612500000000017,0.004612500000000017,0.0045750000000000166,0.004562500000000016,0.004550000000000016,0.0045750000000000166,0.004600000000000016,0.004600000000000016
4.550000000000001,0.006264911991116547,0.008527547604846903,0.011802375228014575,0.016789934540508283,0.0237273727372736,0.034514657166072694,0.047814412576502804,0.06815153340950135,0.09055101869895987,0.11926279815699475,0.15217499999999917,0.19862499999999894,0.2459999999999987,0.2982499999999984,0.35414999999999813,0.41019999999999784,0.4552749999999976,0.4854249999999974,0.5062499999999973,0.4982124999999974,0.48833749999999737,0.4610749999999975,0.42288749999999775,0.3924499999999979,0.3557749999999981,0.31539999999999835,0.27621249999999853,0.24096249999999872,0.2049499999999989,0.17449999999999904,0.1509374999999992,0.12991249999999932,0.10857499999999942,0.09291249999999951,0.08136249999999956,0.07086249999999962,0.06014999999999968,0.052362499999999715,0.04482499999999976,0.041024999999999784,0.03677499999999981,0.03114999999999983,0.02643749999999986,0.02347499999999987,0.02062499999999989,0.018074999999999904,0.01698749999999991,0.015537499999999918,0.013824999999999928,0.012962499999999932,0.012499999999999935,0.011587499999999938,0.010724999999999943,0.009649999999999949,0.008412499999999956,0.00747499999999996,0.006849999999999964,0.0060749999999999684,0.005787499999999969,0.00547499999999997,0.005112499999999973,0.004549999999999976,0.004462499999999976,0.004324999999999976,0.0041499999999999775,0.0039749999999999786,0.003674999999999981,0.0034999999999999814,0.003487499999999981,0.0035124999999999813,0.003487499999999981,0.003412499999999982,0.0033999999999999816,0.003424999999999982,0.003362499999999982,0.0033874999999999817,0.0033374999999999824,0.0033249999999999825,0.0033249999999999825,0.0033374999999999824,0.0033249999999999825,0.0033249999999999825,0.0033374999999999824
4.65,0.009578687794801033,0.012403705607050149,0.0167908791644319,0.023078346360222313,0.03269076907690781,0.043502718919932654,0.06259000360014422,0.08338937626096617,0.11266376746738441,0.14085035212588082,0.18470000000000064,0.23071250000000085,0.279962500000001,0.33067500000000116,0.3854000000000014,0.4341875000000015,0.4703125000000017,0.48952500000000176,0.48902500000000176,0.4821125000000017,0.45673750000000163,0.41966250000000144,0.38780000000000137,0.3559500000000012,0.31291250000000115,0.273325000000001,0.23712500000000084,0.20085000000000072,0.16943750000000063,0.14601250000000052,0.12515000000000043,0.10301250000000037,0.08863750000000031,0.07608750000000027,0.06547500000000024,0.0556125000000002,0.04835000000000017,0.04213750000000015,0.03805000000000014,0.03277500000000012,0.027200000000000096,0.023887500000000086,0.021062500000000074,0.018100000000000064,0.01672500000000006,0.015062500000000055,0.013125000000000048,0.012412500000000043,0.011800000000000041,0.01057500000000004,0.009562500000000035,0.008162500000000029,0.006975000000000025,0.006100000000000021,0.005687500000000021,0.00528750000000002,0.004612500000000017,0.0043875000000000155,0.004162500000000015,0.0037875000000000135,0.003425000000000012,0.0034375000000000117,0.0032875000000000118,0.0030250000000000108,0.00292500000000001,0.0027875000000000096,0.0027000000000000097,0.002600000000000009,0.002537500000000009,0.002562500000000009,0.002487500000000009,0.002575000000000009,0.0025125000000000087,0.0024500000000000086,0.0024500000000000086,0.0023875000000000085,0.0023750000000000086,0.0024250000000000083,0.0024250000000000083,0.0024250000000000083,0.0024125000000000084,0.0023875000000000085,0.0023750000000000086
4.75,0.013730286160171593,0.017242651242058475,0.022854599488146866,0.031667091728300435,0.04096659665966575,0.05844115257203544,0.07739059562382454,0.10366483245872977,0.12873894831316784,0.16758791896979652,0.21227499999999888,0.2591749999999986,0.30579999999999835,0.363562499999998,0.4149624999999978,0.4510874999999976,0.47174999999999745,0.48467499999999747,0.47751249999999745,0.4573499999999976,0.42048749999999774,0.388324999999998,0.3567749999999981,0.31102499999999833,0.27298749999999855,0.23601249999999874,0.19831249999999895,0.1672624999999991,0.14321249999999924,0.12177499999999934,0.09847499999999947,0.08467499999999954,0.07229999999999961,0.06203749999999967,0.05282499999999972,0.04494999999999976,0.040187499999999786,0.035312499999999816,0.029562499999999842,0.024824999999999868,0.02183749999999988,0.0187874999999999,0.01677499999999991,0.01512499999999992,0.012924999999999931,0.012162499999999934,0.011649999999999938,0.010199999999999945,0.008774999999999953,0.00736249999999996,0.006324999999999966,0.00562499999999997,0.005112499999999973,0.004474999999999976,0.0041499999999999775,0.003662499999999981,0.0033749999999999817,0.003237499999999983,0.0029124999999999845,0.002687499999999986,0.0025249999999999865,0.002399999999999987,0.0023624999999999874,0.0023374999999999876,0.0023374999999999876,0.0021999999999999884,0.002174999999999988,0.0021874999999999885,0.002087499999999989,0.0019999999999999896,0.0019249999999999899,0.00187499999999999,0.00187499999999999,0.0017874999999999903,0.0017374999999999906,0.0017874999999999903,0.0017749999999999906,0.0017374999999999906,0.0017374999999999906,0.0017249999999999909,0.0017374999999999906,0.0017499999999999907,0.0017499999999999907
4.8500000000000005,0.018569649314986336,0.02331946669067392,0.031243787812297336,0.03946822289231953,0.054542954295429734,0.07276704794049653,0.09577883115324648,0.11984019640441952,0.1525392160661813,0.19568798921997374,0.23830000000000084,0.28542500000000104,0.33915000000000123,0.3918125000000014,0.4301625000000015,0.45800000000000163,0.4726000000000017,0.4677125000000017,0.4512250000000016,0.4215125000000015,0.3868875000000014,0.35422500000000123,0.3107375000000011,0.274162500000001,0.23637500000000083,0.1985750000000007,0.16707500000000058,0.1410500000000005,0.11928750000000042,0.09580000000000034,0.08157500000000029,0.06985000000000025,0.05888750000000021,0.050050000000000185,0.04201250000000015,0.03763750000000013,0.03256250000000011,0.026762500000000095,0.02280000000000008,0.01970000000000007,0.01685000000000006,0.015350000000000055,0.013200000000000049,0.012037500000000043,0.011300000000000041,0.009975000000000036,0.00828750000000003,0.006675000000000024,0.005725000000000021,0.005150000000000018,0.004275000000000016,0.004112500000000015,0.0034375000000000117,0.0032875000000000118,0.00292500000000001,0.0026500000000000096,0.0024125000000000084,0.0023375000000000084,0.0023750000000000086,0.002200000000000008,0.0021625000000000077,0.0019250000000000068,0.0017375000000000062,0.0016000000000000057,0.0014375000000000052,0.001450000000000005,0.0013500000000000048,0.0013125000000000046,0.0013125000000000046,0.0012875000000000046,0.0012375000000000044,0.0012000000000000042,0.001162500000000004,0.0011750000000000042,0.001162500000000004,0.001150000000000004,0.001162500000000004,0.001150000000000004,0.001125000000000004,0.001125000000000004,0.001112500000000004,0.001100000000000004,0.001100000000000004
4.95,0.025234715365415775,0.03174698441159308,0.03835771949104771,0.05200754109345873,0.06920692069206945,0.08919307456716076,0.11231699267970759,0.1395281393831366,0.17992702417902268,0.22092555231388158,0.2688750000000009,0.31617500000000115,0.36747500000000133,0.40965000000000146,0.4449250000000016,0.4616250000000017,0.4603250000000016,0.4490875000000016,0.42400000000000154,0.3857625000000014,0.3556875000000012,0.3144750000000011,0.276187500000001,0.23688750000000083,0.20072500000000074,0.1678000000000006,0.1407000000000005,0.11777500000000042,0.09446250000000032,0.07971250000000028,0.06808750000000025,0.0563375000000002,0.04838750000000017,0.04068750000000015,0.03638750000000013,0.03022500000000011,0.024612500000000086,0.02115000000000008,0.018237500000000063,0.016187500000000056,0.01418750000000005,0.012087500000000043,0.011312500000000041,0.010125000000000037,0.008650000000000031,0.006687500000000024,0.0055875000000000195,0.004975000000000018,0.004162500000000015,0.003675000000000013,0.003300000000000012,0.00290000000000001,0.002600000000000009,0.0023375000000000084,0.002250000000000008,0.002200000000000008,0.0021000000000000072,0.0017750000000000062,0.0015125000000000054,0.0014125000000000051,0.0012750000000000046,0.0012625000000000045,0.001162500000000004,0.001137500000000004,0.001100000000000004,0.001100000000000004,0.0010625000000000038,0.0009750000000000034,0.0009000000000000032,0.0008750000000000032,0.0008125000000000029,0.0007875000000000028,0.0007875000000000028,0.0007875000000000028,0.0008125000000000029,0.0007875000000000028,0.0007875000000000028,0.0007875000000000028,0.0007875000000000028,0.0007875000000000028,0.0007875000000000028,0.0007875000000000028,0.0007875000000000028
5.050000000000001,0.032162382517268974,0.0386365426671216,0.050647692848185426,0.06674717834085907,0.08319581958195776,0.10583161447590418,0.12993019720788762,0.16615373845911446,0.20736483285436852,0.25028812572031295,0.29144999999999843,0.3448624999999982,0.3925499999999979,0.42556249999999773,0.44372499999999765,0.4552124999999976,0.4488874999999976,0.42796249999999775,0.39161249999999787,0.3571624999999981,0.3203624999999983,0.2818124999999985,0.24104999999999874,0.2052124999999989,0.17039999999999908,0.14271249999999924,0.11804999999999936,0.09521249999999949,0.07941249999999957,0.06704999999999965,0.05518749999999971,0.047099999999999746,0.03934999999999979,0.03434999999999982,0.02817499999999985,0.02347499999999987,0.020149999999999894,0.01658749999999991,0.01502499999999992,0.012574999999999933,0.011499999999999939,0.010624999999999944,0.009074999999999951,0.006974999999999962,0.0056874999999999695,0.004849999999999974,0.004112499999999978,0.003437499999999982,0.0031374999999999836,0.0027249999999999852,0.002299999999999988,0.002174999999999988,0.002162499999999988,0.0019249999999999899,0.0016249999999999915,0.0013999999999999926,0.0012374999999999934,0.0011624999999999938,0.001087499999999994,0.0010999999999999942,0.0010124999999999945,0.0008749999999999954,0.0007624999999999959,0.0006874999999999963,0.0006499999999999966,0.0005874999999999969,0.0005374999999999972,0.0004624999999999975,0.0004499999999999976,0.0004249999999999977,0.0004374999999999977,0.0004624999999999975,0.0004499999999999976,0.0004499999999999976,0.0004374999999999977,0.0004249999999999977,0.0004249999999999977,0.0004124999999999978,0.0004124999999999978,0.0004124999999999978,0.0004124999999999978,0.0004249999999999977,0.0004249999999999977
5.15,0.04165353661159561,0.05062762500296982,0.06516311407670816,0.07831135514649652,0.10071007100710107,0.12075754734670961,0.1526436057442303,0.19137930603438646,0.2281900671382561,0.27188817972045026,0.3228750000000012,0.3699875000000013,0.40556250000000144,0.4311625000000015,0.4463250000000016,0.4397125000000015,0.42471250000000155,0.39537500000000136,0.3610375000000013,0.33060000000000117,0.286412500000001,0.24583750000000087,0.21062500000000076,0.1746250000000006,0.14348750000000052,0.11957500000000042,0.09691250000000035,0.07938750000000028,0.06607500000000023,0.05446250000000019,0.046187500000000166,0.038412500000000134,0.03302500000000012,0.027212500000000094,0.022650000000000083,0.018762500000000067,0.015637500000000054,0.01423750000000005,0.01158750000000004,0.011200000000000042,0.009662500000000034,0.007912500000000029,0.006087500000000022,0.005100000000000019,0.004150000000000015,0.0035500000000000123,0.003075000000000011,0.0027250000000000095,0.002212500000000008,0.0021875000000000076,0.0020250000000000073,0.001700000000000006,0.001375000000000005,0.0012250000000000043,0.001100000000000004,0.0010500000000000036,0.0009750000000000034,0.0008000000000000029,0.0007000000000000026,0.0006000000000000021,0.0005000000000000017,0.0004125000000000015,0.0004250000000000015,0.0004125000000000015,0.00038750000000000134,0.00038750000000000134,0.0004250000000000015,0.0004375000000000016,0.0004250000000000015,0.0004125000000000015,0.0004250000000000015,0.0004125000000000015,0.00040000000000000143,0.00038750000000000134,0.00040000000000000143,0.0004250000000000015,0.0004250000000000015,0.0004375000000000016,0.0004500000000000016,0.00046250000000000165,0.00046250000000000165,0.0004500000000000016,0.0004500000000000016
5.25,0.0529203743441222,0.06474434237228337,0.07570273517545366,0.09652649634196908,0.1141989198919886,0.1410338146134126,0.17526951078043027,0.2125297819200921,0.25527787187605727,0.29906324765811754,0.34551249999999817,0.38563749999999797,0.41859999999999775,0.43407499999999766,0.43336249999999765,0.42446249999999774,0.4008374999999979,0.36373749999999805,0.33373749999999824,0.29084999999999844,0.2528999999999987,0.21577499999999883,0.17834999999999906,0.1465749999999992,0.12283749999999935,0.09841249999999947,0.07964999999999957,0.06617499999999965,0.05497499999999971,0.04552499999999975,0.0376624999999998,0.03237499999999983,0.02619999999999986,0.021474999999999887,0.017762499999999903,0.015374999999999918,0.013574999999999927,0.01112499999999994,0.010512499999999944,0.008774999999999953,0.006787499999999964,0.005287499999999972,0.004487499999999976,0.0038374999999999794,0.0030874999999999835,0.0027249999999999852,0.002162499999999988,0.0021499999999999887,0.0019249999999999899,0.0015374999999999918,0.0012624999999999932,0.0010999999999999942,0.0010624999999999942,0.000924999999999995,0.000749999999999996,0.0006499999999999966,0.0004999999999999974,0.0004249999999999977,0.0004124999999999978,0.000374999999999998,0.0004124999999999978,0.0004124999999999978,0.0004249999999999977,0.0004374999999999977,0.0003874999999999979,0.0003124999999999983,0.0003124999999999983,0.00033749999999999823,0.0003124999999999983,0.0002999999999999984,0.0002999999999999984,0.00027499999999999855,0.00026249999999999863,0.00026249999999999863,0.00023749999999999873,0.00021249999999999885,0.00019999999999999893,0.000187499999999999,0.00017499999999999908,0.00016249999999999915,0.00016249999999999915,0.00016249999999999915,0.00016249999999999915
5.3500000000000005,0.06495000575221482,0.0750474204168498,0.09325626782389988,0.1084657275304923,0.1309130913091314,0.1647602975185955,0.2011330453218136,0.23888037480843402,0.27635310897247695,0.32457581143952974,0.3702000000000013,0.4003750000000015,0.41751250000000145,0.4299875000000015,0.42473750000000154,0.40506250000000144,0.3710125000000013,0.33897500000000125,0.3027625000000011,0.26276250000000095,0.2221250000000008,0.18507500000000066,0.15255000000000055,0.12662500000000046,0.10290000000000037,0.08103750000000029,0.06762500000000024,0.0556000000000002,0.04490000000000016,0.037087500000000134,0.031837500000000116,0.02551250000000009,0.020812500000000074,0.01722500000000006,0.015112500000000055,0.012650000000000045,0.010837500000000038,0.010012500000000035,0.00832500000000003,0.006025000000000022,0.0050000000000000175,0.004025000000000014,0.0031875000000000115,0.0028125000000000103,0.0023375000000000084,0.0020875000000000073,0.0019125000000000069,0.001462500000000005,0.0011750000000000042,0.0010250000000000038,0.0010375000000000037,0.0008000000000000029,0.0006000000000000021,0.0004750000000000017,0.0004250000000000015,0.00037500000000000136,0.00040000000000000143,0.0004125000000000015,0.00038750000000000134,0.00037500000000000136,0.0003250000000000011,0.0003125000000000011,0.0002625000000000009,0.00016250000000000056,0.00017500000000000065,0.00018750000000000068,0.00017500000000000065,0.00015000000000000053,0.00017500000000000065,0.00020000000000000071,0.00018750000000000068,0.00020000000000000071,0.00020000000000000071,0.00020000000000000071,0.00021250000000000075,0.00021250000000000075,0.00021250000000000075,0.00021250000000000075,0.00021250000000000075,0.00021250000000000075,0.00021250000000000075,0.00021250000000000075,0.00021250000000000075
5.45,0.0777049163928115,0.09182743344574225,0.10494612040673222,0.12485560406258951,0.15561556155615616,0.18723670229389403,0.21988379535181485,0.2585558175058948,0.30414092158536893,0.34760086900217374,0.3811625000000014,0.40543750000000145,0.42268750000000155,0.41565000000000146,0.40517500000000145,0.3782125000000013,0.34533750000000124,0.3137375000000011,0.27171250000000097,0.23138750000000083,0.1940125000000007,0.15965000000000057,0.13125000000000048,0.10705000000000038,0.08343750000000029,0.07003750000000025,0.0566375000000002,0.04558750000000016,0.037087500000000134,0.031912500000000114,0.025500000000000092,0.020537500000000073,0.016862500000000058,0.014587500000000052,0.01183750000000004,0.010600000000000038,0.009375000000000033,0.007600000000000027,0.005662500000000021,0.004612500000000017,0.003675000000000013,0.0029750000000000106,0.002575000000000009,0.002000000000000007,0.001937500000000007,0.0015750000000000056,0.0012250000000000043,0.0010125000000000036,0.0010125000000000036,0.0007125000000000025,0.000550000000000002,0.00040000000000000143,0.00038750000000000134,0.00040000000000000143,0.00040000000000000143,0.00038750000000000134,0.00030000000000000106,0.00030000000000000106,0.00023750000000000084,0.00017500000000000065,0.00016250000000000056,0.00016250000000000056,0.00020000000000000071,0.00021250000000000075,0.00018750000000000068,0.00017500000000000065,0.00017500000000000065,0.00016250000000000056,0.0001375000000000005,0.0001375000000000005,0.0001375000000000005,0.00012500000000000044,0.0001375000000000005,0.0001375000000000005,0.0001375000000000005,0.0001375000000000005,0.0001375000000000005,0.0001375000000000005,0.0001375000000000005,0.0001375000000000005,0.0001375000000000005,0.0001375000000000005,0.0001375000000000005
5.550000000000001,0.09273570324574912,0.10306829165213052,0.121399431635616,0.14710883078046239,0.17680518051805086,0.20640040002500046,0.24423476939077432,0.28235635301794143,0.3261786695100302,0.36226340565851217,0.39134999999999787,0.4093499999999978,0.4116999999999978,0.4056874999999978,0.38266249999999796,0.3477374999999982,0.3184749999999983,0.2801999999999985,0.24104999999999874,0.2045749999999989,0.1676999999999991,0.13501249999999929,0.1109624999999994,0.08784999999999953,0.07157499999999961,0.05806249999999969,0.046524999999999754,0.0373624999999998,0.032387499999999826,0.025637499999999865,0.02046249999999989,0.016487499999999912,0.014349999999999922,0.011574999999999938,0.010412499999999946,0.008974999999999952,0.007037499999999962,0.005324999999999971,0.004099999999999979,0.0033749999999999817,0.002812499999999985,0.002287499999999988,0.002024999999999989,0.0017624999999999906,0.0013249999999999929,0.0010374999999999944,0.0009999999999999948,0.0007249999999999962,0.0005124999999999973,0.0004249999999999977,0.00034999999999999815,0.00039999999999999785,0.00039999999999999785,0.0002874999999999985,0.00027499999999999855,0.00016249999999999915,0.00017499999999999908,0.00016249999999999915,0.000187499999999999,0.000187499999999999,0.00016249999999999915,0.0001499999999999992,0.00012499999999999935,0.00013749999999999928,0.0001499999999999992,0.00016249999999999915,0.00012499999999999935,0.0001124999999999994,0.0001124999999999994,0.00012499999999999935,0.0001124999999999994,0.0001124999999999994,9.999999999999946e-05,8.749999999999954e-05,7.49999999999996e-05,7.49999999999996e-05,8.749999999999954e-05,8.749999999999954e-05,8.749999999999954e-05,8.749999999999954e-05,8.749999999999954e-05,8.749999999999954e-05,8.749999999999954e-05
5.65,0.10410257949310521,0.11889802078370955,0.1402532259617253,0.16629911337143943,0.19424442444244494,0.23066441652603373,0.26239799591983776,0.3059318834673791,0.3455038869187291,0.3749134372835945,0.3943375000000014,0.40631250000000146,0.39988750000000145,0.38630000000000136,0.3584250000000013,0.3279500000000012,0.2961250000000011,0.2540625000000009,0.21398750000000077,0.17647500000000063,0.14248750000000052,0.11752500000000042,0.09375000000000033,0.07423750000000026,0.060537500000000216,0.04783750000000017,0.03848750000000014,0.03268750000000012,0.026300000000000094,0.020637500000000072,0.01653750000000006,0.014437500000000053,0.011425000000000041,0.010250000000000037,0.008712500000000031,0.006625000000000024,0.004950000000000018,0.0038375000000000136,0.0030500000000000106,0.002612500000000009,0.001987500000000007,0.002000000000000007,0.0015250000000000053,0.001075000000000004,0.0009625000000000034,0.0007875000000000028,0.000575000000000002,0.0004125000000000015,0.0003625000000000013,0.00040000000000000143,0.00038750000000000134,0.000287500000000001,0.00018750000000000068,0.00018750000000000068,0.00017500000000000065,0.00021250000000000075,0.00017500000000000065,0.00015000000000000053,0.0001375000000000005,0.00015000000000000053,0.00015000000000000053,0.0001125000000000004,0.0001125000000000004,7.500000000000026e-05,7.500000000000026e-05,5.000000000000018e-05,7.500000000000026e-05,8.750000000000032e-05,8.750000000000032e-05,5.000000000000018e-05,5.000000000000018e-05,5.000000000000018e-05,6.250000000000022e-05,6.250000000000022e-05,6.250000000000022e-05,6.250000000000022e-05,5.000000000000018e-05,5.000000000000018e-05,5.000000000000018e-05,5.000000000000018e-05,5.000000000000018e-05,5.000000000000018e-05,5.000000000000018e-05
5.75,0.1183205534130634,0.13695341483268053,0.1593945781588536,0.187877242200118,0.21767176717671652,0.2468779298706156,0.2881490259610369,0.32538232110222304,0.35755402248275103,0.3834134585336443,0.3984624999999979,0.3954999999999979,0.38723749999999796,0.365299999999998,0.3306749999999983,0.3029374999999984,0.2624624999999986,0.2269499999999988,0.190399999999999,0.1532624999999992,0.12457499999999934,0.09992499999999947,0.07741249999999959,0.06372499999999966,0.05134999999999973,0.04136249999999978,0.03369999999999982,0.027387499999999853,0.02062499999999989,0.01708749999999991,0.013974999999999925,0.01124999999999994,0.010049999999999946,0.008512499999999954,0.006349999999999966,0.004849999999999974,0.0038124999999999795,0.0028749999999999848,0.0025124999999999865,0.00188749999999999,0.0018124999999999903,0.0012499999999999933,0.0010124999999999945,0.0009624999999999949,0.0006499999999999966,0.0004249999999999977,0.0003249999999999983,0.0003874999999999979,0.000374999999999998,0.0003124999999999983,0.00016249999999999915,0.00017499999999999908,0.00019999999999999893,0.00016249999999999915,0.00013749999999999928,0.00012499999999999935,0.00016249999999999915,0.0001124999999999994,9.999999999999946e-05,7.49999999999996e-05,4.999999999999973e-05,8.749999999999954e-05,4.999999999999973e-05,6.249999999999968e-05,6.249999999999968e-05,6.249999999999968e-05,3.74999999999998e-05,4.999999999999973e-05,4.999999999999973e-05,4.999999999999973e-05,6.249999999999968e-05,7.49999999999996e-05,6.249999999999968e-05,6.249999999999968e-05,6.249999999999968e-05,6.249999999999968e-05,6.249999999999968e-05,6.249999999999968e-05,6.249999999999968e-05,6.249999999999968e-05,6.249999999999968e-05,6.249999999999968e-05,6.249999999999968e-05
5.8500000000000005,0.1391035548686249,0.15552146203678405,0.18143651409846298,0.20385455891104282,0.23361086108610946,0.26977936121007656,0.3077623104924208,0.34078266761002246,0.36799163990595024,0.3850259625649078,0.3924375000000014,0.3897125000000014,0.3720875000000013,0.34041250000000123,0.3115500000000011,0.277612500000001,0.23875000000000085,0.19991250000000071,0.16290000000000057,0.13108750000000047,0.10598750000000039,0.08297500000000028,0.06675000000000024,0.05386250000000019,0.04248750000000016,0.03412500000000012,0.0283875000000001,0.021600000000000077,0.017737500000000062,0.013725000000000048,0.011675000000000041,0.009862500000000034,0.00845000000000003,0.006275000000000023,0.004725000000000017,0.0035875000000000126,0.0027750000000000097,0.002275000000000008,0.0019000000000000067,0.001675000000000006,0.0012375000000000044,0.0009625000000000034,0.0008125000000000029,0.000537500000000002,0.0003500000000000013,0.00038750000000000134,0.0003500000000000013,0.000287500000000001,0.00016250000000000056,0.0001375000000000005,0.00020000000000000071,0.0001375000000000005,0.00012500000000000044,0.00015000000000000053,0.0001125000000000004,8.750000000000032e-05,5.000000000000018e-05,7.500000000000026e-05,5.000000000000018e-05,5.000000000000018e-05,6.250000000000022e-05,5.000000000000018e-05,6.250000000000022e-05,6.250000000000022e-05,5.000000000000018e-05,7.500000000000026e-05,7.500000000000026e-05,6.250000000000022e-05,6.250000000000022e-05,6.250000000000022e-05,5.000000000000018e-05,3.750000000000013e-05,3.750000000000013e-05,3.750000000000013e-05,5.000000000000018e-05,5.000000000000018e-05,5.000000000000018e-05,5.000000000000018e-05,5.000000000000018e-05,5.000000000000018e-05,5.000000000000018e-05,5.000000000000018e-05,5.000000000000018e-05
5.95,0.15487212576842138,0.1766027600745729,0.19573939255275194,0.22639532732246256,0.25530053005300624,0.2911181948871815,0.32418796751870194,0.3539829646167051,0.3719916849064565,0.38711346778367084,0.3810750000000014,0.3703750000000013,0.34770000000000123,0.31775000000000114,0.288700000000001,0.2503125000000009,0.21365000000000076,0.1771500000000006,0.1433000000000005,0.1149250000000004,0.09133750000000032,0.07052500000000025,0.0574375000000002,0.04441250000000015,0.03557500000000013,0.029700000000000105,0.02276250000000008,0.018087500000000065,0.01382500000000005,0.012062500000000044,0.009700000000000033,0.00851250000000003,0.006400000000000023,0.004712500000000016,0.0035375000000000124,0.0027625000000000097,0.002262500000000008,0.0019250000000000068,0.0015250000000000053,0.001075000000000004,0.0009000000000000032,0.0007250000000000026,0.0004375000000000016,0.0003250000000000011,0.00038750000000000134,0.000287500000000001,0.00023750000000000084,0.0001375000000000005,0.00018750000000000068,0.0001375000000000005,0.0001125000000000004,0.00016250000000000056,0.0001125000000000004,7.500000000000026e-05,7.500000000000026e-05,5.000000000000018e-05,6.250000000000022e-05,5.000000000000018e-05,6.250000000000022e-05,6.250000000000022e-05,7.500000000000026e-05,6.250000000000022e-05,5.000000000000018e-05,3.750000000000013e-05,6.250000000000022e-05,3.750000000000013e-05,3.750000000000013e-05,2.500000000000009e-05,2.500000000000009e-05,2.500000000000009e-05,2.500000000000009e-05,2.500000000000009e-05,2.500000000000009e-05,2.500000000000009e-05,1.2500000000000045e-05,1.2500000000000045e-05,1.2500000000000045e-05,1.2500000000000045e-05,1.2500000000000045e-05,1.2500000000000045e-05,1.2500000000000045e-05,1.2500000000000045e-05,1.2500000000000045e-05
6.050000000000001,0.17689310384497936,0.19099455962468687,0.21806888636337945,0.24219761865470366,0.2752525252525238,0.30809425589099154,0.3375885035401398,0.3607206162138629,0.37639173440701,0.3779634449086102,0.373374999999998,0.3554749999999981,0.3243374999999983,0.29527499999999846,0.26304999999999856,0.2260874999999988,0.18967499999999898,0.15394999999999917,0.12248749999999935,0.09901249999999948,0.0756499999999996,0.061474999999999676,0.048774999999999735,0.038599999999999794,0.031162499999999833,0.024587499999999866,0.0187999999999999,0.014474999999999922,0.012724999999999933,0.009749999999999948,0.008774999999999953,0.0066624999999999645,0.004587499999999975,0.003537499999999981,0.002737499999999985,0.0021999999999999884,0.00184999999999999,0.0014124999999999925,0.0009749999999999948,0.000924999999999995,0.0006124999999999967,0.0003624999999999981,0.0003249999999999983,0.0003249999999999983,0.0002874999999999985,0.00016249999999999915,0.00017499999999999908,0.00016249999999999915,0.00012499999999999935,0.0001499999999999992,0.0001124999999999994,4.999999999999973e-05,4.999999999999973e-05,4.999999999999973e-05,3.74999999999998e-05,6.249999999999968e-05,4.999999999999973e-05,6.249999999999968e-05,4.999999999999973e-05,4.999999999999973e-05,3.74999999999998e-05,2.4999999999999866e-05,2.4999999999999866e-05,2.4999999999999866e-05,0.0,0.0,0.0,0.0,0.0,0.0,0.0,0.0,0.0,0.0,0.0,0.0,0.0,0.0,0.0,0.0,0.0,0.0,0.0
6.15,0.1896230048568706,0.21285108926291807,0.2314965886884744,0.2626255807092038,0.2941419141914202,0.3239452465779123,0.34702638105524347,0.3620456460270369,0.37342920107851346,0.3678384195960503,0.3578250000000012,0.33311250000000114,0.3049375000000011,0.278462500000001,0.23957500000000084,0.2021875000000007,0.1667875000000006,0.13432500000000047,0.10856250000000038,0.08385000000000029,0.06575000000000024,0.05185000000000018,0.040587500000000144,0.032400000000000116,0.026675000000000094,0.01973750000000007,0.015400000000000054,0.012737500000000046,0.009675000000000034,0.008912500000000032,0.006912500000000025,0.0047875000000000174,0.0036875000000000132,0.0026500000000000096,0.0021750000000000077,0.0018250000000000065,0.0014000000000000052,0.0010000000000000035,0.0009000000000000032,0.000550000000000002,0.00037500000000000136,0.00038750000000000134,0.0003500000000000013,0.00023750000000000084,0.0001125000000000004,0.00020000000000000071,0.0001125000000000004,0.00015000000000000053,8.750000000000032e-05,5.000000000000018e-05,5.000000000000018e-05,5.000000000000018e-05,5.000000000000018e-05,6.250000000000022e-05,7.500000000000026e-05,5.000000000000018e-05,5.000000000000018e-05,3.750000000000013e-05,2.500000000000009e-05,1.2500000000000045e-05,0.0,0.0,0.0,0.0,0.0,0.0,0.0,0.0,0.0,0.0,0.0,0.0,0.0,0.0,0.0,0.0,0.0,0.0,0.0,0.0,0.0,0.0,0.0
6.25,0.21089369407221667,0.22550486957978577,0.2523382830794684,0.2800531077006151,0.30890589058905726,0.33332083255203276,0.3529766190647607,0.36544572252875496,0.3660416179682002,0.35821339553348697,0.3401249999999982,0.3103374999999984,0.28321249999999853,0.25062499999999865,0.21477499999999888,0.18176249999999902,0.14721249999999922,0.11693749999999938,0.09292499999999951,0.07044999999999962,0.0566749999999997,0.043524999999999765,0.03423749999999982,0.028374999999999848,0.021262499999999886,0.01674999999999991,0.012899999999999932,0.010387499999999945,0.009199999999999951,0.007199999999999962,0.004724999999999975,0.0035124999999999813,0.0025999999999999864,0.002174999999999988,0.0018124999999999903,0.0013749999999999925,0.0009624999999999949,0.0008499999999999954,0.0004999999999999974,0.0003249999999999983,0.0003624999999999981,0.00027499999999999855,0.00016249999999999915,0.0001499999999999992,0.00016249999999999915,0.0001124999999999994,0.0001124999999999994,7.49999999999996e-05,7.49999999999996e-05,4.999999999999973e-05,4.999999999999973e-05,6.249999999999968e-05,4.999999999999973e-05,3.74999999999998e-05,3.74999999999998e-05,2.4999999999999866e-05,1.2499999999999933e-05,0.0,0.0,0.0,0.0,0.0,0.0,0.0,0.0,0.0,0.0,0.0,0.0,0.0,0.0,0.0,0.0,0.0,0.0,0.0,0.0,0.0,0.0,0.0,0.0,0.0,0.0
6.3500000000000005,0.22307338325255302,0.24383534580956148,0.2703794138570397,0.2974056238154543,0.3209820982098221,0.3411713232077017,0.3544016760670439,0.36233315249593245,0.35606650574819093,0.34491336228340697,0.32067500000000115,0.29313750000000105,0.26741250000000094,0.2299250000000008,0.19470000000000068,0.15956250000000055,0.12720000000000045,0.10245000000000036,0.07875000000000028,0.06151250000000022,0.048437500000000175,0.037975000000000134,0.030362500000000108,0.023850000000000086,0.018062500000000065,0.013750000000000047,0.01153750000000004,0.009187500000000032,0.007525000000000027,0.005075000000000018,0.003812500000000014,0.0027875000000000096,0.002300000000000008,0.0018250000000000065,0.0013500000000000048,0.0009375000000000032,0.0008125000000000029,0.0004875000000000017,0.0003250000000000011,0.0003500000000000013,0.00025000000000000087,0.00016250000000000056,0.00017500000000000065,0.00015000000000000053,0.00015000000000000053,0.00010000000000000036,6.250000000000022e-05,5.000000000000018e-05,5.000000000000018e-05,6.250000000000022e-05,6.250000000000022e-05,5.000000000000018e-05,3.750000000000013e-05,2.500000000000009e-05,0.0,0.0,0.0,0.0,0.0,0.0,0.0,0.0,0.0,0.0,0.0,0.0,0.0,0.0,0.0,0.0,0.0,0.0,0.0,0.0,0.0,0.0,0.0,0.0,0.0,0.0,0.0,0.0,0.0
6.45,0.24145546035223647,0.26304108352370364,0.28544494579534235,0.3090823169359568,0.32942044204420556,0.3434839677479855,0.356139245569824,0.35130790442785087,0.3454913867781025,0.32862582156455505,0.29778750000000104,0.273512500000001,0.24013750000000084,0.20596250000000071,0.17425000000000063,0.14026250000000048,0.1125250000000004,0.0892000000000003,0.06660000000000024,0.05368750000000019,0.04016250000000014,0.03188750000000012,0.02601250000000009,0.01927500000000007,0.014750000000000053,0.01176250000000004,0.009075000000000033,0.008037500000000029,0.00576250000000002,0.0040500000000000145,0.00292500000000001,0.002300000000000008,0.0017250000000000063,0.0013875000000000048,0.0009375000000000032,0.000825000000000003,0.0004875000000000017,0.000287500000000001,0.0003375000000000012,0.000275000000000001,0.00016250000000000056,0.00017500000000000065,0.00010000000000000036,0.00012500000000000044,6.250000000000022e-05,5.000000000000018e-05,5.000000000000018e-05,6.250000000000022e-05,5.000000000000018e-05,3.750000000000013e-05,2.500000000000009e-05,1.2500000000000045e-05,0.0,0.0,0.0,0.0,0.0,0.0,0.0,0.0,0.0,0.0,0.0,0.0,0.0,0.0,0.0,0.0,0.0,0.0,0.0,0.0,0.0,0.0,0.0,0.0,0.0,0.0,0.0,0.0,0.0,0.0,0.0
6.550000000000001,0.2597875181945035,0.2782581296162214,0.30034794502393447,0.31948382515464574,0.33894639463946213,0.3473342083880224,0.3501015040601605,0.3479703293324082,0.3327787437608656,0.3088507721269287,0.28364999999999846,0.2574624999999986,0.22181249999999883,0.18804999999999897,0.15371249999999917,0.12229999999999934,0.09784999999999948,0.0754249999999996,0.05933749999999968,0.045899999999999753,0.035912499999999806,0.02851249999999985,0.021487499999999885,0.016362499999999915,0.012424999999999934,0.010087499999999947,0.008687499999999954,0.006587499999999965,0.004337499999999977,0.003162499999999983,0.002299999999999988,0.0016124999999999915,0.0014124999999999925,0.0009499999999999949,0.0008499999999999954,0.00047499999999999745,0.0002874999999999985,0.00033749999999999823,0.0002499999999999987,0.00012499999999999935,0.000187499999999999,0.0001124999999999994,0.0001124999999999994,4.999999999999973e-05,4.999999999999973e-05,4.999999999999973e-05,4.999999999999973e-05,3.74999999999998e-05,3.74999999999998e-05,2.4999999999999866e-05,0.0,0.0,0.0,0.0,0.0,0.0,0.0,0.0,0.0,0.0,0.0,0.0,0.0,0.0,0.0,0.0,0.0,0.0,0.0,0.0,0.0,0.0,0.0,0.0,0.0,0.0,0.0,0.0,0.0,0.0,0.0,0.0,0.0
6.65,0.2742305787728285,0.29232483204357407,0.3086996257996933,0.3257722369743625,0.33327082708270944,0.34628414275892366,0.340151106044243,0.33241997944953877,0.3156785513837042,0.2870257175642949,0.264850000000001,0.23152500000000084,0.19946250000000068,0.16871250000000057,0.1359250000000005,0.10872500000000038,0.08610000000000032,0.06406250000000023,0.051187500000000184,0.038850000000000134,0.029675000000000104,0.024662500000000087,0.017600000000000064,0.013462500000000047,0.01133750000000004,0.00867500000000003,0.007150000000000025,0.004425000000000016,0.003375000000000012,0.0024000000000000085,0.0018625000000000065,0.0016250000000000058,0.0010625000000000038,0.000850000000000003,0.0005125000000000019,0.00030000000000000106,0.0003250000000000011,0.00025000000000000087,0.0001375000000000005,0.00017500000000000065,0.00010000000000000036,8.750000000000032e-05,5.000000000000018e-05,5.000000000000018e-05,5.000000000000018e-05,5.000000000000018e-05,5.000000000000018e-05,2.500000000000009e-05,0.0,0.0,0.0,0.0,0.0,0.0,0.0,0.0,0.0,0.0,0.0,0.0,0.0,0.0,0.0,0.0,0.0,0.0,0.0,0.0,0.0,0.0,0.0,0.0,0.0,0.0,0.0,0.0,0.0,0.0,0.0,0.0,0.0,0.0,0.0
6.75,0.2881734467770076,0.3021402644039891,0.3179264827046426,0.32788504333128127,0.3397214721472129,0.3385336583536453,0.3362634505380197,0.32279476288216313,0.29925336660037266,0.27446318615796395,0.2477999999999987,0.21526249999999883,0.181674999999999,0.1487249999999992,0.11821249999999936,0.09502499999999948,0.07298749999999961,0.057274999999999694,0.04417499999999976,0.033649999999999826,0.027162499999999853,0.019674999999999894,0.015587499999999916,0.011787499999999937,0.008874999999999952,0.007999999999999959,0.005312499999999972,0.0036874999999999803,0.0025874999999999865,0.0019999999999999896,0.001712499999999991,0.0011124999999999941,0.0008124999999999957,0.0005124999999999973,0.0002874999999999985,0.00033749999999999823,0.00026249999999999863,0.00012499999999999935,0.00016249999999999915,0.0001124999999999994,7.49999999999996e-05,6.249999999999968e-05,6.249999999999968e-05,6.249999999999968e-05,6.249999999999968e-05,3.74999999999998e-05,1.2499999999999933e-05,0.0,0.0,0.0,0.0,0.0,0.0,0.0,0.0,0.0,0.0,0.0,0.0,0.0,0.0,0.0,0.0,0.0,0.0,0.0,0.0,0.0,0.0,0.0,0.0,0.0,0.0,0.0,0.0,0.0,0.0,0.0,0.0,0.0,0.0,0.0,0.0
6.8500000000000005,0.29732697088379134,0.31025518873763647,0.3223648759312823,0.3327607503087959,0.33569606960696186,0.3301706356647302,0.32221288851554175,0.3038818373413413,0.27834063133210346,0.2565631414078544,0.2245250000000008,0.19292500000000068,0.1639875000000006,0.13227500000000048,0.10608750000000038,0.0841250000000003,0.06213750000000022,0.04967500000000017,0.037762500000000136,0.029275000000000103,0.023250000000000083,0.01658750000000006,0.012662500000000045,0.010187500000000037,0.00842500000000003,0.006312500000000023,0.004275000000000016,0.0029500000000000103,0.0021250000000000075,0.001675000000000006,0.001150000000000004,0.0008875000000000031,0.0006625000000000024,0.0003500000000000013,0.0003500000000000013,0.00023750000000000084,0.0001125000000000004,0.00017500000000000065,0.0001125000000000004,6.250000000000022e-05,7.500000000000026e-05,5.000000000000018e-05,5.000000000000018e-05,3.750000000000013e-05,2.500000000000009e-05,0.0,0.0,0.0,0.0,0.0,0.0,0.0,0.0,0.0,0.0,0.0,0.0,0.0,0.0,0.0,0.0,0.0,0.0,0.0,0.0,0.0,0.0,0.0,0.0,0.0,0.0,0.0,0.0,0.0,0.0,0.0,0.0,0.0,0.0,0.0,0.0,0.0,0.0
6.95,0.3057427109437144,0.31679464239941796,0.32170224257631963,0.3312730345900167,0.3271452145214533,0.3244702793924632,0.31048741949678094,0.2881814840833929,0.265015481424167,0.23970059925149897,0.20896250000000072,0.1771500000000006,0.1450375000000005,0.11555000000000042,0.09307500000000032,0.07126250000000026,0.0560250000000002,0.043125000000000156,0.03257500000000011,0.02577500000000009,0.018812500000000065,0.014475000000000052,0.011150000000000038,0.00843750000000003,0.007187500000000025,0.004537500000000016,0.0031500000000000113,0.002325000000000008,0.0016250000000000058,0.0012875000000000046,0.000837500000000003,0.0006500000000000022,0.0003500000000000013,0.0003375000000000012,0.00025000000000000087,0.00015000000000000053,0.00018750000000000068,0.00010000000000000036,6.250000000000022e-05,7.500000000000026e-05,3.750000000000013e-05,5.000000000000018e-05,3.750000000000013e-05,2.500000000000009e-05,0.0,0.0,0.0,0.0,0.0,0.0,0.0,0.0,0.0,0.0,0.0,0.0,0.0,0.0,0.0,0.0,0.0,0.0,0.0,0.0,0.0,0.0,0.0,0.0,0.0,0.0,0.0,0.0,0.0,0.0,0.0,0.0,0.0,0.0,0.0,0.0,0.0,0.0,0.0
7.050000000000001,0.3120826518209494,0.3159568921215196,0.32601561064163986,0.3246845792639915,0.3219946994699453,0.3124195262203871,0.29406176247049726,0.2690310531986955,0.24882779931274096,0.21826304565761298,0.18793749999999898,0.16022499999999915,0.1297374999999993,0.10396249999999946,0.08227499999999956,0.06112499999999967,0.048912499999999734,0.036599999999999806,0.02808749999999985,0.022587499999999882,0.016062499999999914,0.012012499999999936,0.00943749999999995,0.008112499999999957,0.005712499999999969,0.0037624999999999803,0.0025999999999999864,0.00188749999999999,0.0016999999999999908,0.0010249999999999947,0.0007749999999999959,0.0004374999999999977,0.0002874999999999985,0.0002999999999999984,0.0001499999999999992,0.00017499999999999908,8.749999999999954e-05,7.49999999999996e-05,7.49999999999996e-05,3.74999999999998e-05,4.999999999999973e-05,3.74999999999998e-05,2.4999999999999866e-05,0.0,0.0,0.0,0.0,0.0,0.0,0.0,0.0,0.0,0.0,0.0,0.0,0.0,0.0,0.0,0.0,0.0,0.0,0.0,0.0,0.0,0.0,0.0,0.0,0.0,0.0,0.0,0.0,0.0,0.0,0.0,0.0,0.0,0.0,0.0,0.0,0.0,0.0,0.0,0.0
7.15,0.3109071992717207,0.3189952998458301,0.3215772174150059,0.31558325957263916,0.3111436143614372,0.29903118944934165,0.2769985799431987,0.2568807798175468,0.23294012057635732,0.20370050925127386,0.17326250000000062,0.14173750000000052,0.1141875000000004,0.09225000000000033,0.07041250000000025,0.0554000000000002,0.043012500000000155,0.03268750000000012,0.025500000000000092,0.018225000000000064,0.013625000000000049,0.010600000000000038,0.008150000000000029,0.006612500000000024,0.004150000000000015,0.003012500000000011,0.0020750000000000074,0.0016125000000000056,0.0010500000000000036,0.0007875000000000028,0.00046250000000000165,0.00025000000000000087,0.000275000000000001,0.00015000000000000053,0.00016250000000000056,8.750000000000032e-05,8.750000000000032e-05,6.250000000000022e-05,3.750000000000013e-05,5.000000000000018e-05,3.750000000000013e-05,2.500000000000009e-05,0.0,0.0,0.0,0.0,0.0,0.0,0.0,0.0,0.0,0.0,0.0,0.0,0.0,0.0,0.0,0.0,0.0,0.0,0.0,0.0,0.0,0.0,0.0,0.0,0.0,0.0,0.0,0.0,0.0,0.0,0.0,0.0,0.0,0.0,0.0,0.0,0.0,0.0,0.0,0.0,0.0
7.25,0.31458361469165463,0.3177574300322204,0.31387566747807827,0.3128828680158606,0.3021052105210505,0.28358022376398373,0.2609604384175353,0.24271796115412467,0.2129773959957038,0.18386295965739816,0.15658749999999916,0.12714999999999932,0.10144999999999946,0.08088749999999957,0.060974999999999675,0.04869999999999974,0.03568749999999981,0.027449999999999853,0.022337499999999882,0.015587499999999916,0.011699999999999938,0.00912499999999995,0.007624999999999959,0.005299999999999971,0.0033749999999999817,0.002249999999999988,0.0016249999999999915,0.0012624999999999932,0.0007624999999999959,0.0006249999999999967,0.0003124999999999983,0.0002999999999999984,0.00023749999999999873,0.00012499999999999935,9.999999999999946e-05,0.0001124999999999994,4.999999999999973e-05,4.999999999999973e-05,4.999999999999973e-05,3.74999999999998e-05,2.4999999999999866e-05,0.0,0.0,0.0,0.0,0.0,0.0,0.0,0.0,0.0,0.0,0.0,0.0,0.0,0.0,0.0,0.0,0.0,0.0,0.0,0.0,0.0,0.0,0.0,0.0,0.0,0.0,0.0,0.0,0.0,0.0,0.0,0.0,0.0,0.0,0.0,0.0,0.0,0.0,0.0,0.0,0.0,0.0
7.3500000000000005,0.3139333643452741,0.3110179166025861,0.3089996861868462,0.29974346280210734,0.28884138413841487,0.2663791486967945,0.24904746189847682,0.2261050873644665,0.19826473047821858,0.1689879224698068,0.1400750000000005,0.1135375000000004,0.09101250000000033,0.07053750000000025,0.05495000000000019,0.04200000000000015,0.032462500000000116,0.02522500000000009,0.018100000000000064,0.013612500000000048,0.010275000000000036,0.007812500000000028,0.006337500000000023,0.004087500000000015,0.0028250000000000102,0.0020500000000000075,0.0015375000000000054,0.0010000000000000035,0.0007375000000000026,0.00037500000000000136,0.0003250000000000011,0.00023750000000000084,8.750000000000032e-05,0.0001125000000000004,0.0001125000000000004,5.000000000000018e-05,5.000000000000018e-05,5.000000000000018e-05,3.750000000000013e-05,2.500000000000009e-05,0.0,0.0,0.0,0.0,0.0,0.0,0.0,0.0,0.0,0.0,0.0,0.0,0.0,0.0,0.0,0.0,0.0,0.0,0.0,0.0,0.0,0.0,0.0,0.0,0.0,0.0,0.0,0.0,0.0,0.0,0.0,0.0,0.0,0.0,0.0,0.0,0.0,0.0,0.0,0.0,0.0,0.0,0.0
7.45,0.30724328866613754,0.3032656005981798,0.2988726481204353,0.2918548189487486,0.2734148414841494,0.25274079629976964,0.23573442937717592,0.207429667167512,0.18112703767917454,0.1541378853447139,0.12541250000000043,0.10086250000000037,0.08138750000000029,0.060925000000000215,0.047862500000000176,0.035650000000000126,0.0276375000000001,0.022112500000000077,0.015400000000000054,0.01140000000000004,0.008912500000000032,0.007450000000000026,0.004900000000000017,0.0030250000000000108,0.002200000000000008,0.0014125000000000051,0.0011875000000000043,0.0007875000000000028,0.0004500000000000016,0.0002625000000000009,0.000287500000000001,0.0001375000000000005,0.00016250000000000056,0.00012500000000000044,5.000000000000018e-05,5.000000000000018e-05,6.250000000000022e-05,3.750000000000013e-05,2.500000000000009e-05,0.0,0.0,0.0,0.0,0.0,0.0,0.0,0.0,0.0,0.0,0.0,0.0,0.0,0.0,0.0,0.0,0.0,0.0,0.0,0.0,0.0,0.0,0.0,0.0,0.0,0.0,0.0,0.0,0.0,0.0,0.0,0.0,0.0,0.0,0.0,0.0,0.0,0.0,0.0,0.0,0.0,0.0,0.0,0.0
7.550000000000001,0.29860246194784834,0.30056479373212586,0.29205877682883524,0.27578998954848305,0.2581508150815068,0.24176511031939368,0.2196337853514129,0.19336685075414095,0.16573936456785052,0.13885034712586708,0.1131749999999994,0.08999999999999952,0.07082499999999962,0.05426249999999971,0.041937499999999774,0.03279999999999983,0.025024999999999867,0.0181624999999999,0.013599999999999926,0.010262499999999945,0.007662499999999959,0.006162499999999967,0.004012499999999979,0.002624999999999986,0.0019249999999999899,0.001649999999999991,0.0007874999999999958,0.0005999999999999968,0.0003124999999999983,0.00027499999999999855,0.0001499999999999992,0.00016249999999999915,8.749999999999954e-05,7.49999999999996e-05,4.999999999999973e-05,3.74999999999998e-05,3.74999999999998e-05,2.4999999999999866e-05,0.0,0.0,0.0,0.0,0.0,0.0,0.0,0.0,0.0,0.0,0.0,0.0,0.0,0.0,0.0,0.0,0.0,0.0,0.0,0.0,0.0,0.0,0.0,0.0,0.0,0.0,0.0,0.0,0.0,0.0,0.0,0.0,0.0,0.0,0.0,0.0,0.0,0.0,0.0,0.0,0.0,0.0,0.0,0.0,0.0
7.65,0.29728945644073074,0.28767344244093024,0.2791936877296566,0.2637882492961489,0.24474947494749563,0.22788924307769315,0.20209558382335366,0.17747899327734937,0.15038919187840916,0.12367530918827341,0.09920000000000034,0.08063750000000028,0.06087500000000022,0.04840000000000017,0.03697500000000013,0.027412500000000097,0.021900000000000076,0.015700000000000058,0.011262500000000042,0.00875000000000003,0.0073125000000000264,0.004762500000000017,0.0028750000000000104,0.0020750000000000074,0.0012875000000000046,0.0009250000000000033,0.0007500000000000027,0.00038750000000000134,0.000275000000000001,0.0002250000000000008,8.750000000000032e-05,0.00010000000000000036,8.750000000000032e-05,3.750000000000013e-05,5.000000000000018e-05,5.000000000000018e-05,2.500000000000009e-05,0.0,0.0,0.0,0.0,0.0,0.0,0.0,0.0,0.0,0.0,0.0,0.0,0.0,0.0,0.0,0.0,0.0,0.0,0.0,0.0,0.0,0.0,0.0,0.0,0.0,0.0,0.0,0.0,0.0,0.0,0.0,0.0,0.0,0.0,0.0,0.0,0.0,0.0,0.0,0.0,0.0,0.0,0.0,0.0,0.0,0.0
7.75,0.28448452654271744,0.27989611896553945,0.2649908294044162,0.24622320236434153,0.2326482648264814,0.2140008750546898,0.18874504980199105,0.16282866364493115,0.13843905743939544,0.11275028187570409,0.09109999999999951,0.07236249999999962,0.05372499999999972,0.04232499999999977,0.03247499999999983,0.025374999999999863,0.0189624999999999,0.013737499999999927,0.010187499999999945,0.00739999999999996,0.005937499999999968,0.0038749999999999796,0.0025124999999999865,0.00184999999999999,0.0015374999999999918,0.000749999999999996,0.000574999999999997,0.0002499999999999987,0.00026249999999999863,0.00013749999999999928,0.00016249999999999915,9.999999999999946e-05,4.999999999999973e-05,3.74999999999998e-05,3.74999999999998e-05,3.74999999999998e-05,0.0,0.0,0.0,0.0,0.0,0.0,0.0,0.0,0.0,0.0,0.0,0.0,0.0,0.0,0.0,0.0,0.0,0.0,0.0,0.0,0.0,0.0,0.0,0.0,0.0,0.0,0.0,0.0,0.0,0.0,0.0,0.0,0.0,0.0,0.0,0.0,0.0,0.0,0.0,0.0,0.0,0.0,0.0,0.0,0.0,0.0,0.0
7.8500000000000005,0.2774193064329777,0.2643289682792744,0.25048791069202764,0.23794700231533655,0.21980948094809558,0.19562472654540977,0.17354444177767173,0.14846584048141137,0.1232013860155931,0.09938774846937153,0.07970000000000028,0.06135000000000022,0.04866250000000017,0.03737500000000013,0.0278125000000001,0.02225000000000008,0.016075000000000058,0.011375000000000041,0.009037500000000032,0.007350000000000026,0.004987500000000018,0.0027875000000000096,0.002012500000000007,0.001337500000000005,0.0009875000000000036,0.0007375000000000026,0.00037500000000000136,0.0003250000000000011,0.00023750000000000084,0.00015000000000000053,0.00010000000000000036,6.250000000000022e-05,5.000000000000018e-05,5.000000000000018e-05,3.750000000000013e-05,0.0,0.0,0.0,0.0,0.0,0.0,0.0,0.0,0.0,0.0,0.0,0.0,0.0,0.0,0.0,0.0,0.0,0.0,0.0,0.0,0.0,0.0,0.0,0.0,0.0,0.0,0.0,0.0,0.0,0.0,0.0,0.0,0.0,0.0,0.0,0.0,0.0,0.0,0.0,0.0,0.0,0.0,0.0,0.0,0.0,0.0,0.0,0.0
7.95,0.2635514673149172,0.25475110689318525,0.23819793733488948,0.22249476174045316,0.20823332333233396,0.18404900306269206,0.15953138125525076,0.1359030578188014,0.11166375621725784,0.09037522593806517,0.07278750000000025,0.05353750000000019,0.043250000000000156,0.03245000000000011,0.024962500000000092,0.019325000000000068,0.013525000000000047,0.010212500000000036,0.007387500000000026,0.006125000000000022,0.0035875000000000126,0.002562500000000009,0.0018250000000000065,0.0014375000000000052,0.0006875000000000025,0.0005250000000000018,0.00021250000000000075,0.0002625000000000009,6.250000000000022e-05,7.500000000000026e-05,7.500000000000026e-05,5.000000000000018e-05,3.750000000000013e-05,3.750000000000013e-05,1.2500000000000045e-05,0.0,0.0,0.0,0.0,0.0,0.0,0.0,0.0,0.0,0.0,0.0,0.0,0.0,0.0,0.0,0.0,0.0,0.0,0.0,0.0,0.0,0.0,0.0,0.0,0.0,0.0,0.0,0.0,0.0,0.0,0.0,0.0,0.0,0.0,0.0,0.0,0.0,0.0,0.0,0.0,0.0,0.0,0.0,0.0,0.0,0.0,0.0,0.0
8.05,0.2524346873546324,0.2366081866957762,0.22847097978468248,0.21430607438078597,0.18836883688368902,0.1693605850365654,0.14566832673306984,0.12260275856206808,0.09826360546556183,0.08090020225050591,0.06216250000000022,0.049887500000000175,0.038725000000000134,0.029287500000000105,0.023062500000000083,0.01638750000000006,0.012075000000000044,0.009212500000000033,0.007212500000000026,0.005137500000000018,0.003062500000000011,0.0020500000000000075,0.0012500000000000044,0.0009500000000000034,0.0007250000000000026,0.0003250000000000011,0.00030000000000000106,0.00012500000000000044,0.00016250000000000056,0.00012500000000000044,5.000000000000018e-05,2.500000000000009e-05,5.000000000000018e-05,2.500000000000009e-05,0.0,0.0,0.0,0.0,0.0,0.0,0.0,0.0,0.0,0.0,0.0,0.0,0.0,0.0,0.0,0.0,0.0,0.0,0.0,0.0,0.0,0.0,0.0,0.0,0.0,0.0,0.0,0.0,0.0,0.0,0.0,0.0,0.0,0.0,0.0,0.0,0.0,0.0,0.0,0.0,0.0,0.0,0.0,0.0,0.0,0.0,0.0,0.0,0.0
8.15,0.2382792375064366,0.23073143101501245,0.21461819191111906,0.20034154952467825,0.17890539053905136,0.15570973185823891,0.1345553822152867,0.11070249080604157,0.08980101026136417,0.07217518043795007,0.05517499999999922,0.04368749999999938,0.032624999999999536,0.025462499999999635,0.02026249999999971,0.013937499999999802,0.010324999999999852,0.007862499999999889,0.006487499999999908,0.003587499999999949,0.0025499999999999638,0.0017499999999999753,0.0015124999999999785,0.0006749999999999905,0.0005124999999999928,0.0002374999999999966,0.0002374999999999966,8.749999999999875e-05,8.749999999999875e-05,7.499999999999894e-05,3.749999999999947e-05,4.999999999999929e-05,3.749999999999947e-05,0.0,0.0,0.0,0.0,0.0,0.0,0.0,0.0,0.0,0.0,0.0,0.0,0.0,0.0,0.0,0.0,0.0,0.0,0.0,0.0,0.0,0.0,0.0,0.0,0.0,0.0,0.0,0.0,0.0,0.0,0.0,0.0,0.0,0.0,0.0,0.0,0.0,0.0,0.0,0.0,0.0,0.0,0.0,0.0,0.0,0.0,0.0,0.0,0.0,0.0
8.25,0.2271749623605096,0.21595201566468059,0.20551636016748442,0.181488815878303,0.16494149414941553,0.14315894743421514,0.12102984119364818,0.09910222980017085,0.08186342096348613,0.06436266090665249,0.04958750000000017,0.03832500000000014,0.030075000000000105,0.02288750000000008,0.016800000000000058,0.012725000000000045,0.009537500000000034,0.006950000000000025,0.005237500000000018,0.0032750000000000114,0.0020750000000000074,0.0013000000000000045,0.0009000000000000032,0.0007125000000000025,0.00030000000000000106,0.0002625000000000009,0.0001375000000000005,0.00016250000000000056,0.00010000000000000036,2.500000000000009e-05,5.000000000000018e-05,3.750000000000013e-05,0.0,0.0,0.0,0.0,0.0,0.0,0.0,0.0,0.0,0.0,0.0,0.0,0.0,0.0,0.0,0.0,0.0,0.0,0.0,0.0,0.0,0.0,0.0,0.0,0.0,0.0,0.0,0.0,0.0,0.0,0.0,0.0,0.0,0.0,0.0,0.0,0.0,0.0,0.0,0.0,0.0,0.0,0.0,0.0,0.0,0.0,0.0,0.0,0.0,0.0,0.0
8.350000000000001,0.2169460242193252,0.2065742140464471,0.18913806403538777,0.17365017927599563,0.151465146514652,0.13202075129695653,0.10872934917396734,0.08903950338882656,0.07288831999360018,0.055850139625349265,0.04447500000000015,0.035025000000000125,0.02553750000000009,0.02077500000000007,0.014837500000000052,0.010350000000000036,0.007912500000000029,0.006650000000000024,0.0039875000000000145,0.0027250000000000095,0.0017250000000000063,0.0013875000000000048,0.0007000000000000026,0.0005125000000000019,0.00021250000000000075,0.00023750000000000084,0.00010000000000000036,8.750000000000032e-05,5.000000000000018e-05,3.750000000000013e-05,5.000000000000018e-05,2.500000000000009e-05,0.0,0.0,0.0,0.0,0.0,0.0,0.0,0.0,0.0,0.0,0.0,0.0,0.0,0.0,0.0,0.0,0.0,0.0,0.0,0.0,0.0,0.0,0.0,0.0,0.0,0.0,0.0,0.0,0.0,0.0,0.0,0.0,0.0,0.0,0.0,0.0,0.0,0.0,0.0,0.0,0.0,0.0,0.0,0.0,0.0,0.0,0.0,0.0,0.0,0.0,0.0
8.45,0.20576672018727282,0.1961836098534444,0.17662304538788492,0.15912307284556318,0.13973897389739023,0.11850740671291998,0.09979149165966673,0.08208934701030803,0.06655074869592306,0.04962512406281033,0.03947500000000014,0.029675000000000104,0.023737500000000085,0.018037500000000064,0.012912500000000045,0.009600000000000034,0.007050000000000025,0.0056500000000000205,0.0035875000000000126,0.0021625000000000077,0.0014000000000000052,0.0010125000000000036,0.0006625000000000024,0.0003375000000000012,0.000287500000000001,0.0001375000000000005,0.00012500000000000044,8.750000000000032e-05,5.000000000000018e-05,5.000000000000018e-05,2.500000000000009e-05,0.0,0.0,0.0,0.0,0.0,0.0,0.0,0.0,0.0,0.0,0.0,0.0,0.0,0.0,0.0,0.0,0.0,0.0,0.0,0.0,0.0,0.0,0.0,0.0,0.0,0.0,0.0,0.0,0.0,0.0,0.0,0.0,0.0,0.0,0.0,0.0,0.0,0.0,0.0,0.0,0.0,0.0,0.0,0.0,0.0,0.0,0.0,0.0,0.0,0.0,0.0,0.0
8.55,0.19561281093220959,0.17832827557232786,0.16553331357935844,0.14695880902730948,0.1288378837883793,0.10839427464216551,0.089028561142446,0.07301414281821367,0.05638813436651182,0.045875114687786885,0.03623750000000013,0.027437500000000097,0.021362500000000076,0.015437500000000055,0.011300000000000041,0.00867500000000003,0.0067250000000000235,0.004612500000000017,0.002575000000000009,0.001662500000000006,0.0014000000000000052,0.0007500000000000027,0.000562500000000002,0.00018750000000000068,0.0002250000000000008,0.00010000000000000036,8.750000000000032e-05,3.750000000000013e-05,2.500000000000009e-05,3.750000000000013e-05,1.2500000000000045e-05,0.0,0.0,0.0,0.0,0.0,0.0,0.0,0.0,0.0,0.0,0.0,0.0,0.0,0.0,0.0,0.0,0.0,0.0,0.0,0.0,0.0,0.0,0.0,0.0,0.0,0.0,0.0,0.0,0.0,0.0,0.0,0.0,0.0,0.0,0.0,0.0,0.0,0.0,0.0,0.0,0.0,0.0,0.0,0.0,0.0,0.0,0.0,0.0,0.0,0.0,0.0,0.0
8.65,0.17943158115874358,0.1694506233737305,0.15215562131878824,0.1350695850898361,0.1165491549154899,0.09903118944933918,0.08176577063082408,0.06680150303381731,0.05048806799076418,0.04086260215650481,0.030262499999999568,0.02384999999999966,0.019199999999999728,0.013037499999999817,0.00982499999999986,0.007399999999999895,0.006112499999999914,0.0034124999999999516,0.0023499999999999667,0.0015749999999999775,0.0009999999999999857,0.0006874999999999902,0.00031249999999999556,0.00028749999999999593,0.00012499999999999821,0.00012499999999999821,8.749999999999875e-05,4.999999999999929e-05,4.999999999999929e-05,3.749999999999947e-05,0.0,0.0,0.0,0.0,0.0,0.0,0.0,0.0,0.0,0.0,0.0,0.0,0.0,0.0,0.0,0.0,0.0,0.0,0.0,0.0,0.0,0.0,0.0,0.0,0.0,0.0,0.0,0.0,0.0,0.0,0.0,0.0,0.0,0.0,0.0,0.0,0.0,0.0,0.0,0.0,0.0,0.0,0.0,0.0,0.0,0.0,0.0,0.0,0.0,0.0,0.0,0.0,0.0
8.75,0.16924015746062296,0.1564592421986074,0.14257869396216039,0.12565572007941198,0.10617311731173155,0.08811800737546127,0.07362794511780497,0.05842631459207853,0.04658802411527146,0.03591258978147458,0.0285000000000001,0.021862500000000076,0.016100000000000055,0.012487500000000045,0.008812500000000032,0.006712500000000024,0.005012500000000018,0.003087500000000011,0.0018250000000000065,0.0012000000000000042,0.0009000000000000032,0.000562500000000002,0.0002250000000000008,0.0002625000000000009,8.750000000000032e-05,6.250000000000022e-05,3.750000000000013e-05,2.500000000000009e-05,3.750000000000013e-05,0.0,0.0,0.0,0.0,0.0,0.0,0.0,0.0,0.0,0.0,0.0,0.0,0.0,0.0,0.0,0.0,0.0,0.0,0.0,0.0,0.0,0.0,0.0,0.0,0.0,0.0,0.0,0.0,0.0,0.0,0.0,0.0,0.0,0.0,0.0,0.0,0.0,0.0,0.0,0.0,0.0,0.0,0.0,0.0,0.0,0.0,0.0,0.0,0.0,0.0,0.0,0.0,0.0,0.0
8.850000000000001,0.15953642152228664,0.14530591014065503,0.130551273443781,0.11304139100169565,0.09747224722472282,0.08098006125382866,0.06650266010640449,0.05173866411994288,0.041375465473986725,0.0329250823127059,0.024275000000000085,0.01967500000000007,0.01433750000000005,0.010000000000000035,0.007937500000000028,0.006300000000000023,0.003962500000000015,0.002562500000000009,0.001675000000000006,0.0013875000000000048,0.0006500000000000022,0.0003250000000000011,0.000275000000000001,0.00012500000000000044,0.00016250000000000056,0.0001125000000000004,5.000000000000018e-05,5.000000000000018e-05,2.500000000000009e-05,0.0,0.0,0.0,0.0,0.0,0.0,0.0,0.0,0.0,0.0,0.0,0.0,0.0,0.0,0.0,0.0,0.0,0.0,0.0,0.0,0.0,0.0,0.0,0.0,0.0,0.0,0.0,0.0,0.0,0.0,0.0,0.0,0.0,0.0,0.0,0.0,0.0,0.0,0.0,0.0,0.0,0.0,0.0,0.0,0.0,0.0,0.0,0.0,0.0,0.0,0.0,0.0,0.0,0.0
8.95,0.1460312220204784,0.13501533583158015,0.12064928066773482,0.10364002780403195,0.0867836783678371,0.07359209950621941,0.05985239409576404,0.04646354542977233,0.03732541991097413,0.028387570968927522,0.022237500000000077,0.017787500000000064,0.012312500000000044,0.009062500000000032,0.006700000000000024,0.005387500000000019,0.0032500000000000116,0.002000000000000007,0.0013250000000000048,0.0008125000000000029,0.0005875000000000021,0.000275000000000001,0.00020000000000000071,6.250000000000022e-05,6.250000000000022e-05,3.750000000000013e-05,2.500000000000009e-05,3.750000000000013e-05,0.0,0.0,0.0,0.0,0.0,0.0,0.0,0.0,0.0,0.0,0.0,0.0,0.0,0.0,0.0,0.0,0.0,0.0,0.0,0.0,0.0,0.0,0.0,0.0,0.0,0.0,0.0,0.0,0.0,0.0,0.0,0.0,0.0,0.0,0.0,0.0,0.0,0.0,0.0,0.0,0.0,0.0,0.0,0.0,0.0,0.0,0.0,0.0,0.0,0.0,0.0,0.0,0.0,0.0,0.0
9.05,0.1359398368371828,0.12476227272897822,0.10982210169796709,0.09537632956778767,0.08028302830283056,0.06660416276017275,0.05243959758390354,0.042263450927646024,0.034400387004353924,0.025912564781412045,0.021000000000000074,0.014462500000000052,0.01112500000000004,0.00837500000000003,0.006362500000000023,0.004700000000000017,0.0026625000000000095,0.0017375000000000062,0.0013000000000000045,0.0007000000000000026,0.0004500000000000016,0.0002250000000000008,0.00020000000000000071,0.00015000000000000053,8.750000000000032e-05,5.000000000000018e-05,5.000000000000018e-05,2.500000000000009e-05,0.0,0.0,0.0,0.0,0.0,0.0,0.0,0.0,0.0,0.0,0.0,0.0,0.0,0.0,0.0,0.0,0.0,0.0,0.0,0.0,0.0,0.0,0.0,0.0,0.0,0.0,0.0,0.0,0.0,0.0,0.0,0.0,0.0,0.0,0.0,0.0,0.0,0.0,0.0,0.0,0.0,0.0,0.0,0.0,0.0,0.0,0.0,0.0,0.0,0.0,0.0,0.0,0.0,0.0,0.0
9.15,0.12656122607203593,0.11434666106499154,0.09989510388965638,0.0848247995959402,0.07288228822882184,0.06094130883180112,0.046551862074482316,0.03877587245712973,0.028887824988030705,0.022900057250142797,0.018049999999999743,0.013137499999999814,0.009462499999999865,0.0074874999999998935,0.006024999999999915,0.003437499999999951,0.0024499999999999652,0.0015999999999999773,0.001049999999999985,0.0006499999999999908,0.00029999999999999575,0.0002374999999999966,8.749999999999875e-05,6.249999999999911e-05,6.249999999999911e-05,2.4999999999999645e-05,3.749999999999947e-05,0.0,0.0,0.0,0.0,0.0,0.0,0.0,0.0,0.0,0.0,0.0,0.0,0.0,0.0,0.0,0.0,0.0,0.0,0.0,0.0,0.0,0.0,0.0,0.0,0.0,0.0,0.0,0.0,0.0,0.0,0.0,0.0,0.0,0.0,0.0,0.0,0.0,0.0,0.0,0.0,0.0,0.0,0.0,0.0,0.0,0.0,0.0,0.0,0.0,0.0,0.0,0.0,0.0,0.0,0.0,0.0
9.25,0.11671993717581311,0.10435617640770216,0.09229357408178429,0.07831135514649652,0.0664691469146917,0.05204075254703437,0.04376425057002296,0.03420076951731426,0.027312807269081873,0.021062552656381715,0.016487500000000058,0.01176250000000004,0.00851250000000003,0.006375000000000023,0.005100000000000019,0.003325000000000012,0.0018500000000000066,0.001150000000000004,0.000850000000000003,0.0005250000000000018,0.00018750000000000068,0.00021250000000000075,0.0001125000000000004,0.0001125000000000004,2.500000000000009e-05,3.750000000000013e-05,2.500000000000009e-05,0.0,0.0,0.0,0.0,0.0,0.0,0.0,0.0,0.0,0.0,0.0,0.0,0.0,0.0,0.0,0.0,0.0,0.0,0.0,0.0,0.0,0.0,0.0,0.0,0.0,0.0,0.0,0.0,0.0,0.0,0.0,0.0,0.0,0.0,0.0,0.0,0.0,0.0,0.0,0.0,0.0,0.0,0.0,0.0,0.0,0.0,0.0,0.0,0.0,0.0,0.0,0.0,0.0,0.0,0.0,0.0
9.350000000000001,0.10671608569299218,0.09620374086758454,0.08221654607989887,0.0723104850203282,0.060143514351435355,0.047790486905431764,0.039114064562582644,0.031325704828358746,0.023925269159278128,0.019375048437621164,0.01376250000000005,0.010325000000000036,0.008025000000000029,0.006137500000000021,0.004362500000000016,0.0022875000000000083,0.0015000000000000055,0.0012375000000000044,0.000575000000000002,0.0003250000000000011,0.0002625000000000009,0.0001125000000000004,0.00010000000000000036,3.750000000000013e-05,3.750000000000013e-05,3.750000000000013e-05,0.0,0.0,0.0,0.0,0.0,0.0,0.0,0.0,0.0,0.0,0.0,0.0,0.0,0.0,0.0,0.0,0.0,0.0,0.0,0.0,0.0,0.0,0.0,0.0,0.0,0.0,0.0,0.0,0.0,0.0,0.0,0.0,0.0,0.0,0.0,0.0,0.0,0.0,0.0,0.0,0.0,0.0,0.0,0.0,0.0,0.0,0.0,0.0,0.0,0.0,0.0,0.0,0.0,0.0,0.0,0.0,0.0
9.45,0.09714990271254467,0.08686345045582398,0.0764153785949425,0.06518445174550333,0.05331783178317851,0.04314019626226655,0.03490139605584236,0.027125610326232435,0.021212738643309813,0.017387543468858735,0.012037500000000043,0.009112500000000032,0.006925000000000025,0.005487500000000019,0.0031250000000000114,0.0021875000000000076,0.0015125000000000054,0.0009125000000000033,0.0006125000000000021,0.000287500000000001,0.00020000000000000071,8.750000000000032e-05,8.750000000000032e-05,5.000000000000018e-05,3.750000000000013e-05,2.500000000000009e-05,0.0,0.0,0.0,0.0,0.0,0.0,0.0,0.0,0.0,0.0,0.0,0.0,0.0,0.0,0.0,0.0,0.0,0.0,0.0,0.0,0.0,0.0,0.0,0.0,0.0,0.0,0.0,0.0,0.0,0.0,0.0,0.0,0.0,0.0,0.0,0.0,0.0,0.0,0.0,0.0,0.0,0.0,0.0,0.0,0.0,0.0,0.0,0.0,0.0,0.0,0.0,0.0,0.0,0.0,0.0,0.0,0.0
9.55,0.08975955742960913,0.07908612698043428,0.0699140702066281,0.06019622845312485,0.04762976297629696,0.039664979061190764,0.03240129605184162,0.025300569262808055,0.01988772373689176,0.014887537218842836,0.01134999999999984,0.008112499999999885,0.005912499999999916,0.00491249999999993,0.003024999999999957,0.001837499999999974,0.001062499999999985,0.0008124999999999885,0.0004874999999999931,0.00019999999999999716,0.0001624999999999977,0.00013749999999999806,8.749999999999875e-05,3.749999999999947e-05,2.4999999999999645e-05,1.2499999999999823e-05,0.0,0.0,0.0,0.0,0.0,0.0,0.0,0.0,0.0,0.0,0.0,0.0,0.0,0.0,0.0,0.0,0.0,0.0,0.0,0.0,0.0,0.0,0.0,0.0,0.0,0.0,0.0,0.0,0.0,0.0,0.0,0.0,0.0,0.0,0.0,0.0,0.0,0.0,0.0,0.0,0.0,0.0,0.0,0.0,0.0,0.0,0.0,0.0,0.0,0.0,0.0,0.0,0.0,0.0,0.0,0.0,0.0
9.650000000000002,0.08069356702330427,0.07360949083538734,0.0637003196893377,0.05238259547634425,0.04307930793079323,0.036439777486093006,0.028088623544941897,0.02183799135480556,0.018212704892930108,0.01318753296883247,0.009625000000000035,0.007725000000000027,0.0061125000000000216,0.004100000000000015,0.002300000000000008,0.0015375000000000054,0.0012375000000000044,0.000562500000000002,0.0003375000000000012,0.00023750000000000084,0.0001125000000000004,7.500000000000026e-05,3.750000000000013e-05,2.500000000000009e-05,3.750000000000013e-05,0.0,0.0,0.0,0.0,0.0,0.0,0.0,0.0,0.0,0.0,0.0,0.0,0.0,0.0,0.0,0.0,0.0,0.0,0.0,0.0,0.0,0.0,0.0,0.0,0.0,0.0,0.0,0.0,0.0,0.0,0.0,0.0,0.0,0.0,0.0,0.0,0.0,0.0,0.0,0.0,0.0,0.0,0.0,0.0,0.0,0.0,0.0,0.0,0.0,0.0,0.0,0.0,0.0,0.0,0.0,0.0,0.0,0.0
9.75,0.07472877057667228,0.06740763803186225,0.05856178555934403,0.047481884873306804,0.04032903290329048,0.031764485280330136,0.025751030041201738,0.020387958729071478,0.016437684923955455,0.01147502868757176,0.00868750000000003,0.006412500000000022,0.00535000000000002,0.003012500000000011,0.0020500000000000075,0.0013250000000000048,0.0008750000000000032,0.000575000000000002,0.00021250000000000075,0.00021250000000000075,0.0001125000000000004,8.750000000000032e-05,3.750000000000013e-05,5.000000000000018e-05,2.500000000000009e-05,0.0,0.0,0.0,0.0,0.0,0.0,0.0,0.0,0.0,0.0,0.0,0.0,0.0,0.0,0.0,0.0,0.0,0.0,0.0,0.0,0.0,0.0,0.0,0.0,0.0,0.0,0.0,0.0,0.0,0.0,0.0,0.0,0.0,0.0,0.0,0.0,0.0,0.0,0.0,0.0,0.0,0.0,0.0,0.0,0.0,0.0,0.0,0.0,0.0,0.0,0.0,0.0,0.0,0.0,0.0,0.0,0.0,0.0
9.850000000000001,0.06867644042956562,0.06089319184106273,0.05138534129993679,0.04220611988738382,0.03620362036203633,0.029614350896931162,0.02325093003720157,0.019275433697258256,0.013825155532999796,0.010675026687566758,0.007825000000000028,0.005812500000000021,0.004625000000000016,0.0027750000000000097,0.001712500000000006,0.001075000000000004,0.0007125000000000025,0.0004500000000000016,0.00021250000000000075,0.0001375000000000005,0.00010000000000000036,3.750000000000013e-05,2.500000000000009e-05,3.750000000000013e-05,0.0,0.0,0.0,0.0,0.0,0.0,0.0,0.0,0.0,0.0,0.0,0.0,0.0,0.0,0.0,0.0,0.0,0.0,0.0,0.0,0.0,0.0,0.0,0.0,0.0,0.0,0.0,0.0,0.0,0.0,0.0,0.0,0.0,0.0,0.0,0.0,0.0,0.0,0.0,0.0,0.0,0.0,0.0,0.0,0.0,0.0,0.0,0.0,0.0,0.0,0.0,0.0,0.0,0.0,0.0,0.0,0.0,0.0,0.0
9.95,0.06323684618578175,0.05604174247056328,0.046509360008701914,0.04058088422821324,0.032290729072907406,0.025664104006500498,0.02026331053242137,0.017012882789862835,0.012500140626582095,0.008900022250055657,0.0073125000000000264,0.00580000000000002,0.003812500000000014,0.0023750000000000086,0.0014750000000000052,0.0011875000000000043,0.0005875000000000021,0.000287500000000001,0.0002250000000000008,6.250000000000022e-05,6.250000000000022e-05,5.000000000000018e-05,3.750000000000013e-05,2.500000000000009e-05,0.0,0.0,0.0,0.0,0.0,0.0,0.0,0.0,0.0,0.0,0.0,0.0,0.0,0.0,0.0,0.0,0.0,0.0,0.0,0.0,0.0,0.0,0.0,0.0,0.0,0.0,0.0,0.0,0.0,0.0,0.0,0.0,0.0,0.0,0.0,0.0,0.0,0.0,0.0,0.0,0.0,0.0,0.0,0.0,0.0,0.0,0.0,0.0,0.0,0.0,0.0,0.0,0.0,0.0,0.0,0.0,0.0,0.0,0.0
10.05,0.05784727119941095,0.04942726639583506,0.04152085607228396,0.03590520625490645,0.03035303530352992,0.024689043065191225,0.01948827953118097,0.015137840601413316,0.010837621923246481,0.008387520968802303,0.006099999999999914,0.005212499999999926,0.002899999999999959,0.001962499999999972,0.0012874999999999818,0.0008624999999999877,0.000562499999999992,0.0002249999999999968,0.0002249999999999968,9.999999999999858e-05,8.749999999999875e-05,3.749999999999947e-05,2.4999999999999645e-05,0.0,0.0,0.0,0.0,0.0,0.0,0.0,0.0,0.0,0.0,0.0,0.0,0.0,0.0,0.0,0.0,0.0,0.0,0.0,0.0,0.0,0.0,0.0,0.0,0.0,0.0,0.0,0.0,0.0,0.0,0.0,0.0,0.0,0.0,0.0,0.0,0.0,0.0,0.0,0.0,0.0,0.0,0.0,0.0,0.0,0.0,0.0,0.0,0.0,0.0,0.0,0.0,0.0,0.0,0.0,0.0,0.0,0.0,0.0,0.0
10.150000000000002,0.0524076769556281,0.04480088426417408,0.03988302645907503,0.03239219686854605,0.02592759275927602,0.02065129070566918,0.017663206528261192,0.012900290256530817,0.01003761292314542,0.007625019062547683,0.005662500000000021,0.004400000000000016,0.00267500000000001,0.001675000000000006,0.0010500000000000036,0.0006750000000000024,0.0004250000000000015,0.00021250000000000075,0.00012500000000000044,0.00010000000000000036,5.000000000000018e-05,2.500000000000009e-05,3.750000000000013e-05,0.0,0.0,0.0,0.0,0.0,0.0,0.0,0.0,0.0,0.0,0.0,0.0,0.0,0.0,0.0,0.0,0.0,0.0,0.0,0.0,0.0,0.0,0.0,0.0,0.0,0.0,0.0,0.0,0.0,0.0,0.0,0.0,0.0,0.0,0.0,0.0,0.0,0.0,0.0,0.0,0.0,0.0,0.0,0.0,0.0,0.0,0.0,0.0,0.0,0.0,0.0,0.0,0.0,0.0,0.0,0.0,0.0,0.0,0.0,0.0
10.25,0.04628031792240029,0.04044958431331375,0.0354696382647009,0.030254386886098595,0.024514951495149602,0.019676229764360342,0.016113144525781088,0.012025270568587836,0.0087250981573543,0.00690001725004315,0.00561250000000002,0.0036875000000000132,0.002312500000000008,0.001425000000000005,0.001162500000000004,0.000575000000000002,0.000287500000000001,0.00021250000000000075,5.000000000000018e-05,6.250000000000022e-05,2.500000000000009e-05,5.000000000000018e-05,2.500000000000009e-05,0.0,0.0,0.0,0.0,0.0,0.0,0.0,0.0,0.0,0.0,0.0,0.0,0.0,0.0,0.0,0.0,0.0,0.0,0.0,0.0,0.0,0.0,0.0,0.0,0.0,0.0,0.0,0.0,0.0,0.0,0.0,0.0,0.0,0.0,0.0,0.0,0.0,0.0,0.0,0.0,0.0,0.0,0.0,0.0,0.0,0.0,0.0,0.0,0.0,0.0,0.0,0.0,0.0,0.0,0.0,0.0,0.0,0.0,0.0,0.0
10.350000000000001,0.041628526982888554,0.03868655760908585,0.03230650168346391,0.026803886563551812,0.02220222022202228,0.018588661791362027,0.014263070522820963,0.010537737099084767,0.0077750874697340615,0.005962514906287287,0.005037500000000018,0.0028250000000000102,0.0018875000000000068,0.0013000000000000045,0.0007875000000000028,0.0005125000000000019,0.00021250000000000075,0.0002250000000000008,0.00010000000000000036,0.00010000000000000036,3.750000000000013e-05,2.500000000000009e-05,0.0,0.0,0.0,0.0,0.0,0.0,0.0,0.0,0.0,0.0,0.0,0.0,0.0,0.0,0.0,0.0,0.0,0.0,0.0,0.0,0.0,0.0,0.0,0.0,0.0,0.0,0.0,0.0,0.0,0.0,0.0,0.0,0.0,0.0,0.0,0.0,0.0,0.0,0.0,0.0,0.0,0.0,0.0,0.0,0.0,0.0,0.0,0.0,0.0,0.0,0.0,0.0,0.0,0.0,0.0,0.0,0.0,0.0,0.0,0.0,0.0
10.45,0.039302631513132694,0.03426023524527965,0.029668470779744528,0.024028484130198965,0.019364436443644432,0.01647602975185955,0.012325493019720832,0.009612716286116471,0.007737587047854316,0.005475013687534238,0.004300000000000016,0.0026875000000000098,0.001662500000000006,0.0009500000000000034,0.0007625000000000027,0.0004500000000000016,0.00020000000000000071,0.0001125000000000004,0.00010000000000000036,5.000000000000018e-05,2.500000000000009e-05,1.2500000000000045e-05,0.0,0.0,0.0,0.0,0.0,0.0,0.0,0.0,0.0,0.0,0.0,0.0,0.0,0.0,0.0,0.0,0.0,0.0,0.0,0.0,0.0,0.0,0.0,0.0,0.0,0.0,0.0,0.0,0.0,0.0,0.0,0.0,0.0,0.0,0.0,0.0,0.0,0.0,0.0,0.0,0.0,0.0,0.0,0.0,0.0,0.0,0.0,0.0,0.0,0.0,0.0,0.0,0.0,0.0,0.0,0.0,0.0,0.0,0.0,0.0,0.0
10.55,0.035501167949660115,0.031196820049989492,0.026992932327630555,0.02254076841141934,0.018489348934893225,0.015175948496780833,0.011037941517660549,0.008100182254100603,0.006462572703942827,0.0054750136875341415,0.0035999999999999487,0.00212499999999997,0.001349999999999981,0.0011749999999999833,0.0004874999999999931,0.00029999999999999575,0.0002249999999999968,6.249999999999911e-05,6.249999999999911e-05,1.2499999999999823e-05,4.999999999999929e-05,2.4999999999999645e-05,0.0,0.0,0.0,0.0,0.0,0.0,0.0,0.0,0.0,0.0,0.0,0.0,0.0,0.0,0.0,0.0,0.0,0.0,0.0,0.0,0.0,0.0,0.0,0.0,0.0,0.0,0.0,0.0,0.0,0.0,0.0,0.0,0.0,0.0,0.0,0.0,0.0,0.0,0.0,0.0,0.0,0.0,0.0,0.0,0.0,0.0,0.0,0.0,0.0,0.0,0.0,0.0,0.0,0.0,0.0,0.0,0.0,0.0,0.0,0.0,0.0
10.650000000000002,0.033075233965076674,0.029171214900451613,0.023404710197927416,0.01956533697386128,0.017014201420142077,0.012963310206887976,0.01006290251610068,0.007512669035053315,0.005787565110107509,0.00485001212503033,0.0027375000000000095,0.0019250000000000068,0.0013875000000000048,0.0007750000000000027,0.000575000000000002,0.00023750000000000084,0.00016250000000000056,0.00010000000000000036,8.750000000000032e-05,3.750000000000013e-05,2.500000000000009e-05,0.0,0.0,0.0,0.0,0.0,0.0,0.0,0.0,0.0,0.0,0.0,0.0,0.0,0.0,0.0,0.0,0.0,0.0,0.0,0.0,0.0,0.0,0.0,0.0,0.0,0.0,0.0,0.0,0.0,0.0,0.0,0.0,0.0,0.0,0.0,0.0,0.0,0.0,0.0,0.0,0.0,0.0,0.0,0.0,0.0,0.0,0.0,0.0,0.0,0.0,0.0,0.0,0.0,0.0,0.0,0.0,0.0,0.0,0.0,0.0,0.0,0.0
10.75,0.029623905203503453,0.026145310911634943,0.022892107036541185,0.01844017382520472,0.01541404140414047,0.011825739108694335,0.009150366014640619,0.007600171003847614,0.005362560328803718,0.004200010500026265,0.0028125000000000103,0.001687500000000006,0.0009375000000000032,0.0007875000000000028,0.00046250000000000165,0.00016250000000000056,0.00015000000000000053,0.00010000000000000036,2.500000000000009e-05,2.500000000000009e-05,2.500000000000009e-05,0.0,0.0,0.0,0.0,0.0,0.0,0.0,0.0,0.0,0.0,0.0,0.0,0.0,0.0,0.0,0.0,0.0,0.0,0.0,0.0,0.0,0.0,0.0,0.0,0.0,0.0,0.0,0.0,0.0,0.0,0.0,0.0,0.0,0.0,0.0,0.0,0.0,0.0,0.0,0.0,0.0,0.0,0.0,0.0,0.0,0.0,0.0,0.0,0.0,0.0,0.0,0.0,0.0,0.0,0.0,0.0,0.0,0.0,0.0,0.0,0.0,0.0
10.850000000000001,0.027860726379656267,0.023156918129291208,0.01940390503588854,0.017727570497722233,0.013988898889889039,0.01023813988374277,0.007850314012560531,0.006225140065651499,0.0053375600475505545,0.003662509156272904,0.0019250000000000068,0.001337500000000005,0.001137500000000004,0.0004875000000000017,0.0002625000000000009,0.00023750000000000084,8.750000000000032e-05,6.250000000000022e-05,5.000000000000018e-05,5.000000000000018e-05,1.2500000000000045e-05,0.0,0.0,0.0,0.0,0.0,0.0,0.0,0.0,0.0,0.0,0.0,0.0,0.0,0.0,0.0,0.0,0.0,0.0,0.0,0.0,0.0,0.0,0.0,0.0,0.0,0.0,0.0,0.0,0.0,0.0,0.0,0.0,0.0,0.0,0.0,0.0,0.0,0.0,0.0,0.0,0.0,0.0,0.0,0.0,0.0,0.0,0.0,0.0,0.0,0.0,0.0,0.0,0.0,0.0,0.0,0.0,0.0,0.0,0.0,0.0,0.0,0.0
10.95,0.023971729115709633,0.022169123025503945,0.018366196196984708,0.01576478589395468,0.011988698869887031,0.009650603162697703,0.007325293011720495,0.005575125440322426,0.004612551891208793,0.0026500066250165722,0.0021125000000000076,0.0013250000000000048,0.0008125000000000029,0.0005875000000000021,0.000275000000000001,0.00015000000000000053,8.750000000000032e-05,7.500000000000026e-05,3.750000000000013e-05,2.500000000000009e-05,0.0,0.0,0.0,0.0,0.0,0.0,0.0,0.0,0.0,0.0,0.0,0.0,0.0,0.0,0.0,0.0,0.0,0.0,0.0,0.0,0.0,0.0,0.0,0.0,0.0,0.0,0.0,0.0,0.0,0.0,0.0,0.0,0.0,0.0,0.0,0.0,0.0,0.0,0.0,0.0,0.0,0.0,0.0,0.0,0.0,0.0,0.0,0.0,0.0,0.0,0.0,0.0,0.0,0.0,0.0,0.0,0.0,0.0,0.0,0.0,0.0,0.0,0.0
11.05,0.023083887296608867,0.019043189152759116,0.017466015035525653,0.014389586490040851,0.011151115111510993,0.00862553909619339,0.0070752830113203526,0.005212617283888814,0.004175046969278345,0.002837507093767694,0.0015249999999999784,0.0009749999999999862,0.000774999999999989,0.0004499999999999936,0.00013749999999999806,0.00014999999999999787,9.999999999999858e-05,3.749999999999947e-05,2.4999999999999645e-05,1.2499999999999823e-05,0.0,0.0,0.0,0.0,0.0,0.0,0.0,0.0,0.0,0.0,0.0,0.0,0.0,0.0,0.0,0.0,0.0,0.0,0.0,0.0,0.0,0.0,0.0,0.0,0.0,0.0,0.0,0.0,0.0,0.0,0.0,0.0,0.0,0.0,0.0,0.0,0.0,0.0,0.0,0.0,0.0,0.0,0.0,0.0,0.0,0.0,0.0,0.0,0.0,0.0,0.0,0.0,0.0,0.0,0.0,0.0,0.0,0.0,0.0,0.0,0.0,0.0,0.0
11.150000000000002,0.020582924425904047,0.01801788284249926,0.015690657744871214,0.012326787384170748,0.009963496349634999,0.007600475029689383,0.006162746509860416,0.0052376178464015625,0.0038000427504809565,0.0019500048750121944,0.0013500000000000048,0.001075000000000004,0.000537500000000002,0.0003625000000000013,0.00021250000000000075,0.00012500000000000044,5.000000000000018e-05,5.000000000000018e-05,3.750000000000013e-05,2.500000000000009e-05,0.0,0.0,0.0,0.0,0.0,0.0,0.0,0.0,0.0,0.0,0.0,0.0,0.0,0.0,0.0,0.0,0.0,0.0,0.0,0.0,0.0,0.0,0.0,0.0,0.0,0.0,0.0,0.0,0.0,0.0,0.0,0.0,0.0,0.0,0.0,0.0,0.0,0.0,0.0,0.0,0.0,0.0,0.0,0.0,0.0,0.0,0.0,0.0,0.0,0.0,0.0,0.0,0.0,0.0,0.0,0.0,0.0,0.0,0.0,0.0,0.0,0.0,0.0
11.25,0.018257028956148183,0.017317673655004494,0.014652948905967378,0.011426656865245502,0.00908840884088412,0.00695043440215016,0.00532521300852036,0.0044501001272528795,0.0025000281253164188,0.00205000512501282,0.0012750000000000046,0.0009625000000000034,0.000562500000000002,0.0002250000000000008,0.00018750000000000068,5.000000000000018e-05,8.750000000000032e-05,3.750000000000013e-05,3.750000000000013e-05,0.0,0.0,0.0,0.0,0.0,0.0,0.0,0.0,0.0,0.0,0.0,0.0,0.0,0.0,0.0,0.0,0.0,0.0,0.0,0.0,0.0,0.0,0.0,0.0,0.0,0.0,0.0,0.0,0.0,0.0,0.0,0.0,0.0,0.0,0.0,0.0,0.0,0.0,0.0,0.0,0.0,0.0,0.0,0.0,0.0,0.0,0.0,0.0,0.0,0.0,0.0,0.0,0.0,0.0,0.0,0.0,0.0,0.0,0.0,0.0,0.0,0.0,0.0,0.0
11.350000000000001,0.01729415825092667,0.015467120802339753,0.012877591615312628,0.009763915767786364,0.007788278827882815,0.006662916432277041,0.005075203008120343,0.004212594783382641,0.0028125316409809715,0.0015125037812594585,0.0010500000000000036,0.0006625000000000024,0.0004250000000000015,0.00015000000000000053,0.00018750000000000068,0.00012500000000000044,6.250000000000022e-05,1.2500000000000045e-05,1.2500000000000045e-05,0.0,0.0,0.0,0.0,0.0,0.0,0.0,0.0,0.0,0.0,0.0,0.0,0.0,0.0,0.0,0.0,0.0,0.0,0.0,0.0,0.0,0.0,0.0,0.0,0.0,0.0,0.0,0.0,0.0,0.0,0.0,0.0,0.0,0.0,0.0,0.0,0.0,0.0,0.0,0.0,0.0,0.0,0.0,0.0,0.0,0.0,0.0,0.0,0.0,0.0,0.0,0.0,0.0,0.0,0.0,0.0,0.0,0.0,0.0,0.0,0.0,0.0,0.0,0.0
11.45,0.016693927161957414,0.01414172484029609,0.011277269550497078,0.009526381325292202,0.007475747574757502,0.006087880492530805,0.0051252050082003465,0.003575080439309897,0.0020750233440126275,0.0013625034062585205,0.0009500000000000034,0.0006000000000000021,0.00037500000000000136,0.00020000000000000071,0.00012500000000000044,5.000000000000018e-05,3.750000000000013e-05,3.750000000000013e-05,2.500000000000009e-05,0.0,0.0,0.0,0.0,0.0,0.0,0.0,0.0,0.0,0.0,0.0,0.0,0.0,0.0,0.0,0.0,0.0,0.0,0.0,0.0,0.0,0.0,0.0,0.0,0.0,0.0,0.0,0.0,0.0,0.0,0.0,0.0,0.0,0.0,0.0,0.0,0.0,0.0,0.0,0.0,0.0,0.0,0.0,0.0,0.0,0.0,0.0,0.0,0.0,0.0,0.0,0.0,0.0,0.0,0.0,0.0,0.0,0.0,0.0,0.0,0.0,0.0,0.0,0.0
11.55,0.014893233895049382,0.013016388646107841,0.010027017937359751,0.008476229053212596,0.006575657565756483,0.005137821113819541,0.004350174006960216,0.0027250613138795235,0.0018875212346138627,0.0013000032500081065,0.0010374999999999853,0.0004749999999999932,0.00024999999999999643,0.00019999999999999716,4.999999999999929e-05,8.749999999999875e-05,1.2499999999999823e-05,2.4999999999999645e-05,0.0,0.0,0.0,0.0,0.0,0.0,0.0,0.0,0.0,0.0,0.0,0.0,0.0,0.0,0.0,0.0,0.0,0.0,0.0,0.0,0.0,0.0,0.0,0.0,0.0,0.0,0.0,0.0,0.0,0.0,0.0,0.0,0.0,0.0,0.0,0.0,0.0,0.0,0.0,0.0,0.0,0.0,0.0,0.0,0.0,0.0,0.0,0.0,0.0,0.0,0.0,0.0,0.0,0.0,0.0,0.0,0.0,0.0,0.0,0.0,0.0,0.0,0.0,0.0,0.0
11.650000000000002,0.013767800603232294,0.011178339528934308,0.009664444969550157,0.007238549589690531,0.006400640064006423,0.004987811738233657,0.004150166006640281,0.002487555970009334,0.00161251814082909,0.0011375028437571133,0.0007125000000000025,0.0005000000000000017,0.00023750000000000084,0.0001375000000000005,0.00010000000000000036,6.250000000000022e-05,3.750000000000013e-05,3.750000000000013e-05,0.0,0.0,0.0,0.0,0.0,0.0,0.0,0.0,0.0,0.0,0.0,0.0,0.0,0.0,0.0,0.0,0.0,0.0,0.0,0.0,0.0,0.0,0.0,0.0,0.0,0.0,0.0,0.0,0.0,0.0,0.0,0.0,0.0,0.0,0.0,0.0,0.0,0.0,0.0,0.0,0.0,0.0,0.0,0.0,0.0,0.0,0.0,0.0,0.0,0.0,0.0,0.0,0.0,0.0,0.0,0.0,0.0,0.0,0.0,0.0,0.0,0.0,0.0,0.0,0.0
11.75,0.012067145851152736,0.010228055631619984,0.008514213485463981,0.006813487955753608,0.005625562556255646,0.004825301581348852,0.0034126365054602302,0.002237550344882768,0.0014625164533101048,0.0008750021875054719,0.0006875000000000025,0.0004375000000000016,0.00012500000000000044,0.00012500000000000044,0.00010000000000000036,2.500000000000009e-05,2.500000000000009e-05,1.2500000000000045e-05,0.0,0.0,0.0,0.0,0.0,0.0,0.0,0.0,0.0,0.0,0.0,0.0,0.0,0.0,0.0,0.0,0.0,0.0,0.0,0.0,0.0,0.0,0.0,0.0,0.0,0.0,0.0,0.0,0.0,0.0,0.0,0.0,0.0,0.0,0.0,0.0,0.0,0.0,0.0,0.0,0.0,0.0,0.0,0.0,0.0,0.0,0.0,0.0,0.0,0.0,0.0,0.0,0.0,0.0,0.0,0.0,0.0,0.0,0.0,0.0,0.0,0.0,0.0,0.0,0.0
11.850000000000001,0.010679111457911334,0.00926526799881468,0.007451499614297403,0.006938506083382115,0.005000500050005018,0.004237764860303784,0.0028001120044801892,0.0018375413446802618,0.001187513359525299,0.0010625026562566444,0.00046250000000000165,0.000275000000000001,0.00021250000000000075,0.00012500000000000044,5.000000000000018e-05,5.000000000000018e-05,5.000000000000018e-05,1.2500000000000045e-05,0.0,0.0,0.0,0.0,0.0,0.0,0.0,0.0,0.0,0.0,0.0,0.0,0.0,0.0,0.0,0.0,0.0,0.0,0.0,0.0,0.0,0.0,0.0,0.0,0.0,0.0,0.0,0.0,0.0,0.0,0.0,0.0,0.0,0.0,0.0,0.0,0.0,0.0,0.0,0.0,0.0,0.0,0.0,0.0,0.0,0.0,0.0,0.0,0.0,0.0,0.0,0.0,0.0,0.0,0.0,0.0,0.0,0.0,0.0,0.0,0.0,0.0,0.0,0.0,0.0
11.95,0.009903812967992712,0.00864008122426578,0.007163941743275859,0.005838346560251257,0.00476297629762978,0.004050253140821316,0.0024625985039401664,0.001687537969604322,0.0012625142032847915,0.0007625019062547683,0.0005125000000000019,0.00025000000000000087,0.00016250000000000056,5.000000000000018e-05,6.250000000000022e-05,3.750000000000013e-05,2.500000000000009e-05,0.0,0.0,0.0,0.0,0.0,0.0,0.0,0.0,0.0,0.0,0.0,0.0,0.0,0.0,0.0,0.0,0.0,0.0,0.0,0.0,0.0,0.0,0.0,0.0,0.0,0.0,0.0,0.0,0.0,0.0,0.0,0.0,0.0,0.0,0.0,0.0,0.0,0.0,0.0,0.0,0.0,0.0,0.0,0.0,0.0,0.0,0.0,0.0,0.0,0.0,0.0,0.0,0.0,0.0,0.0,0.0,0.0,0.0,0.0,0.0,0.0,0.0,0.0,0.0,0.0,0.0
12.05,0.009015971148892195,0.007552256236550562,0.006276263097948373,0.005163248671057229,0.0047629762976296956,0.003400212513282032,0.002225089003560111,0.001537534594528355,0.0008625097032341492,0.0006875017187542871,0.00042499999999999396,0.00012499999999999821,0.0001749999999999975,0.00012499999999999821,6.249999999999911e-05,1.2499999999999823e-05,1.2499999999999823e-05,0.0,0.0,0.0,0.0,0.0,0.0,0.0,0.0,0.0,0.0,0.0,0.0,0.0,0.0,0.0,0.0,0.0,0.0,0.0,0.0,0.0,0.0,0.0,0.0,0.0,0.0,0.0,0.0,0.0,0.0,0.0,0.0,0.0,0.0,0.0,0.0,0.0,0.0,0.0,0.0,0.0,0.0,0.0,0.0,0.0,0.0,0.0,0.0,0.0,0.0,0.0,0.0,0.0,0.0,0.0,0.0,0.0,0.0,0.0,0.0,0.0,0.0,0.0,0.0,0.0,0.0
12.150000000000002,0.008365720802508995,0.006939573197492776,0.006238755549554369,0.004738187037120399,0.004250425042504266,0.0027626726670417,0.0018125725029001225,0.0011750264380948612,0.0009750109688734033,0.0005375013437533613,0.0003625000000000013,0.00017500000000000065,0.00012500000000000044,5.000000000000018e-05,3.750000000000013e-05,3.750000000000013e-05,2.500000000000009e-05,0.0,0.0,0.0,0.0,0.0,0.0,0.0,0.0,0.0,0.0,0.0,0.0,0.0,0.0,0.0,0.0,0.0,0.0,0.0,0.0,0.0,0.0,0.0,0.0,0.0,0.0,0.0,0.0,0.0,0.0,0.0,0.0,0.0,0.0,0.0,0.0,0.0,0.0,0.0,0.0,0.0,0.0,0.0,0.0,0.0,0.0,0.0,0.0,0.0,0.0,0.0,0.0,0.0,0.0,0.0,0.0,0.0,0.0,0.0,0.0,0.0,0.0,0.0,0.0,0.0,0.0
12.25,0.007115239367156381,0.006301882687452899,0.005438594517146595,0.0046631761605432955,0.0036253625362536383,0.002312644540283776,0.0018000720028801217,0.0011875267193511897,0.0009625108282468211,0.00045000112500281415,0.0002250000000000008,0.00020000000000000071,3.750000000000013e-05,6.250000000000022e-05,1.2500000000000045e-05,2.500000000000009e-05,0.0,0.0,0.0,0.0,0.0,0.0,0.0,0.0,0.0,0.0,0.0,0.0,0.0,0.0,0.0,0.0,0.0,0.0,0.0,0.0,0.0,0.0,0.0,0.0,0.0,0.0,0.0,0.0,0.0,0.0,0.0,0.0,0.0,0.0,0.0,0.0,0.0,0.0,0.0,0.0,0.0,0.0,0.0,0.0,0.0,0.0,0.0,0.0,0.0,0.0,0.0,0.0,0.0,0.0,0.0,0.0,0.0,0.0,0.0,0.0,0.0,0.0,0.0,0.0,0.0,0.0,0.0
12.350000000000001,0.006927667151853488,0.00605180797763334,0.004875981291234878,0.004550659845677639,0.0034003400340034125,0.0021626351646978014,0.001362554502180092,0.0010000225005062648,0.0005375060469430301,0.0004625011562528923,0.00023750000000000084,0.00015000000000000053,8.750000000000032e-05,7.500000000000026e-05,3.750000000000013e-05,2.500000000000009e-05,0.0,0.0,0.0,0.0,0.0,0.0,0.0,0.0,0.0,0.0,0.0,0.0,0.0,0.0,0.0,0.0,0.0,0.0,0.0,0.0,0.0,0.0,0.0,0.0,0.0,0.0,0.0,0.0,0.0,0.0,0.0,0.0,0.0,0.0,0.0,0.0,0.0,0.0,0.0,0.0,0.0,0.0,0.0,0.0,0.0,0.0,0.0,0.0,0.0,0.0,0.0,0.0,0.0,0.0,0.0,0.0,0.0,0.0,0.0,0.0,0.0,0.0,0.0,0.0,0.0,0.0,0.0
12.45,0.0059272820035713965,0.005689199648394978,0.004700946065395678,0.003938071020297957,0.0025627562756275718,0.0018126132883305272,0.0012750510020400861,0.0008125182816613402,0.0006500073125822689,0.00040000100000250145,8.750000000000032e-05,0.0001375000000000005,0.00010000000000000036,3.750000000000013e-05,2.500000000000009e-05,1.2500000000000045e-05,0.0,0.0,0.0,0.0,0.0,0.0,0.0,0.0,0.0,0.0,0.0,0.0,0.0,0.0,0.0,0.0,0.0,0.0,0.0,0.0,0.0,0.0,0.0,0.0,0.0,0.0,0.0,0.0,0.0,0.0,0.0,0.0,0.0,0.0,0.0,0.0,0.0,0.0,0.0,0.0,0.0,0.0,0.0,0.0,0.0,0.0,0.0,0.0,0.0,0.0,0.0,0.0,0.0,0.0,0.0,0.0,0.0,0.0,0.0,0.0,0.0,0.0,0.0,0.0,0.0,0.0,0.0
12.55,0.006152368661934757,0.004926471783445234,0.004525910839556397,0.0036380275139894767,0.0023127312731272796,0.0018126132883304947,0.0011625465018600578,0.0009625216567372629,0.0004500050625569474,0.00031250078125194867,0.00019999999999999716,9.999999999999858e-05,3.749999999999947e-05,3.749999999999947e-05,2.4999999999999645e-05,2.4999999999999645e-05,0.0,0.0,0.0,0.0,0.0,0.0,0.0,0.0,0.0,0.0,0.0,0.0,0.0,0.0,0.0,0.0,0.0,0.0,0.0,0.0,0.0,0.0,0.0,0.0,0.0,0.0,0.0,0.0,0.0,0.0,0.0,0.0,0.0,0.0,0.0,0.0,0.0,0.0,0.0,0.0,0.0,0.0,0.0,0.0,0.0,0.0,0.0,0.0,0.0,0.0,0.0,0.0,0.0,0.0,0.0,0.0,0.0,0.0,0.0,0.0,0.0,0.0,0.0,0.0,0.0,0.0,0.0
12.650000000000002,0.005489613501197981,0.004451329834788159,0.00405081522656436,0.003150456816238366,0.0021002100210021075,0.001350084380273772,0.0010125405016200683,0.0007000157503543855,0.00048750548443670164,0.00018750046875117257,0.00017500000000000065,5.000000000000018e-05,7.500000000000026e-05,2.500000000000009e-05,2.500000000000009e-05,0.0,0.0,0.0,0.0,0.0,0.0,0.0,0.0,0.0,0.0,0.0,0.0,0.0,0.0,0.0,0.0,0.0,0.0,0.0,0.0,0.0,0.0,0.0,0.0,0.0,0.0,0.0,0.0,0.0,0.0,0.0,0.0,0.0,0.0,0.0,0.0,0.0,0.0,0.0,0.0,0.0,0.0,0.0,0.0,0.0,0.0,0.0,0.0,0.0,0.0,0.0,0.0,0.0,0.0,0.0,0.0,0.0,0.0,0.0,0.0,0.0,0.0,0.0,0.0,0.0,0.0,0.0,0.0
12.75,0.00461427649645115,0.004663893338134785,0.003825769936199674,0.0022503262973131185,0.0017876787678767938,0.0012125757859866285,0.0008375335013400566,0.0006625149065854006,0.0004125046406772091,0.0001625004062510162,0.00017500000000000065,0.00010000000000000036,6.250000000000022e-05,2.500000000000009e-05,3.750000000000013e-05,0.0,0.0,0.0,0.0,0.0,0.0,0.0,0.0,0.0,0.0,0.0,0.0,0.0,0.0,0.0,0.0,0.0,0.0,0.0,0.0,0.0,0.0,0.0,0.0,0.0,0.0,0.0,0.0,0.0,0.0,0.0,0.0,0.0,0.0,0.0,0.0,0.0,0.0,0.0,0.0,0.0,0.0,0.0,0.0,0.0,0.0,0.0,0.0,0.0,0.0,0.0,0.0,0.0,0.0,0.0,0.0,0.0,0.0,0.0,0.0,0.0,0.0,0.0,0.0,0.0,0.0,0.0,0.0
12.850000000000001,0.004464218724208836,0.004088721505549797,0.003363176839338929,0.002337838986653073,0.0018001800180018068,0.0012125757859866285,0.0009125365014600617,0.0005125115315094608,0.0003250036562911344,0.00015000037500093803,8.750000000000032e-05,0.00010000000000000036,2.500000000000009e-05,2.500000000000009e-05,1.2500000000000045e-05,0.0,0.0,0.0,0.0,0.0,0.0,0.0,0.0,0.0,0.0,0.0,0.0,0.0,0.0,0.0,0.0,0.0,0.0,0.0,0.0,0.0,0.0,0.0,0.0,0.0,0.0,0.0,0.0,0.0,0.0,0.0,0.0,0.0,0.0,0.0,0.0,0.0,0.0,0.0,0.0,0.0,0.0,0.0,0.0,0.0,0.0,0.0,0.0,0.0,0.0,0.0,0.0,0.0,0.0,0.0,0.0,0.0,0.0,0.0,0.0,0.0,0.0,0.0,0.0,0.0,0.0,0.0,0.0
12.95,0.004526742795976466,0.00388866173769415,0.0028505736779526982,0.0020252936675818063,0.00132513251325133,0.0011125695355959787,0.0008625345013800583,0.00042500956271516256,0.0002250025312784777,0.00020000050000125073,0.00010000000000000036,2.500000000000009e-05,5.000000000000018e-05,2.500000000000009e-05,1.2500000000000045e-05,0.0,0.0,0.0,0.0,0.0,0.0,0.0,0.0,0.0,0.0,0.0,0.0,0.0,0.0,0.0,0.0,0.0,0.0,0.0,0.0,0.0,0.0,0.0,0.0,0.0,0.0,0.0,0.0,0.0,0.0,0.0,0.0,0.0,0.0,0.0,0.0,0.0,0.0,0.0,0.0,0.0,0.0,0.0,0.0,0.0,0.0,0.0,0.0,0.0,0.0,0.0,0.0,0.0,0.0,0.0,0.0,0.0,0.0,0.0,0.0,0.0,0.0,0.0,0.0,0.0,0.0,0.0,0.0
13.05,0.004139093551017083,0.003538557143946704,0.0021629352907272283,0.0017127483485105096,0.0011876187618761708,0.000775048440527522,0.0005875235009400293,0.00045001012522781123,0.00025000281253163744,0.00013750034375085743,3.749999999999947e-05,7.499999999999894e-05,2.4999999999999645e-05,2.4999999999999645e-05,0.0,0.0,0.0,0.0,0.0,0.0,0.0,0.0,0.0,0.0,0.0,0.0,0.0,0.0,0.0,0.0,0.0,0.0,0.0,0.0,0.0,0.0,0.0,0.0,0.0,0.0,0.0,0.0,0.0,0.0,0.0,0.0,0.0,0.0,0.0,0.0,0.0,0.0,0.0,0.0,0.0,0.0,0.0,0.0,0.0,0.0,0.0,0.0,0.0,0.0,0.0,0.0,0.0,0.0,0.0,0.0,0.0,0.0,0.0,0.0,0.0,0.0,0.0,0.0,0.0,0.0,0.0,0.0,0.0
13.150000000000002,0.0037264346773507933,0.002913370369397868,0.0023879805810919533,0.0017377519740362415,0.0011126112611261165,0.0008000500031251982,0.0005375215008600363,0.00038750871894617766,0.00011250126563923885,0.0001750004375010944,0.00010000000000000036,6.250000000000022e-05,1.2500000000000045e-05,3.750000000000013e-05,0.0,0.0,0.0,0.0,0.0,0.0,0.0,0.0,0.0,0.0,0.0,0.0,0.0,0.0,0.0,0.0,0.0,0.0,0.0,0.0,0.0,0.0,0.0,0.0,0.0,0.0,0.0,0.0,0.0,0.0,0.0,0.0,0.0,0.0,0.0,0.0,0.0,0.0,0.0,0.0,0.0,0.0,0.0,0.0,0.0,0.0,0.0,0.0,0.0,0.0,0.0,0.0,0.0,0.0,0.0,0.0,0.0,0.0,0.0,0.0,0.0,0.0,0.0,0.0,0.0,0.0,0.0,0.0,0.0
13.25,0.0034013095041591133,0.0021756499754301676,0.0016878396777351501,0.0012126758379965138,0.0011501150115011541,0.0009000562535158481,0.00040001600064002704,0.0002750061876392229,0.0001625018281455672,7.500018750046902e-05,8.750000000000032e-05,1.2500000000000045e-05,2.500000000000009e-05,1.2500000000000045e-05,0.0,0.0,0.0,0.0,0.0,0.0,0.0,0.0,0.0,0.0,0.0,0.0,0.0,0.0,0.0,0.0,0.0,0.0,0.0,0.0,0.0,0.0,0.0,0.0,0.0,0.0,0.0,0.0,0.0,0.0,0.0,0.0,0.0,0.0,0.0,0.0,0.0,0.0,0.0,0.0,0.0,0.0,0.0,0.0,0.0,0.0,0.0,0.0,0.0,0.0,0.0,0.0,0.0,0.0,0.0,0.0,0.0,0.0,0.0,0.0,0.0,0.0,0.0,0.0,0.0,0.0,0.0,0.0,0.0
13.350000000000001,0.0029136217443715934,0.0022631761238670134,0.0015878195486841785,0.0011751703997079617,0.0007500750075007527,0.0005875367210450673,0.0004750190007600321,0.00022500506261390963,0.00020000225002531348,7.500018750046902e-05,5.000000000000018e-05,5.000000000000018e-05,3.750000000000013e-05,1.2500000000000045e-05,0.0,0.0,0.0,0.0,0.0,0.0,0.0,0.0,0.0,0.0,0.0,0.0,0.0,0.0,0.0,0.0,0.0,0.0,0.0,0.0,0.0,0.0,0.0,0.0,0.0,0.0,0.0,0.0,0.0,0.0,0.0,0.0,0.0,0.0,0.0,0.0,0.0,0.0,0.0,0.0,0.0,0.0,0.0,0.0,0.0,0.0,0.0,0.0,0.0,0.0,0.0,0.0,0.0,0.0,0.0,0.0,0.0,0.0,0.0,0.0,0.0,0.0,0.0,0.0,0.0,0.0,0.0,0.0,0.0
13.45,0.0021508280688064983,0.002000597678556476,0.0015128044518959495,0.0011501667741822606,0.0008375837583758406,0.0006500406275392234,0.0003750150006000254,0.000200004500101253,0.00011250126563923885,5.000012500031268e-05,5.000000000000018e-05,2.500000000000009e-05,1.2500000000000045e-05,0.0,0.0,0.0,0.0,0.0,0.0,0.0,0.0,0.0,0.0,0.0,0.0,0.0,0.0,0.0,0.0,0.0,0.0,0.0,0.0,0.0,0.0,0.0,0.0,0.0,0.0,0.0,0.0,0.0,0.0,0.0,0.0,0.0,0.0,0.0,0.0,0.0,0.0,0.0,0.0,0.0,0.0,0.0,0.0,0.0,0.0,0.0,0.0,0.0,0.0,0.0,0.0,0.0,0.0,0.0,0.0,0.0,0.0,0.0,0.0,0.0,0.0,0.0,0.0,0.0,0.0,0.0,0.0,0.0,0.0
13.55,0.0022258569549276157,0.0016379893493180854,0.00138777929058221,0.0010751558976051375,0.0008625862586258504,0.00045002812675791595,0.0003500140005600174,8.750196879429663e-05,0.00016250182814556434,0.00011250028125070153,7.499999999999894e-05,2.4999999999999645e-05,3.749999999999947e-05,0.0,0.0,0.0,0.0,0.0,0.0,0.0,0.0,0.0,0.0,0.0,0.0,0.0,0.0,0.0,0.0,0.0,0.0,0.0,0.0,0.0,0.0,0.0,0.0,0.0,0.0,0.0,0.0,0.0,0.0,0.0,0.0,0.0,0.0,0.0,0.0,0.0,0.0,0.0,0.0,0.0,0.0,0.0,0.0,0.0,0.0,0.0,0.0,0.0,0.0,0.0,0.0,0.0,0.0,0.0,0.0,0.0,0.0,0.0,0.0,0.0,0.0,0.0,0.0,0.0,0.0,0.0,0.0,0.0,0.0
13.650000000000002,0.0019132365960895013,0.0017130117622639824,0.001112723935692062,0.0007376069530081888,0.0006750675067506775,0.0004000250015625991,0.0002250090003600152,0.000200004500101253,0.00011250126563923885,6.250015625039084e-05,0.0,1.2500000000000045e-05,1.2500000000000045e-05,0.0,0.0,0.0,0.0,0.0,0.0,0.0,0.0,0.0,0.0,0.0,0.0,0.0,0.0,0.0,0.0,0.0,0.0,0.0,0.0,0.0,0.0,0.0,0.0,0.0,0.0,0.0,0.0,0.0,0.0,0.0,0.0,0.0,0.0,0.0,0.0,0.0,0.0,0.0,0.0,0.0,0.0,0.0,0.0,0.0,0.0,0.0,0.0,0.0,0.0,0.0,0.0,0.0,0.0,0.0,0.0,0.0,0.0,0.0,0.0,0.0,0.0,0.0,0.0,0.0,0.0,0.0,0.0,0.0,0.0
13.75,0.0016756451233725044,0.0012378698136068195,0.00101270380664109,0.0008001160168224421,0.0005750575057505771,0.0004250265641602615,0.0002250090003600152,0.00015000337507593974,3.750042187974628e-05,5.000012500031268e-05,5.000000000000018e-05,2.500000000000009e-05,1.2500000000000045e-05,0.0,0.0,0.0,0.0,0.0,0.0,0.0,0.0,0.0,0.0,0.0,0.0,0.0,0.0,0.0,0.0,0.0,0.0,0.0,0.0,0.0,0.0,0.0,0.0,0.0,0.0,0.0,0.0,0.0,0.0,0.0,0.0,0.0,0.0,0.0,0.0,0.0,0.0,0.0,0.0,0.0,0.0,0.0,0.0,0.0,0.0,0.0,0.0,0.0,0.0,0.0,0.0,0.0,0.0,0.0,0.0,0.0,0.0,0.0,0.0,0.0,0.0,0.0,0.0,0.0,0.0,0.0,0.0,0.0,0.0
13.850000000000001,0.0017006547520795566,0.0012003586071338856,0.0010377088389038332,0.000875126893399546,0.0005000500050005018,0.00037502343896493666,0.00012500500020000844,0.0001250028125632831,5.000056250632837e-05,6.250015625039084e-05,2.500000000000009e-05,2.500000000000009e-05,0.0,0.0,0.0,0.0,0.0,0.0,0.0,0.0,0.0,0.0,0.0,0.0,0.0,0.0,0.0,0.0,0.0,0.0,0.0,0.0,0.0,0.0,0.0,0.0,0.0,0.0,0.0,0.0,0.0,0.0,0.0,0.0,0.0,0.0,0.0,0.0,0.0,0.0,0.0,0.0,0.0,0.0,0.0,0.0,0.0,0.0,0.0,0.0,0.0,0.0,0.0,0.0,0.0,0.0,0.0,0.0,0.0,0.0,0.0,0.0,0.0,0.0,0.0,0.0,0.0,0.0,0.0,0.0,0.0,0.0,0.0
13.95,0.0011879573635849845,0.0010378100457511719,0.0007126434194881746,0.0006250906381425329,0.0003625362536253638,0.0002625164072754556,0.0001375055002200093,0.0001250028125632831,0.00011250126563923885,6.250015625039084e-05,1.2500000000000045e-05,3.750000000000013e-05,0.0,0.0,0.0,0.0,0.0,0.0,0.0,0.0,0.0,0.0,0.0,0.0,0.0,0.0,0.0,0.0,0.0,0.0,0.0,0.0,0.0,0.0,0.0,0.0,0.0,0.0,0.0,0.0,0.0,0.0,0.0,0.0,0.0,0.0,0.0,0.0,0.0,0.0,0.0,0.0,0.0,0.0,0.0,0.0,0.0,0.0,0.0,0.0,0.0,0.0,0.0,0.0,0.0,0.0,0.0,0.0,0.0,0.0,0.0,0.0,0.0,0.0,0.0,0.0,0.0,0.0,0.0,0.0,0.0,0.0,0.0
14.05,0.0012254718066455413,0.0010878249877150643,0.000812663548539132,0.0006250906381425218,0.0004750475047504683,0.000200012500781296,0.0001750070002800087,0.00011250253130695281,5.000056250632748e-05,0.0,2.4999999999999645e-05,1.2499999999999823e-05,0.0,0.0,0.0,0.0,0.0,0.0,0.0,0.0,0.0,0.0,0.0,0.0,0.0,0.0,0.0,0.0,0.0,0.0,0.0,0.0,0.0,0.0,0.0,0.0,0.0,0.0,0.0,0.0,0.0,0.0,0.0,0.0,0.0,0.0,0.0,0.0,0.0,0.0,0.0,0.0,0.0,0.0,0.0,0.0,0.0,0.0,0.0,0.0,0.0,0.0,0.0,0.0,0.0,0.0,0.0,0.0,0.0,0.0,0.0,0.0,0.0,0.0,0.0,0.0,0.0,0.0,0.0,0.0,0.0,0.0,0.0
14.150000000000002,0.0010504044056961967,0.0008002390714225903,0.000825166064670518,0.00046256707222547434,0.0003375337533753387,0.00021251328208013074,0.00015000600024001013,3.7500843768984936e-05,5.000056250632837e-05,5.000012500031268e-05,2.500000000000009e-05,1.2500000000000045e-05,0.0,0.0,0.0,0.0,0.0,0.0,0.0,0.0,0.0,0.0,0.0,0.0,0.0,0.0,0.0,0.0,0.0,0.0,0.0,0.0,0.0,0.0,0.0,0.0,0.0,0.0,0.0,0.0,0.0,0.0,0.0,0.0,0.0,0.0,0.0,0.0,0.0,0.0,0.0,0.0,0.0,0.0,0.0,0.0,0.0,0.0,0.0,0.0,0.0,0.0,0.0,0.0,0.0,0.0,0.0,0.0,0.0,0.0,0.0,0.0,0.0,0.0,0.0,0.0,0.0,0.0,0.0,0.0,0.0,0.0,0.0
14.25,0.0009503658908679876,0.0007252166584767225,0.0006126232904372027,0.0003875561956483704,0.0003000300030003011,0.00010000625039064977,0.00015000600024001013,5.000112502531325e-05,6.250070313291047e-05,2.500006250015634e-05,2.500000000000009e-05,0.0,0.0,0.0,0.0,0.0,0.0,0.0,0.0,0.0,0.0,0.0,0.0,0.0,0.0,0.0,0.0,0.0,0.0,0.0,0.0,0.0,0.0,0.0,0.0,0.0,0.0,0.0,0.0,0.0,0.0,0.0,0.0,0.0,0.0,0.0,0.0,0.0,0.0,0.0,0.0,0.0,0.0,0.0,0.0,0.0,0.0,0.0,0.0,0.0,0.0,0.0,0.0,0.0,0.0,0.0,0.0,0.0,0.0,0.0,0.0,0.0,0.0,0.0,0.0,0.0,0.0,0.0,0.0,0.0,0.0,0.0,0.0
14.350000000000001,0.000900346633453883,0.0008502540133865022,0.0005751157420430883,0.000437563446699773,0.00018751875187518818,0.00016251015688480586,7.500300012000507e-05,0.0001250028125632831,6.250070313291047e-05,1.250003125007817e-05,2.500000000000009e-05,0.0,0.0,0.0,0.0,0.0,0.0,0.0,0.0,0.0,0.0,0.0,0.0,0.0,0.0,0.0,0.0,0.0,0.0,0.0,0.0,0.0,0.0,0.0,0.0,0.0,0.0,0.0,0.0,0.0,0.0,0.0,0.0,0.0,0.0,0.0,0.0,0.0,0.0,0.0,0.0,0.0,0.0,0.0,0.0,0.0,0.0,0.0,0.0,0.0,0.0,0.0,0.0,0.0,0.0,0.0,0.0,0.0,0.0,0.0,0.0,0.0,0.0,0.0,0.0,0.0,0.0,0.0,0.0,0.0,0.0,0.0,0.0
14.45,0.0007752984899186214,0.0008377502778955243,0.0004375880645980019,0.00035005075735981844,0.0002500250025002509,0.00016251015688480586,0.00010000400016000676,3.7500843768984936e-05,0.0,2.500006250015634e-05,1.2500000000000045e-05,0.0,0.0,0.0,0.0,0.0,0.0,0.0,0.0,0.0,0.0,0.0,0.0,0.0,0.0,0.0,0.0,0.0,0.0,0.0,0.0,0.0,0.0,0.0,0.0,0.0,0.0,0.0,0.0,0.0,0.0,0.0,0.0,0.0,0.0,0.0,0.0,0.0,0.0,0.0,0.0,0.0,0.0,0.0,0.0,0.0,0.0,0.0,0.0,0.0,0.0,0.0,0.0,0.0,0.0,0.0,0.0,0.0,0.0,0.0,0.0,0.0,0.0,0.0,0.0,0.0,0.0,0.0,0.0,0.0,0.0,0.0,0.0
14.55,0.0008253177473327114,0.0004251270066932436,0.00038757800007250913,0.0003375489445969618,0.00010001000100009859,0.000100006250390648,5.000200008000249e-05,5.000112502531236e-05,5.000056250632748e-05,2.5000062500155894e-05,2.4999999999999645e-05,0.0,0.0,0.0,0.0,0.0,0.0,0.0,0.0,0.0,0.0,0.0,0.0,0.0,0.0,0.0,0.0,0.0,0.0,0.0,0.0,0.0,0.0,0.0,0.0,0.0,0.0,0.0,0.0,0.0,0.0,0.0,0.0,0.0,0.0,0.0,0.0,0.0,0.0,0.0,0.0,0.0,0.0,0.0,0.0,0.0,0.0,0.0,0.0,0.0,0.0,0.0,0.0,0.0,0.0,0.0,0.0,0.0,0.0,0.0,0.0,0.0,0.0,0.0,0.0,0.0,0.0,0.0,0.0,0.0,0.0,0.0,0.0
14.650000000000002,0.0008128129329791999,0.0005751718325849868,0.00045009058072937344,0.00022503262973131187,0.00012501250125012545,0.0001750109381836371,7.500300012000507e-05,6.250140628164155e-05,1.2500140626582093e-05,2.500006250015634e-05,0.0,0.0,0.0,0.0,0.0,0.0,0.0,0.0,0.0,0.0,0.0,0.0,0.0,0.0,0.0,0.0,0.0,0.0,0.0,0.0,0.0,0.0,0.0,0.0,0.0,0.0,0.0,0.0,0.0,0.0,0.0,0.0,0.0,0.0,0.0,0.0,0.0,0.0,0.0,0.0,0.0,0.0,0.0,0.0,0.0,0.0,0.0,0.0,0.0,0.0,0.0,0.0,0.0,0.0,0.0,0.0,0.0,0.0,0.0,0.0,0.0,0.0,0.0,0.0,0.0,0.0,0.0,0.0,0.0,0.0,0.0,0.0,0.0
14.75,0.00042516368801988916,0.0004126232712022732,0.00032506541941565854,0.00017502537867990922,0.0001625162516251631,7.500468779298733e-05,0.00010000400016000676,6.250140628164155e-05,2.5000281253164185e-05,2.500006250015634e-05,0.0,0.0,0.0,0.0,0.0,0.0,0.0,0.0,0.0,0.0,0.0,0.0,0.0,0.0,0.0,0.0,0.0,0.0,0.0,0.0,0.0,0.0,0.0,0.0,0.0,0.0,0.0,0.0,0.0,0.0,0.0,0.0,0.0,0.0,0.0,0.0,0.0,0.0,0.0,0.0,0.0,0.0,0.0,0.0,0.0,0.0,0.0,0.0,0.0,0.0,0.0,0.0,0.0,0.0,0.0,0.0,0.0,0.0,0.0,0.0,0.0,0.0,0.0,0.0,0.0,0.0,0.0,0.0,0.0,0.0,0.0,0.0,0.0
14.850000000000001,0.0006002310889692553,0.00036260832923836123,0.00033756793554703,0.00016252356591705855,0.00015001500150015054,7.500468779298733e-05,2.500100004000169e-05,0.0,2.5000281253164185e-05,1.250003125007817e-05,0.0,0.0,0.0,0.0,0.0,0.0,0.0,0.0,0.0,0.0,0.0,0.0,0.0,0.0,0.0,0.0,0.0,0.0,0.0,0.0,0.0,0.0,0.0,0.0,0.0,0.0,0.0,0.0,0.0,0.0,0.0,0.0,0.0,0.0,0.0,0.0,0.0,0.0,0.0,0.0,0.0,0.0,0.0,0.0,0.0,0.0,0.0,0.0,0.0,0.0,0.0,0.0,0.0,0.0,0.0,0.0,0.0,0.0,0.0,0.0,0.0,0.0,0.0,0.0,0.0,0.0,0.0,0.0,0.0,0.0,0.0,0.0,0.0
