percentage_bin_center,r=0.0500,r=0.0600,r=0.0700,r=0.0800,r=0.0900,r=0.1000,r=0.1100,r=0.1200,r=0.1300,r=0.1400,r=0.1500,r=0.1600,r=0.1700,r=0.1800,r=0.1900,r=0.2000,r=0.2100,r=0.2200,r=0.2300,r=0.2400,r=0.2500,r=0.2600,r=0.2700,r=0.2800,r=0.2900,r=0.3000,r=0.3100,r=0.3200,r=0.3300,r=0.3400,r=0.3500,r=0.3600,r=0.3700,r=0.3800,r=0.3900,r=0.4000,r=0.4100,r=0.4200,r=0.4300,r=0.4400,r=0.4500,r=0.4600,r=0.4700,r=0.4800,r=0.4900,r=0.5000,r=0.5100,r=0.5200,r=0.5300,r=0.5400,r=0.5500,r=0.5600,r=0.5700,r=0.5800,r=0.5900,r=0.6000,r=0.6100,r=0.6200,r=0.6300,r=0.6400,r=0.6500,r=0.6600,r=0.6700,r=0.6800,r=0.6900,r=0.7000,r=0.7100,r=0.7200,r=0.7300,r=0.7400,r=0.7500,r=0.7600,r=0.7700,r=0.7800,r=0.7900,r=0.8000,r=0.8100,r=0.8200,r=0.8300,r=0.8400,r=0.8500,r=0.8600,r=0.8700,r=0.8800
0.05,0.0,0.0,0.0,0.0,0.0,0.0,0.0,0.0,0.0,0.0,0.0,0.0,0.0,0.0,0.0,0.0,0.0,0.0,0.0,0.0,0.0,0.0,0.0,0.0,0.0,0.0,0.0,0.0,0.0,0.0,0.0,0.0,0.0,0.0,0.0,0.0,0.0,0.0,0.0,0.0,0.0,0.0,0.0,0.0,0.0,0.0,0.0,0.0,0.0,0.0,0.0,0.0,0.0,0.0,0.0,0.0,0.0,0.0,0.0,0.0,0.0,0.0,0.0,0.0,0.0,0.0,0.0,0.0,0.0,0.0,0.0,0.0,0.0,0.0,0.0,0.0,0.0,0.0,0.0,0.0,0.0,0.0,0.0,0.0
0.15000000000000002,0.0,0.0,0.0,0.0,0.0,0.0,0.0,0.0,0.0,0.0,0.0,0.0,0.0,0.0,0.0,0.0,0.0,0.0,0.0,0.0,0.0,0.0,0.0,0.0,0.0,0.0,0.0,0.0,0.0,0.0,0.0,0.0,0.0,0.0,0.0,0.0,0.0,0.0,0.0,0.0,0.0,0.0,0.0,0.0,0.0,0.0,0.0,0.0,0.0,0.0,0.0,0.0,0.0,0.0,0.0,0.0,0.0,0.0,0.0,0.0,0.0,0.0,0.0,0.0,0.0,0.0,0.0,0.0,0.0,0.0,0.0,0.0,0.0,0.0,0.0,0.0,0.0,0.0,0.0,0.0,0.0,0.0,0.0,0.0
0.25,0.0,0.0,0.0,0.0,0.0,0.0,0.0,0.0,0.0,0.0,0.0,0.0,0.0,0.0,0.0,0.0,0.0,0.0,0.0,0.0,0.0,0.0,0.0,0.0,0.0,0.0,0.0,0.0,0.0,0.0,0.0,0.0,0.0,0.0,0.0,0.0,0.0,0.0,0.0,0.0,0.0,0.0,0.0,0.0,0.0,0.0,0.0,0.0,0.0,0.0,0.0,0.0,0.0,0.0,0.0,0.0,0.0,0.0,0.0,0.0,0.0,0.0,0.0,0.0,0.0,0.0,0.0,0.0,0.0,0.0,0.0,0.0,0.0,0.0,0.0,0.0,0.0,0.0,0.0,0.0,0.0,0.0,0.0,0.0
0.35000000000000003,0.0,0.0,0.0,0.0,0.0,0.0,0.0,0.0,0.0,0.0,0.0,0.0,0.0,0.0,0.0,0.0,0.0,0.0,0.0,0.0,0.0,0.0,0.0,0.0,0.0,0.0,0.0,0.0,0.0,0.0,0.0,0.0,0.0,0.0,0.0,0.0,0.0,0.0,0.0,0.0,0.0,0.0,0.0,0.0,0.0,0.0,0.0,0.0,0.0,0.0,0.0,0.0,0.0,0.0,0.0,0.0,0.0,0.0,0.0,0.0,0.0,0.0,0.0,0.0,0.0,0.0,0.0,0.0,0.0,0.0,0.0,0.0,0.0,0.0,0.0,0.0,0.0,0.0,0.0,0.0,0.0,0.0,0.0,0.0
0.45,0.0,0.0,0.0,0.0,0.0,0.0,0.0,0.0,0.0,0.0,0.0,0.0,0.0,0.0,0.0,0.0,0.0,0.0,0.0,0.0,0.0,0.0,0.0,0.0,0.0,0.0,0.0,0.0,0.0,0.0,0.0,0.0,0.0,0.0,0.0,0.0,0.0,0.0,0.0,0.0,0.0,0.0,0.0,0.0,0.0,0.0,0.0,0.0,0.0,0.0,0.0,0.0,0.0,0.0,0.0,0.0,0.0,0.0,0.0,0.0,0.0,0.0,0.0,0.0,0.0,0.0,0.0,0.0,0.0,0.0,0.0,0.0,0.0,0.0,0.0,0.0,0.0,0.0,0.0,0.0,0.0,0.0,0.0,0.0
0.55,0.0,0.0,0.0,0.0,0.0,0.0,0.0,0.0,0.0,0.0,0.0,0.0,0.0,0.0,0.0,0.0,0.0,0.0,0.0,0.0,0.0,0.0,0.0,0.0,0.0,0.0,0.0,0.0,0.0,0.0,0.0,0.0,0.0,0.0,0.0,0.0,0.0,0.0,0.0,0.0,0.0,0.0,0.0,0.0,0.0,0.0,0.0,0.0,0.0,0.0,0.0,0.0,0.0,0.0,0.0,0.0,0.0,0.0,0.0,0.0,0.0,0.0,0.0,0.0,0.0,0.0,0.0,0.0,0.0,0.0,0.0,0.0,0.0,0.0,0.0,0.0,0.0,0.0,0.0,0.0,0.0,0.0,0.0,0.0
0.6500000000000001,0.0,0.0,0.0,0.0,0.0,0.0,0.0,0.0,0.0,0.0,0.0,0.0,0.0,0.0,0.0,0.0,0.0,0.0,0.0,0.0,0.0,0.0,0.0,0.0,0.0,0.0,0.0,0.0,0.0,0.0,0.0,0.0,0.0,0.0,0.0,0.0,0.0,0.0,0.0,0.0,0.0,0.0,0.0,0.0,0.0,0.0,0.0,0.0,0.0,0.0,0.0,0.0,0.0,0.0,0.0,0.0,0.0,0.0,0.0,0.0,0.0,0.0,0.0,0.0,0.0,0.0,0.0,0.0,0.0,0.0,0.0,0.0,0.0,0.0,0.0,0.0,0.0,0.0,0.0,0.0,0.0,0.0,0.0,0.0
0.75,0.0,0.0,0.0,0.0,0.0,0.0,0.0,0.0,0.0,0.0,0.0,0.0,0.0,0.0,0.0,0.0,0.0,0.0,0.0,0.0,0.0,0.0,0.0,0.0,0.0,0.0,0.0,0.0,0.0,0.0,0.0,0.0,0.0,0.0,0.0,0.0,0.0,0.0,0.0,0.0,0.0,0.0,0.0,0.0,0.0,0.0,0.0,0.0,0.0,0.0,0.0,0.0,0.0,0.0,0.0,0.0,0.0,0.0,0.0,0.0,0.0,0.0,0.0,0.0,0.0,0.0,0.0,0.0,0.0,0.0,0.0,0.0,0.0,0.0,0.0,0.0,0.0,0.0,0.0,0.0,0.0,0.0,0.0,0.0
0.8500000000000001,0.0,0.0,0.0,0.0,0.0,0.0,0.0,0.0,0.0,0.0,0.0,0.0,0.0,0.0,0.0,0.0,0.0,0.0,0.0,0.0,0.0,0.0,0.0,0.0,0.0,0.0,0.0,0.0,0.0,0.0,0.0,0.0,0.0,0.0,0.0,0.0,0.0,0.0,0.0,0.0,0.0,0.0,0.0,0.0,0.0,0.0,0.0,0.0,0.0,0.0,0.0,0.0,0.0,0.0,0.0,0.0,0.0,0.0,0.0,0.0,0.0,0.0,0.0,0.0,0.0,0.0,0.0,0.0,0.0,0.0,0.0,0.0,0.0,0.0,0.0,0.0,0.0,0.0,0.0,0.0,0.0,0.0,0.0,0.0
0.95,0.0,0.0,0.0,0.0,0.0,0.0,0.0,0.0,0.0,0.0,0.0,0.0,0.0,0.0,0.0,0.0,0.0,0.0,0.0,0.0,0.0,0.0,0.0,0.0,0.0,0.0,0.0,0.0,0.0,0.0,0.0,0.0,0.0,0.0,0.0,0.0,0.0,0.0,0.0,0.0,0.0,0.0,0.0,0.0,0.0,0.0,0.0,0.0,0.0,0.0,0.0,0.0,0.0,0.0,0.0,0.0,0.0,0.0,0.0,0.0,0.0,0.0,0.0,0.0,0.0,0.0,0.0,0.0,0.0,0.0,0.0,0.0,0.0,0.0,0.0,0.0,0.0,0.0,0.0,0.0,0.0,0.0,0.0,0.0
1.05,0.0,0.0,0.0,0.0,0.0,0.0,0.0,0.0,0.0,0.0,0.0,0.0,0.0,0.0,0.0,0.0,0.0,0.0,0.0,0.0,0.0,0.0,0.0,0.0,0.0,0.0,0.0,0.0,0.0,0.0,0.0,0.0,0.0,0.0,0.0,0.0,0.0,0.0,0.0,0.0,0.0,0.0,0.0,0.0,0.0,0.0,0.0,0.0,0.0,0.0,0.0,0.0,0.0,0.0,0.0,0.0,0.0,0.0,0.0,0.0,0.0,0.0,0.0,0.0,0.0,0.0,0.0,0.0,0.0,0.0,0.0,0.0,0.0,0.0,0.0,0.0,0.0,0.0,0.0,0.0,0.0,0.0,0.0,0.0
1.1500000000000001,0.0,0.0,0.0,0.0,0.0,0.0,0.0,0.0,0.0,0.0,0.0,0.0,0.0,0.0,0.0,0.0,0.0,0.0,0.0,0.0,0.0,0.0,0.0,0.0,0.0,0.0,0.0,0.0,0.0,0.0,0.0,0.0,0.0,0.0,0.0,0.0,0.0,0.0,0.0,0.0,0.0,0.0,0.0,0.0,0.0,0.0,0.0,0.0,0.0,0.0,0.0,0.0,0.0,0.0,0.0,0.0,0.0,0.0,0.0,0.0,0.0,0.0,0.0,0.0,0.0,0.0,0.0,0.0,0.0,0.0,0.0,0.0,0.0,0.0,0.0,0.0,0.0,0.0,0.0,0.0,0.0,0.0,0.0,0.0
1.25,0.0,0.0,0.0,0.0,0.0,0.0,0.0,0.0,0.0,0.0,0.0,0.0,0.0,0.0,0.0,0.0,0.0,0.0,0.0,0.0,0.0,0.0,0.0,0.0,0.0,0.0,0.0,0.0,0.0,0.0,0.0,0.0,0.0,0.0,0.0,0.0,0.0,0.0,0.0,0.0,0.0,0.0,0.0,0.0,0.0,0.0,0.0,0.0,0.0,0.0,0.0,0.0,0.0,0.0,0.0,0.0,0.0,0.0,0.0,0.0,0.0,0.0,0.0,0.0,0.0,0.0,0.0,0.0,0.0,0.0,0.0,0.0,0.0,0.0,0.0,0.0,0.0,0.0,0.0,0.0,0.0,0.0,0.0,0.0
1.35,0.0,0.0,0.0,0.0,0.0,0.0,0.0,0.0,0.0,0.0,0.0,0.0,0.0,0.0,0.0,0.0,0.0,0.0,0.0,0.0,0.0,0.0,0.0,0.0,0.0,0.0,0.0,0.0,0.0,0.0,0.0,0.0,0.0,0.0,0.0,0.0,0.0,0.0,0.0,0.0,0.0,0.0,0.0,0.0,0.0,0.0,0.0,0.0,0.0,0.0,0.0,0.0,0.0,0.0,0.0,0.0,0.0,0.0,0.0,0.0,0.0,0.0,0.0,0.0,0.0,0.0,0.0,0.0,0.0,0.0,0.0,0.0,0.0,0.0,0.0,0.0,0.0,0.0,0.0,0.0,0.0,0.0,0.0,0.0
1.4500000000000002,0.0,0.0,0.0,0.0,0.0,0.0,0.0,0.0,0.0,0.0,0.0,0.0,0.0,0.0,0.0,0.0,0.0,0.0,0.0,0.0,0.0,0.0,0.0,0.0,0.0,0.0,0.0,0.0,0.0,0.0,0.0,0.0,0.0,0.0,0.0,0.0,0.0,0.0,0.0,0.0,0.0,0.0,0.0,0.0,0.0,0.0,0.0,0.0,0.0,0.0,0.0,0.0,0.0,0.0,0.0,0.0,0.0,0.0,0.0,0.0,0.0,0.0,0.0,0.0,0.0,0.0,0.0,0.0,0.0,0.0,0.0,0.0,0.0,0.0,0.0,0.0,0.0,0.0,0.0,0.0,0.0,0.0,0.0,0.0
1.55,0.0,0.0,0.0,0.0,0.0,0.0,0.0,0.0,0.0,0.0,0.0,0.0,0.0,0.0,0.0,0.0,0.0,0.0,0.0,0.0,0.0,0.0,0.0,0.0,0.0,0.0,0.0,0.0,0.0,0.0,0.0,0.0,0.0,0.0,0.0,0.0,0.0,0.0,0.0,0.0,0.0,0.0,0.0,0.0,0.0,0.0,0.0,0.0,0.0,0.0,0.0,0.0,0.0,0.0,0.0,0.0,0.0,0.0,0.0,0.0,0.0,0.0,0.0,0.0,0.0,0.0,0.0,0.0,0.0,0.0,0.0,0.0,0.0,0.0,0.0,0.0,0.0,0.0,0.0,0.0,0.0,0.0,0.0,0.0
1.6500000000000001,0.0,0.0,0.0,0.0,0.0,0.0,0.0,0.0,0.0,0.0,0.0,0.0,0.0,0.0,0.0,0.0,0.0,0.0,0.0,0.0,0.0,0.0,0.0,0.0,0.0,0.0,0.0,0.0,0.0,0.0,0.0,0.0,0.0,0.0,0.0,0.0,0.0,0.0,0.0,0.0,0.0,0.0,0.0,0.0,0.0,0.0,0.0,0.0,0.0,0.0,0.0,0.0,0.0,0.0,0.0,0.0,0.0,0.0,0.0,0.0,0.0,0.0,0.0,0.0,0.0,0.0,0.0,0.0,0.0,0.0,0.0,0.0,0.0,0.0,0.0,0.0,0.0,0.0,0.0,0.0,0.0,0.0,0.0,0.0
1.75,0.0,0.0,0.0,0.0,0.0,0.0,0.0,0.0,0.0,0.0,0.0,0.0,0.0,0.0,0.0,0.0,0.0,0.0,0.0,0.0,0.0,0.0,0.0,0.0,0.0,0.0,0.0,0.0,0.0,0.0,0.0,0.0,0.0,0.0,0.0,0.0,0.0,0.0,0.0,0.0,0.0,0.0,0.0,0.0,0.0,0.0,0.0,0.0,0.0,0.0,0.0,0.0,0.0,0.0,0.0,0.0,0.0,0.0,0.0,0.0,0.0,0.0,0.0,0.0,0.0,0.0,0.0,0.0,0.0,0.0,0.0,0.0,0.0,0.0,0.0,0.0,0.0,0.0,0.0,0.0,0.0,0.0,0.0,0.0
1.85,0.0,0.0,0.0,0.0,0.0,0.0,0.0,0.0,0.0,0.0,0.0,0.0,0.0,0.0,0.0,0.0,0.0,0.0,0.0,0.0,0.0,0.0,0.0,0.0,0.0,0.0,0.0,0.0,0.0,0.0,0.0,0.0,0.0,0.0,0.0,0.0,0.0,0.0,0.0,0.0,0.0,0.0,0.0,0.0,0.0,0.0,0.0,0.0,0.0,0.0,0.0,0.0,0.0,0.0,0.0,0.0,0.0,0.0,0.0,0.0,0.0,0.0,0.0,0.0,0.0,0.0,0.0,0.0,0.0,0.0,0.0,0.0,0.0,0.0,0.0,0.0,0.0,0.0,0.0,0.0,0.0,0.0,0.0,0.0
1.9500000000000002,0.0,0.0,0.0,0.0,0.0,0.0,0.0,0.0,0.0,0.0,0.0,0.0,0.0,0.0,0.0,0.0,0.0,0.0,0.0,0.0,0.0,0.0,0.0,0.0,0.0,0.0,0.0,0.0,0.0,0.0,0.0,0.0,0.0,0.0,0.0,0.0,0.0,0.0,0.0,0.0,0.0,0.0,0.0,0.0,0.0,0.0,0.0,0.0,0.0,0.0,0.0,0.0,0.0,0.0,0.0,0.0,0.0,0.0,0.0,0.0,0.0,0.0,0.0,0.0,0.0,0.0,0.0,0.0,0.0,0.0,0.0,0.0,0.0,0.0,0.0,0.0,0.0,0.0,0.0,0.0,0.0,0.0,0.0,0.0
2.05,0.0,0.0,0.0,0.0,0.0,0.0,0.0,0.0,0.0,0.0,0.0,0.0,0.0,0.0,0.0,0.0,0.0,0.0,0.0,0.0,0.0,0.0,0.0,0.0,0.0,0.0,0.0,0.0,0.0,0.0,0.0,0.0,0.0,0.0,0.0,0.0,0.0,0.0,0.0,0.0,0.0,0.0,0.0,0.0,0.0,0.0,0.0,0.0,0.0,0.0,0.0,0.0,0.0,0.0,0.0,0.0,0.0,0.0,0.0,0.0,0.0,0.0,0.0,0.0,0.0,0.0,0.0,0.0,0.0,0.0,0.0,0.0,0.0,0.0,0.0,0.0,0.0,0.0,0.0,0.0,0.0,0.0,0.0,0.0
2.1500000000000004,0.0,0.0,0.0,0.0,0.0,0.0,0.0,0.0,0.0,0.0,0.0,0.0,0.0,0.0,0.0,0.0,0.0,0.0,0.0,0.0,0.0,0.0,0.0,0.0,0.0,0.0,0.0,0.0,0.0,0.0,0.0,0.0,0.0,0.0,0.0,0.0,0.0,0.0,0.0,0.0,0.0,0.0,0.0,0.0,0.0,0.0,0.0,0.0,0.0,0.0,0.0,0.0,0.0,0.0,0.0,0.0,0.0,0.0,0.0,0.0,0.0,0.0,0.0,0.0,0.0,0.0,0.0,0.0,0.0,0.0,0.0,0.0,0.0,0.0,0.0,0.0,0.0,0.0,0.0,0.0,0.0,0.0,0.0,0.0
2.25,0.0,0.0,0.0,0.0,0.0,0.0,0.0,0.0,0.0,0.0,0.0,0.0,0.0,0.0,0.0,0.0,0.0,0.0,0.0,0.0,0.0,0.0,0.0,0.0,0.0,0.0,0.0,0.0,0.0,0.0,0.0,0.0,0.0,0.0,0.0,0.0,0.0,0.0,0.0,0.0,0.0,0.0,0.0,0.0,0.0,0.0,0.0,0.0,0.0,0.0,0.0,0.0,0.0,0.0,0.0,0.0,0.0,0.0,0.0,0.0,0.0,0.0,0.0,0.0,0.0,0.0,0.0,0.0,0.0,0.0,0.0,0.0,0.0,0.0,0.0,0.0,0.0,0.0,0.0,0.0,0.0,0.0,0.0,0.0
2.3500000000000005,0.0,0.0,0.0,0.0,0.0,0.0,0.0,0.0,0.0,0.0,0.0,0.0,0.0,0.0,0.0,0.0,0.0,0.0,0.0,0.0,0.0,0.0,0.0,0.0,0.0,0.0,0.0,0.0,0.0,0.0,0.0,0.0,0.0,0.0,0.0,0.0,0.0,0.0,0.0,0.0,0.0,0.0,0.0,0.0,0.0,0.0,0.0,0.0,0.0,0.0,0.0,0.0,0.0,0.0,0.0,0.0,0.0,0.0,0.0,0.0,0.0,0.0,0.0,0.0,0.0,0.0,0.0,0.0,0.0,0.0,0.0,0.0,0.0,0.0,0.0,0.0,0.0,0.0,0.0,0.0,0.0,0.0,0.0,0.0
2.45,0.0,0.0,0.0,0.0,0.0,0.0,0.0,0.0,0.0,0.0,0.0,0.0,0.0,0.0,0.0,0.0,0.0,0.0,0.0,0.0,0.0,0.0,0.0,0.0,0.0,0.0,0.0,0.0,0.0,0.0,0.0,0.0,0.0,0.0,0.0,0.0,0.0,0.0,0.0,0.0,0.0,0.0,0.0,0.0,0.0,0.0,0.0,0.0,0.0,0.0,0.0,0.0,0.0,0.0,0.0,0.0,0.0,0.0,0.0,0.0,0.0,0.0,0.0,0.0,0.0,0.0,0.0,0.0,0.0,0.0,0.0,0.0,0.0,0.0,0.0,0.0,0.0,0.0,0.0,0.0,0.0,0.0,0.0,0.0
2.55,0.0,0.0,0.0,0.0,0.0,0.0,0.0,0.0,0.0,0.0,0.0,0.0,0.0,0.0,0.0,0.0,0.0,0.0,0.0,0.0,0.0,0.0,0.0,0.0,0.0,0.0,0.0,0.0,0.0,0.0,0.0,0.0,0.0,0.0,0.0,0.0,0.0,0.0,0.0,0.0,0.0,0.0,0.0,0.0,0.0,0.0,0.0,0.0,0.0,0.0,0.0,0.0,0.0,0.0,0.0,0.0,0.0,0.0,0.0,0.0,0.0,0.0,0.0,0.0,0.0,0.0,0.0,0.0,0.0,0.0,0.0,0.0,0.0,0.0,0.0,0.0,0.0,0.0,0.0,0.0,0.0,0.0,0.0,0.0
2.6500000000000004,0.0,0.0,0.0,0.0,0.0,0.0,0.0,0.0,0.0,0.0,0.0,0.0,0.0,0.0,0.0,0.0,0.0,0.0,0.0,0.0,0.0,0.0,0.0,0.0,0.0,0.0,0.0,0.0,0.0,0.0,0.0,0.0,0.0,0.0,0.0,0.0,0.0,0.0,0.0,0.0,0.0,0.0,0.0,0.0,0.0,0.0,0.0,0.0,0.0,0.0,0.0,0.0,0.0,0.0,0.0,0.0,0.0,0.0,0.0,0.0,0.0,0.0,0.0,0.0,0.0,0.0,0.0,0.0,0.0,0.0,1.2499999999999989e-05,1.2499999999999989e-05,2.4999999999999977e-05,2.4999999999999977e-05,2.4999999999999977e-05,2.4999999999999977e-05,2.4999999999999977e-05,2.4999999999999977e-05,2.4999999999999977e-05,2.4999999999999977e-05,2.4999999999999977e-05,2.4999999999999977e-05,2.4999999999999977e-05,2.4999999999999977e-05
2.75,0.0,0.0,0.0,0.0,0.0,0.0,0.0,0.0,0.0,0.0,0.0,0.0,0.0,0.0,0.0,0.0,0.0,0.0,0.0,0.0,0.0,0.0,0.0,0.0,0.0,0.0,0.0,0.0,0.0,0.0,0.0,0.0,0.0,0.0,0.0,0.0,0.0,0.0,0.0,0.0,0.0,0.0,0.0,0.0,0.0,0.0,0.0,0.0,0.0,0.0,0.0,0.0,0.0,0.0,0.0,1.2499999999999989e-05,2.4999999999999977e-05,6.249999999999995e-05,6.249999999999995e-05,7.499999999999994e-05,9.999999999999991e-05,9.999999999999991e-05,0.00014999999999999988,0.00022499999999999978,0.00027499999999999975,0.00027499999999999975,0.0003374999999999997,0.0003499999999999997,0.00039999999999999964,0.00042499999999999965,0.00042499999999999965,0.00042499999999999965,0.00043749999999999963,0.00044999999999999955,0.00044999999999999955,0.00044999999999999955,0.00044999999999999955,0.00044999999999999955,0.00044999999999999955,0.0004624999999999996,0.0004624999999999996,0.0004624999999999996,0.0004624999999999996,0.0004624999999999996
2.8500000000000005,0.0,0.0,0.0,0.0,0.0,0.0,0.0,0.0,0.0,0.0,0.0,0.0,0.0,0.0,0.0,0.0,0.0,0.0,0.0,0.0,0.0,0.0,0.0,0.0,0.0,0.0,0.0,0.0,0.0,0.0,0.0,0.0,0.0,0.0,0.0,0.0,0.0,0.0,0.0,0.0,0.0,0.0,0.0,0.0,0.0,0.0,0.0,0.0,0.0,0.0,3.749999999999997e-05,6.249999999999995e-05,9.999999999999991e-05,0.00016249999999999986,0.00027499999999999975,0.00038749999999999966,0.0004624999999999996,0.0005874999999999995,0.0006999999999999995,0.0008624999999999993,0.001012499999999999,0.001162499999999999,0.0012374999999999988,0.001287499999999999,0.001324999999999999,0.0014374999999999989,0.0014874999999999986,0.0016124999999999985,0.0015999999999999986,0.0016499999999999985,0.0017749999999999984,0.0018374999999999982,0.0018874999999999983,0.0019249999999999983,0.0019374999999999983,0.0019374999999999983,0.001962499999999998,0.001962499999999998,0.0019749999999999985,0.0019874999999999984,0.0019874999999999984,0.0019874999999999984,0.0019874999999999984,0.0019874999999999984
2.95,0.0,0.0,0.0,0.0,0.0,0.0,0.0,0.0,0.0,0.0,0.0,0.0,0.0,0.0,0.0,0.0,0.0,0.0,0.0,0.0,0.0,0.0,0.0,0.0,0.0,0.0,0.0,0.0,0.0,0.0,0.0,0.0,0.0,0.0,0.0,0.0,0.0,0.0,0.0,0.0,0.0,0.0,0.0,0.0,0.0,1.2500000000000045e-05,6.250000000000022e-05,8.750000000000032e-05,0.00020000000000000071,0.0003500000000000013,0.00046250000000000165,0.0006750000000000024,0.0009375000000000032,0.0011750000000000042,0.001337500000000005,0.0015625000000000057,0.0019250000000000068,0.002150000000000008,0.0023750000000000086,0.0025500000000000093,0.0027250000000000095,0.00283750000000001,0.0030250000000000108,0.003300000000000012,0.0035625000000000127,0.003600000000000013,0.003737500000000013,0.0038000000000000134,0.003925000000000014,0.004087500000000015,0.004075000000000014,0.004137500000000014,0.004112500000000015,0.004137500000000014,0.0042000000000000145,0.004237500000000015,0.004262500000000015,0.004300000000000016,0.004312500000000015,0.004287500000000015,0.004287500000000015,0.004300000000000016,0.004300000000000016,0.004312500000000015
3.05,0.0,0.0,0.0,0.0,0.0,0.0,0.0,0.0,0.0,0.0,0.0,0.0,0.0,0.0,0.0,0.0,0.0,0.0,0.0,0.0,0.0,0.0,0.0,0.0,0.0,0.0,0.0,0.0,0.0,0.0,0.0,0.0,0.0,0.0,0.0,0.0,0.0,0.0,0.0,0.0,0.0,0.0,2.4999999999999977e-05,7.499999999999994e-05,0.00013749999999999987,0.0003374999999999997,0.0004624999999999996,0.0008124999999999993,0.001137499999999999,0.0013874999999999988,0.0018499999999999983,0.002237499999999998,0.0025499999999999976,0.0028749999999999978,0.0033749999999999974,0.0036999999999999967,0.004012499999999997,0.004374999999999996,0.004662499999999996,0.004999999999999996,0.005249999999999995,0.005787499999999994,0.005974999999999994,0.006187499999999994,0.006362499999999994,0.006599999999999994,0.006787499999999994,0.006949999999999994,0.007224999999999994,0.007187499999999993,0.007362499999999993,0.007399999999999993,0.007512499999999993,0.007662499999999993,0.007699999999999993,0.007712499999999993,0.0077374999999999935,0.0077374999999999935,0.007774999999999993,0.007787499999999993,0.007824999999999993,0.007812499999999993,0.007812499999999993,0.007799999999999994
3.1500000000000004,0.0,0.0,0.0,0.0,0.0,0.0,0.0,0.0,0.0,0.0,0.0,0.0,0.0,0.0,0.0,0.0,0.0,0.0,0.0,0.0,0.0,0.0,0.0,0.0,0.0,0.0,0.0,0.0,0.0,0.0,0.0,0.0,0.0,0.0,0.0,0.0,0.0,0.0,0.0,1.2499999999999989e-05,6.249999999999995e-05,0.00013749999999999987,0.00037499999999999963,0.0005999999999999995,0.0010249999999999992,0.0013124999999999988,0.0018874999999999983,0.0022999999999999982,0.002712499999999998,0.003424999999999997,0.003824999999999997,0.004362499999999996,0.004887499999999995,0.005612499999999995,0.006062499999999994,0.006587499999999994,0.007187499999999993,0.007624999999999993,0.008049999999999993,0.008574999999999992,0.009324999999999991,0.00966249999999999,0.010487499999999992,0.010774999999999991,0.01117499999999999,0.011549999999999989,0.011887499999999988,0.012262499999999989,0.012424999999999988,0.01277499999999999,0.012999999999999989,0.013262499999999988,0.013649999999999989,0.013699999999999988,0.013812499999999988,0.013899999999999989,0.013949999999999988,0.01397499999999999,0.013949999999999988,0.013962499999999989,0.013949999999999988,0.013949999999999988,0.013949999999999988,0.013949999999999988
3.25,0.0,0.0,0.0,0.0,0.0,0.0,0.0,0.0,0.0,0.0,0.0,0.0,0.0,0.0,0.0,0.0,0.0,0.0,0.0,0.0,0.0,0.0,0.0,0.0,0.0,0.0,0.0,0.0,0.0,0.0,0.0,0.0,0.0,0.0,0.0,0.0,0.0,2.4999999999999977e-05,8.749999999999993e-05,0.00026249999999999977,0.0004999999999999996,0.0009874999999999992,0.001287499999999999,0.0019874999999999984,0.002437499999999998,0.003149999999999997,0.0037249999999999965,0.004412499999999996,0.005124999999999996,0.005887499999999994,0.006662499999999994,0.007437499999999994,0.008249999999999993,0.009187499999999993,0.010524999999999991,0.011374999999999991,0.01234999999999999,0.013687499999999988,0.014749999999999987,0.015737499999999988,0.016399999999999988,0.017062499999999984,0.017649999999999985,0.018599999999999985,0.01938749999999998,0.01977499999999998,0.020224999999999983,0.02071249999999998,0.021262499999999983,0.021737499999999983,0.02203749999999998,0.022212499999999982,0.022237499999999983,0.022524999999999983,0.022587499999999983,0.02269999999999998,0.02282499999999998,0.022962499999999983,0.02301249999999998,0.02306249999999998,0.023099999999999978,0.023099999999999978,0.023099999999999978,0.023099999999999978
3.3500000000000005,0.0,0.0,0.0,0.0,0.0,0.0,0.0,0.0,0.0,0.0,0.0,0.0,0.0,0.0,0.0,0.0,0.0,0.0,0.0,0.0,0.0,0.0,0.0,0.0,0.0,0.0,0.0,0.0,0.0,0.0,0.0,0.0,0.0,0.0,0.0,3.749999999999997e-05,9.999999999999991e-05,0.00037499999999999963,0.0006874999999999994,0.001174999999999999,0.0017749999999999984,0.002274999999999998,0.003112499999999997,0.0036749999999999964,0.004499999999999996,0.005399999999999995,0.006324999999999995,0.007424999999999993,0.008462499999999993,0.01008749999999999,0.011249999999999991,0.013224999999999989,0.014737499999999987,0.016249999999999987,0.017462499999999985,0.01926249999999998,0.020662499999999983,0.02212499999999998,0.023587499999999977,0.024849999999999976,0.02621249999999998,0.027562499999999976,0.028462499999999974,0.029412499999999973,0.030199999999999973,0.03138749999999997,0.03224999999999997,0.03282499999999997,0.03334999999999997,0.03374999999999997,0.03438749999999997,0.03484999999999997,0.03507499999999997,0.035212499999999966,0.035524999999999966,0.03567499999999997,0.03573749999999997,0.035787499999999965,0.03588749999999997,0.03599999999999997,0.03598749999999997,0.03606249999999997,0.03607499999999997,0.03608749999999997
3.45,0.0,0.0,0.0,0.0,0.0,0.0,0.0,0.0,0.0,0.0,0.0,0.0,0.0,0.0,0.0,0.0,0.0,0.0,0.0,0.0,0.0,0.0,0.0,0.0,0.0,0.0,0.0,0.0,0.0,0.0,0.0,0.0,0.0,2.500000000000009e-05,0.00010000000000000036,0.00038750000000000134,0.0007875000000000028,0.0012000000000000042,0.001962500000000007,0.002537500000000009,0.003312500000000012,0.004225000000000015,0.005225000000000018,0.006262500000000022,0.007487500000000026,0.008887500000000033,0.010787500000000038,0.012925000000000046,0.015000000000000051,0.01651250000000006,0.018875000000000065,0.020825000000000073,0.02340000000000008,0.025625000000000092,0.0277625000000001,0.029862500000000104,0.03205000000000011,0.03425000000000012,0.03632500000000013,0.03831250000000014,0.04003750000000014,0.04167500000000014,0.04336250000000016,0.04406250000000016,0.045250000000000165,0.046125000000000166,0.047150000000000164,0.048000000000000174,0.048825000000000174,0.04961250000000017,0.04977500000000017,0.050375000000000184,0.05066250000000018,0.05095000000000018,0.051312500000000184,0.05153750000000018,0.05176250000000018,0.051875000000000185,0.05197500000000018,0.052062500000000185,0.05217500000000018,0.05215000000000018,0.052187500000000185,0.05217500000000018
3.55,0.0,0.0,0.0,0.0,0.0,0.0,0.0,0.0,0.0,0.0,0.0,0.0,0.0,0.0,0.0,0.0,0.0,0.0,0.0,0.0,0.0,0.0,0.0,0.0,0.0,0.0,0.0,0.0,0.0,0.0,0.0,0.0,8.749999999999993e-05,0.0003249999999999997,0.0007249999999999993,0.001162499999999999,0.0019249999999999983,0.0026624999999999978,0.003474999999999997,0.004524999999999996,0.005674999999999995,0.006974999999999994,0.008387499999999992,0.010462499999999991,0.012899999999999988,0.015249999999999986,0.017674999999999982,0.020037499999999982,0.02306249999999998,0.02614999999999998,0.029024999999999974,0.031849999999999976,0.03524999999999997,0.038674999999999966,0.041724999999999964,0.04412499999999996,0.04657499999999996,0.048924999999999955,0.051449999999999954,0.05373749999999995,0.056437499999999946,0.058849999999999944,0.06049999999999994,0.06317499999999994,0.06494999999999995,0.06682499999999994,0.06801249999999993,0.06954999999999993,0.07059999999999994,0.07163749999999994,0.07241249999999994,0.07353749999999994,0.07426249999999994,0.07478749999999994,0.07511249999999994,0.07538749999999994,0.07551249999999994,0.07556249999999994,0.07566249999999994,0.07556249999999994,0.07552499999999994,0.07554999999999994,0.07549999999999994,0.07549999999999994
3.6500000000000004,0.0,0.0,0.0,0.0,0.0,0.0,0.0,0.0,0.0,0.0,0.0,0.0,0.0,0.0,0.0,0.0,0.0,0.0,0.0,0.0,0.0,0.0,0.0,0.0,0.0,0.0,0.0,0.0,0.0,0.0,6.249999999999995e-05,0.00022499999999999978,0.0005624999999999995,0.001074999999999999,0.0018249999999999983,0.0025249999999999977,0.0034624999999999973,0.004487499999999996,0.0057499999999999956,0.0070999999999999935,0.009162499999999992,0.01136249999999999,0.014224999999999986,0.016962499999999985,0.01983749999999998,0.023237499999999977,0.02662499999999998,0.030412499999999974,0.03461249999999997,0.038687499999999965,0.04223749999999996,0.04577499999999996,0.049687499999999954,0.05343749999999996,0.058087499999999945,0.062312499999999944,0.06637499999999995,0.07029999999999993,0.07393749999999993,0.07813749999999993,0.08093749999999993,0.08388749999999992,0.08668749999999993,0.08858749999999993,0.09059999999999993,0.09243749999999991,0.09471249999999991,0.09557499999999991,0.09657499999999991,0.09744999999999991,0.09854999999999992,0.09867499999999992,0.09958749999999991,0.09996249999999991,0.10072499999999991,0.1011874999999999,0.1015624999999999,0.10197499999999991,0.10197499999999991,0.1021624999999999,0.1022874999999999,0.10226249999999991,0.10236249999999991,0.10236249999999991
3.75,0.0,0.0,0.0,0.0,0.0,0.0,0.0,0.0,0.0,0.0,0.0,0.0,0.0,0.0,0.0,0.0,0.0,0.0,0.0,0.0,0.0,0.0,0.0,0.0,0.0,0.0,0.0,0.0,0.0,8.749999999999993e-05,0.00037499999999999963,0.0008749999999999993,0.001424999999999999,0.002249999999999998,0.003112499999999997,0.004374999999999996,0.0055374999999999956,0.007037499999999994,0.009512499999999991,0.01228749999999999,0.014774999999999986,0.017749999999999985,0.021512499999999983,0.02542499999999998,0.029562499999999974,0.03472499999999997,0.03964999999999996,0.04331249999999996,0.04796249999999996,0.05328749999999995,0.05944999999999995,0.06506249999999994,0.07102499999999994,0.07668749999999994,0.08223749999999992,0.08681249999999993,0.09163749999999993,0.09516249999999991,0.09961249999999991,0.10177499999999991,0.1053124999999999,0.10868749999999991,0.1117499999999999,0.11596249999999989,0.1183749999999999,0.1203999999999999,0.1218999999999999,0.12397499999999989,0.1259749999999999,0.1274749999999999,0.1285499999999999,0.1295499999999999,0.1299874999999999,0.1307749999999999,0.1307124999999999,0.1309249999999999,0.1311749999999999,0.1314624999999999,0.1317624999999999,0.1317499999999999,0.1317749999999999,0.13184999999999988,0.13187499999999988,0.13187499999999988
3.8500000000000005,0.0,0.0,0.0,0.0,0.0,0.0,0.0,0.0,0.0,0.0,0.0,0.0,0.0,0.0,0.0,0.0,0.0,0.0,0.0,0.0,0.0,0.0,0.0,0.0,0.0,0.0,0.0,3.749999999999997e-05,0.00016249999999999986,0.0005499999999999995,0.001087499999999999,0.0018749999999999982,0.002862499999999998,0.003924999999999996,0.005287499999999995,0.006749999999999995,0.009149999999999991,0.012087499999999989,0.014549999999999987,0.017787499999999984,0.02231249999999998,0.026899999999999976,0.03164999999999997,0.037162499999999966,0.04198749999999996,0.046974999999999954,0.05386249999999995,0.06113749999999995,0.06829999999999993,0.07564999999999994,0.08237499999999992,0.08852499999999992,0.09396249999999991,0.09958749999999991,0.10502499999999991,0.11246249999999991,0.11742499999999989,0.12311249999999989,0.1274249999999999,0.13241249999999988,0.13601249999999987,0.13842499999999988,0.14142499999999988,0.14297499999999988,0.14563749999999986,0.14824999999999988,0.15043749999999986,0.15224999999999989,0.15353749999999988,0.15453749999999986,0.15542499999999984,0.15607499999999985,0.15706249999999986,0.15763749999999985,0.15818749999999984,0.15856249999999986,0.15887499999999985,0.15889999999999985,0.15906249999999986,0.15911249999999985,0.15924999999999986,0.15933749999999985,0.15934999999999985,0.15938749999999985
3.95,0.0,0.0,0.0,0.0,0.0,0.0,0.0,0.0,0.0,0.0,0.0,0.0,0.0,0.0,0.0,0.0,0.0,0.0,0.0,0.0,0.0,0.0,0.0,0.0,0.0,0.0,6.250000000000022e-05,0.00025000000000000087,0.0007375000000000026,0.0013250000000000048,0.0021875000000000076,0.0032125000000000114,0.004500000000000016,0.006037500000000022,0.007825000000000028,0.010737500000000039,0.01385000000000005,0.01725000000000006,0.021975000000000078,0.026987500000000095,0.03237500000000011,0.03861250000000014,0.043387500000000155,0.04997500000000018,0.05827500000000021,0.06637500000000024,0.07492500000000027,0.08305000000000029,0.09007500000000032,0.09682500000000034,0.10523750000000039,0.1138625000000004,0.12123750000000044,0.12858750000000047,0.13487500000000047,0.1386750000000005,0.1440875000000005,0.14932500000000054,0.15351250000000055,0.15742500000000056,0.16177500000000058,0.16561250000000058,0.16948750000000062,0.1726750000000006,0.1763875000000006,0.17908750000000062,0.18248750000000066,0.18473750000000067,0.18651250000000066,0.18878750000000066,0.1903125000000007,0.1915625000000007,0.1925375000000007,0.19368750000000068,0.19438750000000068,0.19516250000000068,0.19565000000000068,0.1961000000000007,0.1963250000000007,0.19665000000000069,0.1966250000000007,0.19666250000000068,0.1966250000000007,0.1965875000000007
4.050000000000001,0.0,0.0,0.0,0.0,0.0,0.0,0.0,0.0,0.0,0.0,0.0,0.0,0.0,0.0,0.0,0.0,0.0,0.0,0.0,0.0,0.0,0.0,0.0,0.0,0.0,8.749999999999954e-05,0.000374999999999998,0.0009124999999999951,0.0015999999999999914,0.0024999999999999866,0.00369999999999998,0.005049999999999973,0.006612499999999965,0.00939999999999995,0.012849999999999931,0.01647499999999991,0.02079999999999989,0.025874999999999863,0.03167499999999983,0.03804999999999979,0.04368749999999976,0.05153749999999973,0.060387499999999684,0.07009999999999962,0.07958749999999958,0.08756249999999953,0.09537499999999949,0.10589999999999944,0.11517499999999938,0.12457499999999934,0.13174999999999928,0.13803749999999929,0.1458249999999992,0.15231249999999918,0.15926249999999914,0.16619999999999913,0.17319999999999908,0.18026249999999905,0.18709999999999902,0.193862499999999,0.19848749999999896,0.2045749999999989,0.21004999999999888,0.21389999999999887,0.21686249999999885,0.22019999999999884,0.22183749999999883,0.22498749999999879,0.2275374999999988,0.22982499999999875,0.23132499999999875,0.23287499999999875,0.23396249999999877,0.23474999999999877,0.23551249999999876,0.23602499999999874,0.23651249999999874,0.23683749999999873,0.23696249999999872,0.23706249999999873,0.23719999999999872,0.23708749999999873,0.23708749999999873,0.23716249999999872
4.15,0.0,0.0,0.0,0.0,0.0,0.0,0.0,0.0,0.0,0.0,0.0,0.0,0.0,0.0,0.0,0.0,0.0,0.0,0.0,0.0,0.0,0.0,0.0,0.0,0.00010000000000000036,0.0004250000000000015,0.0010000000000000035,0.0018250000000000065,0.0028000000000000104,0.0040500000000000145,0.0055875000000000195,0.007525000000000027,0.01100000000000004,0.01428750000000005,0.018762500000000067,0.02367500000000008,0.029587500000000103,0.03666250000000013,0.04233750000000015,0.051000000000000184,0.06020000000000022,0.07071250000000026,0.0807375000000003,0.08968750000000032,0.09973750000000034,0.1112750000000004,0.12213750000000044,0.13010000000000047,0.13923750000000049,0.14750000000000052,0.15666250000000057,0.16560000000000058,0.17572500000000063,0.18623750000000067,0.1948375000000007,0.20541250000000072,0.21246250000000078,0.21877500000000077,0.2265250000000008,0.23250000000000084,0.23858750000000084,0.24318750000000086,0.24808750000000088,0.2525125000000009,0.2561625000000009,0.2591250000000009,0.26163750000000097,0.26388750000000094,0.26545000000000096,0.26622500000000093,0.26801250000000093,0.26916250000000097,0.27002500000000096,0.27062500000000095,0.27095000000000097,0.271612500000001,0.271937500000001,0.272412500000001,0.27281250000000096,0.272900000000001,0.272912500000001,0.273200000000001,0.273162500000001,0.273087500000001
4.25,0.0,0.0,0.0,0.0,0.0,0.0,0.0,0.0,0.0,0.0,0.0,0.0,0.0,0.0,0.0,0.0,0.0,0.0,0.0,0.0,0.0,0.0,1.2500000000000045e-05,0.00010000000000000036,0.0005250000000000018,0.0010875000000000038,0.0019500000000000068,0.00290000000000001,0.004375000000000015,0.006037500000000022,0.00857500000000003,0.012125000000000044,0.015800000000000057,0.020812500000000074,0.02615000000000009,0.03355000000000012,0.03956250000000014,0.04763750000000017,0.05783750000000021,0.06896250000000025,0.07993750000000029,0.08968750000000032,0.10182500000000036,0.1133875000000004,0.12468750000000044,0.13371250000000048,0.1438250000000005,0.15452500000000055,0.16557500000000058,0.17851250000000063,0.1899375000000007,0.20326250000000073,0.21198750000000077,0.2229375000000008,0.23327500000000084,0.24096250000000088,0.24998750000000086,0.2559250000000009,0.2609750000000009,0.26683750000000095,0.27197500000000097,0.277200000000001,0.282037500000001,0.287987500000001,0.29228750000000103,0.29631250000000103,0.3001500000000011,0.3021250000000011,0.30456250000000107,0.3059375000000011,0.3079500000000011,0.3084625000000011,0.3094125000000011,0.3099375000000011,0.31063750000000107,0.3114250000000011,0.3121750000000011,0.3121750000000011,0.3122125000000011,0.3125750000000011,0.31291250000000115,0.3127875000000011,0.31288750000000115,0.31298750000000114
4.35,0.0,0.0,0.0,0.0,0.0,0.0,0.0,0.0,0.0,0.0,0.0,0.0,0.0,0.0,0.0,0.0,0.0,0.0,0.0,0.0,0.0,1.2499999999999933e-05,9.999999999999946e-05,0.000574999999999997,0.001137499999999994,0.0020749999999999887,0.0031124999999999833,0.004562499999999975,0.006062499999999968,0.009074999999999951,0.012724999999999933,0.01716249999999991,0.022699999999999877,0.029062499999999845,0.03618749999999981,0.04342499999999977,0.053949999999999707,0.06472499999999966,0.0768874999999996,0.08724999999999952,0.10047499999999947,0.1128499999999994,0.12387499999999935,0.1347249999999993,0.14568749999999922,0.15837499999999916,0.17314999999999908,0.18752499999999903,0.2014999999999989,0.21321249999999886,0.2268874999999988,0.23811249999999873,0.24836249999999868,0.2562124999999986,0.26459999999999856,0.2739749999999985,0.28412499999999846,0.29296249999999846,0.2992249999999984,0.3042874999999984,0.3097624999999984,0.3152749999999983,0.3182874999999983,0.3217374999999983,0.32534999999999825,0.32827499999999826,0.33106249999999826,0.3331499999999983,0.3350499999999982,0.3385249999999982,0.3396374999999982,0.34153749999999816,0.3427624999999982,0.34351249999999817,0.3449124999999982,0.34527499999999817,0.34551249999999817,0.34587499999999816,0.3465749999999982,0.3466624999999982,0.34648749999999817,0.34663749999999816,0.3467124999999982,0.34661249999999816
4.45,0.0,0.0,0.0,0.0,0.0,0.0,0.0,0.0,0.0,0.0,0.0,0.0,0.0,0.0,0.0,0.0,0.0,0.0,0.0,0.0,0.0,0.00010000000000000036,0.000562500000000002,0.0011750000000000042,0.0021750000000000077,0.003350000000000012,0.004737500000000017,0.006462500000000023,0.009800000000000034,0.013450000000000047,0.018175000000000063,0.023975000000000087,0.031525000000000115,0.038212500000000135,0.048362500000000176,0.05887500000000021,0.07203750000000025,0.08267500000000029,0.09525000000000035,0.10905000000000038,0.12105000000000044,0.13246250000000048,0.1455875000000005,0.15903750000000055,0.17647500000000063,0.19366250000000068,0.20586250000000073,0.2221500000000008,0.23567500000000083,0.24636250000000087,0.2573250000000009,0.26818750000000097,0.282062500000001,0.29266250000000105,0.30166250000000105,0.3090625000000011,0.3151375000000011,0.32312500000000116,0.3290000000000012,0.33653750000000116,0.34400000000000125,0.3496125000000012,0.3558500000000012,0.3597250000000013,0.3642875000000013,0.3668000000000013,0.3703875000000013,0.3739875000000013,0.3772125000000013,0.3778500000000013,0.3798375000000014,0.38185000000000136,0.3831375000000014,0.3846750000000014,0.38477500000000137,0.3851750000000014,0.3855000000000014,0.3857125000000014,0.3855750000000014,0.3856750000000014,0.3858625000000014,0.38601250000000137,0.3859250000000014,0.3859250000000014
4.550000000000001,0.0,0.0,0.0,0.0,0.0,0.0,0.0,0.0,0.0,0.0,0.0,0.0,0.0,0.0,0.0,0.0,0.0,0.0,0.0,0.0,9.999999999999946e-05,0.0005499999999999971,0.0011624999999999938,0.0021124999999999885,0.003249999999999983,0.004699999999999975,0.0065749999999999646,0.010349999999999946,0.014162499999999925,0.019324999999999898,0.025324999999999865,0.03326249999999982,0.04017499999999979,0.051699999999999725,0.06348749999999967,0.07614999999999959,0.08692499999999954,0.10269999999999946,0.11669999999999939,0.12814999999999932,0.14224999999999924,0.15641249999999915,0.17494999999999905,0.19321249999999898,0.20814999999999892,0.2237749999999988,0.23913749999999873,0.2509499999999987,0.2649874999999986,0.2811374999999985,0.2910249999999984,0.3024749999999984,0.31152499999999833,0.3207749999999983,0.33222499999999827,0.3431499999999982,0.3522749999999981,0.3592124999999981,0.36889999999999806,0.37583749999999794,0.380149999999998,0.384224999999998,0.38892499999999797,0.3933374999999979,0.3957374999999979,0.4010499999999979,0.4033499999999978,0.4071249999999978,0.40879999999999783,0.41024999999999784,0.41201249999999784,0.41306249999999783,0.4131874999999978,0.41432499999999783,0.41608749999999783,0.4166374999999977,0.4166374999999977,0.41678749999999776,0.41726249999999776,0.41741249999999774,0.41748749999999774,0.4173499999999977,0.41736249999999775,0.41748749999999774
4.65,0.0,0.0,0.0,0.0,0.0,0.0,0.0,0.0,0.0,0.0,0.0,0.0,0.0,0.0,0.0,0.0,0.0,0.0,0.0,0.00010000000000000036,0.0005125000000000019,0.001075000000000004,0.0021000000000000072,0.0032250000000000113,0.004675000000000017,0.006762500000000024,0.010675000000000039,0.01427500000000005,0.019325000000000068,0.02590000000000009,0.03382500000000012,0.04182500000000015,0.05391250000000019,0.06768750000000023,0.07892500000000029,0.09395000000000032,0.10925000000000039,0.12121250000000043,0.13478750000000048,0.15072500000000053,0.16978750000000062,0.1895000000000007,0.20621250000000071,0.2240125000000008,0.23730000000000084,0.25260000000000093,0.27051250000000093,0.284575000000001,0.29618750000000105,0.30787500000000106,0.3218625000000011,0.3345000000000012,0.34733750000000124,0.3588875000000013,0.3688125000000013,0.3763000000000013,0.3844000000000014,0.39261250000000136,0.3987875000000014,0.40485000000000143,0.40961250000000143,0.41540000000000143,0.41885000000000144,0.4233000000000015,0.42638750000000153,0.4282500000000015,0.4308000000000015,0.43065000000000153,0.43226250000000155,0.4340875000000015,0.4348000000000015,0.4351625000000015,0.43700000000000155,0.4368250000000015,0.4369250000000015,0.4376875000000015,0.43898750000000153,0.4397375000000015,0.4395625000000015,0.4395625000000015,0.4395875000000015,0.4396625000000015,0.43983750000000155,0.4397125000000015
4.75,0.0,0.0,0.0,0.0,0.0,0.0,0.0,0.0,0.0,0.0,0.0,0.0,0.0,0.0,0.0,0.0,0.0,0.0,8.749999999999954e-05,0.0004124999999999978,0.0009999999999999948,0.0019749999999999894,0.0031249999999999837,0.004587499999999975,0.006774999999999963,0.010487499999999943,0.014274999999999925,0.019887499999999895,0.026912499999999853,0.03447499999999982,0.043899999999999766,0.0563749999999997,0.07062499999999963,0.08204999999999957,0.09849999999999948,0.1130124999999994,0.12634999999999932,0.14153749999999926,0.16094999999999915,0.181637499999999,0.19936249999999894,0.21833749999999882,0.23338749999999878,0.24883749999999868,0.27008749999999854,0.28431249999999847,0.2971124999999984,0.3123124999999983,0.32813749999999825,0.3428624999999982,0.3557624999999981,0.36709999999999804,0.377224999999998,0.38794999999999796,0.3967999999999979,0.4054749999999978,0.4134124999999978,0.41728749999999776,0.4223999999999977,0.42578749999999776,0.4315624999999977,0.4350124999999977,0.4386874999999977,0.43967499999999765,0.44228749999999767,0.4445624999999976,0.4463374999999976,0.4492374999999976,0.4500999999999976,0.4512124999999976,0.4517874999999976,0.4537124999999976,0.4539624999999976,0.4547374999999976,0.4551374999999976,0.4548124999999976,0.4542624999999976,0.4544124999999976,0.4544374999999976,0.45476249999999757,0.4547999999999976,0.4548874999999976,0.4548499999999976,0.4549249999999976
4.8500000000000005,0.0,0.0,0.0,0.0,0.0,0.0,0.0,0.0,0.0,0.0,0.0,0.0,0.0,0.0,0.0,0.0,0.0,7.500000000000026e-05,0.0003625000000000013,0.0009750000000000034,0.0018500000000000066,0.00292500000000001,0.004462500000000016,0.006637500000000024,0.010312500000000037,0.01408750000000005,0.02005000000000007,0.026750000000000097,0.034262500000000126,0.045000000000000165,0.05773750000000021,0.07118750000000025,0.0842625000000003,0.10161250000000037,0.11532500000000041,0.12968750000000046,0.14686250000000053,0.1693375000000006,0.18748750000000067,0.20873750000000071,0.2258250000000008,0.24302500000000088,0.2650875000000009,0.279875000000001,0.29428750000000103,0.31163750000000107,0.32975000000000115,0.34487500000000126,0.3594125000000013,0.3710500000000013,0.3846625000000014,0.3945125000000014,0.40536250000000146,0.41235000000000144,0.41813750000000144,0.4255375000000015,0.4298500000000015,0.43496250000000153,0.4397125000000015,0.4433625000000016,0.4458125000000016,0.4485500000000016,0.4520250000000016,0.4523500000000016,0.4540000000000016,0.4552875000000016,0.4555500000000016,0.4559875000000016,0.4566375000000016,0.4578750000000016,0.4584750000000016,0.4582250000000016,0.4580750000000016,0.4586750000000016,0.4580625000000016,0.4589125000000016,0.4593875000000016,0.4594750000000016,0.4597000000000016,0.4595875000000016,0.4597875000000016,0.4595375000000016,0.4594625000000016,0.4593875000000016
4.95,0.0,0.0,0.0,0.0,0.0,0.0,0.0,0.0,0.0,0.0,0.0,0.0,0.0,0.0,0.0,0.0,6.250000000000022e-05,0.000275000000000001,0.000850000000000003,0.001662500000000006,0.0027375000000000095,0.004262500000000015,0.005975000000000022,0.009937500000000035,0.01382500000000005,0.019887500000000072,0.026512500000000095,0.03400000000000012,0.04542500000000017,0.0572750000000002,0.07143750000000025,0.0868375000000003,0.10340000000000037,0.11685000000000041,0.13395000000000049,0.15365000000000054,0.17685000000000062,0.1970875000000007,0.21783750000000077,0.23381250000000084,0.2560625000000009,0.27368750000000097,0.287800000000001,0.3079000000000011,0.32682500000000114,0.34436250000000124,0.35828750000000126,0.3722500000000013,0.3856500000000014,0.39840000000000136,0.40510000000000146,0.41483750000000147,0.42118750000000155,0.42715000000000153,0.43355000000000155,0.43793750000000153,0.4442250000000016,0.4451875000000016,0.4460625000000016,0.4486750000000016,0.4500375000000016,0.4510125000000016,0.4512750000000016,0.4567750000000016,0.4578500000000016,0.4582625000000016,0.4594125000000016,0.4599500000000016,0.4618625000000017,0.4615500000000017,0.4621625000000017,0.46272500000000166,0.46382500000000165,0.4632875000000017,0.46417500000000167,0.4639500000000017,0.4638125000000017,0.4639250000000017,0.46446250000000167,0.4645250000000017,0.4644750000000017,0.46461250000000165,0.46458750000000165,0.46470000000000167
5.050000000000001,0.0,0.0,0.0,0.0,0.0,0.0,0.0,0.0,0.0,0.0,0.0,0.0,0.0,0.0,0.0,2.4999999999999866e-05,0.00021249999999999885,0.0007124999999999961,0.001499999999999992,0.0024749999999999868,0.003924999999999979,0.005612499999999971,0.00943749999999995,0.01318749999999993,0.0191249999999999,0.026012499999999862,0.033462499999999826,0.045037499999999765,0.05773749999999969,0.07177499999999962,0.08722499999999953,0.10418749999999943,0.11841249999999937,0.13604999999999928,0.15849999999999917,0.17941249999999906,0.2014499999999989,0.21973749999999884,0.24058749999999873,0.2627499999999986,0.27844999999999853,0.2980874999999984,0.3193999999999983,0.3382124999999982,0.3535749999999981,0.36947499999999805,0.383274999999998,0.3957499999999979,0.40374999999999783,0.4128874999999978,0.42064999999999775,0.42783749999999776,0.43393749999999764,0.4371124999999977,0.43981249999999766,0.44096249999999765,0.4419749999999977,0.4486624999999976,0.4504624999999976,0.4527624999999976,0.4548249999999976,0.4566124999999976,0.4555499999999976,0.4527124999999976,0.4546124999999976,0.4547249999999976,0.4553124999999976,0.4550624999999976,0.4554249999999976,0.4554249999999976,0.4546499999999976,0.4540374999999976,0.4530874999999976,0.4538624999999976,0.4537249999999976,0.4539499999999976,0.4540999999999976,0.45349999999999757,0.4527999999999976,0.4526624999999976,0.4525999999999976,0.4524124999999976,0.4525999999999976,0.4524874999999976
5.15,0.0,0.0,0.0,0.0,0.0,0.0,0.0,0.0,0.0,0.0,0.0,0.0,0.0,0.0,0.0,0.00012500000000000044,0.000550000000000002,0.0012750000000000046,0.0021875000000000076,0.0034750000000000124,0.0053125000000000195,0.008550000000000032,0.012537500000000045,0.017937500000000065,0.02498750000000009,0.03257500000000011,0.04425000000000016,0.057250000000000204,0.07007500000000025,0.0873125000000003,0.10362500000000037,0.11830000000000042,0.1369375000000005,0.16105000000000055,0.18231250000000065,0.20655000000000073,0.2244250000000008,0.24865000000000087,0.26575000000000093,0.284250000000001,0.3072500000000011,0.32815000000000116,0.34510000000000124,0.3624625000000013,0.3775875000000013,0.3895750000000014,0.40050000000000147,0.40891250000000146,0.41897500000000143,0.4248750000000015,0.4295375000000015,0.43183750000000154,0.4341125000000015,0.44061250000000163,0.4434750000000016,0.4466875000000016,0.4465625000000016,0.4453250000000016,0.4466375000000016,0.4466375000000016,0.4447000000000016,0.4429625000000016,0.4418125000000016,0.4425375000000016,0.44111250000000163,0.4403000000000015,0.4399750000000015,0.4404750000000016,0.4398000000000015,0.43978750000000155,0.43998750000000153,0.43943750000000154,0.43975000000000153,0.4395625000000015,0.43931250000000155,0.4384500000000015,0.4382500000000015,0.43848750000000153,0.43857500000000155,0.43860000000000154,0.43867500000000154,0.43888750000000154,0.4387750000000015,0.43888750000000154
5.25,0.0,0.0,0.0,0.0,0.0,0.0,0.0,0.0,0.0,0.0,0.0,0.0,0.0,0.0,9.999999999999946e-05,0.0004499999999999976,0.0010624999999999942,0.0019249999999999899,0.0031124999999999833,0.004962499999999973,0.007737499999999959,0.011712499999999938,0.01704999999999991,0.024087499999999873,0.03167499999999983,0.043112499999999776,0.0559124999999997,0.06882499999999964,0.08637499999999955,0.10211249999999945,0.11729999999999938,0.13639999999999927,0.16244999999999912,0.185687499999999,0.2070999999999989,0.2261624999999988,0.25127499999999864,0.2686624999999986,0.29173749999999843,0.31434999999999835,0.33333749999999823,0.3508999999999981,0.36817499999999803,0.381487499999998,0.39361249999999787,0.40271249999999786,0.4118374999999978,0.41918749999999777,0.42236249999999775,0.4256874999999977,0.43133749999999765,0.43571249999999767,0.43833749999999766,0.43646249999999764,0.43719999999999765,0.43633749999999766,0.4336374999999977,0.43336249999999765,0.43159999999999765,0.4313749999999977,0.43107499999999765,0.4317499999999977,0.4327499999999977,0.4319624999999977,0.43066249999999767,0.42941249999999775,0.42736249999999776,0.42607499999999776,0.42431249999999776,0.42428749999999776,0.42294999999999777,0.42357499999999776,0.4231624999999977,0.42272499999999774,0.42309999999999776,0.4233999999999977,0.42308749999999773,0.42333749999999776,0.42338749999999775,0.4233749999999977,0.42314999999999775,0.42336249999999775,0.42334999999999773,0.42332499999999773
5.3500000000000005,0.0,0.0,0.0,0.0,0.0,0.0,0.0,0.0,0.0,0.0,0.0,0.0,0.0,6.250000000000022e-05,0.0003375000000000012,0.0009125000000000033,0.0017250000000000063,0.00291250000000001,0.004425000000000016,0.007137500000000025,0.010737500000000039,0.015700000000000058,0.021975000000000078,0.03015000000000011,0.04103750000000014,0.05312500000000019,0.06747500000000024,0.08476250000000031,0.10056250000000036,0.11603750000000042,0.1360750000000005,0.16317500000000057,0.18555000000000066,0.20598750000000074,0.2301750000000008,0.25315000000000093,0.271750000000001,0.29602500000000104,0.3183875000000011,0.33768750000000114,0.35747500000000126,0.3722250000000013,0.3844000000000014,0.39456250000000137,0.4041625000000015,0.4122875000000015,0.4160250000000015,0.4219375000000015,0.4260375000000015,0.43081250000000154,0.42965000000000153,0.42928750000000154,0.42642500000000155,0.4257000000000015,0.4237250000000015,0.4229625000000015,0.4253750000000015,0.42286250000000153,0.4201500000000015,0.41620000000000146,0.41520000000000146,0.41370000000000146,0.41238750000000146,0.4102125000000015,0.4079750000000015,0.40813750000000143,0.40937500000000143,0.40843750000000145,0.40707500000000146,0.40486250000000146,0.40550000000000147,0.40472500000000144,0.40415000000000145,0.40381250000000146,0.40260000000000146,0.40215000000000145,0.40243750000000145,0.40180000000000143,0.4019250000000015,0.40157500000000146,0.40143750000000145,0.40123750000000147,0.40117500000000145,0.40108750000000143
5.45,0.0,0.0,0.0,0.0,0.0,0.0,0.0,0.0,0.0,0.0,0.0,0.0,3.750000000000013e-05,0.00021250000000000075,0.0007375000000000026,0.0015125000000000054,0.002525000000000009,0.003925000000000014,0.006012500000000021,0.009450000000000035,0.01425000000000005,0.020437500000000074,0.029225000000000105,0.038025000000000135,0.05117500000000018,0.06598750000000024,0.08168750000000029,0.09812500000000035,0.1134250000000004,0.13382500000000047,0.16105000000000055,0.18355000000000066,0.20525000000000074,0.23160000000000083,0.2507875000000009,0.27318750000000097,0.29866250000000105,0.31965000000000116,0.3398000000000012,0.3587375000000013,0.3712000000000013,0.38525000000000137,0.39632500000000137,0.4044000000000015,0.40880000000000144,0.41553750000000145,0.42016250000000155,0.4217000000000015,0.4218875000000015,0.41832500000000145,0.41758750000000144,0.41588750000000146,0.41465000000000146,0.41553750000000145,0.4109500000000015,0.40786250000000146,0.40452500000000147,0.40260000000000146,0.40097500000000147,0.40022500000000144,0.3973875000000014,0.39232500000000137,0.3888625000000014,0.3867250000000014,0.3860750000000014,0.38380000000000136,0.3808375000000014,0.37932500000000136,0.3790500000000014,0.3783500000000013,0.3766250000000013,0.3756625000000013,0.3751625000000013,0.3743250000000013,0.3741875000000013,0.3736875000000013,0.3734250000000013,0.3736125000000013,0.3730375000000013,0.37326250000000133,0.3736000000000013,0.3736750000000013,0.3736125000000013,0.3736875000000013
5.550000000000001,0.0,0.0,0.0,0.0,0.0,0.0,0.0,0.0,0.0,0.0,0.0,1.2500078125488218e-05,0.0001124999999999994,0.000574999999999997,0.0012374999999999934,0.0021999999999999884,0.0035124999999999813,0.005062499999999973,0.008824999999999953,0.012599999999999932,0.0186374999999999,0.027024999999999855,0.034699999999999814,0.048062499999999744,0.062387499999999665,0.07811249999999959,0.09589999999999949,0.11058749999999942,0.1305874999999993,0.15771249999999917,0.18067499999999906,0.2028124999999989,0.22967499999999877,0.24919999999999864,0.27386249999999857,0.2991249999999984,0.3207624999999983,0.3424499999999982,0.35896249999999813,0.37298749999999803,0.385199999999998,0.3958874999999979,0.3990249999999979,0.4061374999999978,0.41177499999999784,0.41332499999999783,0.4135499999999978,0.4108999999999978,0.4083499999999978,0.40822499999999784,0.4078499999999978,0.4021499999999979,0.4001249999999979,0.3952374999999979,0.3938624999999979,0.3902874999999979,0.38407499999999795,0.37959999999999794,0.37676249999999795,0.37242499999999806,0.36852499999999805,0.366724999999998,0.364249999999998,0.3609124999999981,0.3583374999999981,0.3552874999999981,0.3546124999999981,0.3517124999999981,0.34883749999999814,0.34779999999999817,0.3468374999999982,0.34589999999999815,0.3464624999999982,0.3461874999999982,0.34584999999999816,0.34603749999999817,0.34501249999999817,0.3444499999999982,0.3443624999999982,0.34432499999999816,0.34406249999999816,0.3438624999999982,0.3439124999999982,0.3438374999999982
5.65,0.0,0.0,0.0,0.0,0.0,0.0,0.0,0.0,0.0,0.0,0.0,7.500046875292997e-05,0.00037500000000000136,0.0009250000000000033,0.0017500000000000063,0.0028250000000000102,0.004625000000000016,0.007550000000000027,0.01127500000000004,0.01708750000000006,0.024412500000000087,0.031787500000000114,0.04475000000000016,0.06048750000000022,0.07425000000000026,0.09216250000000033,0.10721250000000038,0.12706250000000047,0.15448750000000055,0.17756250000000062,0.19975000000000073,0.2270250000000008,0.24663750000000087,0.272837500000001,0.29876250000000104,0.32063750000000113,0.3397750000000012,0.3558250000000012,0.37147500000000133,0.3826375000000014,0.3909500000000014,0.39445000000000136,0.40323750000000147,0.40761250000000143,0.40687500000000143,0.4036375000000015,0.40032500000000143,0.40138750000000145,0.4001375000000015,0.3930750000000014,0.3892375000000014,0.3871875000000014,0.3814125000000014,0.37450000000000133,0.3694000000000013,0.3639875000000013,0.3598250000000013,0.35515000000000124,0.34941250000000124,0.34488750000000123,0.34076250000000124,0.33790000000000114,0.33516250000000114,0.33462500000000117,0.33291250000000117,0.33211250000000114,0.3289250000000012,0.32865000000000116,0.32877500000000115,0.32788750000000116,0.32651250000000115,0.32593750000000116,0.32433750000000117,0.32401250000000115,0.32367500000000116,0.32331250000000117,0.3233750000000012,0.32351250000000115,0.3236375000000012,0.32356250000000114,0.3235000000000012,0.32365000000000116,0.3236375000000012,0.32367500000000116
5.75,0.0,0.0,0.0,0.0,0.0,0.0,0.0,0.0,0.0,0.0,6.250085938681624e-05,0.0003375021093881819,0.0008749999999999954,0.0016249999999999915,0.002624999999999986,0.004049999999999978,0.0064249999999999655,0.010224999999999946,0.01499999999999992,0.021537499999999887,0.029249999999999846,0.041337499999999784,0.0560999999999997,0.06873749999999963,0.08844999999999953,0.10346249999999946,0.12187499999999934,0.1488749999999992,0.1728374999999991,0.19499999999999895,0.2230499999999988,0.2435124999999987,0.2704249999999985,0.29602499999999843,0.31786249999999827,0.3398624999999982,0.3550124999999981,0.368612499999998,0.38028749999999795,0.38586249999999794,0.3947374999999979,0.39987499999999787,0.3997624999999979,0.39737499999999787,0.3931249999999979,0.3941624999999979,0.3915249999999979,0.38489999999999797,0.37959999999999794,0.37656249999999797,0.36871249999999806,0.36209999999999803,0.3558499999999981,0.3508749999999981,0.3425499999999982,0.3353624999999982,0.33156249999999826,0.32846249999999827,0.32706249999999826,0.3227999999999983,0.3203749999999983,0.3181624999999983,0.31466249999999835,0.3114374999999983,0.30913749999999834,0.30748749999999836,0.3072624999999984,0.30539999999999834,0.3036999999999984,0.3028749999999984,0.3022874999999984,0.3014874999999984,0.3007624999999984,0.2995874999999984,0.2996749999999984,0.2993124999999984,0.2992374999999984,0.2990499999999984,0.2985749999999984,0.2984624999999984,0.2983749999999984,0.2982624999999984,0.2983374999999984,0.2982999999999984
5.8500000000000005,0.0,0.0,0.0,0.0,0.0,0.0,0.0,0.0,0.0,3.7500843768984936e-05,0.00021250292191517709,0.0005750035937724631,0.001337500000000005,0.0021875000000000076,0.0034875000000000123,0.0053125000000000195,0.00873750000000003,0.013025000000000045,0.01912500000000007,0.0277500000000001,0.03768750000000013,0.051312500000000184,0.06467500000000023,0.0831375000000003,0.09853750000000035,0.11736250000000042,0.1435625000000005,0.16832500000000059,0.1902125000000007,0.21802500000000077,0.23831250000000084,0.26566250000000097,0.2923375000000011,0.31465000000000115,0.3372375000000012,0.3511375000000012,0.36595000000000133,0.3776375000000013,0.3809000000000014,0.38913750000000136,0.3919375000000014,0.39263750000000136,0.3892250000000014,0.38651250000000137,0.3869250000000014,0.3783375000000013,0.3733750000000013,0.3694125000000013,0.3600125000000013,0.3531625000000012,0.3455625000000012,0.3367125000000012,0.32872500000000116,0.3231875000000012,0.32156250000000114,0.31787500000000113,0.3126375000000011,0.3066500000000011,0.3024500000000011,0.30135000000000106,0.29795000000000105,0.29408750000000106,0.29256250000000106,0.291012500000001,0.28828750000000103,0.286112500000001,0.283287500000001,0.28155000000000097,0.279687500000001,0.277700000000001,0.276612500000001,0.27502500000000096,0.274425000000001,0.27431250000000096,0.272600000000001,0.27228750000000096,0.271900000000001,0.27155000000000096,0.271537500000001,0.2711375000000009,0.27096250000000094,0.2708250000000009,0.27067500000000094,0.27072500000000094
5.95,0.0,0.0,0.0,0.0,0.0,0.0,0.0,0.0,1.2500500020000845e-05,7.500168753796987e-05,0.00040000550007562744,0.000987506171913578,0.0017250000000000063,0.0029500000000000103,0.0046625000000000165,0.0075625000000000275,0.011437500000000041,0.017162500000000063,0.024912500000000087,0.03251250000000011,0.045687500000000165,0.06032500000000022,0.07831250000000028,0.09443750000000033,0.1126750000000004,0.1376250000000005,0.16213750000000057,0.18447500000000067,0.21180000000000077,0.23336250000000083,0.26043750000000093,0.287512500000001,0.3101625000000011,0.33327500000000115,0.34810000000000124,0.3613875000000013,0.3709375000000013,0.3766000000000013,0.38535000000000136,0.3872000000000014,0.38406250000000136,0.3793125000000014,0.3803625000000014,0.37402500000000133,0.3679375000000013,0.3637500000000013,0.3536875000000012,0.34466250000000126,0.33787500000000115,0.32738750000000116,0.3202375000000011,0.3159000000000011,0.3113375000000011,0.3047250000000011,0.29740000000000105,0.29437500000000105,0.289325000000001,0.287387500000001,0.282262500000001,0.27726250000000097,0.27305000000000096,0.2681125000000009,0.26441250000000094,0.2598625000000009,0.2568625000000009,0.2547000000000009,0.25260000000000093,0.2510375000000009,0.25046250000000086,0.2502125000000009,0.24927500000000088,0.24937500000000087,0.24851250000000089,0.24785000000000088,0.24776250000000088,0.24702500000000088,0.2467375000000009,0.24656250000000088,0.24670000000000086,0.24676250000000088,0.24701250000000088,0.24716250000000087,0.24720000000000086,0.24720000000000086
6.050000000000001,0.0,0.0,0.0,0.0,0.0,0.0,0.0,0.0,7.50030001200044e-05,0.0003625081564335178,0.0008500116876607008,0.0016125100781879801,0.0026374999999999858,0.0039749999999999786,0.0065749999999999646,0.010062499999999946,0.01477499999999992,0.021512499999999886,0.028724999999999844,0.04161249999999978,0.0569124999999997,0.07112499999999962,0.08888749999999952,0.10613749999999944,0.1292749999999993,0.15263749999999918,0.17913749999999906,0.2037874999999989,0.2260249999999988,0.25286249999999866,0.28147499999999853,0.3046874999999984,0.32827499999999826,0.3424249999999982,0.3565874999999981,0.36573749999999805,0.373612499999998,0.37987499999999796,0.37971249999999795,0.37476249999999806,0.373849999999998,0.37154999999999805,0.36544999999999805,0.3601124999999981,0.3501624999999981,0.3402124999999982,0.33239999999999825,0.3195874999999983,0.3125124999999983,0.30737499999999834,0.3017124999999984,0.2936249999999984,0.2885874999999985,0.2832249999999985,0.27871249999999853,0.27183749999999857,0.2645874999999986,0.25837499999999863,0.25226249999999867,0.2476749999999987,0.2457124999999987,0.24383749999999868,0.24066249999999872,0.23831249999999873,0.23634999999999873,0.23356249999999876,0.23092499999999877,0.22977499999999876,0.2279749999999988,0.2259499999999988,0.2251749999999988,0.2237624999999988,0.2223124999999988,0.22152499999999883,0.22103749999999883,0.22069999999999884,0.22046249999999884,0.22038749999999885,0.22038749999999885,0.22031249999999883,0.22014999999999885,0.21998749999999884,0.22001249999999883,0.21999999999999884
6.15,0.0,0.0,0.0,0.0,0.0,0.0,0.0,6.250382835948724e-05,0.00026251050042001774,0.0006875154690980571,0.0013625187346326061,0.002125013281333016,0.003325000000000012,0.005100000000000019,0.00832500000000003,0.012775000000000045,0.018525000000000066,0.026262500000000095,0.03772500000000013,0.05115000000000018,0.06407500000000023,0.0835000000000003,0.09915000000000035,0.12060000000000044,0.14608750000000054,0.1743750000000006,0.19416250000000068,0.2215875000000008,0.24700000000000089,0.273637500000001,0.29752500000000104,0.3218875000000011,0.3370500000000012,0.3516625000000012,0.3595125000000013,0.3700500000000013,0.3748375000000013,0.3734625000000013,0.3680500000000013,0.3707500000000013,0.3622000000000013,0.3558250000000012,0.3476125000000012,0.33698750000000116,0.32772500000000115,0.31706250000000114,0.3075125000000011,0.3026250000000011,0.29503750000000106,0.287037500000001,0.279850000000001,0.275912500000001,0.2671125000000009,0.2578625000000009,0.24977500000000089,0.24337500000000087,0.24058750000000084,0.23598750000000085,0.23242500000000083,0.2271000000000008,0.2230625000000008,0.21813750000000076,0.21588750000000076,0.21400000000000077,0.21123750000000077,0.20862500000000073,0.20740000000000072,0.20530000000000073,0.20333750000000073,0.2021875000000007,0.20143750000000074,0.20086250000000072,0.20061250000000072,0.20026250000000073,0.20001250000000073,0.20002500000000073,0.19978750000000073,0.1991125000000007,0.19868750000000068,0.1985125000000007,0.1984000000000007,0.1983875000000007,0.1983625000000007,0.19841250000000069
6.25,0.0,0.0,0.0,0.0,0.0,0.0,5.000412534034031e-05,0.00021251301642225473,0.0005000200008000294,0.000987522219249928,0.0017500240628308546,0.0028250176563603376,0.004462499999999976,0.007324999999999962,0.010912499999999941,0.016312499999999914,0.024137499999999874,0.03218749999999983,0.044837499999999766,0.05846249999999969,0.07659999999999959,0.0920624999999995,0.1113749999999994,0.13862499999999925,0.16416249999999913,0.186399999999999,0.21577499999999883,0.23654999999999873,0.2654624999999986,0.2912874999999984,0.3146749999999983,0.33096249999999827,0.3457874999999982,0.3540374999999981,0.364062499999998,0.36733749999999804,0.36552499999999805,0.3609249999999981,0.363012499999998,0.3524374999999981,0.34838749999999813,0.33741249999999817,0.32657499999999823,0.31544999999999834,0.30482499999999835,0.2976874999999984,0.29096249999999846,0.2823749999999985,0.2747374999999985,0.2677124999999986,0.2574624999999986,0.2465374999999987,0.23938749999999873,0.23533749999999876,0.22919999999999877,0.2228624999999988,0.21657499999999882,0.21173749999999888,0.2077499999999989,0.2042749999999989,0.19912499999999894,0.19724999999999895,0.19321249999999898,0.19048749999999898,0.18816249999999898,0.18608749999999902,0.18406249999999902,0.18308749999999901,0.18227499999999902,0.18179999999999902,0.18078749999999905,0.17952499999999905,0.17893749999999906,0.17852499999999905,0.17796249999999905,0.17748749999999905,0.17729999999999904,0.17727499999999904,0.17704999999999904,0.17706249999999907,0.17694999999999905,0.17692499999999906,0.17684999999999906,0.17676249999999905
6.3500000000000005,0.0,0.0,0.0,0.0,0.0,3.750464119934855e-05,0.00010000825068068152,0.00037502297015692347,0.0008250330013200558,0.0015500348757847106,0.002462533859840582,0.0038125238282739403,0.006175000000000022,0.009412500000000034,0.01406250000000005,0.02042500000000007,0.027225000000000096,0.039712500000000144,0.05411250000000019,0.06985000000000025,0.08737500000000031,0.10512500000000038,0.12990000000000046,0.15517500000000053,0.17860000000000062,0.20711250000000073,0.2283000000000008,0.2583000000000009,0.282775000000001,0.3066375000000011,0.32472500000000115,0.33876250000000124,0.3478500000000012,0.3584125000000013,0.3620500000000013,0.36008750000000134,0.35703750000000123,0.35573750000000126,0.3470125000000012,0.3399875000000012,0.32685000000000114,0.3183125000000011,0.30382500000000107,0.29677500000000107,0.288350000000001,0.278187500000001,0.27067500000000094,0.26287500000000097,0.2514000000000009,0.23926250000000085,0.23456250000000084,0.2275250000000008,0.21947500000000075,0.21126250000000077,0.20643750000000072,0.20075000000000073,0.1953125000000007,0.1894875000000007,0.18530000000000066,0.18152500000000066,0.17990000000000064,0.17631250000000062,0.1736125000000006,0.17072500000000063,0.1682875000000006,0.16633750000000058,0.16411250000000058,0.16157500000000058,0.16061250000000057,0.15945000000000056,0.15851250000000056,0.15793750000000056,0.15738750000000057,0.15643750000000056,0.15585000000000054,0.15520000000000053,0.15472500000000056,0.15466250000000054,0.15453750000000055,0.15450000000000055,0.15452500000000055,0.15447500000000056,0.15451250000000055,0.15455000000000055
6.45,0.0,0.0,0.0,0.0,2.500393812025403e-05,6.250773533224758e-05,0.0003250268147122149,0.0007375451746419494,0.0013875555022200936,0.0020750466885504997,0.003137543141218203,0.004700029375183611,0.007725000000000027,0.011725000000000041,0.01721250000000006,0.02526250000000009,0.03537500000000013,0.04858750000000017,0.06175000000000022,0.08022500000000028,0.09583750000000034,0.11813750000000042,0.14348750000000052,0.16948750000000062,0.19770000000000068,0.21881250000000077,0.24791250000000087,0.27305000000000096,0.29851250000000107,0.31672500000000114,0.3325250000000012,0.34371250000000125,0.3530875000000012,0.35617500000000124,0.35423750000000126,0.3510125000000012,0.34718750000000126,0.34016250000000126,0.33132500000000115,0.31985000000000113,0.30835000000000107,0.29533750000000103,0.28892500000000104,0.276537500000001,0.26960000000000095,0.26168750000000096,0.24846250000000086,0.23516250000000083,0.2290625000000008,0.2220125000000008,0.21268750000000075,0.20491250000000072,0.19817500000000068,0.19190000000000068,0.18472500000000067,0.1787000000000006,0.17526250000000063,0.17125000000000062,0.16718750000000057,0.16242500000000057,0.15793750000000056,0.15546250000000056,0.15216250000000053,0.14925000000000052,0.14678750000000051,0.14551250000000052,0.1439000000000005,0.14351250000000051,0.1420875000000005,0.1403375000000005,0.14003750000000048,0.1391625000000005,0.1386625000000005,0.1381500000000005,0.1379625000000005,0.1376375000000005,0.13728750000000048,0.13703750000000048,0.1369125000000005,0.1367125000000005,0.1368125000000005,0.1368000000000005,0.1368000000000005,0.13676250000000048
6.550000000000001,0.0,0.0,0.0,2.5005157313695818e-05,7.501181436076142e-05,0.000337541770794134,0.0006750556920945942,0.0010875666134550683,0.0017750710028401043,0.002750061876392204,0.004200057750794051,0.006687541797136196,0.009962499999999947,0.015312499999999918,0.022237499999999882,0.028974999999999845,0.04153749999999978,0.0557999999999997,0.0729999999999996,0.08817499999999953,0.10772499999999942,0.13526249999999929,0.16158749999999913,0.18397499999999903,0.20828749999999888,0.23657499999999873,0.2649374999999986,0.2896874999999985,0.3085499999999984,0.32519999999999827,0.3367874999999982,0.3456624999999982,0.3509499999999981,0.3495374999999981,0.3464124999999982,0.34048749999999817,0.3344624999999983,0.32452499999999823,0.3122249999999983,0.2988624999999984,0.2880249999999985,0.2795999999999985,0.2688749999999986,0.2622499999999986,0.2501874999999987,0.23474999999999877,0.2271499999999988,0.21881249999999883,0.20836249999999887,0.20043749999999894,0.191362499999999,0.183437499999999,0.17668749999999905,0.1720749999999991,0.16602499999999912,0.16053749999999914,0.1545499999999992,0.1499249999999992,0.14447499999999924,0.14277499999999924,0.14006249999999926,0.13717499999999927,0.13451249999999929,0.1323249999999993,0.1305499999999993,0.12797499999999934,0.12683749999999933,0.12413749999999935,0.12276249999999934,0.12232499999999935,0.12057499999999936,0.12054999999999937,0.11968749999999936,0.11968749999999936,0.11917499999999936,0.11899999999999937,0.11919999999999936,0.11902499999999937,0.11906249999999936,0.11904999999999936,0.11881249999999936,0.11869999999999936,0.11867499999999936,0.11868749999999936
6.65,0.0,0.0,2.5006876891145153e-05,6.25128932842401e-05,0.0002625413502626673,0.0005000618826579807,0.000862571162120878,0.0015250934119714888,0.0023500940037601585,0.0035500798767972405,0.005437574766653061,0.008725054531590852,0.012887500000000045,0.018050000000000063,0.02536250000000009,0.03711250000000013,0.05097500000000018,0.06436250000000023,0.08231250000000029,0.10023750000000037,0.12437500000000043,0.14957500000000054,0.1731750000000006,0.20308750000000073,0.2256500000000008,0.25388750000000093,0.277925000000001,0.30037500000000106,0.31856250000000114,0.33401250000000116,0.3392750000000012,0.34647500000000125,0.34402500000000125,0.34057500000000124,0.33517500000000117,0.32946250000000116,0.31872500000000115,0.3067625000000011,0.29287500000000105,0.283587500000001,0.273300000000001,0.26281250000000095,0.25288750000000093,0.23778750000000085,0.2249625000000008,0.21848750000000075,0.20692500000000072,0.19768750000000068,0.18803750000000066,0.17902500000000063,0.17232500000000062,0.1665375000000006,0.15916250000000057,0.15195000000000056,0.14611250000000053,0.1410750000000005,0.13702500000000048,0.13311250000000047,0.13050000000000045,0.12551250000000044,0.12151250000000044,0.11841250000000042,0.11705000000000042,0.1146625000000004,0.1133125000000004,0.1120250000000004,0.1104125000000004,0.1103750000000004,0.10958750000000038,0.10855000000000038,0.10831250000000038,0.10728750000000038,0.10736250000000039,0.10671250000000038,0.10666250000000038,0.10652500000000038,0.10622500000000039,0.10597500000000039,0.10552500000000038,0.10552500000000038,0.10552500000000038,0.10556250000000038,0.10550000000000039,0.10552500000000038
6.75,0.0,3.7513223411252265e-05,7.502063067343479e-05,0.00026255415179380606,0.0004875767933449492,0.000800099012252762,0.001450119634869869,0.0021376309298944446,0.003050122004880179,0.0044250995647401835,0.00720009900136123,0.010537565859786567,0.015674999999999915,0.02343749999999988,0.03151249999999983,0.04363749999999977,0.0568124999999997,0.0753874999999996,0.09034999999999953,0.1118374999999994,0.13718749999999927,0.16223749999999912,0.191124999999999,0.21339999999999887,0.2446999999999987,0.26952499999999857,0.29322499999999846,0.31063749999999835,0.3237874999999983,0.32818749999999824,0.3403624999999982,0.3390999999999982,0.33491249999999817,0.33137499999999825,0.32497499999999824,0.3140749999999983,0.3012249999999984,0.28507499999999847,0.27643749999999856,0.26378749999999856,0.25503749999999864,0.24434999999999868,0.2281999999999988,0.21872499999999884,0.20843749999999886,0.19578749999999895,0.186937499999999,0.17631249999999907,0.16937499999999908,0.16209999999999913,0.15387499999999918,0.14617499999999922,0.13986249999999925,0.1346499999999993,0.1292874999999993,0.12486249999999932,0.11897499999999936,0.11588749999999938,0.1120749999999994,0.11036249999999942,0.10858749999999942,0.10652499999999944,0.10459999999999943,0.10216249999999945,0.10077499999999945,0.09958749999999947,0.09846249999999947,0.09737499999999948,0.09599999999999949,0.0950624999999995,0.0940374999999995,0.0935874999999995,0.0935874999999995,0.0932249999999995,0.09263749999999951,0.09209999999999952,0.09192499999999951,0.09203749999999951,0.09226249999999951,0.09203749999999951,0.09187499999999951,0.09191249999999951,0.09197499999999952,0.09197499999999952
6.8500000000000005,6.252641741135651e-05,6.252203901875433e-05,0.00025006876891145154,0.00041258509567598464,0.0007251142054873668,0.001325163989043649,0.0018376516062575227,0.0026251607910984637,0.004025161006440272,0.0063001417531894695,0.009150125814229979,0.013762586016162651,0.01963750000000007,0.026225000000000092,0.037950000000000136,0.051437500000000184,0.06747500000000024,0.08246250000000029,0.10043750000000036,0.12673750000000045,0.15338750000000054,0.17628750000000062,0.20092500000000071,0.2299875000000008,0.2573375000000009,0.28216250000000104,0.3004125000000011,0.31625000000000114,0.3244750000000012,0.33540000000000114,0.3347875000000012,0.3287375000000012,0.32920000000000116,0.3206625000000011,0.3092875000000011,0.29628750000000104,0.280275000000001,0.27273750000000097,0.2586625000000009,0.25025000000000086,0.23663750000000083,0.21991250000000076,0.21232500000000076,0.20006250000000073,0.18876250000000067,0.1786750000000006,0.16796250000000057,0.1614625000000006,0.15137500000000054,0.1431000000000005,0.1363000000000005,0.13073750000000048,0.12475000000000043,0.11723750000000042,0.1135875000000004,0.10921250000000038,0.10656250000000038,0.10353750000000037,0.10026250000000037,0.09783750000000034,0.09577500000000035,0.09273750000000033,0.09070000000000032,0.09010000000000033,0.08900000000000031,0.08728750000000031,0.08598750000000031,0.0845625000000003,0.08490000000000031,0.08411250000000028,0.0836125000000003,0.0831125000000003,0.08247500000000028,0.08230000000000029,0.08218750000000029,0.0820125000000003,0.08178750000000029,0.08153750000000029,0.08130000000000029,0.08128750000000029,0.08143750000000029,0.08141250000000029,0.0813625000000003,0.08138750000000029
6.95,0.00011254755134044174,0.00032511460289752253,0.0004251169071494676,0.0007626572980677292,0.0012376949369525745,0.0017002104010371342,0.0024001980163363564,0.0034627120911155935,0.004912696507860332,0.0078001755039488665,0.01142515709591011,0.016412602578766176,0.02367500000000008,0.03348750000000012,0.046125000000000166,0.05871250000000021,0.07551250000000026,0.09198750000000033,0.11581250000000042,0.1407375000000005,0.16382500000000058,0.1933125000000007,0.21693750000000075,0.24587500000000087,0.27102500000000096,0.291600000000001,0.3082500000000011,0.3179750000000011,0.3277875000000012,0.33077500000000115,0.32543750000000116,0.3265500000000012,0.3163750000000011,0.3053875000000011,0.29275000000000106,0.276137500000001,0.2680875000000009,0.2543250000000009,0.2452250000000009,0.2295500000000008,0.21506250000000077,0.2052125000000007,0.1907000000000007,0.18086250000000065,0.16996250000000063,0.16162500000000057,0.15188750000000054,0.1421500000000005,0.13445000000000049,0.12767500000000045,0.12058750000000043,0.11298750000000041,0.10855000000000038,0.10532500000000038,0.10141250000000036,0.09740000000000035,0.09441250000000033,0.09070000000000032,0.0888250000000003,0.0859500000000003,0.0834000000000003,0.0825000000000003,0.0811250000000003,0.07881250000000029,0.07652500000000027,0.07536250000000026,0.07433750000000026,0.07316250000000027,0.07143750000000025,0.07128750000000025,0.07097500000000026,0.07031250000000025,0.06951250000000024,0.06893750000000025,0.06870000000000025,0.06848750000000024,0.06820000000000025,0.06801250000000024,0.06803750000000025,0.06798750000000024,0.06785000000000024,0.06788750000000024,0.06791250000000025,0.06787500000000024
7.050000000000001,0.00031263208705677983,0.0004626630887387779,0.000750206306734348,0.0011502372364300077,0.0015002362872152284,0.002187770736628646,0.0031752619591116095,0.004275261859788889,0.006750270010800395,0.009750219379935997,0.01436269748709037,0.020725129532059468,0.027199999999999853,0.038337499999999795,0.05192499999999973,0.06853749999999964,0.08278749999999957,0.10216249999999945,0.1280249999999993,0.15367499999999917,0.18073749999999905,0.2030249999999989,0.23372499999999877,0.2587124999999986,0.2832999999999985,0.3003624999999984,0.3146749999999983,0.32143749999999827,0.32694999999999824,0.3222374999999983,0.32314999999999827,0.3125999999999983,0.3029999999999984,0.28948749999999845,0.27306249999999854,0.2643999999999986,0.25046249999999864,0.24104999999999874,0.2242874999999988,0.21108749999999887,0.19922499999999896,0.186399999999999,0.17546249999999905,0.16283749999999914,0.15393749999999917,0.14293749999999925,0.13407499999999928,0.12726249999999933,0.11936249999999936,0.1116374999999994,0.10633749999999943,0.10224999999999945,0.09716249999999949,0.0934749999999995,0.08886249999999953,0.08653749999999955,0.08229999999999957,0.08006249999999958,0.07744999999999959,0.0746124999999996,0.07239999999999962,0.07002499999999963,0.06767499999999964,0.06671249999999965,0.06518749999999965,0.06441249999999965,0.06356249999999966,0.06274999999999967,0.06209999999999967,0.061099999999999675,0.06034999999999968,0.06008749999999968,0.05996249999999968,0.05992499999999968,0.059824999999999684,0.06002499999999968,0.05997499999999968,0.060074999999999684,0.05974999999999968,0.059699999999999684,0.05973749999999968,0.05964999999999968,0.05961249999999968,0.05959999999999968
7.15,0.0006127588906312939,0.0007127512448137994,0.0011378128985471043,0.001362781073596434,0.0020503229258608305,0.0028628542782169397,0.0038128145572009827,0.005975365991166981,0.00860034401376058,0.01206277141235682,0.016850231690685807,0.02346264664154159,0.033725000000000116,0.04723750000000016,0.05935000000000021,0.07651250000000027,0.09291250000000033,0.11706250000000042,0.1421125000000005,0.1644625000000006,0.1906750000000007,0.21785000000000077,0.24577500000000088,0.27102500000000096,0.288825000000001,0.3049500000000011,0.3105250000000011,0.3214125000000011,0.3200500000000011,0.31748750000000114,0.3083625000000011,0.30087500000000106,0.287437500000001,0.27218750000000097,0.26126250000000095,0.24733750000000088,0.23783750000000084,0.21928750000000077,0.20737500000000073,0.19366250000000068,0.18087500000000065,0.16868750000000057,0.15851250000000056,0.14783750000000054,0.13678750000000048,0.12832500000000047,0.12058750000000043,0.1106500000000004,0.10491250000000037,0.10015000000000036,0.09480000000000034,0.08987500000000033,0.08603750000000031,0.0818500000000003,0.07888750000000028,0.07452500000000026,0.07162500000000026,0.06853750000000025,0.06568750000000023,0.06386250000000022,0.06196250000000022,0.06013750000000021,0.05903750000000021,0.058237500000000206,0.05785000000000021,0.0571625000000002,0.0566125000000002,0.0563750000000002,0.0559250000000002,0.0553750000000002,0.05473750000000019,0.05433750000000019,0.05401250000000019,0.05383750000000019,0.05346250000000019,0.05312500000000019,0.05308750000000019,0.05315000000000019,0.05328750000000019,0.05342500000000019,0.05342500000000019,0.05337500000000019,0.05342500000000019,0.05341250000000019
7.25,0.0007878328593830851,0.0012004231491600725,0.0013378679136762538,0.002012915163752513,0.0025253977501456344,0.0034379254432735868,0.005062917690709457,0.0074754578717946074,0.010137905516220595,0.014825333570005246,0.021587796832206328,0.028425177657360207,0.04023749999999979,0.051449999999999725,0.06836249999999963,0.08267499999999957,0.10296249999999946,0.12759999999999933,0.15236249999999918,0.18068749999999906,0.2035624999999989,0.23303749999999876,0.2591499999999986,0.2801624999999985,0.2969624999999984,0.30613749999999834,0.3160999999999983,0.31644999999999834,0.3115124999999983,0.30712499999999837,0.3009624999999984,0.28572499999999845,0.2688499999999986,0.25751249999999865,0.24481249999999868,0.23489999999999878,0.21591249999999884,0.2037249999999989,0.18952499999999897,0.17647499999999905,0.16392499999999913,0.15331249999999919,0.14117499999999925,0.1304874999999993,0.12316249999999934,0.1133374999999994,0.10498749999999944,0.09994999999999947,0.0939124999999995,0.08842499999999953,0.08416249999999954,0.07994999999999958,0.0759374999999996,0.07108749999999962,0.06682499999999965,0.06389999999999967,0.06137499999999967,0.05846249999999969,0.05748749999999969,0.056749999999999697,0.0557874999999997,0.05457499999999971,0.05321249999999972,0.05206249999999972,0.05127499999999973,0.05032499999999974,0.04963749999999974,0.048899999999999735,0.04851249999999974,0.048649999999999735,0.04851249999999974,0.047862499999999746,0.04739999999999975,0.047187499999999744,0.04699999999999974,0.04692499999999975,0.04692499999999975,0.046699999999999756,0.046587499999999754,0.04643749999999976,0.046462499999999754,0.046512499999999755,0.046449999999999755,0.046462499999999754
7.3500000000000005,0.0012130124977803164,0.001325467227197592,0.0019255295206181769,0.0024380028380853636,0.0032755158937532777,0.004250526002592836,0.006450532168903957,0.008975549752422369,0.013188027521100891,0.01830041175926465,0.023712826051358292,0.0340627128919557,0.046837500000000164,0.060850000000000216,0.07643750000000027,0.09260000000000032,0.11678750000000042,0.1421000000000005,0.1642375000000006,0.18912500000000065,0.21816250000000076,0.24581250000000088,0.2693750000000009,0.28745000000000104,0.30001250000000107,0.3104875000000011,0.31298750000000114,0.3083000000000011,0.3073125000000011,0.29827500000000107,0.283087500000001,0.26960000000000095,0.25615000000000093,0.24295000000000086,0.23268750000000082,0.21410000000000076,0.20116250000000072,0.18722500000000067,0.1731250000000006,0.16051250000000056,0.14977500000000052,0.13702500000000048,0.12695000000000045,0.11851250000000042,0.10696250000000038,0.10058750000000036,0.09547500000000035,0.08900000000000031,0.08328750000000029,0.07882500000000028,0.07396250000000026,0.06852500000000025,0.06406250000000023,0.061300000000000215,0.05768750000000021,0.0564625000000002,0.0551625000000002,0.05367500000000019,0.05176250000000018,0.04986250000000017,0.04860000000000017,0.04815000000000017,0.046637500000000165,0.04565000000000016,0.04441250000000015,0.043637500000000155,0.04297500000000015,0.04280000000000016,0.042325000000000154,0.042100000000000144,0.04201250000000015,0.042212500000000146,0.041975000000000144,0.041725000000000144,0.04163750000000015,0.04143750000000015,0.04117500000000015,0.04118750000000015,0.04112500000000015,0.041025000000000145,0.040900000000000145,0.04086250000000015,0.040900000000000145,0.040887500000000146
7.45,0.0015381498683193703,0.0020132096564038893,0.0024006601815499346,0.003188157557496245,0.003988128130180518,0.006000742591895768,0.008175674493145714,0.011475702886801857,0.015438117524701042,0.02182549107354923,0.029400404255558617,0.04043775273595474,0.05178750000000018,0.06826250000000024,0.0829875000000003,0.10338750000000037,0.12711250000000046,0.15137500000000054,0.17995000000000066,0.20176250000000073,0.23143750000000082,0.2571375000000009,0.274925000000001,0.29208750000000105,0.29981250000000104,0.3090250000000011,0.3076875000000011,0.3051375000000011,0.29631250000000103,0.28547500000000103,0.272387500000001,0.2547625000000009,0.24393750000000086,0.23066250000000083,0.21302500000000077,0.19918750000000068,0.18463750000000065,0.1706375000000006,0.15695000000000056,0.14620000000000052,0.13325000000000048,0.12278750000000044,0.1132250000000004,0.10386250000000036,0.09743750000000034,0.09053750000000033,0.08403750000000029,0.07836250000000028,0.07411250000000026,0.06766250000000024,0.06290000000000023,0.05965000000000021,0.0567625000000002,0.05457500000000019,0.05291250000000019,0.05025000000000018,0.048575000000000174,0.047200000000000165,0.045237500000000166,0.043700000000000155,0.042387500000000154,0.04130000000000014,0.041200000000000146,0.03997500000000014,0.03955000000000014,0.039075000000000144,0.038075000000000137,0.03723750000000013,0.03653750000000013,0.03550000000000013,0.03545000000000013,0.03495000000000012,0.03470000000000012,0.03470000000000012,0.03476250000000012,0.034775000000000125,0.03473750000000012,0.03443750000000012,0.034462500000000125,0.03457500000000012,0.034537500000000124,0.03455000000000012,0.034525000000000125,0.034525000000000125
7.550000000000001,0.0019883400736811197,0.0023758374827126433,0.003063342419165254,0.003800783911681764,0.005575878200816599,0.007463423598670296,0.009588291034010255,0.013588332285352405,0.019350774030961138,0.024213044793507728,0.0344879742096452,0.046700291876823986,0.06036249999999968,0.0744624999999996,0.09062499999999951,0.11569999999999939,0.14058749999999925,0.16363749999999913,0.18697499999999903,0.21789999999999884,0.24228749999999874,0.2646499999999986,0.2832999999999985,0.29344999999999843,0.3036999999999984,0.3022249999999984,0.2994374999999984,0.29269999999999846,0.28469999999999845,0.27151249999999855,0.25234999999999863,0.24279999999999868,0.22869999999999877,0.21482499999999888,0.19732499999999895,0.18277499999999902,0.1688249999999991,0.1545124999999992,0.14373749999999924,0.1304874999999993,0.11961249999999936,0.10951249999999942,0.09983749999999947,0.09363749999999951,0.08676249999999955,0.08047499999999957,0.0747124999999996,0.06863749999999963,0.06274999999999967,0.05901249999999968,0.0557874999999997,0.05363749999999972,0.050887499999999725,0.04839999999999975,0.04684999999999975,0.04423749999999976,0.04184999999999977,0.041024999999999784,0.04008749999999978,0.03883749999999979,0.0374249999999998,0.03582499999999981,0.03442499999999982,0.03438749999999982,0.033749999999999815,0.03313749999999982,0.03326249999999982,0.032762499999999826,0.03294999999999982,0.03286249999999982,0.03218749999999983,0.032149999999999825,0.03189999999999983,0.03151249999999983,0.03151249999999983,0.03153749999999983,0.031424999999999835,0.03141249999999983,0.031299999999999835,0.03121249999999983,0.03126249999999983,0.031312499999999834,0.03138749999999983,0.03138749999999983
7.65,0.0024760461294897184,0.0030885887275264637,0.003726024656780628,0.005038539198709752,0.006813573137769222,0.00905112007610945,0.012651043711106211,0.016288497670482373,0.02146335853434145,0.03056318767172272,0.04126306736717644,0.052800330002062704,0.06793750000000025,0.0825125000000003,0.10360000000000036,0.12650000000000045,0.14932500000000054,0.17700000000000063,0.20067500000000071,0.2286250000000008,0.25365000000000093,0.273012500000001,0.28866250000000104,0.2961750000000011,0.30008750000000106,0.29627500000000107,0.29422500000000107,0.28511250000000105,0.27045000000000097,0.2544375000000009,0.24408750000000087,0.2294500000000008,0.21620000000000075,0.1960000000000007,0.18327500000000066,0.16845000000000057,0.15365000000000054,0.14221250000000052,0.12847500000000045,0.11746250000000041,0.10613750000000038,0.09747500000000034,0.09087500000000033,0.08243750000000029,0.07651250000000027,0.07095000000000025,0.06411250000000022,0.05932500000000021,0.0552125000000002,0.05331250000000019,0.049762500000000175,0.04728750000000016,0.044775000000000155,0.042100000000000144,0.04010000000000014,0.03905000000000014,0.037712500000000135,0.03505000000000012,0.033787500000000116,0.03326250000000012,0.03281250000000012,0.032550000000000114,0.03157500000000012,0.030712500000000108,0.030012500000000105,0.029037500000000105,0.0281125000000001,0.0279125000000001,0.027262500000000096,0.027375000000000097,0.027375000000000097,0.027175000000000095,0.027412500000000097,0.027437500000000097,0.027137500000000096,0.026837500000000094,0.026925000000000095,0.026900000000000094,0.026862500000000095,0.026962500000000094,0.026962500000000094,0.026862500000000095,0.026787500000000096,0.026787500000000096
7.75,0.003176342004496883,0.0036762958943027226,0.0048138238015453996,0.006326304800365041,0.008063770043781853,0.010951355230209679,0.01455120047403903,0.02023873962280179,0.025826033041321517,0.03428827148610825,0.04607563353996093,0.06001287508046894,0.07359999999999961,0.08993749999999953,0.11494999999999939,0.13889999999999925,0.1622874999999991,0.18428749999999902,0.21451249999999888,0.23896249999999872,0.2613874999999986,0.27716249999999854,0.2865874999999985,0.2972249999999984,0.2969749999999984,0.2928124999999984,0.2838999999999985,0.27334999999999854,0.2589499999999986,0.2424874999999987,0.22873749999999876,0.21696249999999884,0.19539999999999894,0.183399999999999,0.16808749999999908,0.15266249999999917,0.14087499999999925,0.12698749999999934,0.11598749999999938,0.10349999999999945,0.09533749999999949,0.08756249999999953,0.08084999999999957,0.0748249999999996,0.06756249999999964,0.060787499999999675,0.0562249999999997,0.05316249999999972,0.049787499999999735,0.046712499999999754,0.04426249999999976,0.04124999999999978,0.04021249999999978,0.0379499999999998,0.03516249999999981,0.033349999999999824,0.03236249999999983,0.03216249999999983,0.030599999999999836,0.02957499999999984,0.02787499999999985,0.026874999999999857,0.02681249999999986,0.02642499999999986,0.025599999999999862,0.025549999999999864,0.025974999999999863,0.025674999999999865,0.025737499999999865,0.025362499999999864,0.025012499999999868,0.02491249999999987,0.02453749999999987,0.02459999999999987,0.02447499999999987,0.02456249999999987,0.024449999999999868,0.024424999999999867,0.024487499999999867,0.02437499999999987,0.02434999999999987,0.02434999999999987,0.024387499999999868,0.024387499999999868
7.8500000000000005,0.003714069194234577,0.004789188188836582,0.006001650453874837,0.007814111660530011,0.01005158312434212,0.013376655361100984,0.017826470683831478,0.02193884375418002,0.030763730549222077,0.04208844699005742,0.05231321930676565,0.06657541609635084,0.08088750000000029,0.10252500000000037,0.12462500000000043,0.14595000000000052,0.17258750000000062,0.1970250000000007,0.2241375000000008,0.24936250000000088,0.267875000000001,0.28313750000000104,0.29018750000000104,0.291362500000001,0.286812500000001,0.28213750000000104,0.273875000000001,0.2598125000000009,0.24217500000000086,0.23196250000000085,0.21791250000000076,0.19746250000000068,0.18526250000000066,0.16790000000000058,0.15305000000000055,0.14078750000000048,0.12650000000000045,0.1140750000000004,0.10191250000000036,0.09393750000000033,0.08610000000000032,0.07885000000000028,0.07175000000000026,0.06447500000000023,0.05871250000000021,0.05375000000000019,0.05128750000000018,0.04705000000000016,0.04516250000000016,0.040900000000000145,0.03970000000000014,0.03717500000000013,0.033225000000000116,0.032400000000000116,0.031587500000000115,0.03035000000000011,0.0285500000000001,0.026687500000000097,0.026725000000000096,0.025337500000000093,0.025625000000000092,0.02538750000000009,0.024562500000000088,0.024125000000000087,0.023975000000000087,0.023737500000000085,0.022975000000000082,0.022687500000000083,0.022325000000000077,0.02225000000000008,0.022075000000000077,0.022012500000000077,0.022075000000000077,0.02171250000000008,0.021600000000000077,0.021437500000000078,0.021300000000000076,0.021375000000000078,0.02133750000000008,0.021387500000000077,0.021350000000000077,0.021362500000000076,0.02133750000000008,0.021350000000000077
7.95,0.005439798314788017,0.005989611337996665,0.007602090574908127,0.009076872104871661,0.012189419833623838,0.015464413721198052,0.020926726454932605,0.0269516507886109,0.03598893955758243,0.04586353192946858,0.060088326214485656,0.07223795148719706,0.08891250000000031,0.1123875000000004,0.13530000000000048,0.15936250000000057,0.18155000000000066,0.21048750000000077,0.23483750000000084,0.2555750000000009,0.271387500000001,0.27862500000000096,0.29052500000000103,0.285850000000001,0.28516250000000104,0.27505000000000096,0.2603625000000009,0.24525000000000088,0.23306250000000084,0.21882500000000077,0.20328750000000073,0.18651250000000066,0.16931250000000062,0.15442500000000053,0.1408375000000005,0.12601250000000044,0.1137750000000004,0.10237500000000037,0.09291250000000033,0.08500000000000031,0.07666250000000027,0.07058750000000026,0.06202500000000022,0.0566500000000002,0.05196250000000018,0.04866250000000017,0.045137500000000164,0.04207500000000015,0.03880000000000013,0.03705000000000013,0.03281250000000012,0.031712500000000116,0.03128750000000011,0.029037500000000105,0.026787500000000096,0.026062500000000093,0.024787500000000087,0.024675000000000086,0.023825000000000086,0.023775000000000088,0.022812500000000083,0.022037500000000078,0.021850000000000078,0.021050000000000072,0.02090000000000007,0.020762500000000073,0.020450000000000072,0.020250000000000073,0.01986250000000007,0.01928750000000007,0.01918750000000007,0.019300000000000067,0.01890000000000007,0.01893750000000007,0.018862500000000067,0.018925000000000067,0.01893750000000007,0.018812500000000065,0.018775000000000066,0.018662500000000064,0.018662500000000064,0.018662500000000064,0.018662500000000064,0.018650000000000066
8.05,0.006252641741135653,0.007565166721269275,0.009052489434594545,0.011902454881319316,0.014677311676589115,0.019589924253126396,0.022939392499881323,0.03165193868124434,0.04226419056762286,0.05166366243240491,0.065638402528035,0.07993799961249785,0.10048750000000037,0.12203750000000044,0.1430750000000005,0.16817500000000057,0.1931000000000007,0.2203500000000008,0.24491250000000087,0.26336250000000094,0.275037500000001,0.28435000000000105,0.283150000000001,0.28295000000000103,0.273125000000001,0.26412500000000094,0.24973750000000086,0.23262500000000083,0.21926250000000078,0.20606250000000073,0.18615000000000065,0.1708625000000006,0.15600000000000055,0.14145000000000052,0.12612500000000046,0.1132125000000004,0.10202500000000037,0.09156250000000032,0.08398750000000028,0.07557500000000027,0.06932500000000025,0.06017500000000022,0.05477500000000019,0.05060000000000018,0.047012500000000165,0.04422500000000015,0.03937500000000014,0.03738750000000013,0.034150000000000125,0.031400000000000115,0.031025000000000108,0.0285125000000001,0.025937500000000092,0.024800000000000086,0.024925000000000086,0.02355000000000008,0.023125000000000083,0.022150000000000076,0.021562500000000078,0.020662500000000073,0.020337500000000074,0.01977500000000007,0.019012500000000068,0.018712500000000066,0.017800000000000062,0.01727500000000006,0.01675000000000006,0.01650000000000006,0.01641250000000006,0.01640000000000006,0.016275000000000057,0.01591250000000006,0.016087500000000057,0.015825000000000058,0.01585000000000006,0.015662500000000055,0.015587500000000054,0.015650000000000056,0.015612500000000055,0.015612500000000055,0.015687500000000056,0.015687500000000056,0.015700000000000058,0.015700000000000058
8.15,0.007403127821504481,0.00895315598748546,0.011015529270549244,0.013552795264023011,0.0177778000035003,0.02092758978923612,0.02888988341538136,0.03676475184104974,0.045114304572182254,0.05992634834283686,0.07116347849782834,0.08690054312839332,0.11004999999999844,0.13249999999999812,0.1559374999999978,0.17863749999999745,0.20568749999999708,0.2291874999999967,0.24979999999999644,0.2659374999999962,0.2743874999999961,0.28314999999999596,0.27789999999999604,0.27527499999999605,0.2674499999999962,0.2522999999999964,0.23303749999999668,0.22348749999999684,0.209574999999997,0.18989999999999732,0.17538749999999748,0.15891249999999774,0.14257499999999798,0.1285624999999982,0.11463749999999837,0.10348749999999853,0.0913999999999987,0.08346249999999882,0.07477499999999894,0.06824999999999903,0.05907499999999916,0.05318749999999924,0.05008749999999929,0.04518749999999935,0.041749999999999406,0.037949999999999456,0.03587499999999949,0.031849999999999545,0.030387499999999568,0.028874999999999592,0.02578749999999963,0.024374999999999654,0.02409999999999966,0.02341249999999967,0.02184999999999969,0.0211749999999997,0.020512499999999708,0.019824999999999718,0.018724999999999735,0.017824999999999747,0.01678749999999976,0.01627499999999977,0.015887499999999773,0.01546249999999978,0.01556249999999978,0.014924999999999789,0.014837499999999788,0.014387499999999795,0.013887499999999803,0.013974999999999802,0.013924999999999802,0.013824999999999804,0.013537499999999807,0.013737499999999804,0.013712499999999805,0.013712499999999805,0.013724999999999805,0.013699999999999804,0.013712499999999805,0.013674999999999807,0.013574999999999806,0.013562499999999807,0.013537499999999807,0.013537499999999807
8.25,0.00882873013848354,0.01082881715804825,0.013091100052514487,0.016440890933755146,0.01989063277466208,0.02537814054489252,0.032077646405828594,0.043152643099389994,0.052577103084123555,0.06528896900180278,0.07837607767106826,0.09833811461321668,0.11907500000000042,0.13977500000000048,0.1640250000000006,0.18798750000000067,0.21521250000000075,0.24001250000000085,0.2570000000000009,0.26766250000000097,0.27752500000000097,0.277912500000001,0.275800000000001,0.26681250000000095,0.2534500000000009,0.23763750000000083,0.2263125000000008,0.21200000000000077,0.19590000000000068,0.17776250000000063,0.16017500000000057,0.1451250000000005,0.13105000000000047,0.11603750000000042,0.10441250000000037,0.09150000000000033,0.08316250000000029,0.07503750000000027,0.06820000000000025,0.05835000000000021,0.052062500000000185,0.04885000000000017,0.043962500000000154,0.04030000000000014,0.03755000000000013,0.03376250000000012,0.03056250000000011,0.029362500000000104,0.02621250000000009,0.024625000000000088,0.023937500000000087,0.02308750000000008,0.021637500000000077,0.020200000000000072,0.01980000000000007,0.018550000000000066,0.017300000000000062,0.016037500000000055,0.015587500000000054,0.015150000000000054,0.014537500000000052,0.01391250000000005,0.013750000000000047,0.013575000000000047,0.013012500000000045,0.013062500000000046,0.012887500000000045,0.012987500000000046,0.013075000000000045,0.012687500000000046,0.012600000000000045,0.012375000000000044,0.012400000000000043,0.012237500000000043,0.012075000000000044,0.012012500000000044,0.011975000000000043,0.011950000000000044,0.011875000000000044,0.011887500000000044,0.011875000000000044,0.011862500000000043,0.011862500000000043,0.011875000000000044
8.350000000000001,0.011517366087171872,0.012879540037863393,0.015554277426292284,0.019328986603487038,0.0229536151943932,0.03001621450654529,0.03886570642077985,0.045577791639738095,0.059214868594744,0.06970156828528666,0.0853886740942691,0.10760067250420353,0.12941250000000046,0.15165000000000053,0.1736250000000006,0.20060000000000072,0.2237250000000008,0.24342500000000086,0.2602375000000009,0.26867500000000094,0.276662500000001,0.2695875000000009,0.26643750000000094,0.2578250000000009,0.24358750000000087,0.2267500000000008,0.21285000000000076,0.19983750000000072,0.17915000000000061,0.16462500000000058,0.14933750000000054,0.13427500000000048,0.11865000000000042,0.10636250000000039,0.09262500000000033,0.0844000000000003,0.07541250000000026,0.06718750000000023,0.05762500000000021,0.05157500000000018,0.04833750000000017,0.04330000000000016,0.03923750000000014,0.03653750000000013,0.03170000000000012,0.029987500000000104,0.0279875000000001,0.02500000000000009,0.023825000000000086,0.022850000000000082,0.02146250000000008,0.01993750000000007,0.01952500000000007,0.018062500000000065,0.016362500000000058,0.015500000000000055,0.015100000000000054,0.01427500000000005,0.013462500000000047,0.013162500000000047,0.012925000000000046,0.013012500000000045,0.012437500000000044,0.011975000000000043,0.011625000000000042,0.01133750000000004,0.011025000000000038,0.010787500000000038,0.010537500000000036,0.010350000000000036,0.010300000000000037,0.010387500000000036,0.010250000000000037,0.010175000000000036,0.010337500000000036,0.010350000000000036,0.010275000000000036,0.010175000000000036,0.010262500000000037,0.010300000000000037,0.010337500000000036,0.010325000000000036,0.010337500000000036,0.010325000000000036
8.45,0.01295547368763307,0.015167846665949803,0.018692640476131003,0.02075428057036771,0.027816881158782607,0.03450426990340067,0.04205346941122657,0.05344077324736159,0.06529011160446442,0.07707673422652037,0.09603882053378268,0.11608822555141012,0.13563750000000047,0.16030000000000055,0.18323750000000066,0.20955000000000074,0.23362500000000083,0.2510500000000009,0.26140000000000096,0.27080000000000093,0.271537500000001,0.26827500000000093,0.26187500000000097,0.24541250000000087,0.2298500000000008,0.21798750000000075,0.20388750000000072,0.18326250000000066,0.17078750000000062,0.15276250000000055,0.1361375000000005,0.12080000000000043,0.10732500000000038,0.09322500000000032,0.08485000000000031,0.07490000000000026,0.06742500000000023,0.05820000000000021,0.051500000000000185,0.047750000000000174,0.04258750000000015,0.038400000000000135,0.03517500000000012,0.03091250000000011,0.029362500000000104,0.026100000000000092,0.024062500000000087,0.02330000000000008,0.022075000000000077,0.020275000000000074,0.01922500000000007,0.017900000000000065,0.015600000000000055,0.015150000000000054,0.01411250000000005,0.013487500000000048,0.012750000000000046,0.012600000000000045,0.012275000000000043,0.01158750000000004,0.01128750000000004,0.010550000000000037,0.010275000000000036,0.010100000000000036,0.010150000000000036,0.009937500000000035,0.009587500000000033,0.009625000000000035,0.009525000000000033,0.009587500000000033,0.009337500000000033,0.009300000000000032,0.009350000000000034,0.009325000000000033,0.009175000000000034,0.009150000000000033,0.009250000000000033,0.009225000000000034,0.009200000000000033,0.009125000000000032,0.009087500000000031,0.009087500000000031,0.009062500000000032,0.009062500000000032
8.55,0.01571914133721503,0.018556541180766287,0.019955487759133833,0.02568029656116583,0.030854859640393473,0.040079959895037154,0.04789145104471136,0.0587660994235899,0.06871524860994464,0.08416439369885852,0.10512644548862585,0.125863286645542,0.14701250000000052,0.16822500000000057,0.1958500000000007,0.21770000000000075,0.23735000000000084,0.2536375000000009,0.2620125000000009,0.27028750000000096,0.2633250000000009,0.2605125000000009,0.2502875000000009,0.23665000000000083,0.21906250000000077,0.20496250000000074,0.1927500000000007,0.17358750000000062,0.15577500000000055,0.14028750000000048,0.12616250000000045,0.10981250000000038,0.09698750000000035,0.0859625000000003,0.07621250000000027,0.06802500000000025,0.058862500000000206,0.051937500000000185,0.04753750000000017,0.04233750000000015,0.037912500000000134,0.034525000000000125,0.03035000000000011,0.0287125000000001,0.02506250000000009,0.023412500000000083,0.022150000000000076,0.020462500000000074,0.019325000000000068,0.017650000000000065,0.015937500000000056,0.015012500000000052,0.01422500000000005,0.012937500000000046,0.012725000000000045,0.012087500000000043,0.01133750000000004,0.010687500000000039,0.010162500000000036,0.010000000000000035,0.009762500000000035,0.009475000000000034,0.009225000000000034,0.009187500000000032,0.009012500000000033,0.009050000000000032,0.009025000000000031,0.008850000000000031,0.008825000000000032,0.00867500000000003,0.008862500000000032,0.008787500000000031,0.00862500000000003,0.008462500000000029,0.008400000000000029,0.00837500000000003,0.00832500000000003,0.00836250000000003,0.00830000000000003,0.008337500000000029,0.008337500000000029,0.008337500000000029,0.00835000000000003,0.00835000000000003
8.65,0.018357756151973947,0.019644424659692263,0.024519242791767384,0.02945607531553341,0.037068338263275935,0.04245525383766181,0.05415446774358807,0.06489147460281851,0.07622804912196379,0.09406461645386889,0.11316405600576848,0.13133832086450353,0.1566374999999978,0.17814999999999745,0.20323749999999713,0.2264249999999968,0.24509999999999652,0.2553374999999964,0.26507499999999623,0.2654499999999962,0.2620999999999963,0.25497499999999634,0.23931249999999663,0.22273749999999684,0.21069999999999703,0.1975374999999972,0.17513749999999753,0.16157499999999772,0.14531249999999793,0.12964999999999816,0.11381249999999839,0.10102499999999856,0.08711249999999876,0.07829999999999888,0.06943749999999901,0.060312499999999145,0.051974999999999265,0.047149999999999324,0.0419874999999994,0.03749999999999947,0.03403749999999952,0.029874999999999576,0.0280749999999996,0.024224999999999653,0.022962499999999674,0.021937499999999686,0.020062499999999716,0.018724999999999735,0.016712499999999762,0.015162499999999784,0.0141124999999998,0.012874999999999819,0.012212499999999828,0.01199999999999983,0.010974999999999843,0.010062499999999856,0.010024999999999859,0.009349999999999867,0.00919999999999987,0.009024999999999872,0.008962499999999873,0.008737499999999876,0.008699999999999876,0.00836249999999988,0.008112499999999885,0.00776249999999989,0.007887499999999888,0.007637499999999892,0.007474999999999894,0.007412499999999894,0.0071999999999998975,0.0070124999999999,0.0070499999999999,0.0070374999999999,0.0070124999999999,0.006962499999999901,0.006937499999999901,0.006924999999999901,0.006912499999999902,0.006912499999999902,0.006962499999999901,0.006962499999999901,0.006962499999999901,0.006962499999999901
8.75,0.01963329506716595,0.023745870419322898,0.0284953362174599,0.034382091306332054,0.04050637975481153,0.04930610163007689,0.05921738543429854,0.0685666997103575,0.08214078563142554,0.10285231417706935,0.12183917528866066,0.14270089188057478,0.16230000000000058,0.18931250000000066,0.21146250000000077,0.23291250000000083,0.24640000000000087,0.2559625000000009,0.26413750000000097,0.2570500000000009,0.2544750000000009,0.24537500000000087,0.2303875000000008,0.21437500000000076,0.20031250000000073,0.18415000000000065,0.1674875000000006,0.14975000000000052,0.13241250000000046,0.11772500000000041,0.10357500000000036,0.08975000000000033,0.08082500000000029,0.07062500000000026,0.061800000000000216,0.05306250000000019,0.047200000000000165,0.042212500000000146,0.03767500000000013,0.034075000000000126,0.029525000000000103,0.0276375000000001,0.023912500000000086,0.022850000000000082,0.02115000000000008,0.018987500000000067,0.01756250000000006,0.015375000000000055,0.01435000000000005,0.012900000000000045,0.012325000000000043,0.01182500000000004,0.01093750000000004,0.009812500000000035,0.009612500000000034,0.009275000000000033,0.008825000000000032,0.008900000000000031,0.008550000000000032,0.008125000000000028,0.007700000000000027,0.007600000000000027,0.007275000000000026,0.006975000000000025,0.006850000000000024,0.006775000000000024,0.006612500000000024,0.006525000000000023,0.006587500000000024,0.006700000000000024,0.006550000000000023,0.0065375000000000225,0.0065375000000000225,0.006550000000000023,0.006625000000000024,0.006625000000000024,0.006650000000000024,0.006587500000000024,0.006637500000000024,0.006600000000000024,0.006562500000000024,0.006587500000000024,0.0065750000000000235,0.0065750000000000235
8.850000000000001,0.024085175986854532,0.027584723615074414,0.032133836805121524,0.039158076353248,0.045757206760064874,0.05511932101597593,0.06339272990021699,0.07551712542393248,0.09375375015000632,0.11017747899327775,0.12801426019607814,0.15248845305283212,0.1728750000000006,0.1978750000000007,0.2202875000000008,0.23718750000000083,0.2506250000000009,0.25843750000000093,0.2592750000000009,0.2562875000000009,0.24966250000000087,0.23337500000000083,0.21595000000000075,0.20462500000000072,0.1907000000000007,0.16926250000000062,0.15433750000000054,0.1383750000000005,0.12446250000000043,0.10761250000000039,0.09390000000000033,0.0820125000000003,0.07198750000000026,0.06376250000000022,0.05408750000000019,0.047137500000000165,0.042562500000000156,0.037912500000000134,0.034400000000000125,0.029187500000000106,0.027400000000000094,0.023725000000000086,0.02245000000000008,0.020350000000000073,0.01896250000000007,0.01711250000000006,0.014912500000000052,0.013675000000000048,0.012525000000000045,0.012312500000000044,0.010962500000000038,0.009637500000000035,0.009487500000000034,0.008987500000000032,0.008925000000000032,0.00856250000000003,0.008025000000000029,0.007700000000000027,0.007250000000000026,0.0068750000000000235,0.006612500000000024,0.006475000000000022,0.006587500000000024,0.006462500000000023,0.006562500000000024,0.006562500000000024,0.006612500000000024,0.006550000000000023,0.006462500000000023,0.006300000000000023,0.006300000000000023,0.006287500000000023,0.0063250000000000224,0.006312500000000023,0.006212500000000022,0.0062000000000000215,0.006062500000000022,0.0060500000000000215,0.005975000000000022,0.006037500000000022,0.006012500000000021,0.006000000000000022,0.006000000000000022,0.006000000000000022
8.95,0.027974319149840908,0.03153611648105969,0.03768536347495575,0.041821125607156624,0.05063297469351441,0.060169946030821535,0.06950573422307364,0.08190501668227208,0.1005290211608468,0.11891517559145122,0.13783939529168576,0.1568259801623766,0.18307500000000065,0.20440000000000072,0.2261000000000008,0.24061250000000084,0.24878750000000088,0.2583375000000009,0.2511875000000009,0.24927500000000088,0.23917500000000083,0.2254000000000008,0.21020000000000078,0.1955125000000007,0.17697500000000063,0.1619500000000006,0.1436500000000005,0.12721250000000045,0.1114125000000004,0.09903750000000035,0.08448750000000031,0.07546250000000027,0.06552500000000024,0.0559125000000002,0.04791250000000017,0.043825000000000155,0.03912500000000014,0.03470000000000012,0.028862500000000103,0.0275625000000001,0.023250000000000083,0.021900000000000076,0.02006250000000007,0.018625000000000065,0.016362500000000058,0.01437500000000005,0.012950000000000045,0.012125000000000044,0.01122500000000004,0.009912500000000036,0.009450000000000035,0.009137500000000033,0.008850000000000031,0.00832500000000003,0.007575000000000027,0.007250000000000026,0.006812500000000024,0.006587500000000024,0.006437500000000023,0.006437500000000023,0.0065375000000000225,0.006475000000000022,0.006237500000000022,0.006287500000000023,0.00588750000000002,0.005750000000000021,0.005775000000000021,0.005575000000000019,0.005512500000000019,0.005387500000000019,0.00543750000000002,0.005425000000000019,0.005262500000000018,0.0053125000000000195,0.0052500000000000185,0.005225000000000018,0.005212500000000018,0.0052500000000000185,0.00528750000000002,0.005212500000000018,0.005212500000000018,0.005212500000000018,0.005212500000000018,0.005212500000000018
9.05,0.03131322983960734,0.0368004721664388,0.04061116807121973,0.0479848968849827,0.056308868646812074,0.06407042871555378,0.0757062457652759,0.09228065218994697,0.10806682267290729,0.12551532409479257,0.14898954860629388,0.1663135394596222,0.1906750000000007,0.21435000000000076,0.23078750000000084,0.24531250000000088,0.25210000000000093,0.2524625000000009,0.25157500000000094,0.24473750000000088,0.2290875000000008,0.21178750000000077,0.1996625000000007,0.18498750000000067,0.16568750000000057,0.14967500000000053,0.13332500000000047,0.11867500000000042,0.10237500000000037,0.08737500000000031,0.07846250000000028,0.06798750000000024,0.05921250000000021,0.049825000000000175,0.044875000000000165,0.03922500000000014,0.03411250000000012,0.029662500000000105,0.0275875000000001,0.023062500000000083,0.02225000000000008,0.019887500000000072,0.018187500000000065,0.015837500000000056,0.01407500000000005,0.012562500000000046,0.011787500000000041,0.01070000000000004,0.009612500000000034,0.008837500000000031,0.008587500000000031,0.00830000000000003,0.007475000000000026,0.007150000000000025,0.006650000000000024,0.006337500000000023,0.006275000000000023,0.0063250000000000224,0.006287500000000023,0.0062000000000000215,0.0057125000000000205,0.005600000000000021,0.0053125000000000195,0.005162500000000018,0.005087500000000018,0.0051875000000000185,0.004850000000000017,0.004837500000000017,0.004750000000000017,0.004700000000000017,0.004600000000000016,0.0046625000000000165,0.004600000000000016,0.004450000000000016,0.004450000000000016,0.004400000000000016,0.004400000000000016,0.004412500000000016,0.004400000000000016,0.004400000000000016,0.004400000000000016,0.004425000000000016,0.004425000000000016,0.004425000000000016
9.15,0.036878080989217424,0.039288849319384526,0.044949861211832615,0.053661067595190744,0.061409672023342805,0.06968362334838837,0.08136921296006805,0.0987310472766443,0.11580463218528578,0.13325299819245745,0.15188958848183945,0.17772611078818992,0.19907499999999717,0.21958749999999688,0.2329249999999967,0.2413749999999966,0.25163749999999646,0.24743749999999648,0.2455249999999965,0.23486249999999664,0.22096249999999687,0.2050749999999971,0.19124999999999728,0.17197499999999757,0.15728749999999778,0.13804999999999804,0.12318749999999826,0.10739999999999847,0.09399999999999867,0.08138749999999885,0.07094999999999899,0.061574999999999123,0.051512499999999274,0.04511249999999936,0.03987499999999943,0.034599999999999506,0.03098749999999956,0.02744999999999961,0.02347499999999967,0.02184999999999969,0.019437499999999726,0.018037499999999745,0.015387499999999782,0.013624999999999807,0.012087499999999828,0.011712499999999834,0.010287499999999854,0.009349999999999867,0.00847499999999988,0.00846249999999988,0.00772499999999989,0.007174999999999898,0.006549999999999907,0.0063249999999999106,0.006262499999999911,0.00631249999999991,0.006137499999999912,0.005774999999999918,0.005374999999999924,0.005074999999999928,0.005162499999999926,0.004824999999999931,0.004749999999999932,0.004612499999999934,0.004349999999999938,0.004024999999999943,0.0038374999999999456,0.003737499999999947,0.00351249999999995,0.0034624999999999504,0.003324999999999953,0.0031999999999999546,0.0031999999999999546,0.0032124999999999545,0.0031999999999999546,0.0032624999999999534,0.003237499999999954,0.003174999999999955,0.003137499999999956,0.0031624999999999553,0.0031874999999999547,0.003149999999999955,0.003149999999999955,0.003149999999999955
9.25,0.039354127118707796,0.04451569178135308,0.05203931081047306,0.05802446754643166,0.06468518791709717,0.07529681798122544,0.09178257206219546,0.10686904572905129,0.12224238969558826,0.14481575835456348,0.16206472839001596,0.18428865180407444,0.20653750000000073,0.2217500000000008,0.23861250000000084,0.24577500000000088,0.24750000000000089,0.24616250000000087,0.23776250000000085,0.2243125000000008,0.20920000000000072,0.19565000000000068,0.18117500000000064,0.16190000000000057,0.1445625000000005,0.12821250000000045,0.1132125000000004,0.09787500000000035,0.0840125000000003,0.07437500000000026,0.06431250000000023,0.05448750000000019,0.045887500000000164,0.041075000000000146,0.03582500000000013,0.031962500000000116,0.027237500000000095,0.024175000000000085,0.02152500000000008,0.01975000000000007,0.017900000000000065,0.015350000000000055,0.013712500000000048,0.011925000000000043,0.01127500000000004,0.009600000000000034,0.008937500000000032,0.008337500000000029,0.008112500000000028,0.007325000000000026,0.006600000000000024,0.006162500000000021,0.006225000000000021,0.006212500000000022,0.00582500000000002,0.005475000000000019,0.005150000000000018,0.004950000000000018,0.004737500000000017,0.004525000000000016,0.004162500000000015,0.0037875000000000135,0.003375000000000012,0.0031625000000000112,0.0031125000000000107,0.003087500000000011,0.0031000000000000107,0.0032625000000000115,0.003400000000000012,0.003312500000000012,0.003337500000000012,0.0031625000000000112,0.0030375000000000107,0.0029500000000000103,0.002987500000000011,0.0029500000000000103,0.003012500000000011,0.003000000000000011,0.002987500000000011,0.003012500000000011,0.0029750000000000106,0.003000000000000011,0.003000000000000011,0.003000000000000011
9.350000000000001,0.044068618991524075,0.049817560690143446,0.05544024606766881,0.06173773340751552,0.07101118426152145,0.0840479009277401,0.09795808154172754,0.11401948369337662,0.13071772870914883,0.14677830251180704,0.17026484114156631,0.19217620110125758,0.21290000000000076,0.2284250000000008,0.23681250000000084,0.24587500000000087,0.24503750000000088,0.24148750000000088,0.23202500000000084,0.21767500000000076,0.19980000000000073,0.18725000000000067,0.1687750000000006,0.15362500000000054,0.13493750000000046,0.12033750000000043,0.10312500000000037,0.08988750000000033,0.07760000000000027,0.06702500000000024,0.05821250000000021,0.04855000000000017,0.04336250000000016,0.03798750000000014,0.03302500000000012,0.0276875000000001,0.024887500000000087,0.021437500000000078,0.020375000000000074,0.017937500000000065,0.015550000000000055,0.013400000000000047,0.011750000000000042,0.011100000000000039,0.009375000000000033,0.00851250000000003,0.00852500000000003,0.007837500000000027,0.006987500000000025,0.006287500000000023,0.0061125000000000216,0.006187500000000022,0.00585000000000002,0.0053125000000000195,0.005050000000000018,0.004725000000000017,0.004437500000000016,0.003962500000000015,0.0035125000000000126,0.0031250000000000114,0.0030250000000000108,0.003075000000000011,0.003325000000000012,0.0031125000000000107,0.002987500000000011,0.0028125000000000103,0.0027000000000000097,0.002462500000000009,0.002300000000000008,0.002275000000000008,0.002262500000000008,0.0024125000000000084,0.0024500000000000086,0.0024125000000000084,0.0023625000000000087,0.0023500000000000083,0.002300000000000008,0.0023750000000000086,0.0024125000000000084,0.0023625000000000087,0.0023750000000000086,0.0023500000000000083,0.0023500000000000083,0.0023500000000000083
9.45,0.049933596944709314,0.05426912986827876,0.0597289254545002,0.06757643764026354,0.07633702308113555,0.09089874872015445,0.10650878697492581,0.12000735045021549,0.14098063922556953,0.157703548329838,0.17847745406499402,0.20011375071094267,0.21555000000000077,0.23168750000000082,0.23900000000000082,0.24208750000000087,0.23785000000000084,0.23227500000000084,0.2214000000000008,0.2052125000000007,0.1930875000000007,0.17837500000000062,0.15845000000000056,0.14145000000000052,0.12470000000000044,0.10961250000000038,0.09540000000000035,0.08127500000000029,0.07150000000000026,0.061675000000000216,0.050800000000000185,0.043962500000000154,0.03863750000000014,0.03286250000000012,0.0284375000000001,0.026000000000000092,0.02181250000000008,0.02015000000000007,0.017887500000000063,0.015837500000000056,0.013475000000000048,0.01182500000000004,0.010900000000000038,0.009300000000000032,0.008650000000000031,0.00845000000000003,0.007200000000000026,0.006437500000000023,0.006037500000000022,0.006237500000000022,0.005975000000000022,0.005537500000000019,0.0050000000000000175,0.004700000000000017,0.004312500000000015,0.003725000000000013,0.0031750000000000116,0.003000000000000011,0.003237500000000011,0.0031250000000000114,0.0028125000000000103,0.002575000000000009,0.002275000000000008,0.0023875000000000085,0.002300000000000008,0.0023750000000000086,0.0024000000000000085,0.0023875000000000085,0.0022875000000000083,0.0021875000000000076,0.002137500000000008,0.0020750000000000074,0.0020500000000000075,0.0021125000000000076,0.0020750000000000074,0.0020625000000000075,0.0020750000000000074,0.002037500000000007,0.002012500000000007,0.002012500000000007,0.002012500000000007,0.0020250000000000073,0.0020250000000000073,0.0020250000000000073
9.55,0.053822740107694736,0.0590583180571143,0.06420515641801404,0.07218988916463918,0.08611356288615335,0.09773709496550059,0.11327184492720489,0.12773282363544586,0.14364324572982715,0.16476620723966057,0.18657756544152215,0.20623878899242826,0.22301249999999684,0.23126249999999673,0.23973749999999658,0.2409249999999966,0.2389374999999966,0.22721249999999676,0.21472499999999695,0.1979499999999972,0.18379999999999738,0.1682749999999976,0.15122499999999786,0.13252499999999812,0.11781249999999832,0.10063749999999856,0.08657499999999876,0.07473749999999893,0.06507499999999908,0.05554999999999921,0.045887499999999345,0.04048749999999942,0.03448749999999951,0.030662499999999565,0.026187499999999628,0.02186249999999969,0.02043749999999971,0.01828749999999974,0.015799999999999776,0.01338749999999981,0.011674999999999835,0.010849999999999846,0.00919999999999987,0.00851249999999988,0.007987499999999887,0.007162499999999898,0.006224999999999911,0.006124999999999913,0.006124999999999913,0.005537499999999922,0.005112499999999927,0.004637499999999934,0.004324999999999938,0.0036499999999999484,0.003087499999999956,0.0029999999999999576,0.0031999999999999546,0.00278749999999996,0.0023624999999999666,0.0022874999999999675,0.0023499999999999667,0.0024499999999999652,0.002249999999999968,0.002049999999999971,0.002037499999999971,0.0018749999999999733,0.001812499999999974,0.001812499999999974,0.0017749999999999747,0.001837499999999974,0.0017749999999999747,0.0017374999999999752,0.0017249999999999755,0.0016624999999999765,0.0016999999999999758,0.0016749999999999762,0.0016624999999999765,0.0016374999999999766,0.0016874999999999761,0.0016999999999999758,0.0016874999999999761,0.0017124999999999755,0.0017124999999999755,0.0017124999999999755
9.650000000000002,0.058599758397923335,0.061921827444174286,0.07028182750256345,0.08002900598248416,0.09176445290133228,0.10648817791201699,0.11700965329639737,0.13788344536102887,0.1527186087443503,0.17424142043196034,0.19286515189583925,0.2105763161019764,0.2234250000000008,0.23192500000000082,0.23948750000000082,0.23323750000000085,0.2283125000000008,0.2220125000000008,0.20326250000000073,0.19092500000000068,0.17710000000000062,0.15527500000000055,0.1401250000000005,0.12255000000000044,0.10708750000000038,0.09218750000000032,0.07856250000000028,0.06872500000000024,0.058925000000000206,0.048825000000000174,0.04252500000000015,0.03682500000000013,0.03236250000000011,0.026450000000000095,0.023575000000000082,0.02065000000000007,0.018575000000000067,0.01660000000000006,0.01386250000000005,0.011625000000000042,0.01093750000000004,0.009062500000000032,0.00838750000000003,0.007800000000000027,0.007050000000000025,0.006137500000000021,0.006012500000000021,0.00582500000000002,0.005387500000000019,0.004800000000000017,0.004412500000000016,0.003700000000000013,0.0030375000000000107,0.0029625000000000107,0.003000000000000011,0.0026875000000000098,0.0021750000000000077,0.0023375000000000084,0.002312500000000008,0.0021125000000000076,0.001975000000000007,0.0017625000000000062,0.0017875000000000063,0.0017250000000000063,0.0016375000000000057,0.001650000000000006,0.0015750000000000056,0.001450000000000005,0.0015125000000000054,0.0015375000000000054,0.0015375000000000054,0.0015625000000000057,0.0016125000000000056,0.0016125000000000056,0.0015500000000000054,0.0015250000000000053,0.0015125000000000054,0.0015000000000000055,0.001462500000000005,0.001462500000000005,0.0014750000000000052,0.0014375000000000052,0.0014375000000000052,0.0014375000000000052
9.75,0.06128839434661166,0.06791143878217096,0.07473305158918729,0.08696793713703482,0.0977904019883135,0.11205136635658702,0.12601039585765872,0.14099613601333133,0.15959388375535077,0.18015405346620364,0.20009025124095528,0.2153888461802894,0.2290375000000008,0.23512500000000083,0.23420000000000082,0.23335000000000083,0.2254000000000008,0.21081250000000076,0.1948250000000007,0.18063750000000064,0.16783750000000058,0.14951250000000052,0.13081250000000047,0.11558750000000041,0.09846250000000034,0.08422500000000029,0.07317500000000027,0.06268750000000022,0.05263750000000019,0.04375000000000016,0.03798750000000014,0.03283750000000012,0.0278750000000001,0.02498750000000009,0.02090000000000007,0.01956250000000007,0.01691250000000006,0.013712500000000048,0.012125000000000044,0.01112500000000004,0.009187500000000032,0.00825000000000003,0.007787500000000027,0.007000000000000025,0.006100000000000021,0.005837500000000021,0.0057125000000000205,0.005062500000000018,0.0045750000000000166,0.004225000000000015,0.0032500000000000116,0.0029750000000000106,0.003087500000000011,0.0026625000000000095,0.002250000000000008,0.002275000000000008,0.0021250000000000075,0.001937500000000007,0.0018375000000000064,0.001700000000000006,0.0016375000000000057,0.0015375000000000054,0.0014875000000000053,0.0015125000000000054,0.0015250000000000053,0.0015250000000000053,0.0014750000000000052,0.0015000000000000055,0.001450000000000005,0.0013250000000000048,0.0013125000000000046,0.0012500000000000044,0.0012250000000000043,0.0012000000000000042,0.0012250000000000043,0.0012125000000000042,0.0012375000000000044,0.0012375000000000044,0.0012250000000000043,0.0012000000000000042,0.0011875000000000043,0.0012000000000000042,0.0012000000000000042,0.0012000000000000042
9.850000000000001,0.0672409092841728,0.0728381754568488,0.0836605066393261,0.09310670325754719,0.10697934924750686,0.1166894403182398,0.13586120854970585,0.14903412834036137,0.16950678027121147,0.18657919803195638,0.20426530864799464,0.2164388527428304,0.2232125000000008,0.23353750000000084,0.2299375000000008,0.2276500000000008,0.21800000000000078,0.20258750000000073,0.18966250000000068,0.17560000000000062,0.15377500000000055,0.1386750000000005,0.12163750000000044,0.10546250000000038,0.09077500000000033,0.07700000000000028,0.06651250000000024,0.0575000000000002,0.04717500000000016,0.04125000000000015,0.03601250000000013,0.03038750000000011,0.02547500000000009,0.021362500000000076,0.01963750000000007,0.017162500000000063,0.014600000000000052,0.012775000000000045,0.010787500000000038,0.009425000000000032,0.00822500000000003,0.008100000000000029,0.006950000000000025,0.0060500000000000215,0.005925000000000021,0.005625000000000021,0.004900000000000017,0.004487500000000016,0.0037750000000000136,0.0029625000000000107,0.0031625000000000112,0.0027000000000000097,0.0021625000000000077,0.002250000000000008,0.0020500000000000075,0.0017750000000000062,0.0017750000000000062,0.0016125000000000056,0.001425000000000005,0.0015000000000000055,0.0014125000000000051,0.001462500000000005,0.001450000000000005,0.0013000000000000045,0.0012125000000000042,0.0010875000000000038,0.001112500000000004,0.0010250000000000038,0.0010000000000000035,0.001075000000000004,0.0010875000000000038,0.001112500000000004,0.001100000000000004,0.001112500000000004,0.0011750000000000042,0.0012125000000000042,0.0012250000000000043,0.0012000000000000042,0.0012000000000000042,0.0012125000000000042,0.0012250000000000043,0.0012125000000000042,0.0012125000000000042,0.0012125000000000042
9.95,0.07230554909449267,0.08127865072438063,0.0903748530845986,0.10083329686747929,0.1115300659853931,0.12529050469995706,0.13793637975132997,0.15494699050316887,0.17524450978039183,0.1945793780360065,0.2074153519610902,0.2213013831336454,0.2284625000000008,0.23058750000000083,0.2292125000000008,0.2209625000000008,0.20791250000000072,0.1932500000000007,0.18013750000000064,0.16637500000000058,0.14793750000000053,0.13043750000000046,0.1134250000000004,0.09718750000000034,0.08281250000000029,0.07145000000000025,0.06055000000000022,0.05070000000000018,0.04233750000000015,0.03698750000000013,0.03088750000000011,0.02592500000000009,0.022975000000000082,0.01990000000000007,0.017600000000000064,0.015387500000000054,0.012762500000000045,0.01087500000000004,0.009800000000000034,0.008537500000000031,0.008112500000000028,0.006887500000000025,0.006000000000000022,0.005812500000000021,0.00550000000000002,0.004862500000000017,0.004362500000000016,0.0034875000000000123,0.0028625000000000104,0.0029750000000000106,0.0022875000000000083,0.002212500000000008,0.0021000000000000072,0.0017500000000000063,0.0017625000000000062,0.0016000000000000057,0.0014875000000000053,0.0014125000000000051,0.0014750000000000052,0.0013000000000000045,0.0012125000000000042,0.001125000000000004,0.0009875000000000036,0.0010625000000000038,0.0012000000000000042,0.0011875000000000043,0.0011750000000000042,0.0012125000000000042,0.0012375000000000044,0.0012000000000000042,0.0012625000000000045,0.0012375000000000044,0.0012000000000000042,0.0012000000000000042,0.001100000000000004,0.0010875000000000038,0.0010375000000000037,0.0010375000000000037,0.0010250000000000038,0.0010250000000000038,0.0010125000000000036,0.0010250000000000038,0.0010250000000000038,0.0010250000000000038
10.05,0.08014636183787537,0.08670556371120697,0.09417589837205097,0.10708458619590137,0.11700592843372666,0.13396657836407064,0.14672460477989224,0.1653351267765127,0.18175727029080904,0.19877947253812928,0.21279042586835267,0.22087638047737485,0.22863749999999677,0.22789999999999677,0.2240124999999968,0.21502499999999694,0.20318749999999713,0.18598749999999734,0.17377499999999751,0.1545624999999978,0.13797499999999804,0.12076249999999829,0.10561249999999849,0.09012499999999872,0.07556249999999892,0.06522499999999908,0.0561374999999992,0.04587499999999935,0.04028749999999943,0.03377499999999952,0.029049999999999587,0.025037499999999647,0.02058749999999971,0.01904999999999973,0.01622499999999977,0.012974999999999817,0.011087499999999842,0.010037499999999857,0.00846249999999988,0.007637499999999892,0.006824999999999903,0.005862499999999917,0.0056999999999999195,0.005474999999999923,0.004724999999999933,0.0041624999999999406,0.0032749999999999533,0.002874999999999959,0.002699999999999962,0.0020874999999999705,0.002249999999999968,0.0018874999999999732,0.0017374999999999752,0.0015874999999999776,0.0014374999999999796,0.0014999999999999788,0.0013624999999999807,0.001187499999999983,0.0010374999999999853,0.0010249999999999856,0.0011624999999999834,0.0011374999999999838,0.001212499999999983,0.0012374999999999823,0.0010749999999999848,0.0009624999999999864,0.0008999999999999872,0.0008249999999999884,0.0008249999999999884,0.0008499999999999879,0.0007499999999999894,0.0007124999999999899,0.0007624999999999892,0.0007499999999999894,0.000774999999999989,0.0007499999999999894,0.0007624999999999892,0.0007624999999999892,0.000774999999999989,0.0007624999999999892,0.000774999999999989,0.0007624999999999892,0.0007624999999999892,0.0007624999999999892
10.150000000000002,0.08614889790936701,0.09268267064140143,0.10425366975918414,0.11102289847281041,0.12620737766198223,0.13536675163551537,0.15212505031665166,0.17063545142140019,0.1882825313012527,0.20042950966396816,0.21474045268122513,0.22065137907112,0.2268125000000008,0.2210875000000008,0.21750000000000078,0.20861250000000073,0.1919500000000007,0.18055000000000065,0.1647875000000006,0.14608750000000054,0.12842500000000046,0.1124875000000004,0.09661250000000035,0.0821125000000003,0.07041250000000025,0.05970000000000021,0.04985000000000017,0.040950000000000146,0.03561250000000013,0.03062500000000011,0.025337500000000093,0.021962500000000076,0.01922500000000007,0.016675000000000058,0.01401250000000005,0.012075000000000044,0.010612500000000039,0.008587500000000031,0.007737500000000027,0.007325000000000026,0.0059875000000000215,0.005625000000000021,0.005425000000000019,0.004637500000000017,0.004037500000000014,0.003087500000000011,0.00292500000000001,0.0025500000000000093,0.0021750000000000077,0.0021000000000000072,0.001687500000000006,0.0015875000000000058,0.0014000000000000052,0.0014875000000000053,0.0013250000000000048,0.0010500000000000036,0.0009750000000000034,0.001125000000000004,0.001162500000000004,0.0012000000000000042,0.001075000000000004,0.0009125000000000033,0.0008625000000000031,0.0007500000000000027,0.0007500000000000027,0.0008000000000000029,0.0008125000000000029,0.0007875000000000028,0.0007875000000000028,0.0006750000000000024,0.0006750000000000024,0.0006625000000000024,0.0006250000000000022,0.0006375000000000023,0.0006250000000000022,0.0006500000000000022,0.0006250000000000022,0.0006250000000000022,0.0006250000000000022,0.0006375000000000023,0.0006250000000000022,0.0006375000000000023,0.0006375000000000023,0.0006375000000000023
10.25,0.09152616980674368,0.10128570321038202,0.10791717722373691,0.11877449724005618,0.13169574207937798,0.1448179212177512,0.16226338672940577,0.1776858832603503,0.19287021480859304,0.20717966154238543,0.2157404664314142,0.22347639672748035,0.2240250000000008,0.2213000000000008,0.21397500000000078,0.20011250000000072,0.18541250000000065,0.17093750000000063,0.15588750000000054,0.1398250000000005,0.12278750000000044,0.10611250000000039,0.08888750000000031,0.07490000000000026,0.06452500000000022,0.0552375000000002,0.044800000000000166,0.03942500000000014,0.03292500000000012,0.0279375000000001,0.024212500000000088,0.01977500000000007,0.017700000000000063,0.015312500000000055,0.012437500000000044,0.010675000000000039,0.008987500000000032,0.0077750000000000275,0.007487500000000026,0.005975000000000022,0.005625000000000021,0.0055250000000000195,0.004775000000000017,0.004100000000000015,0.0031000000000000107,0.0030500000000000106,0.0024250000000000083,0.0021625000000000077,0.0019125000000000069,0.001687500000000006,0.001462500000000005,0.0015250000000000053,0.001425000000000005,0.0010625000000000038,0.0009750000000000034,0.0011750000000000042,0.0012000000000000042,0.001137500000000004,0.0009000000000000032,0.000825000000000003,0.0007375000000000026,0.0008000000000000029,0.0007375000000000026,0.0006750000000000024,0.0006250000000000022,0.0006000000000000021,0.0005000000000000017,0.000550000000000002,0.0005000000000000017,0.000575000000000002,0.000575000000000002,0.000575000000000002,0.0006125000000000021,0.0006000000000000021,0.0005875000000000021,0.000562500000000002,0.000575000000000002,0.0005875000000000021,0.0005875000000000021,0.000575000000000002,0.000575000000000002,0.000562500000000002,0.000562500000000002,0.000575000000000002
10.350000000000001,0.09985468860593635,0.10548718423244231,0.11336867638600655,0.1273137584626834,0.13554634854989708,0.15086866999791276,0.16682626316671184,0.1832737255156885,0.19659536381455328,0.2084046891055056,0.21521545921256494,0.22376389852436657,0.21743750000000076,0.21730000000000077,0.20703750000000073,0.1935125000000007,0.17877500000000063,0.1657250000000006,0.1453375000000005,0.12965000000000046,0.1128375000000004,0.09656250000000034,0.08291250000000029,0.06945000000000025,0.059050000000000206,0.048825000000000174,0.040087500000000144,0.03513750000000012,0.029937500000000103,0.024312500000000088,0.020462500000000074,0.018500000000000065,0.015925000000000057,0.012925000000000046,0.010662500000000038,0.009612500000000034,0.008212500000000029,0.007725000000000027,0.006350000000000023,0.00550000000000002,0.005450000000000019,0.004700000000000017,0.004075000000000014,0.003062500000000011,0.0030250000000000108,0.002200000000000008,0.0021750000000000077,0.0018125000000000066,0.0016250000000000058,0.0014375000000000052,0.001462500000000005,0.001162500000000004,0.0010000000000000035,0.001162500000000004,0.001162500000000004,0.0009875000000000036,0.000837500000000003,0.0007375000000000026,0.0007875000000000028,0.0007000000000000026,0.0006250000000000022,0.000537500000000002,0.0005125000000000019,0.000562500000000002,0.0006125000000000021,0.0005875000000000021,0.0006250000000000022,0.000575000000000002,0.000550000000000002,0.0005125000000000019,0.0005125000000000019,0.0005000000000000017,0.00046250000000000165,0.0004750000000000017,0.0004750000000000017,0.0005125000000000019,0.0005250000000000018,0.0005125000000000019,0.0005000000000000017,0.0005000000000000017,0.0005000000000000017,0.0005000000000000017,0.0005000000000000017,0.0004875000000000017
10.45,0.10434408537607176,0.1097636917013251,0.12129585636049957,0.1297392587221119,0.14343509102683724,0.1594822359266965,0.17282675820755275,0.18773649886055585,0.20104554182167358,0.2113547554819991,0.2175154908379998,0.21875136719604574,0.21810000000000077,0.20996250000000077,0.1982500000000007,0.18322500000000067,0.1716625000000006,0.15826250000000056,0.1401375000000005,0.12198750000000044,0.10653750000000038,0.0890750000000003,0.07481250000000027,0.06461250000000023,0.054625000000000194,0.044262500000000156,0.03868750000000014,0.03181250000000011,0.027237500000000095,0.02342500000000008,0.019137500000000068,0.016862500000000058,0.014587500000000052,0.012025000000000043,0.010325000000000036,0.008112500000000028,0.007400000000000026,0.006587500000000024,0.005487500000000019,0.00561250000000002,0.004850000000000017,0.004150000000000015,0.0031625000000000112,0.0029625000000000107,0.0021625000000000077,0.002225000000000008,0.001700000000000006,0.0015000000000000055,0.0014125000000000051,0.0014000000000000052,0.0010250000000000038,0.0010000000000000035,0.001100000000000004,0.0010250000000000038,0.000837500000000003,0.0007375000000000026,0.0007250000000000026,0.0006250000000000022,0.0005000000000000017,0.000537500000000002,0.0006000000000000021,0.0006000000000000021,0.0005875000000000021,0.0005250000000000018,0.00046250000000000165,0.00046250000000000165,0.0004500000000000016,0.0004875000000000017,0.0004750000000000017,0.00046250000000000165,0.0004250000000000015,0.0004375000000000016,0.0004125000000000015,0.00038750000000000134,0.00038750000000000134,0.00037500000000000136,0.0003625000000000013,0.0003625000000000013,0.0003625000000000013,0.0003625000000000013,0.0003625000000000013,0.0003625000000000013,0.0003625000000000013,0.0003625000000000013
10.55,0.1083207655234321,0.11676616007142353,0.12806021655955205,0.13721580075890458,0.14958605980441705,0.16394528822941606,0.1787897501543852,0.19229927833079502,0.20219558782351008,0.20936721076223916,0.2177654942755432,0.21752635953974403,0.21426249999999694,0.20489999999999708,0.19369999999999724,0.17739999999999748,0.16572499999999762,0.14538749999999792,0.13062499999999813,0.11363749999999838,0.09738749999999861,0.0845999999999988,0.06994999999999901,0.05934999999999915,0.0490874999999993,0.03981249999999944,0.03436249999999951,0.02944999999999958,0.023662499999999663,0.01978749999999972,0.01826249999999974,0.015662499999999777,0.012262499999999826,0.010224999999999854,0.008899999999999873,0.00777499999999989,0.006912499999999902,0.00567499999999992,0.005587499999999921,0.004799999999999932,0.004287499999999939,0.0033124999999999526,0.0027624999999999607,0.0022374999999999682,0.002187499999999969,0.0016374999999999766,0.001474999999999979,0.001487499999999979,0.0012749999999999819,0.0009499999999999864,0.0011374999999999838,0.0011624999999999834,0.0008749999999999877,0.0007374999999999895,0.0007374999999999895,0.0005999999999999915,0.0005499999999999922,0.000562499999999992,0.0006124999999999913,0.0005249999999999925,0.0004499999999999936,0.00046249999999999346,0.0004749999999999932,0.0003874999999999945,0.0003874999999999945,0.0003874999999999945,0.0003249999999999954,0.00026249999999999624,0.0002749999999999961,0.00028749999999999593,0.00028749999999999593,0.00024999999999999643,0.00024999999999999643,0.00026249999999999624,0.00026249999999999624,0.00024999999999999643,0.00026249999999999624,0.00026249999999999624,0.0002749999999999961,0.0002749999999999961,0.0002749999999999961,0.0002749999999999961,0.0002749999999999961,0.0002749999999999961
10.650000000000002,0.11531121899002371,0.12596940421498623,0.12972317387281548,0.14182925228328394,0.15772484166256243,0.1704085880627734,0.18455272559986263,0.1954369705144447,0.2059207368294739,0.21162976166963834,0.21624047330650872,0.21041381508634505,0.20665000000000072,0.19997500000000074,0.18340000000000065,0.17253750000000062,0.15676250000000055,0.1399875000000005,0.12225000000000044,0.10637500000000039,0.09067500000000032,0.07578750000000027,0.06547500000000024,0.05445000000000019,0.04417500000000015,0.03838750000000014,0.03168750000000011,0.026812500000000097,0.02292500000000008,0.019012500000000068,0.016300000000000057,0.013537500000000048,0.011025000000000038,0.009562500000000035,0.008050000000000028,0.007350000000000026,0.006150000000000022,0.005487500000000019,0.005162500000000018,0.004400000000000016,0.0035375000000000124,0.0027125000000000096,0.0023875000000000085,0.002137500000000008,0.0016375000000000057,0.0015375000000000054,0.0014125000000000051,0.001137500000000004,0.0009250000000000033,0.001150000000000004,0.0009875000000000036,0.0007375000000000026,0.0007875000000000028,0.0006125000000000021,0.0005125000000000019,0.0006000000000000021,0.000562500000000002,0.00046250000000000165,0.00046250000000000165,0.0004500000000000016,0.0004125000000000015,0.0003625000000000013,0.00025000000000000087,0.00030000000000000106,0.0002625000000000009,0.00023750000000000084,0.000275000000000001,0.000287500000000001,0.000287500000000001,0.00023750000000000084,0.00021250000000000075,0.00021250000000000075,0.00021250000000000075,0.00020000000000000071,0.00018750000000000068,0.00018750000000000068,0.00016250000000000056,0.00016250000000000056,0.00016250000000000056,0.00016250000000000056,0.00016250000000000056,0.00016250000000000056,0.00016250000000000056,0.00016250000000000056
10.75,0.12380230647448591,0.12792009183237135,0.1387881667458556,0.15086861665218504,0.16272562928661322,0.17555922545415056,0.1875279710576129,0.19801212824285558,0.20632075283011395,0.21350480385808757,0.21300292879027163,0.21195132469578012,0.20583750000000073,0.1917250000000007,0.17630000000000062,0.1632750000000006,0.15052500000000052,0.13336250000000047,0.11625000000000042,0.10023750000000037,0.08418750000000029,0.06982500000000025,0.05925000000000021,0.05000000000000018,0.03970000000000014,0.03390000000000012,0.028987500000000103,0.02326250000000008,0.019425000000000067,0.017700000000000063,0.015312500000000055,0.011787500000000041,0.010250000000000037,0.00838750000000003,0.007050000000000025,0.006412500000000022,0.00541250000000002,0.005275000000000018,0.004450000000000016,0.0038625000000000135,0.002600000000000009,0.002525000000000009,0.0020875000000000073,0.001662500000000006,0.0015000000000000055,0.0013125000000000046,0.001137500000000004,0.0009625000000000034,0.0011750000000000042,0.000825000000000003,0.0007125000000000025,0.0006875000000000025,0.0005000000000000017,0.000537500000000002,0.000562500000000002,0.0004500000000000016,0.00046250000000000165,0.0004375000000000016,0.0003500000000000013,0.000275000000000001,0.00025000000000000087,0.00025000000000000087,0.00030000000000000106,0.0002250000000000008,0.00020000000000000071,0.00016250000000000056,0.00015000000000000053,0.0001375000000000005,0.0001375000000000005,0.00016250000000000056,0.00018750000000000068,0.00018750000000000068,0.00018750000000000068,0.00020000000000000071,0.00021250000000000075,0.00020000000000000071,0.00020000000000000071,0.00021250000000000075,0.00021250000000000075,0.00021250000000000075,0.00021250000000000075,0.00021250000000000075,0.00021250000000000075,0.00021250000000000075
10.850000000000001,0.12625334203701108,0.13314693429433921,0.143164370201806,0.15579463264298316,0.1673888637460406,0.18098489688098968,0.1912782804581385,0.2019248678981595,0.20659576383055395,0.21304229345160342,0.20875287035196807,0.20731379571122394,0.1983125000000007,0.18532500000000066,0.17245000000000063,0.15931250000000055,0.1386250000000005,0.12440000000000044,0.10771250000000038,0.09176250000000033,0.07810000000000028,0.06580000000000023,0.05488750000000019,0.04416250000000015,0.037712500000000135,0.03200000000000011,0.026500000000000096,0.022587500000000083,0.018675000000000067,0.016087500000000057,0.013112500000000046,0.010787500000000038,0.009150000000000033,0.007587500000000027,0.007087500000000025,0.005600000000000021,0.0053750000000000195,0.004775000000000017,0.003925000000000014,0.00267500000000001,0.002637500000000009,0.001987500000000007,0.001712500000000006,0.0014375000000000052,0.0013500000000000048,0.001162500000000004,0.0009750000000000034,0.001125000000000004,0.0007625000000000027,0.0007500000000000027,0.0006125000000000021,0.00046250000000000165,0.0005875000000000021,0.0004750000000000017,0.0004500000000000016,0.0004125000000000015,0.000287500000000001,0.0002625000000000009,0.00025000000000000087,0.000287500000000001,0.00020000000000000071,0.00015000000000000053,0.00012500000000000044,0.00016250000000000056,0.00018750000000000068,0.00021250000000000075,0.00021250000000000075,0.00023750000000000084,0.0002250000000000008,0.00023750000000000084,0.00021250000000000075,0.00021250000000000075,0.0002250000000000008,0.00021250000000000075,0.00021250000000000075,0.00021250000000000075,0.00021250000000000075,0.00020000000000000071,0.00018750000000000068,0.00020000000000000071,0.00020000000000000071,0.00020000000000000071,0.00020000000000000071,0.00020000000000000071
10.95,0.13250598377814674,0.14027444674247722,0.1523293905824107,0.16215844517931882,0.17446497823407248,0.18436031458893104,0.19514109914067979,0.2034249597787872,0.20945837833513414,0.20881719838696444,0.2065653402734295,0.20078875492971904,0.19060000000000069,0.17633750000000062,0.16486250000000058,0.15235000000000054,0.13472500000000048,0.11705000000000042,0.10172500000000037,0.08477500000000031,0.07050000000000026,0.06026250000000022,0.05040000000000018,0.040512500000000146,0.03425000000000012,0.0281500000000001,0.02315000000000008,0.01935000000000007,0.01741250000000006,0.014950000000000052,0.01160000000000004,0.009812500000000035,0.007812500000000028,0.007075000000000025,0.006000000000000022,0.00528750000000002,0.004887500000000018,0.004062500000000014,0.0031000000000000107,0.0028875000000000103,0.001975000000000007,0.0018875000000000068,0.0015375000000000054,0.0014000000000000052,0.001112500000000004,0.0009375000000000032,0.001075000000000004,0.0007875000000000028,0.0008000000000000029,0.0005875000000000021,0.000537500000000002,0.000562500000000002,0.0004375000000000016,0.0004250000000000015,0.0003125000000000011,0.00023750000000000084,0.000275000000000001,0.00021250000000000075,0.0001375000000000005,0.00012500000000000044,0.00020000000000000071,0.0002250000000000008,0.00023750000000000084,0.00023750000000000084,0.0002250000000000008,0.00020000000000000071,0.00018750000000000068,0.00016250000000000056,0.00016250000000000056,0.00015000000000000053,0.00015000000000000053,0.00016250000000000056,0.00016250000000000056,0.00020000000000000071,0.00018750000000000068,0.00021250000000000075,0.0002250000000000008,0.0002250000000000008,0.0002250000000000008,0.00021250000000000075,0.00021250000000000075,0.00021250000000000075,0.00021250000000000075,0.00021250000000000075
11.05,0.13650767449247111,0.14713936662673383,0.15596789117006954,0.16692192764757494,0.17715290158199665,0.18684812245515117,0.19645370743086024,0.1996122262488549,0.2070332813312503,0.20705465872981849,0.20632783700775592,0.19708873180457098,0.18569999999999734,0.17093749999999755,0.15823749999999775,0.14127499999999799,0.1264124999999982,0.10971249999999844,0.09442499999999865,0.08121249999999884,0.06621249999999906,0.0561124999999992,0.045287499999999356,0.037099999999999474,0.031924999999999544,0.026599999999999624,0.022287499999999683,0.01829999999999974,0.015824999999999773,0.012837499999999818,0.010349999999999852,0.008937499999999873,0.007224999999999897,0.006674999999999906,0.0052999999999999246,0.0050999999999999275,0.004312499999999939,0.003424999999999951,0.0026249999999999624,0.001974999999999972,0.0020124999999999713,0.0015124999999999785,0.0013249999999999811,0.0011124999999999842,0.0009499999999999864,0.001062499999999985,0.0007374999999999895,0.0006874999999999902,0.00046249999999999346,0.0005124999999999928,0.0004749999999999932,0.00046249999999999346,0.000349999999999995,0.00024999999999999643,0.0002749999999999961,0.00021249999999999698,0.00013749999999999806,0.0001749999999999975,0.00021249999999999698,0.0002374999999999966,0.00019999999999999716,0.0001749999999999975,0.0001624999999999977,0.00014999999999999787,0.0001624999999999977,0.00021249999999999698,0.00018749999999999735,0.00018749999999999735,0.0001624999999999977,0.00014999999999999787,0.00013749999999999806,0.00014999999999999787,0.00014999999999999787,0.0001124999999999984,0.0001124999999999984,8.749999999999875e-05,7.499999999999894e-05,7.499999999999894e-05,8.749999999999875e-05,8.749999999999875e-05,9.999999999999858e-05,9.999999999999858e-05,9.999999999999858e-05,9.999999999999858e-05
11.150000000000002,0.14578659483631887,0.15205359889361053,0.1610442871789748,0.17247307257121844,0.18165361044364553,0.19157370724627243,0.20024151992539457,0.203812483514616,0.20602074082963392,0.20217954903985413,0.19771521858425622,0.19263870399190064,0.17812500000000062,0.1657375000000006,0.15312500000000054,0.13441250000000046,0.11905000000000042,0.10307500000000036,0.08750000000000031,0.07220000000000025,0.06282500000000023,0.051187500000000184,0.04117500000000015,0.03542500000000013,0.0285750000000001,0.02313750000000008,0.019887500000000072,0.017362500000000062,0.014700000000000052,0.011437500000000041,0.009662500000000034,0.007575000000000027,0.0073750000000000265,0.005600000000000021,0.005137500000000018,0.004675000000000017,0.003812500000000014,0.002637500000000009,0.0023875000000000085,0.0020500000000000075,0.0016000000000000057,0.0013250000000000048,0.0012250000000000043,0.0009375000000000032,0.001075000000000004,0.0007375000000000026,0.0007125000000000025,0.0005125000000000019,0.0005875000000000021,0.00046250000000000165,0.00038750000000000134,0.00025000000000000087,0.0002625000000000009,0.00023750000000000084,0.0001375000000000005,0.00018750000000000068,0.00021250000000000075,0.00021250000000000075,0.00020000000000000071,0.00015000000000000053,0.00015000000000000053,0.00021250000000000075,0.00018750000000000068,0.00015000000000000053,0.00012500000000000044,7.500000000000026e-05,0.00012500000000000044,0.0001125000000000004,0.0001125000000000004,0.00012500000000000044,0.00012500000000000044,0.00010000000000000036,7.500000000000026e-05,8.750000000000032e-05,8.750000000000032e-05,8.750000000000032e-05,8.750000000000032e-05,8.750000000000032e-05,7.500000000000026e-05,7.500000000000026e-05,6.250000000000022e-05,6.250000000000022e-05,6.250000000000022e-05,6.250000000000022e-05
11.25,0.15027599160645425,0.1584308468735235,0.16727099952486993,0.17659892352797826,0.18471659286337663,0.19294887742358185,0.1952911115167008,0.2032374482937087,0.20373314932597378,0.20285456422769585,0.1970402093028786,0.18286364289776877,0.16981250000000062,0.15915000000000057,0.14656250000000054,0.13001250000000045,0.1122125000000004,0.09725000000000035,0.08095000000000029,0.06796250000000024,0.0566750000000002,0.04738750000000017,0.03720000000000013,0.031725000000000114,0.027037500000000096,0.02261250000000008,0.018000000000000065,0.015600000000000055,0.012887500000000045,0.010237500000000037,0.00875000000000003,0.007212500000000026,0.0061125000000000216,0.005162500000000018,0.005100000000000019,0.003962500000000015,0.003062500000000011,0.0027375000000000095,0.001975000000000007,0.0016000000000000057,0.0012375000000000044,0.0013125000000000046,0.0009125000000000033,0.001075000000000004,0.0007500000000000027,0.0007125000000000025,0.0004875000000000017,0.000550000000000002,0.0004250000000000015,0.00038750000000000134,0.0002625000000000009,0.000275000000000001,0.00015000000000000053,0.0001375000000000005,0.00021250000000000075,0.00020000000000000071,0.00018750000000000068,0.00015000000000000053,0.00021250000000000075,0.00017500000000000065,0.0001375000000000005,0.00010000000000000036,0.0001125000000000004,0.0001125000000000004,0.00010000000000000036,8.750000000000032e-05,5.000000000000018e-05,5.000000000000018e-05,6.250000000000022e-05,5.000000000000018e-05,6.250000000000022e-05,6.250000000000022e-05,6.250000000000022e-05,6.250000000000022e-05,8.750000000000032e-05,8.750000000000032e-05,8.750000000000032e-05,8.750000000000032e-05,0.00010000000000000036,0.00010000000000000036,0.00010000000000000036,0.00010000000000000036,0.00010000000000000036,0.00010000000000000036
11.350000000000001,0.15592837974044088,0.162369735331705,0.17214734051864325,0.17897441347277937,0.1877170654378071,0.19559920540166914,0.19864138791450364,0.20461253251761743,0.19994549781991353,0.19816695875657273,0.18996511202029098,0.18023862649141623,0.1649625000000006,0.15381250000000055,0.1358000000000005,0.12128750000000044,0.10527500000000038,0.08960000000000033,0.07583750000000028,0.06283750000000023,0.052612500000000194,0.04200000000000015,0.035975000000000125,0.028975000000000105,0.023737500000000085,0.01996250000000007,0.017075000000000062,0.014412500000000052,0.011300000000000041,0.009462500000000033,0.007487500000000026,0.007100000000000025,0.005450000000000019,0.005150000000000018,0.004275000000000016,0.003675000000000013,0.0025000000000000087,0.0019250000000000068,0.0017250000000000063,0.001337500000000005,0.0013500000000000048,0.0009250000000000033,0.001075000000000004,0.0007625000000000027,0.0007000000000000026,0.0004750000000000017,0.000562500000000002,0.0004250000000000015,0.0003500000000000013,0.00023750000000000084,0.0002625000000000009,0.0001375000000000005,0.00018750000000000068,0.0002250000000000008,0.00017500000000000065,0.00015000000000000053,0.00020000000000000071,0.00015000000000000053,7.500000000000026e-05,0.0001125000000000004,0.00012500000000000044,6.250000000000022e-05,5.000000000000018e-05,6.250000000000022e-05,6.250000000000022e-05,8.750000000000032e-05,0.00010000000000000036,0.00010000000000000036,0.00012500000000000044,0.00012500000000000044,0.00012500000000000044,0.0001375000000000005,0.0001375000000000005,0.00012500000000000044,0.00010000000000000036,0.00010000000000000036,0.0001125000000000004,0.0001125000000000004,0.0001125000000000004,0.0001125000000000004,0.0001125000000000004,0.0001125000000000004,0.0001125000000000004,0.0001125000000000004
11.45,0.16044278707754084,0.16808424969801913,0.17533571732226425,0.18179999624922705,0.1896923765493072,0.1925238248233226,0.20060404983411204,0.19872467188615373,0.1969828793151733,0.1917918153158453,0.18627756131646875,0.1712635703973156,0.16093750000000057,0.14717500000000053,0.13027500000000045,0.1134250000000004,0.09900000000000035,0.08397500000000029,0.06887500000000024,0.05851250000000021,0.04865000000000017,0.03857500000000014,0.03193750000000011,0.027225000000000096,0.021725000000000078,0.017650000000000065,0.015525000000000054,0.013025000000000045,0.010250000000000037,0.008712500000000031,0.007087500000000025,0.00585000000000002,0.004987500000000018,0.004725000000000017,0.003962500000000015,0.002475000000000009,0.0023750000000000086,0.002037500000000007,0.0015750000000000056,0.001337500000000005,0.0009625000000000034,0.0010375000000000037,0.0007875000000000028,0.0007375000000000026,0.00046250000000000165,0.000550000000000002,0.0004125000000000015,0.0003375000000000012,0.0002250000000000008,0.00021250000000000075,0.00012500000000000044,0.00021250000000000075,0.0002250000000000008,0.00016250000000000056,0.00021250000000000075,0.00015000000000000053,0.0001125000000000004,0.00010000000000000036,8.750000000000032e-05,5.000000000000018e-05,6.250000000000022e-05,8.750000000000032e-05,0.00010000000000000036,0.00012500000000000044,0.0001375000000000005,0.0001125000000000004,0.00010000000000000036,0.00010000000000000036,6.250000000000022e-05,5.000000000000018e-05,3.750000000000013e-05,3.750000000000013e-05,3.750000000000013e-05,3.750000000000013e-05,3.750000000000013e-05,5.000000000000018e-05,3.750000000000013e-05,3.750000000000013e-05,3.750000000000013e-05,5.000000000000018e-05,5.000000000000018e-05,5.000000000000018e-05,5.000000000000018e-05,5.000000000000018e-05
11.55,0.16490717328070878,0.1720731557874126,0.17633599239790693,0.1850381641213474,0.19223027626850955,0.19502413423660903,0.19967897351531216,0.1991496979189947,0.19752040081602984,0.19076679225282295,0.17757744168982073,0.16451352820954898,0.15354999999999783,0.14159999999999798,0.12502499999999822,0.10973749999999843,0.09394999999999867,0.07802499999999889,0.06501249999999907,0.05439999999999923,0.043912499999999376,0.03583749999999949,0.030549999999999567,0.02468749999999965,0.02039999999999971,0.017249999999999755,0.014237499999999797,0.01126249999999984,0.009374999999999868,0.007299999999999897,0.006974999999999901,0.005424999999999923,0.005062499999999928,0.004062499999999942,0.0031999999999999546,0.0027749999999999607,0.0019374999999999724,0.001474999999999979,0.0012874999999999818,0.0011749999999999833,0.0009749999999999862,0.0009124999999999871,0.0007124999999999899,0.0004999999999999929,0.0005749999999999919,0.00042499999999999396,0.0003249999999999954,0.0002249999999999968,0.00018749999999999735,0.00014999999999999787,0.00021249999999999698,0.0001749999999999975,0.00013749999999999806,0.0001624999999999977,7.499999999999894e-05,9.999999999999858e-05,4.999999999999929e-05,6.249999999999911e-05,8.749999999999875e-05,9.999999999999858e-05,0.00012499999999999821,0.0001124999999999984,9.999999999999858e-05,4.999999999999929e-05,3.749999999999947e-05,3.749999999999947e-05,4.999999999999929e-05,6.249999999999911e-05,6.249999999999911e-05,8.749999999999875e-05,8.749999999999875e-05,7.499999999999894e-05,8.749999999999875e-05,8.749999999999875e-05,8.749999999999875e-05,8.749999999999875e-05,8.749999999999875e-05,8.749999999999875e-05,7.499999999999894e-05,6.249999999999911e-05,6.249999999999911e-05,6.249999999999911e-05,6.249999999999911e-05,6.249999999999911e-05
11.650000000000002,0.16919648551513075,0.17391130373456706,0.18241266348245833,0.18763870048197506,0.18917979581784197,0.19722440652030757,0.1961536826788217,0.19237428292482983,0.1910826433057329,0.1853166696250672,0.17358988686094495,0.1609635060219132,0.14972500000000052,0.13028750000000044,0.11623750000000042,0.10116250000000036,0.0860500000000003,0.07268750000000025,0.06110000000000022,0.050675000000000185,0.04017500000000014,0.03398750000000012,0.027462500000000094,0.021662500000000078,0.017975000000000064,0.015825000000000058,0.013400000000000047,0.010350000000000036,0.00863750000000003,0.006887500000000025,0.005875000000000021,0.004825000000000017,0.004637500000000017,0.0037750000000000136,0.002487500000000009,0.0020250000000000073,0.0017750000000000062,0.0013250000000000048,0.0012750000000000046,0.0008750000000000032,0.0009750000000000034,0.0006625000000000024,0.000550000000000002,0.0005125000000000019,0.0004250000000000015,0.0003250000000000011,0.00023750000000000084,0.00017500000000000065,0.00018750000000000068,0.00021250000000000075,0.00016250000000000056,0.00021250000000000075,0.00012500000000000044,0.0001125000000000004,8.750000000000032e-05,6.250000000000022e-05,8.750000000000032e-05,0.00012500000000000044,0.00010000000000000036,0.00010000000000000036,3.750000000000013e-05,3.750000000000013e-05,6.250000000000022e-05,6.250000000000022e-05,7.500000000000026e-05,8.750000000000032e-05,8.750000000000032e-05,7.500000000000026e-05,8.750000000000032e-05,6.250000000000022e-05,7.500000000000026e-05,7.500000000000026e-05,7.500000000000026e-05,7.500000000000026e-05,7.500000000000026e-05,6.250000000000022e-05,6.250000000000022e-05,6.250000000000022e-05,6.250000000000022e-05,6.250000000000022e-05,6.250000000000022e-05,6.250000000000022e-05,6.250000000000022e-05,6.250000000000022e-05
11.75,0.17186011089685455,0.1778126789693373,0.18153742279126825,0.19063931935961861,0.19120511480558258,0.19594924871952973,0.19584115689544457,0.1945369153860681,0.18715748629945264,0.17776649974624492,0.1656522777188192,0.15623847649047862,0.1424125000000005,0.12640000000000046,0.1111875000000004,0.09600000000000035,0.08113750000000029,0.06645000000000023,0.0558125000000002,0.047012500000000165,0.03650000000000013,0.03061250000000011,0.02595000000000009,0.021287500000000077,0.01708750000000006,0.014425000000000052,0.011250000000000041,0.009375000000000033,0.007412500000000026,0.006887500000000025,0.005237500000000018,0.005012500000000018,0.004075000000000014,0.0031125000000000107,0.002600000000000009,0.0018750000000000064,0.0016125000000000056,0.0013125000000000046,0.0009000000000000032,0.0010625000000000038,0.0007250000000000026,0.000562500000000002,0.0005125000000000019,0.0004250000000000015,0.0003125000000000011,0.0002250000000000008,0.00016250000000000056,0.00018750000000000068,0.00020000000000000071,0.00015000000000000053,0.00017500000000000065,7.500000000000026e-05,0.00012500000000000044,5.000000000000018e-05,7.500000000000026e-05,0.00012500000000000044,0.0001125000000000004,6.250000000000022e-05,3.750000000000013e-05,6.250000000000022e-05,8.750000000000032e-05,7.500000000000026e-05,7.500000000000026e-05,8.750000000000032e-05,7.500000000000026e-05,6.250000000000022e-05,3.750000000000013e-05,3.750000000000013e-05,2.500000000000009e-05,2.500000000000009e-05,1.2500000000000045e-05,5.000000000000018e-05,3.750000000000013e-05,3.750000000000013e-05,3.750000000000013e-05,3.750000000000013e-05,3.750000000000013e-05,3.750000000000013e-05,3.750000000000013e-05,3.750000000000013e-05,3.750000000000013e-05,3.750000000000013e-05,3.750000000000013e-05,3.750000000000013e-05
11.850000000000001,0.1748363683656351,0.18020102085985376,0.18567606091675276,0.18515068732926232,0.1942305913181333,0.1922487907878607,0.189303117507195,0.18998663668149743,0.1834198367934724,0.1729038903375332,0.15950219315515646,0.14775092344327204,0.1371000000000005,0.12130000000000044,0.10556250000000038,0.09033750000000033,0.07551250000000026,0.062300000000000216,0.05221250000000018,0.041275000000000145,0.03461250000000012,0.0284625000000001,0.02251250000000008,0.018987500000000067,0.016362500000000058,0.013512500000000047,0.010712500000000038,0.00867500000000003,0.007012500000000025,0.006162500000000021,0.004837500000000017,0.004562500000000016,0.0035625000000000127,0.0024125000000000084,0.0018750000000000064,0.0016250000000000058,0.001150000000000004,0.001162500000000004,0.0009500000000000034,0.0007750000000000027,0.0006625000000000024,0.00046250000000000165,0.00040000000000000143,0.00038750000000000134,0.00023750000000000084,0.00017500000000000065,0.00018750000000000068,0.00020000000000000071,0.00012500000000000044,0.00016250000000000056,0.00012500000000000044,8.750000000000032e-05,5.000000000000018e-05,0.00010000000000000036,0.0001125000000000004,6.250000000000022e-05,3.750000000000013e-05,6.250000000000022e-05,8.750000000000032e-05,7.500000000000026e-05,6.250000000000022e-05,7.500000000000026e-05,3.750000000000013e-05,2.500000000000009e-05,5.000000000000018e-05,3.750000000000013e-05,3.750000000000013e-05,3.750000000000013e-05,5.000000000000018e-05,5.000000000000018e-05,5.000000000000018e-05,1.2500000000000045e-05,1.2500000000000045e-05,1.2500000000000045e-05,1.2500000000000045e-05,1.2500000000000045e-05,1.2500000000000045e-05,1.2500000000000045e-05,1.2500000000000045e-05,1.2500000000000045e-05,1.2500000000000045e-05,1.2500000000000045e-05,1.2500000000000045e-05,1.2500000000000045e-05
11.95,0.17927574400184143,0.18123888670756508,0.1854259921478413,0.1884013577800428,0.192430307773475,0.19377397952996753,0.19150329902217003,0.18343623546942317,0.17994469778791217,0.16810378233510312,0.15763966754542932,0.14656341602135067,0.12720000000000045,0.1133250000000004,0.09748750000000035,0.08308750000000029,0.07026250000000024,0.05931250000000021,0.04848750000000017,0.038287500000000134,0.031975000000000114,0.02582500000000009,0.02096250000000007,0.01688750000000006,0.014612500000000053,0.01171250000000004,0.009162500000000033,0.007587500000000027,0.006500000000000023,0.005162500000000018,0.004937500000000017,0.004025000000000014,0.002987500000000011,0.0025000000000000087,0.0019000000000000067,0.0014125000000000051,0.0011875000000000043,0.0008750000000000032,0.0009875000000000036,0.0006875000000000025,0.00046250000000000165,0.0005125000000000019,0.0004250000000000015,0.0002250000000000008,0.00021250000000000075,0.00018750000000000068,0.00020000000000000071,0.0001375000000000005,0.00016250000000000056,0.0001125000000000004,3.750000000000013e-05,5.000000000000018e-05,0.00012500000000000044,0.00010000000000000036,3.750000000000013e-05,6.250000000000022e-05,7.500000000000026e-05,8.750000000000032e-05,7.500000000000026e-05,3.750000000000013e-05,2.500000000000009e-05,3.750000000000013e-05,3.750000000000013e-05,5.000000000000018e-05,1.2500000000000045e-05,1.2500000000000045e-05,2.500000000000009e-05,3.750000000000013e-05,2.500000000000009e-05,3.750000000000013e-05,3.750000000000013e-05,3.750000000000013e-05,3.750000000000013e-05,3.750000000000013e-05,3.750000000000013e-05,3.750000000000013e-05,3.750000000000013e-05,3.750000000000013e-05,3.750000000000013e-05,3.750000000000013e-05,3.750000000000013e-05,3.750000000000013e-05,3.750000000000013e-05,3.750000000000013e-05
12.05,0.1792507334348737,0.18451504155214452,0.1859761434394432,0.1901892265279687,0.18971738048742406,0.18722316886714466,0.18831553603171994,0.1841987821754056,0.17066932677306848,0.15955358995577174,0.14938955410636684,0.1383133644585259,0.12258749999999825,0.10792499999999847,0.09356249999999867,0.07857499999999888,0.0641499999999991,0.05389999999999923,0.04514999999999936,0.0350874999999995,0.029874999999999576,0.024424999999999655,0.01991249999999972,0.016424999999999766,0.013749999999999804,0.01051249999999985,0.008724999999999875,0.006987499999999901,0.006012499999999915,0.004824999999999931,0.004437499999999937,0.0035499999999999495,0.002374999999999966,0.0017499999999999753,0.0014374999999999796,0.0012249999999999826,0.001049999999999985,0.000987499999999986,0.0006374999999999909,0.0005374999999999924,0.0005124999999999928,0.0004124999999999942,0.0002374999999999966,0.0002374999999999966,0.00013749999999999806,0.00019999999999999716,0.00013749999999999806,0.00014999999999999787,0.0001124999999999984,4.999999999999929e-05,9.999999999999858e-05,0.00013749999999999806,4.999999999999929e-05,4.999999999999929e-05,8.749999999999875e-05,7.499999999999894e-05,7.499999999999894e-05,2.4999999999999645e-05,3.749999999999947e-05,3.749999999999947e-05,4.999999999999929e-05,1.2499999999999823e-05,2.4999999999999645e-05,2.4999999999999645e-05,3.749999999999947e-05,3.749999999999947e-05,2.4999999999999645e-05,2.4999999999999645e-05,2.4999999999999645e-05,1.2499999999999823e-05,1.2499999999999823e-05,1.2499999999999823e-05,2.4999999999999645e-05,2.4999999999999645e-05,2.4999999999999645e-05,2.4999999999999645e-05,2.4999999999999645e-05,2.4999999999999645e-05,2.4999999999999645e-05,2.4999999999999645e-05,2.4999999999999645e-05,2.4999999999999645e-05,2.4999999999999645e-05,2.4999999999999645e-05
12.150000000000002,0.18166425314695525,0.18131391315438758,0.18670134286928972,0.19031425231454058,0.18940483126092425,0.18559796774850953,0.18141496673475627,0.17713584957078682,0.1689067562702514,0.15592850839143935,0.1449519930899055,0.13297583109894484,0.11797500000000041,0.10201250000000037,0.08773750000000032,0.07361250000000026,0.06083750000000022,0.05098750000000018,0.039712500000000144,0.03351250000000012,0.026912500000000096,0.021700000000000077,0.01750000000000006,0.015237500000000055,0.012262500000000042,0.009512500000000035,0.007812500000000028,0.006250000000000023,0.005475000000000019,0.004675000000000017,0.0039875000000000145,0.002987500000000011,0.0025125000000000087,0.0019500000000000068,0.0014000000000000052,0.0012500000000000044,0.0008625000000000031,0.000837500000000003,0.0006625000000000024,0.00046250000000000165,0.0004250000000000015,0.0003250000000000011,0.0002625000000000009,0.00010000000000000036,0.00021250000000000075,0.00012500000000000044,0.00015000000000000053,0.00010000000000000036,5.000000000000018e-05,0.00010000000000000036,0.00010000000000000036,3.750000000000013e-05,6.250000000000022e-05,7.500000000000026e-05,6.250000000000022e-05,3.750000000000013e-05,3.750000000000013e-05,3.750000000000013e-05,1.2500000000000045e-05,2.500000000000009e-05,3.750000000000013e-05,3.750000000000013e-05,2.500000000000009e-05,2.500000000000009e-05,1.2500000000000045e-05,2.500000000000009e-05,2.500000000000009e-05,1.2500000000000045e-05,1.2500000000000045e-05,3.750000000000013e-05,3.750000000000013e-05,3.750000000000013e-05,2.500000000000009e-05,2.500000000000009e-05,2.500000000000009e-05,2.500000000000009e-05,2.500000000000009e-05,2.500000000000009e-05,3.750000000000013e-05,3.750000000000013e-05,3.750000000000013e-05,3.750000000000013e-05,3.750000000000013e-05,3.750000000000013e-05
12.25,0.18097646255543032,0.18362722859808148,0.18622621220835794,0.18617589877912386,0.18569174645006653,0.1853354352601141,0.18043988629061963,0.1710354759229009,0.16170646825873092,0.15185341670187633,0.1411644410110644,0.1239132744579658,0.10997500000000038,0.09496250000000035,0.08113750000000029,0.06832500000000025,0.0572750000000002,0.046712500000000164,0.03751250000000013,0.03031250000000011,0.02541250000000009,0.020700000000000073,0.016862500000000058,0.01403750000000005,0.010800000000000039,0.008887500000000033,0.007012500000000025,0.006237500000000022,0.004850000000000017,0.004687500000000016,0.003625000000000013,0.002312500000000008,0.001712500000000006,0.0013875000000000048,0.001162500000000004,0.000850000000000003,0.0009875000000000036,0.0006375000000000023,0.00046250000000000165,0.0004500000000000016,0.0003625000000000013,0.00018750000000000068,0.0001375000000000005,0.00020000000000000071,0.0001375000000000005,0.00016250000000000056,0.00010000000000000036,5.000000000000018e-05,0.00010000000000000036,0.00010000000000000036,2.500000000000009e-05,7.500000000000026e-05,8.750000000000032e-05,5.000000000000018e-05,1.2500000000000045e-05,3.750000000000013e-05,1.2500000000000045e-05,3.750000000000013e-05,3.750000000000013e-05,2.500000000000009e-05,1.2500000000000045e-05,2.500000000000009e-05,2.500000000000009e-05,2.500000000000009e-05,3.750000000000013e-05,2.500000000000009e-05,3.750000000000013e-05,5.000000000000018e-05,5.000000000000018e-05,2.500000000000009e-05,2.500000000000009e-05,2.500000000000009e-05,2.500000000000009e-05,2.500000000000009e-05,2.500000000000009e-05,2.500000000000009e-05,2.500000000000009e-05,2.500000000000009e-05,1.2500000000000045e-05,2.500000000000009e-05,2.500000000000009e-05,2.500000000000009e-05,2.500000000000009e-05,2.500000000000009e-05
12.350000000000001,0.18132661049293392,0.18630317186808415,0.18778914201405453,0.18693855607719156,0.1821536892060506,0.18252258717016295,0.1753019624118996,0.16662270564072107,0.15504370174807047,0.14550327382366154,0.13576436676004344,0.11905074406715084,0.10532500000000038,0.09157500000000032,0.07645000000000027,0.062312500000000215,0.05250000000000019,0.043837500000000154,0.03362500000000012,0.029462500000000103,0.023187500000000083,0.018562500000000065,0.015525000000000054,0.012875000000000046,0.010087500000000036,0.00822500000000003,0.006475000000000022,0.00563750000000002,0.004600000000000016,0.003962500000000015,0.003012500000000011,0.0025125000000000087,0.0018875000000000068,0.0012875000000000046,0.0012000000000000042,0.0009125000000000033,0.0007375000000000026,0.000537500000000002,0.0004875000000000017,0.0004125000000000015,0.00021250000000000075,0.00016250000000000056,0.00017500000000000065,0.00017500000000000065,0.00017500000000000065,0.0001125000000000004,5.000000000000018e-05,0.00010000000000000036,0.00010000000000000036,5.000000000000018e-05,8.750000000000032e-05,6.250000000000022e-05,2.500000000000009e-05,3.750000000000013e-05,5.000000000000018e-05,2.500000000000009e-05,3.750000000000013e-05,2.500000000000009e-05,1.2500000000000045e-05,2.500000000000009e-05,3.750000000000013e-05,2.500000000000009e-05,3.750000000000013e-05,3.750000000000013e-05,2.500000000000009e-05,2.500000000000009e-05,3.750000000000013e-05,2.500000000000009e-05,2.500000000000009e-05,2.500000000000009e-05,3.750000000000013e-05,3.750000000000013e-05,3.750000000000013e-05,3.750000000000013e-05,3.750000000000013e-05,3.750000000000013e-05,3.750000000000013e-05,3.750000000000013e-05,3.750000000000013e-05,2.500000000000009e-05,2.500000000000009e-05,2.500000000000009e-05,2.500000000000009e-05,2.500000000000009e-05
12.45,0.1828147392273242,0.18418992694925027,0.1831128560354104,0.1817874936705702,0.1833538782358228,0.1757467486601473,0.1731892881162702,0.16273496751676098,0.15030601224049014,0.1402406554147473,0.12860176827431422,0.11503821898886908,0.09968750000000035,0.0856750000000003,0.07188750000000026,0.05940000000000021,0.049625000000000176,0.038650000000000136,0.032912500000000115,0.025875000000000092,0.020562500000000074,0.01681250000000006,0.01438750000000005,0.01147500000000004,0.008912500000000032,0.006975000000000025,0.006562500000000024,0.004812500000000017,0.004637500000000017,0.003637500000000013,0.002312500000000008,0.001675000000000006,0.001375000000000005,0.0012000000000000042,0.000837500000000003,0.0009250000000000033,0.0006250000000000022,0.0004250000000000015,0.0004125000000000015,0.00030000000000000106,0.00023750000000000084,0.00017500000000000065,0.00018750000000000068,0.00020000000000000071,0.00012500000000000044,5.000000000000018e-05,0.00010000000000000036,0.00010000000000000036,5.000000000000018e-05,6.250000000000022e-05,7.500000000000026e-05,2.500000000000009e-05,3.750000000000013e-05,1.2500000000000045e-05,3.750000000000013e-05,2.500000000000009e-05,1.2500000000000045e-05,1.2500000000000045e-05,3.750000000000013e-05,3.750000000000013e-05,2.500000000000009e-05,2.500000000000009e-05,3.750000000000013e-05,2.500000000000009e-05,3.750000000000013e-05,3.750000000000013e-05,1.2500000000000045e-05,1.2500000000000045e-05,1.2500000000000045e-05,1.2500000000000045e-05,1.2500000000000045e-05,1.2500000000000045e-05,1.2500000000000045e-05,2.500000000000009e-05,2.500000000000009e-05,2.500000000000009e-05,2.500000000000009e-05,2.500000000000009e-05,2.500000000000009e-05,2.500000000000009e-05,2.500000000000009e-05,2.500000000000009e-05,2.500000000000009e-05,2.500000000000009e-05
12.55,0.18263966525856917,0.1836522374136857,0.1836254970116756,0.17953702951233438,0.17871564771451248,0.17519668058922044,0.16480109609042512,0.15490948820615041,0.14773090923636736,0.13694058116307423,0.12043915603839382,0.10746317164482125,0.09288749999999867,0.07901249999999888,0.06696249999999905,0.0561374999999992,0.04569999999999935,0.03657499999999948,0.029524999999999583,0.02462499999999965,0.020249999999999713,0.01599999999999977,0.013674999999999807,0.010262499999999855,0.008299999999999882,0.0068624999999999025,0.00563749999999992,0.004524999999999936,0.003999999999999943,0.003174999999999955,0.0025249999999999643,0.0018249999999999742,0.0012999999999999815,0.0011624999999999834,0.0008499999999999879,0.0006249999999999911,0.0005249999999999925,0.0005249999999999925,0.00033749999999999525,0.00021249999999999698,9.999999999999858e-05,0.00019999999999999716,0.00012499999999999821,7.499999999999894e-05,3.749999999999947e-05,8.749999999999875e-05,9.999999999999858e-05,4.999999999999929e-05,6.249999999999911e-05,6.249999999999911e-05,1.2499999999999823e-05,4.999999999999929e-05,2.4999999999999645e-05,3.749999999999947e-05,1.2499999999999823e-05,2.4999999999999645e-05,3.749999999999947e-05,4.999999999999929e-05,2.4999999999999645e-05,3.749999999999947e-05,2.4999999999999645e-05,3.749999999999947e-05,1.2499999999999823e-05,1.2499999999999823e-05,1.2499999999999823e-05,2.4999999999999645e-05,2.4999999999999645e-05,2.4999999999999645e-05,2.4999999999999645e-05,2.4999999999999645e-05,1.2499999999999823e-05,1.2499999999999823e-05,1.2499999999999823e-05,0.0,0.0,0.0,0.0,0.0,0.0,0.0,0.0,0.0,0.0,0.0
12.650000000000002,0.18397773059117542,0.18065117954078877,0.17773637750381416,0.18023717391712107,0.174414970357832,0.17047109579810563,0.16178834753867252,0.1499591850000818,0.14190567622704958,0.13262798412964338,0.11620159777196978,0.10301314383214931,0.08951250000000031,0.07545000000000027,0.061112500000000215,0.05152500000000018,0.043137500000000155,0.03312500000000012,0.0286125000000001,0.022537500000000082,0.018062500000000065,0.015600000000000055,0.012512500000000046,0.009400000000000033,0.007737500000000027,0.005900000000000021,0.004875000000000017,0.004650000000000016,0.0038250000000000137,0.0022875000000000083,0.0017875000000000063,0.0013875000000000048,0.001137500000000004,0.0007875000000000028,0.0009875000000000036,0.0006875000000000025,0.0004500000000000016,0.00037500000000000136,0.00023750000000000084,0.00015000000000000053,0.00020000000000000071,0.00012500000000000044,0.0001375000000000005,7.500000000000026e-05,7.500000000000026e-05,0.00010000000000000036,3.750000000000013e-05,6.250000000000022e-05,6.250000000000022e-05,3.750000000000013e-05,3.750000000000013e-05,2.500000000000009e-05,2.500000000000009e-05,2.500000000000009e-05,3.750000000000013e-05,3.750000000000013e-05,2.500000000000009e-05,2.500000000000009e-05,2.500000000000009e-05,1.2500000000000045e-05,1.2500000000000045e-05,1.2500000000000045e-05,2.500000000000009e-05,2.500000000000009e-05,1.2500000000000045e-05,0.0,0.0,0.0,0.0,0.0,0.0,0.0,0.0,0.0,0.0,0.0,0.0,0.0,0.0,0.0,0.0,0.0,0.0,0.0
12.75,0.17856294284335195,0.1793257123135912,0.1775488259271306,0.17619884101095912,0.17292723603967686,0.16402029751181768,0.15610037828120873,0.1470215050671859,0.1359804392175692,0.12430279681292873,0.11248904672439286,0.0975631097694364,0.08396250000000029,0.07043750000000025,0.05810000000000021,0.048300000000000176,0.03800000000000014,0.03193750000000011,0.02532500000000009,0.02002500000000007,0.016225000000000055,0.01377500000000005,0.010612500000000039,0.00852500000000003,0.0065375000000000225,0.006037500000000022,0.004500000000000016,0.004300000000000016,0.0032250000000000113,0.0023625000000000087,0.001662500000000006,0.001375000000000005,0.0011750000000000042,0.0008625000000000031,0.0006125000000000021,0.00046250000000000165,0.0004250000000000015,0.00030000000000000106,0.0002250000000000008,0.00016250000000000056,0.00016250000000000056,0.00017500000000000065,0.00010000000000000036,6.250000000000022e-05,0.0001125000000000004,2.500000000000009e-05,6.250000000000022e-05,6.250000000000022e-05,3.750000000000013e-05,1.2500000000000045e-05,3.750000000000013e-05,2.500000000000009e-05,2.500000000000009e-05,2.500000000000009e-05,2.500000000000009e-05,3.750000000000013e-05,2.500000000000009e-05,1.2500000000000045e-05,2.500000000000009e-05,2.500000000000009e-05,2.500000000000009e-05,1.2500000000000045e-05,0.0,0.0,0.0,0.0,0.0,0.0,0.0,0.0,0.0,0.0,0.0,0.0,0.0,0.0,0.0,0.0,0.0,0.0,0.0,0.0,0.0,0.0
12.850000000000001,0.17862546926076328,0.17484913431984836,0.17671109555127723,0.1714978714359843,0.1677139149416039,0.1598322792445571,0.1495748399242943,0.1429587562238192,0.132955318212729,0.11770264830958739,0.10510144514487113,0.09161307258170397,0.07825000000000028,0.06542500000000023,0.05492500000000019,0.04533750000000016,0.035650000000000126,0.028887500000000104,0.024125000000000087,0.01970000000000007,0.015687500000000056,0.012987500000000046,0.009900000000000036,0.00826250000000003,0.0064500000000000226,0.005387500000000019,0.004537500000000016,0.0036875000000000132,0.0026625000000000095,0.002037500000000007,0.0015500000000000054,0.001112500000000004,0.0007875000000000028,0.0009625000000000034,0.0006500000000000022,0.0004750000000000017,0.00040000000000000143,0.00023750000000000084,0.0001375000000000005,0.00018750000000000068,0.00015000000000000053,0.0001125000000000004,5.000000000000018e-05,0.0001125000000000004,2.500000000000009e-05,8.750000000000032e-05,7.500000000000026e-05,3.750000000000013e-05,1.2500000000000045e-05,3.750000000000013e-05,1.2500000000000045e-05,1.2500000000000045e-05,3.750000000000013e-05,2.500000000000009e-05,2.500000000000009e-05,1.2500000000000045e-05,2.500000000000009e-05,2.500000000000009e-05,1.2500000000000045e-05,0.0,0.0,0.0,0.0,0.0,0.0,0.0,0.0,0.0,0.0,0.0,0.0,0.0,0.0,0.0,0.0,0.0,0.0,0.0,0.0,0.0,0.0,0.0,0.0,0.0
12.95,0.172710470173649,0.17664976904358848,0.17396033909325126,0.17092275281776928,0.16217554264796763,0.1550691898122398,0.14484945007963207,0.13659586649682343,0.12813012520500866,0.11339005127615412,0.1002638786283315,0.08678804242526547,0.07372500000000026,0.06038750000000022,0.05110000000000018,0.04271250000000015,0.03277500000000012,0.0280875000000001,0.02200000000000008,0.01758750000000006,0.014962500000000052,0.012237500000000043,0.009075000000000033,0.007012500000000025,0.006125000000000022,0.004637500000000017,0.0043875000000000155,0.0035125000000000126,0.0021750000000000077,0.0017250000000000063,0.0014125000000000051,0.001162500000000004,0.0009000000000000032,0.0005875000000000021,0.0004375000000000016,0.00038750000000000134,0.0003125000000000011,0.00020000000000000071,0.00016250000000000056,0.00012500000000000044,0.00010000000000000036,3.750000000000013e-05,0.00010000000000000036,5.000000000000018e-05,8.750000000000032e-05,6.250000000000022e-05,3.750000000000013e-05,1.2500000000000045e-05,3.750000000000013e-05,1.2500000000000045e-05,2.500000000000009e-05,5.000000000000018e-05,1.2500000000000045e-05,3.750000000000013e-05,1.2500000000000045e-05,2.500000000000009e-05,1.2500000000000045e-05,0.0,0.0,0.0,0.0,0.0,0.0,0.0,0.0,0.0,0.0,0.0,0.0,0.0,0.0,0.0,0.0,0.0,0.0,0.0,0.0,0.0,0.0,0.0,0.0,0.0,0.0,0.0
13.05,0.1749239053500079,0.17334860538339517,0.16768361299357087,0.16469646864665605,0.15791237119846152,0.14914345650274008,0.14314930981805796,0.1342082202534886,0.12090483619344602,0.10995247393066188,0.09590131864312998,0.08360052250326447,0.06866249999999903,0.05739999999999918,0.04729999999999933,0.03744999999999947,0.03108749999999956,0.025049999999999645,0.01968749999999972,0.015887499999999773,0.013487499999999809,0.010362499999999853,0.00843749999999988,0.0064374999999999094,0.005487499999999921,0.004374999999999938,0.0038499999999999455,0.002874999999999959,0.002387499999999966,0.0017374999999999752,0.0010874999999999845,0.0008249999999999884,0.0008624999999999877,0.0006374999999999909,0.0004749999999999932,0.00039999999999999433,0.0001749999999999975,9.999999999999858e-05,0.00019999999999999716,0.0001749999999999975,9.999999999999858e-05,4.999999999999929e-05,9.999999999999858e-05,6.249999999999911e-05,6.249999999999911e-05,1.2499999999999823e-05,1.2499999999999823e-05,3.749999999999947e-05,1.2499999999999823e-05,3.749999999999947e-05,3.749999999999947e-05,2.4999999999999645e-05,3.749999999999947e-05,1.2499999999999823e-05,2.4999999999999645e-05,0.0,0.0,0.0,0.0,0.0,0.0,0.0,0.0,0.0,0.0,0.0,0.0,0.0,0.0,0.0,0.0,0.0,0.0,0.0,0.0,0.0,0.0,0.0,0.0,0.0,0.0,0.0,0.0,0.0
13.150000000000002,0.1732732079303512,0.1668463133254478,0.1675085648553358,0.16073315121243814,0.15413677654230595,0.1437302866229701,0.1365737673358057,0.127870332057839,0.1141170646825877,0.10261480883319911,0.090476244048356,0.07653797836236503,0.06563750000000024,0.054125000000000194,0.04548750000000017,0.035025000000000125,0.029300000000000104,0.02355000000000008,0.019512500000000068,0.015287500000000055,0.012775000000000045,0.009625000000000035,0.007687500000000028,0.0060500000000000215,0.005012500000000018,0.004550000000000016,0.003637500000000013,0.002200000000000008,0.0016125000000000056,0.0012375000000000044,0.001125000000000004,0.0007750000000000027,0.0006250000000000022,0.0004250000000000015,0.0003375000000000012,0.00025000000000000087,0.00017500000000000065,0.00018750000000000068,0.00012500000000000044,0.00010000000000000036,6.250000000000022e-05,0.00012500000000000044,2.500000000000009e-05,7.500000000000026e-05,2.500000000000009e-05,5.000000000000018e-05,3.750000000000013e-05,1.2500000000000045e-05,3.750000000000013e-05,2.500000000000009e-05,2.500000000000009e-05,1.2500000000000045e-05,2.500000000000009e-05,1.2500000000000045e-05,0.0,0.0,0.0,0.0,0.0,0.0,0.0,0.0,0.0,0.0,0.0,0.0,0.0,0.0,0.0,0.0,0.0,0.0,0.0,0.0,0.0,0.0,0.0,0.0,0.0,0.0,0.0,0.0,0.0,0.0
13.25,0.16858372662449944,0.16724645437516783,0.1625947135462258,0.15503197534491545,0.14787329004318234,0.14171753754527175,0.13233591771321182,0.12440761996672339,0.1110294411776475,0.0978022005495127,0.0850136689379482,0.07281295508096951,0.06008750000000021,0.05028750000000018,0.04136250000000014,0.032600000000000115,0.027150000000000094,0.02200000000000008,0.017237500000000062,0.014862500000000053,0.011925000000000043,0.008837500000000031,0.006812500000000024,0.006162500000000021,0.004487500000000016,0.004000000000000014,0.0031375000000000114,0.002300000000000008,0.001662500000000006,0.001150000000000004,0.0009250000000000033,0.0009625000000000034,0.0006375000000000023,0.00046250000000000165,0.00040000000000000143,0.00021250000000000075,0.00012500000000000044,0.00016250000000000056,0.00012500000000000044,6.250000000000022e-05,8.750000000000032e-05,3.750000000000013e-05,7.500000000000026e-05,3.750000000000013e-05,3.750000000000013e-05,2.500000000000009e-05,1.2500000000000045e-05,3.750000000000013e-05,2.500000000000009e-05,2.500000000000009e-05,1.2500000000000045e-05,2.500000000000009e-05,0.0,0.0,0.0,0.0,0.0,0.0,0.0,0.0,0.0,0.0,0.0,0.0,0.0,0.0,0.0,0.0,0.0,0.0,0.0,0.0,0.0,0.0,0.0,0.0,0.0,0.0,0.0,0.0,0.0,0.0,0.0,0.0
13.350000000000001,0.1640192981534704,0.162269700069275,0.15735577283753088,0.15224390030443832,0.14302252604785304,0.1375920270133434,0.12966069700750357,0.1156570839963952,0.10709178367134724,0.09415211842266484,0.08177612442171109,0.06817542609641335,0.0567625000000002,0.04790000000000017,0.037850000000000134,0.03060000000000011,0.025250000000000092,0.01973750000000007,0.015662500000000055,0.013262500000000049,0.010137500000000037,0.008212500000000029,0.006400000000000023,0.005225000000000018,0.004337500000000015,0.003750000000000013,0.002537500000000009,0.0019250000000000068,0.0014000000000000052,0.0011750000000000042,0.000825000000000003,0.0006750000000000024,0.0004750000000000017,0.00037500000000000136,0.00025000000000000087,0.0001375000000000005,0.00017500000000000065,0.00015000000000000053,0.0001125000000000004,5.000000000000018e-05,0.00010000000000000036,6.250000000000022e-05,6.250000000000022e-05,3.750000000000013e-05,2.500000000000009e-05,2.500000000000009e-05,1.2500000000000045e-05,2.500000000000009e-05,2.500000000000009e-05,1.2500000000000045e-05,2.500000000000009e-05,0.0,0.0,0.0,0.0,0.0,0.0,0.0,0.0,0.0,0.0,0.0,0.0,0.0,0.0,0.0,0.0,0.0,0.0,0.0,0.0,0.0,0.0,0.0,0.0,0.0,0.0,0.0,0.0,0.0,0.0,0.0,0.0,0.0
13.45,0.1638192136177541,0.16029400363628235,0.15325464502738306,0.14688029406065053,0.13978451606128015,0.1321913586806372,0.12484779994349578,0.11173184357541939,0.09990399615984676,0.08806448145083295,0.07588854346747295,0.06497540609628832,0.052925000000000194,0.044337500000000155,0.035350000000000124,0.029562500000000106,0.02307500000000008,0.018850000000000065,0.015412500000000055,0.012600000000000045,0.009475000000000034,0.007600000000000027,0.005937500000000022,0.004762500000000017,0.0043250000000000155,0.0033625000000000117,0.002200000000000008,0.0016375000000000057,0.0012875000000000046,0.001075000000000004,0.0008750000000000032,0.0006250000000000022,0.0004125000000000015,0.00040000000000000143,0.00020000000000000071,0.00012500000000000044,0.00016250000000000056,0.00010000000000000036,5.000000000000018e-05,0.0001125000000000004,2.500000000000009e-05,7.500000000000026e-05,1.2500000000000045e-05,1.2500000000000045e-05,2.500000000000009e-05,1.2500000000000045e-05,5.000000000000018e-05,2.500000000000009e-05,1.2500000000000045e-05,2.500000000000009e-05,0.0,0.0,0.0,0.0,0.0,0.0,0.0,0.0,0.0,0.0,0.0,0.0,0.0,0.0,0.0,0.0,0.0,0.0,0.0,0.0,0.0,0.0,0.0,0.0,0.0,0.0,0.0,0.0,0.0,0.0,0.0,0.0,0.0,0.0
13.55,0.15904219532752362,0.15392926006417043,0.14962864787816438,0.14170422649671294,0.13693406711556877,0.12869092550202904,0.11995989669147533,0.108619152923115,0.09582883315332477,0.0840643914488064,0.07216349224801738,0.05942537140857046,0.05128749999999927,0.04167499999999941,0.032112499999999544,0.026599999999999624,0.022449999999999682,0.01781249999999975,0.0140999999999998,0.011674999999999835,0.008574999999999878,0.0066624999999999055,0.005949999999999916,0.004337499999999939,0.003999999999999943,0.002987499999999957,0.002249999999999968,0.0016749999999999762,0.0010999999999999845,0.0007374999999999895,0.0008624999999999877,0.0004874999999999931,0.00042499999999999396,0.0002749999999999961,0.00014999999999999787,0.00019999999999999716,0.0001749999999999975,9.999999999999858e-05,7.499999999999894e-05,4.999999999999929e-05,7.499999999999894e-05,3.749999999999947e-05,4.999999999999929e-05,3.749999999999947e-05,2.4999999999999645e-05,3.749999999999947e-05,2.4999999999999645e-05,1.2499999999999823e-05,2.4999999999999645e-05,0.0,0.0,0.0,0.0,0.0,0.0,0.0,0.0,0.0,0.0,0.0,0.0,0.0,0.0,0.0,0.0,0.0,0.0,0.0,0.0,0.0,0.0,0.0,0.0,0.0,0.0,0.0,0.0,0.0,0.0,0.0,0.0,0.0,0.0,0.0
13.650000000000002,0.15399006080068883,0.1502779729854779,0.1438520593163125,0.13704076465771114,0.13178325586279888,0.12376531595785022,0.11058412319016359,0.1028938022453879,0.0917286691467662,0.08046431044698533,0.06672591748136561,0.05596284976781125,0.04655000000000016,0.038150000000000135,0.03027500000000011,0.02548750000000009,0.01958750000000007,0.01572500000000006,0.013612500000000048,0.010300000000000037,0.00822500000000003,0.006187500000000022,0.005100000000000019,0.004250000000000015,0.0034625000000000124,0.002300000000000008,0.0016375000000000057,0.0012000000000000042,0.0010500000000000036,0.000837500000000003,0.0005125000000000019,0.00040000000000000143,0.00037500000000000136,0.00016250000000000056,0.00012500000000000044,0.0001375000000000005,7.500000000000026e-05,5.000000000000018e-05,0.00010000000000000036,5.000000000000018e-05,6.250000000000022e-05,3.750000000000013e-05,2.500000000000009e-05,1.2500000000000045e-05,2.500000000000009e-05,1.2500000000000045e-05,1.2500000000000045e-05,2.500000000000009e-05,0.0,0.0,0.0,0.0,0.0,0.0,0.0,0.0,0.0,0.0,0.0,0.0,0.0,0.0,0.0,0.0,0.0,0.0,0.0,0.0,0.0,0.0,0.0,0.0,0.0,0.0,0.0,0.0,0.0,0.0,0.0,0.0,0.0,0.0,0.0,0.0
13.75,0.14997586480287975,0.1462140404492589,0.1394258421065798,0.13574049647739894,0.12623238160010247,0.12073994156776945,0.10848394992586927,0.09826851894678583,0.08616594663786582,0.07493918613168822,0.06503839427792155,0.0529128307051921,0.04412500000000016,0.034650000000000125,0.029437500000000106,0.02311250000000008,0.018325000000000067,0.014687500000000053,0.012437500000000044,0.009287500000000034,0.0075625000000000275,0.005837500000000021,0.004637500000000017,0.004100000000000015,0.003325000000000012,0.0021125000000000076,0.0015625000000000057,0.0011750000000000042,0.0009125000000000033,0.000825000000000003,0.000562500000000002,0.0004750000000000017,0.0002625000000000009,0.00017500000000000065,0.00017500000000000065,0.00020000000000000071,8.750000000000032e-05,0.00010000000000000036,2.500000000000009e-05,7.500000000000026e-05,1.2500000000000045e-05,1.2500000000000045e-05,1.2500000000000045e-05,3.750000000000013e-05,2.500000000000009e-05,3.750000000000013e-05,2.500000000000009e-05,0.0,0.0,0.0,0.0,0.0,0.0,0.0,0.0,0.0,0.0,0.0,0.0,0.0,0.0,0.0,0.0,0.0,0.0,0.0,0.0,0.0,0.0,0.0,0.0,0.0,0.0,0.0,0.0,0.0,0.0,0.0,0.0,0.0,0.0,0.0,0.0,0.0
13.850000000000001,0.1465619224122197,0.1400493674020097,0.13549976243467002,0.12931417104777906,0.12478215318912772,0.11406411543428539,0.1056712178754751,0.0930431988959327,0.08264080563222558,0.07085159416086888,0.058988311089277684,0.05072531703323164,0.041450000000000146,0.03296250000000012,0.026500000000000096,0.022037500000000078,0.017862500000000062,0.01415000000000005,0.011487500000000041,0.00870000000000003,0.006675000000000024,0.005687500000000021,0.004237500000000015,0.0039000000000000137,0.00285000000000001,0.002137500000000008,0.001425000000000005,0.0010250000000000038,0.0008125000000000029,0.0006750000000000024,0.0004250000000000015,0.0003500000000000013,0.00021250000000000075,0.00010000000000000036,0.00016250000000000056,5.000000000000018e-05,3.750000000000013e-05,7.500000000000026e-05,6.250000000000022e-05,5.000000000000018e-05,5.000000000000018e-05,3.750000000000013e-05,2.500000000000009e-05,2.500000000000009e-05,2.500000000000009e-05,1.2500000000000045e-05,0.0,0.0,0.0,0.0,0.0,0.0,0.0,0.0,0.0,0.0,0.0,0.0,0.0,0.0,0.0,0.0,0.0,0.0,0.0,0.0,0.0,0.0,0.0,0.0,0.0,0.0,0.0,0.0,0.0,0.0,0.0,0.0,0.0,0.0,0.0,0.0,0.0,0.0
13.95,0.14177239883850978,0.13588539960336068,0.13348670884493283,0.12573843355192055,0.12010641676064022,0.10806337284238962,0.09929569189458165,0.08914296000630069,0.07880315212608532,0.06542647209562238,0.05505075694790823,0.046887793048706716,0.03921250000000014,0.029987500000000104,0.02573750000000009,0.02002500000000007,0.016225000000000055,0.013537500000000048,0.010462500000000036,0.007762500000000027,0.006100000000000021,0.005112500000000018,0.0042000000000000145,0.003387500000000012,0.0021125000000000076,0.0015125000000000054,0.0013625000000000048,0.001125000000000004,0.0008625000000000031,0.000575000000000002,0.0004250000000000015,0.00030000000000000106,0.00021250000000000075,0.00018750000000000068,0.00016250000000000056,8.750000000000032e-05,0.00010000000000000036,3.750000000000013e-05,7.500000000000026e-05,3.750000000000013e-05,1.2500000000000045e-05,1.2500000000000045e-05,2.500000000000009e-05,2.500000000000009e-05,1.2500000000000045e-05,1.2500000000000045e-05,0.0,0.0,0.0,0.0,0.0,0.0,0.0,0.0,0.0,0.0,0.0,0.0,0.0,0.0,0.0,0.0,0.0,0.0,0.0,0.0,0.0,0.0,0.0,0.0,0.0,0.0,0.0,0.0,0.0,0.0,0.0,0.0,0.0,0.0,0.0,0.0,0.0,0.0
14.05,0.13655769562640022,0.13360959738307565,0.1275975893370659,0.12420061637712602,0.11500561338410636,0.10498799226404118,0.09519535361667203,0.08464268436441612,0.07409046361854368,0.06446395043888396,0.052688224463085624,0.043537772111075075,0.034874999999999504,0.028962499999999586,0.022899999999999674,0.017987499999999747,0.014324999999999796,0.012387499999999826,0.009124999999999871,0.007474999999999894,0.0057249999999999185,0.004649999999999934,0.004024999999999943,0.003249999999999954,0.0020874999999999705,0.001624999999999977,0.001062499999999985,0.0007374999999999895,0.0008374999999999881,0.0004749999999999932,0.000349999999999995,0.00019999999999999716,8.749999999999875e-05,0.0001624999999999977,6.249999999999911e-05,3.749999999999947e-05,8.749999999999875e-05,4.999999999999929e-05,3.749999999999947e-05,1.2499999999999823e-05,2.4999999999999645e-05,3.749999999999947e-05,2.4999999999999645e-05,1.2499999999999823e-05,2.4999999999999645e-05,0.0,0.0,0.0,0.0,0.0,0.0,0.0,0.0,0.0,0.0,0.0,0.0,0.0,0.0,0.0,0.0,0.0,0.0,0.0,0.0,0.0,0.0,0.0,0.0,0.0,0.0,0.0,0.0,0.0,0.0,0.0,0.0,0.0,0.0,0.0,0.0,0.0,0.0,0.0
14.150000000000002,0.13251848906162902,0.13080861003503783,0.12400910250318882,0.11819937862184117,0.10691683940220623,0.10141254980303849,0.09089499883740441,0.079842390346409,0.06894025761030466,0.05893882612358799,0.05036319249389697,0.04236276476727995,0.03282500000000012,0.0275500000000001,0.02200000000000008,0.018200000000000063,0.01401250000000005,0.011487500000000041,0.008850000000000031,0.007037500000000025,0.005575000000000019,0.004250000000000015,0.0038875000000000138,0.0027875000000000096,0.001975000000000007,0.0013500000000000048,0.0010000000000000035,0.0007625000000000027,0.0004500000000000016,0.00037500000000000136,0.0003625000000000013,0.00023750000000000084,0.00016250000000000056,0.0001125000000000004,0.00010000000000000036,0.00010000000000000036,2.500000000000009e-05,8.750000000000032e-05,3.750000000000013e-05,2.500000000000009e-05,2.500000000000009e-05,2.500000000000009e-05,3.750000000000013e-05,2.500000000000009e-05,0.0,0.0,0.0,0.0,0.0,0.0,0.0,0.0,0.0,0.0,0.0,0.0,0.0,0.0,0.0,0.0,0.0,0.0,0.0,0.0,0.0,0.0,0.0,0.0,0.0,0.0,0.0,0.0,0.0,0.0,0.0,0.0,0.0,0.0,0.0,0.0,0.0,0.0,0.0,0.0
14.25,0.13075524409062877,0.12628201441008,0.12247117957438339,0.11498621590703123,0.10447895543548145,0.0956868412466046,0.08623211414941763,0.07745474410307658,0.06542761710468442,0.054588728246385734,0.04640063800877278,0.038537740860880514,0.030487500000000108,0.02500000000000009,0.02083750000000007,0.016125000000000056,0.01378750000000005,0.010862500000000039,0.007725000000000027,0.006012500000000021,0.005225000000000018,0.003975000000000014,0.003325000000000012,0.0020750000000000074,0.0015750000000000056,0.0012750000000000046,0.0010500000000000036,0.0008750000000000032,0.0005875000000000021,0.0004500000000000016,0.0002625000000000009,0.0001125000000000004,0.00017500000000000065,0.0001375000000000005,5.000000000000018e-05,7.500000000000026e-05,7.500000000000026e-05,2.500000000000009e-05,1.2500000000000045e-05,2.500000000000009e-05,2.500000000000009e-05,2.500000000000009e-05,0.0,0.0,0.0,0.0,0.0,0.0,0.0,0.0,0.0,0.0,0.0,0.0,0.0,0.0,0.0,0.0,0.0,0.0,0.0,0.0,0.0,0.0,0.0,0.0,0.0,0.0,0.0,0.0,0.0,0.0,0.0,0.0,0.0,0.0,0.0,0.0,0.0,0.0,0.0,0.0,0.0,0.0
14.350000000000001,0.12615329976915293,0.12118021602614966,0.11700717697366818,0.10708458619590329,0.10214108722123771,0.09087374562602155,0.08163173461810629,0.07234193094327053,0.06261500460018422,0.052551182401604224,0.044738115149083456,0.03570022312639467,0.0284875000000001,0.024162500000000087,0.018662500000000064,0.014662500000000052,0.012312500000000044,0.009425000000000032,0.007675000000000027,0.005962500000000022,0.004712500000000016,0.004187500000000015,0.0031625000000000112,0.0020250000000000073,0.0015750000000000056,0.0009875000000000036,0.0006750000000000024,0.0007125000000000025,0.00040000000000000143,0.0003375000000000012,0.00018750000000000068,0.0001375000000000005,0.0001125000000000004,0.00010000000000000036,8.750000000000032e-05,3.750000000000013e-05,6.250000000000022e-05,3.750000000000013e-05,3.750000000000013e-05,1.2500000000000045e-05,2.500000000000009e-05,1.2500000000000045e-05,2.500000000000009e-05,0.0,0.0,0.0,0.0,0.0,0.0,0.0,0.0,0.0,0.0,0.0,0.0,0.0,0.0,0.0,0.0,0.0,0.0,0.0,0.0,0.0,0.0,0.0,0.0,0.0,0.0,0.0,0.0,0.0,0.0,0.0,0.0,0.0,0.0,0.0,0.0,0.0,0.0,0.0,0.0,0.0
14.45,0.12166390299901753,0.11925453722437201,0.11294355947885709,0.10353385385735844,0.09645269129887991,0.08872347953059222,0.07784392212357547,0.06737912697152725,0.05852734109364396,0.04902610308731964,0.04098806358587445,0.033112706954418585,0.0278750000000001,0.021562500000000078,0.017075000000000062,0.01430000000000005,0.011875000000000044,0.008775000000000031,0.007025000000000025,0.005175000000000018,0.004275000000000016,0.003750000000000013,0.00275000000000001,0.002037500000000007,0.0012875000000000046,0.0010250000000000038,0.0007625000000000027,0.000550000000000002,0.00040000000000000143,0.0003125000000000011,0.00020000000000000071,0.00017500000000000065,0.00015000000000000053,3.750000000000013e-05,8.750000000000032e-05,5.000000000000018e-05,2.500000000000009e-05,1.2500000000000045e-05,1.2500000000000045e-05,2.500000000000009e-05,2.500000000000009e-05,2.500000000000009e-05,0.0,0.0,0.0,0.0,0.0,0.0,0.0,0.0,0.0,0.0,0.0,0.0,0.0,0.0,0.0,0.0,0.0,0.0,0.0,0.0,0.0,0.0,0.0,0.0,0.0,0.0,0.0,0.0,0.0,0.0,0.0,0.0,0.0,0.0,0.0,0.0,0.0,0.0,0.0,0.0,0.0,0.0
14.55,0.12126373392758268,0.11522811791156219,0.10600415114156242,0.10105834328330074,0.09272710451896042,0.0825477152797647,0.07540622101323252,0.0644414470386302,0.054477179087162715,0.04798857974304353,0.03922553935116552,0.030812692579328185,0.025112499999999646,0.0211249999999997,0.017187499999999755,0.013487499999999809,0.010874999999999845,0.008074999999999884,0.006224999999999911,0.005449999999999923,0.003924999999999944,0.00352499999999995,0.002249999999999968,0.001474999999999979,0.0012749999999999819,0.0009499999999999864,0.0008499999999999879,0.0004749999999999932,0.00039999999999999433,0.00021249999999999698,7.499999999999894e-05,0.00013749999999999806,7.499999999999894e-05,4.999999999999929e-05,2.4999999999999645e-05,7.499999999999894e-05,3.749999999999947e-05,3.749999999999947e-05,1.2499999999999823e-05,2.4999999999999645e-05,1.2499999999999823e-05,0.0,0.0,0.0,0.0,0.0,0.0,0.0,0.0,0.0,0.0,0.0,0.0,0.0,0.0,0.0,0.0,0.0,0.0,0.0,0.0,0.0,0.0,0.0,0.0,0.0,0.0,0.0,0.0,0.0,0.0,0.0,0.0,0.0,0.0,0.0,0.0,0.0,0.0,0.0,0.0,0.0,0.0,0.0
14.650000000000002,0.11442334386278243,0.11075153991782143,0.1021280852234368,0.09730756968624814,0.08786383855457265,0.07998489813114401,0.07010578372715774,0.06112874413557852,0.05153956158246348,0.04372598383463643,0.03698800858511818,0.028537678360489854,0.024475000000000087,0.01916250000000007,0.015225000000000054,0.012650000000000045,0.009862500000000034,0.007462500000000026,0.005687500000000021,0.004775000000000017,0.0038625000000000135,0.002987500000000011,0.0018500000000000066,0.0015250000000000053,0.0009625000000000034,0.0006875000000000025,0.0006250000000000022,0.0004250000000000015,0.0003500000000000013,0.00021250000000000075,0.00016250000000000056,0.00015000000000000053,7.500000000000026e-05,0.00012500000000000044,6.250000000000022e-05,3.750000000000013e-05,1.2500000000000045e-05,1.2500000000000045e-05,3.750000000000013e-05,3.750000000000013e-05,2.500000000000009e-05,0.0,0.0,0.0,0.0,0.0,0.0,0.0,0.0,0.0,0.0,0.0,0.0,0.0,0.0,0.0,0.0,0.0,0.0,0.0,0.0,0.0,0.0,0.0,0.0,0.0,0.0,0.0,0.0,0.0,0.0,0.0,0.0,0.0,0.0,0.0,0.0,0.0,0.0,0.0,0.0,0.0,0.0,0.0
14.75,0.1116096550792714,0.10349898339164591,0.09986496286478816,0.09105628035782413,0.08417575768183518,0.07597190152281372,0.06679301042336017,0.05751602285640015,0.0488269530781233,0.04135093039593406,0.032887952209343,0.027637672735454696,0.022050000000000076,0.017012500000000062,0.013700000000000047,0.011750000000000042,0.008712500000000031,0.007200000000000026,0.005337500000000019,0.004300000000000016,0.003950000000000014,0.00285000000000001,0.0021625000000000077,0.0012875000000000046,0.0009625000000000034,0.0007625000000000027,0.000562500000000002,0.00040000000000000143,0.000287500000000001,0.0001375000000000005,0.00017500000000000065,7.500000000000026e-05,3.750000000000013e-05,3.750000000000013e-05,7.500000000000026e-05,3.750000000000013e-05,3.750000000000013e-05,1.2500000000000045e-05,1.2500000000000045e-05,0.0,0.0,0.0,0.0,0.0,0.0,0.0,0.0,0.0,0.0,0.0,0.0,0.0,0.0,0.0,0.0,0.0,0.0,0.0,0.0,0.0,0.0,0.0,0.0,0.0,0.0,0.0,0.0,0.0,0.0,0.0,0.0,0.0,0.0,0.0,0.0,0.0,0.0,0.0,0.0,0.0,0.0,0.0,0.0,0.0
14.850000000000001,0.10596977222876704,0.09998524479879194,0.09645152416914686,0.087117968080917,0.07956253109864832,0.0724839698912743,0.062167628829378645,0.053878300045878,0.04711438457538318,0.03878837273838675,0.03116292849026685,0.026375164844780374,0.02071250000000007,0.01735000000000006,0.013475000000000048,0.01100000000000004,0.00851250000000003,0.006550000000000023,0.005462500000000019,0.003912500000000014,0.0032875000000000118,0.0024125000000000084,0.0015000000000000055,0.0012625000000000045,0.0010000000000000035,0.0008000000000000029,0.0004750000000000017,0.0003375000000000012,0.00017500000000000065,0.0001125000000000004,0.00010000000000000036,0.00010000000000000036,8.750000000000032e-05,5.000000000000018e-05,3.750000000000013e-05,1.2500000000000045e-05,1.2500000000000045e-05,3.750000000000013e-05,3.750000000000013e-05,2.500000000000009e-05,0.0,0.0,0.0,0.0,0.0,0.0,0.0,0.0,0.0,0.0,0.0,0.0,0.0,0.0,0.0,0.0,0.0,0.0,0.0,0.0,0.0,0.0,0.0,0.0,0.0,0.0,0.0,0.0,0.0,0.0,0.0,0.0,0.0,0.0,0.0,0.0,0.0,0.0,0.0,0.0,0.0,0.0,0.0,0.0
14.95,0.10159292300997208,0.09905991862131436,0.09066243216884676,0.08539261222627198,0.07664957230763872,0.06758336344122609,0.060329977223121126,0.05109062930104487,0.04350174006960294,0.03716333617506407,0.02902539909923772,0.023875149219682708,0.020475000000000073,0.015775000000000056,0.013112500000000046,0.010675000000000039,0.007512500000000026,0.005750000000000021,0.004887500000000018,0.0038250000000000137,0.0033625000000000117,0.0018500000000000066,0.0014000000000000052,0.0009375000000000032,0.0006500000000000022,0.0006000000000000021,0.00037500000000000136,0.0003500000000000013,0.00020000000000000071,0.00016250000000000056,0.00016250000000000056,3.750000000000013e-05,0.00010000000000000036,5.000000000000018e-05,3.750000000000013e-05,3.750000000000013e-05,1.2500000000000045e-05,1.2500000000000045e-05,1.2500000000000045e-05,0.0,0.0,0.0,0.0,0.0,0.0,0.0,0.0,0.0,0.0,0.0,0.0,0.0,0.0,0.0,0.0,0.0,0.0,0.0,0.0,0.0,0.0,0.0,0.0,0.0,0.0,0.0,0.0,0.0,0.0,0.0,0.0,0.0,0.0,0.0,0.0,0.0,0.0,0.0,0.0,0.0,0.0,0.0,0.0,0.0
15.05,0.09797889608359392,0.09373304089691484,0.08632373902823154,0.08007901629711014,0.07387413517628921,0.0648705277278054,0.05592961419317014,0.04785293099202258,0.040714128565142026,0.03342575207942131,0.02715037331763273,0.023012643829023603,0.017912499999999745,0.014512499999999793,0.012199999999999827,0.00908749999999987,0.007337499999999895,0.0056124999999999205,0.004512499999999936,0.0038374999999999456,0.0029124999999999585,0.0020249999999999713,0.001487499999999979,0.0010249999999999856,0.0007249999999999898,0.000562499999999992,0.0004499999999999936,0.00026249999999999624,0.0001124999999999984,0.00014999999999999787,7.499999999999894e-05,4.999999999999929e-05,1.2499999999999823e-05,6.249999999999911e-05,1.2499999999999823e-05,1.2499999999999823e-05,3.749999999999947e-05,3.749999999999947e-05,1.2499999999999823e-05,0.0,0.0,0.0,0.0,0.0,0.0,0.0,0.0,0.0,0.0,0.0,0.0,0.0,0.0,0.0,0.0,0.0,0.0,0.0,0.0,0.0,0.0,0.0,0.0,0.0,0.0,0.0,0.0,0.0,0.0,0.0,0.0,0.0,0.0,0.0,0.0,0.0,0.0,0.0,0.0,0.0,0.0,0.0,0.0,0.0
15.150000000000002,0.09541531296973006,0.08900637474709866,0.08462327139963521,0.07686585358230162,0.06903587315002137,0.05995741973069188,0.052591838826703395,0.046477846768114714,0.03955158206328267,0.031325704828358746,0.026900369880085945,0.021212632578953696,0.01633750000000006,0.013287500000000048,0.011250000000000041,0.00842500000000003,0.006775000000000024,0.005112500000000018,0.004000000000000014,0.0034750000000000124,0.002525000000000009,0.0016375000000000057,0.001100000000000004,0.0009375000000000032,0.0008125000000000029,0.00046250000000000165,0.000287500000000001,0.00017500000000000065,0.00012500000000000044,0.0001125000000000004,7.500000000000026e-05,0.00012500000000000044,5.000000000000018e-05,1.2500000000000045e-05,2.500000000000009e-05,1.2500000000000045e-05,1.2500000000000045e-05,1.2500000000000045e-05,0.0,0.0,0.0,0.0,0.0,0.0,0.0,0.0,0.0,0.0,0.0,0.0,0.0,0.0,0.0,0.0,0.0,0.0,0.0,0.0,0.0,0.0,0.0,0.0,0.0,0.0,0.0,0.0,0.0,0.0,0.0,0.0,0.0,0.0,0.0,0.0,0.0,0.0,0.0,0.0,0.0,0.0,0.0,0.0,0.0,0.0
15.25,0.0908633897821833,0.08486741576405714,0.07899672409912754,0.07312758256390407,0.06424761899999272,0.05906980988897397,0.05016663874769687,0.04302763544267102,0.0369639785591425,0.029450662639909503,0.02390032862951874,0.02021262632891463,0.01666250000000006,0.012700000000000046,0.010450000000000036,0.00818750000000003,0.005975000000000022,0.005300000000000019,0.0037750000000000136,0.003412500000000012,0.001962500000000007,0.001462500000000005,0.001075000000000004,0.0006875000000000025,0.0006500000000000022,0.00037500000000000136,0.0003500000000000013,0.00020000000000000071,0.00015000000000000053,0.0001375000000000005,2.500000000000009e-05,3.750000000000013e-05,7.500000000000026e-05,3.750000000000013e-05,1.2500000000000045e-05,2.500000000000009e-05,3.750000000000013e-05,1.2500000000000045e-05,0.0,0.0,0.0,0.0,0.0,0.0,0.0,0.0,0.0,0.0,0.0,0.0,0.0,0.0,0.0,0.0,0.0,0.0,0.0,0.0,0.0,0.0,0.0,0.0,0.0,0.0,0.0,0.0,0.0,0.0,0.0,0.0,0.0,0.0,0.0,0.0,0.0,0.0,0.0,0.0,0.0,0.0,0.0,0.0,0.0,0.0
15.350000000000001,0.08678666736696285,0.08342940886662578,0.07585836104928882,0.07028949720879957,0.06272237877465722,0.05421920962719155,0.04722889638395184,0.04089000451277655,0.03386385455418228,0.027188111732514078,0.023750326566990384,0.018687616797605052,0.014812500000000053,0.012762500000000045,0.009912500000000036,0.006887500000000025,0.005387500000000019,0.004500000000000016,0.003750000000000013,0.0028750000000000104,0.0019250000000000068,0.0015125000000000054,0.0009500000000000034,0.0006875000000000025,0.000537500000000002,0.00040000000000000143,0.00025000000000000087,8.750000000000032e-05,0.00015000000000000053,8.750000000000032e-05,8.750000000000032e-05,5.000000000000018e-05,3.750000000000013e-05,1.2500000000000045e-05,2.500000000000009e-05,2.500000000000009e-05,0.0,0.0,0.0,0.0,0.0,0.0,0.0,0.0,0.0,0.0,0.0,0.0,0.0,0.0,0.0,0.0,0.0,0.0,0.0,0.0,0.0,0.0,0.0,0.0,0.0,0.0,0.0,0.0,0.0,0.0,0.0,0.0,0.0,0.0,0.0,0.0,0.0,0.0,0.0,0.0,0.0,0.0,0.0,0.0,0.0,0.0,0.0,0.0
15.45,0.08308510345621054,0.07750231956764787,0.07314511490659958,0.06545099926859939,0.05875925458259697,0.05129384761364237,0.04520372930766805,0.03847735673810034,0.03095123804952209,0.026488095982159694,0.021912801301017967,0.017475109219432683,0.01376250000000005,0.011487500000000041,0.00867500000000003,0.006962500000000025,0.005487500000000019,0.0040500000000000145,0.003700000000000013,0.0027375000000000095,0.001987500000000007,0.001100000000000004,0.0009125000000000033,0.000837500000000003,0.00046250000000000165,0.0003375000000000012,0.00017500000000000065,0.0001375000000000005,0.0001125000000000004,5.000000000000018e-05,8.750000000000032e-05,5.000000000000018e-05,3.750000000000013e-05,3.750000000000013e-05,2.500000000000009e-05,2.500000000000009e-05,2.500000000000009e-05,0.0,0.0,0.0,0.0,0.0,0.0,0.0,0.0,0.0,0.0,0.0,0.0,0.0,0.0,0.0,0.0,0.0,0.0,0.0,0.0,0.0,0.0,0.0,0.0,0.0,0.0,0.0,0.0,0.0,0.0,0.0,0.0,0.0,0.0,0.0,0.0,0.0,0.0,0.0,0.0,0.0,0.0,0.0,0.0,0.0,0.0,0.0
15.55,0.0796586557820668,0.07518900412395263,0.07030683437945334,0.06277544743603279,0.056833951347336396,0.04853100571195616,0.04249100550795381,0.03642723116790852,0.029638685547421474,0.025425572075371338,0.01988777345688475,0.015800098750616966,0.013174999999999814,0.010924999999999845,0.008149999999999885,0.006499999999999908,0.004837499999999931,0.0039374999999999445,0.003337499999999953,0.0023624999999999666,0.0013624999999999807,0.001199999999999983,0.0008124999999999885,0.0007624999999999892,0.0003749999999999947,0.00033749999999999525,0.00019999999999999716,0.00014999999999999787,0.00012499999999999821,3.749999999999947e-05,2.4999999999999645e-05,4.999999999999929e-05,1.2499999999999823e-05,1.2499999999999823e-05,2.4999999999999645e-05,1.2499999999999823e-05,0.0,0.0,0.0,0.0,0.0,0.0,0.0,0.0,0.0,0.0,0.0,0.0,0.0,0.0,0.0,0.0,0.0,0.0,0.0,0.0,0.0,0.0,0.0,0.0,0.0,0.0,0.0,0.0,0.0,0.0,0.0,0.0,0.0,0.0,0.0,0.0,0.0,0.0,0.0,0.0,0.0,0.0,0.0,0.0,0.0,0.0,0.0,0.0
15.650000000000002,0.07558193336684776,0.07168776993890372,0.06531796243967114,0.0581119855970296,0.05204569719730876,0.045980690110401325,0.040503341525676015,0.03481463239623439,0.027751110044401877,0.022925515824106124,0.019800272253743558,0.01587509921937018,0.012312500000000044,0.010312500000000037,0.007700000000000027,0.005725000000000021,0.005137500000000018,0.0035125000000000126,0.0031000000000000107,0.001712500000000006,0.0013625000000000048,0.0009500000000000034,0.0007125000000000025,0.00040000000000000143,0.0003500000000000013,0.0002625000000000009,8.750000000000032e-05,0.0001375000000000005,0.0001125000000000004,8.750000000000032e-05,6.250000000000022e-05,2.500000000000009e-05,2.500000000000009e-05,1.2500000000000045e-05,2.500000000000009e-05,2.500000000000009e-05,0.0,0.0,0.0,0.0,0.0,0.0,0.0,0.0,0.0,0.0,0.0,0.0,0.0,0.0,0.0,0.0,0.0,0.0,0.0,0.0,0.0,0.0,0.0,0.0,0.0,0.0,0.0,0.0,0.0,0.0,0.0,0.0,0.0,0.0,0.0,0.0,0.0,0.0,0.0,0.0,0.0,0.0,0.0,0.0,0.0,0.0,0.0,0.0
15.75,0.07305586610342896,0.06879925173623727,0.06229213033584258,0.05747435408553034,0.04885769508697637,0.044743036950822816,0.03776561566329236,0.031064402694665157,0.02605104204168176,0.02227550119877705,0.017737743893978607,0.014450090313064509,0.012125000000000044,0.009175000000000034,0.006975000000000025,0.00556250000000002,0.004487500000000016,0.003750000000000013,0.0028750000000000104,0.0019250000000000068,0.001450000000000005,0.0008875000000000031,0.0006625000000000024,0.0005250000000000018,0.00038750000000000134,0.00016250000000000056,0.0001375000000000005,0.0001125000000000004,2.500000000000009e-05,7.500000000000026e-05,5.000000000000018e-05,3.750000000000013e-05,1.2500000000000045e-05,3.750000000000013e-05,1.2500000000000045e-05,0.0,0.0,0.0,0.0,0.0,0.0,0.0,0.0,0.0,0.0,0.0,0.0,0.0,0.0,0.0,0.0,0.0,0.0,0.0,0.0,0.0,0.0,0.0,0.0,0.0,0.0,0.0,0.0,0.0,0.0,0.0,0.0,0.0,0.0,0.0,0.0,0.0,0.0,0.0,0.0,0.0,0.0,0.0,0.0,0.0,0.0,0.0,0.0,0.0
15.850000000000001,0.06986701881544977,0.06429766492688696,0.05896621570932027,0.05309845155563354,0.047319952892580744,0.04126760686634986,0.03622798880907688,0.02968931847075644,0.025526021040841725,0.02028795647902085,0.01611272154992137,0.012912580703629443,0.011112500000000039,0.008550000000000032,0.006675000000000024,0.004875000000000017,0.003937500000000014,0.003650000000000013,0.002487500000000009,0.0016375000000000057,0.0010250000000000038,0.0009375000000000032,0.0007750000000000027,0.0004125000000000015,0.0003125000000000011,0.00020000000000000071,0.0001375000000000005,0.00012500000000000044,5.000000000000018e-05,2.500000000000009e-05,5.000000000000018e-05,1.2500000000000045e-05,2.500000000000009e-05,1.2500000000000045e-05,1.2500000000000045e-05,0.0,0.0,0.0,0.0,0.0,0.0,0.0,0.0,0.0,0.0,0.0,0.0,0.0,0.0,0.0,0.0,0.0,0.0,0.0,0.0,0.0,0.0,0.0,0.0,0.0,0.0,0.0,0.0,0.0,0.0,0.0,0.0,0.0,0.0,0.0,0.0,0.0,0.0,0.0,0.0,0.0,0.0,0.0,0.0,0.0,0.0,0.0,0.0,0.0
15.95,0.06607791792032157,0.06190932303637054,0.05601540423616515,0.05032287909381328,0.04486956695679586,0.03936737171224953,0.034540349578840376,0.02723916839906454,0.022825913036521542,0.019450437634846853,0.015612714674826833,0.013050081563009814,0.010675000000000039,0.007950000000000028,0.006237500000000022,0.0049125000000000175,0.0036125000000000133,0.003062500000000011,0.002150000000000008,0.0015000000000000055,0.001075000000000004,0.0006375000000000023,0.000537500000000002,0.0003250000000000011,0.00025000000000000087,0.00010000000000000036,0.00015000000000000053,0.0001125000000000004,7.500000000000026e-05,6.250000000000022e-05,1.2500000000000045e-05,3.750000000000013e-05,2.500000000000009e-05,2.500000000000009e-05,1.2500000000000045e-05,0.0,0.0,0.0,0.0,0.0,0.0,0.0,0.0,0.0,0.0,0.0,0.0,0.0,0.0,0.0,0.0,0.0,0.0,0.0,0.0,0.0,0.0,0.0,0.0,0.0,0.0,0.0,0.0,0.0,0.0,0.0,0.0,0.0,0.0,0.0,0.0,0.0,0.0,0.0,0.0,0.0,0.0,0.0,0.0,0.0,0.0,0.0,0.0,0.0
16.05,0.06256393326180222,0.05780787727673923,0.054502488184249895,0.04748479373870793,0.043606868081722254,0.03706708705202216,0.030340003050251214,0.025676572690076904,0.02283841353654114,0.019100429759669323,0.015375211409156658,0.012137575859848952,0.009974999999999857,0.007187499999999898,0.005649999999999919,0.004662499999999933,0.0035624999999999494,0.003037499999999957,0.0017874999999999747,0.0013749999999999804,0.0008749999999999877,0.0006124999999999913,0.0005499999999999922,0.00039999999999999433,0.00021249999999999698,0.0001124999999999984,0.0001124999999999984,2.4999999999999645e-05,7.499999999999894e-05,6.249999999999911e-05,3.749999999999947e-05,1.2499999999999823e-05,2.4999999999999645e-05,1.2499999999999823e-05,0.0,0.0,0.0,0.0,0.0,0.0,0.0,0.0,0.0,0.0,0.0,0.0,0.0,0.0,0.0,0.0,0.0,0.0,0.0,0.0,0.0,0.0,0.0,0.0,0.0,0.0,0.0,0.0,0.0,0.0,0.0,0.0,0.0,0.0,0.0,0.0,0.0,0.0,0.0,0.0,0.0,0.0,0.0,0.0,0.0,0.0,0.0,0.0,0.0,0.0
16.15,0.06002536071490333,0.05531950012379482,0.049951236590063335,0.04528433989510433,0.039868779332745755,0.03552939676285016,0.029564939107476998,0.025451558907983656,0.021463358534341833,0.01688787997729985,0.01392519147138303,0.011400071250445558,0.009100000000000195,0.006762500000000144,0.005112500000000109,0.004475000000000095,0.003662500000000078,0.0028750000000000615,0.0018625000000000397,0.0011875000000000253,0.0009750000000000208,0.0008125000000000173,0.0004250000000000091,0.00030000000000000637,0.00017500000000000374,0.0001625000000000035,0.00012500000000000266,3.7500000000000796e-05,2.5000000000000533e-05,5.0000000000001066e-05,1.2500000000000267e-05,1.2500000000000267e-05,2.5000000000000533e-05,2.5000000000000533e-05,0.0,0.0,0.0,0.0,0.0,0.0,0.0,0.0,0.0,0.0,0.0,0.0,0.0,0.0,0.0,0.0,0.0,0.0,0.0,0.0,0.0,0.0,0.0,0.0,0.0,0.0,0.0,0.0,0.0,0.0,0.0,0.0,0.0,0.0,0.0,0.0,0.0,0.0,0.0,0.0,0.0,0.0,0.0,0.0,0.0,0.0,0.0,0.0,0.0,0.0
16.25,0.05588611188226947,0.05373144033271652,0.04717547325514449,0.043396450517918704,0.03808099775714621,0.033979204926609184,0.02721474521647997,0.023988969324370776,0.019175767030680954,0.015487848476590503,0.012200167752306422,0.010800067500421725,0.008024999999999886,0.006512499999999908,0.004849999999999932,0.0039624999999999435,0.0034124999999999516,0.002374999999999966,0.0015624999999999778,0.0010874999999999845,0.000774999999999989,0.0007499999999999894,0.0003749999999999947,0.00029999999999999575,0.0001624999999999977,0.00013749999999999806,6.249999999999911e-05,8.749999999999875e-05,6.249999999999911e-05,0.0,3.749999999999947e-05,2.4999999999999645e-05,1.2499999999999823e-05,0.0,0.0,0.0,0.0,0.0,0.0,0.0,0.0,0.0,0.0,0.0,0.0,0.0,0.0,0.0,0.0,0.0,0.0,0.0,0.0,0.0,0.0,0.0,0.0,0.0,0.0,0.0,0.0,0.0,0.0,0.0,0.0,0.0,0.0,0.0,0.0,0.0,0.0,0.0,0.0,0.0,0.0,0.0,0.0,0.0,0.0,0.0,0.0,0.0,0.0,0.0
16.35,0.054885689203687776,0.04936740200920754,0.045424991872764366,0.040608375477441644,0.03655575753181074,0.029753682018149322,0.025614613205589096,0.021901341457163943,0.01870074802992093,0.015425347070308864,0.012650173939891493,0.010400065000406104,0.00778749999999989,0.006199999999999912,0.004799999999999932,0.003449999999999951,0.003024999999999957,0.001987499999999972,0.0013124999999999812,0.0009999999999999857,0.0006249999999999911,0.0003749999999999947,0.000349999999999995,0.0002374999999999966,7.499999999999894e-05,9.999999999999858e-05,7.499999999999894e-05,7.499999999999894e-05,6.249999999999911e-05,3.749999999999947e-05,1.2499999999999823e-05,2.4999999999999645e-05,1.2499999999999823e-05,0.0,0.0,0.0,0.0,0.0,0.0,0.0,0.0,0.0,0.0,0.0,0.0,0.0,0.0,0.0,0.0,0.0,0.0,0.0,0.0,0.0,0.0,0.0,0.0,0.0,0.0,0.0,0.0,0.0,0.0,0.0,0.0,0.0,0.0,0.0,0.0,0.0,0.0,0.0,0.0,0.0,0.0,0.0,0.0,0.0,0.0,0.0,0.0,0.0,0.0,0.0
16.450000000000003,0.051121598875526,0.046703963147010315,0.0432994073370186,0.039158076353248694,0.033880336152944814,0.0289785861000305,0.024852050294149795,0.021313805470585527,0.01735069402776148,0.014400324007290471,0.011937664142882219,0.009575059844124231,0.006950000000000148,0.005475000000000117,0.004537500000000097,0.003475000000000074,0.0029500000000000632,0.001737500000000037,0.00141250000000003,0.0009000000000000192,0.0006125000000000131,0.0005375000000000115,0.0003625000000000077,0.0001625000000000035,0.00013750000000000294,0.00015000000000000319,2.5000000000000533e-05,2.5000000000000533e-05,5.0000000000001066e-05,1.2500000000000267e-05,1.2500000000000267e-05,2.5000000000000533e-05,1.2500000000000267e-05,0.0,0.0,0.0,0.0,0.0,0.0,0.0,0.0,0.0,0.0,0.0,0.0,0.0,0.0,0.0,0.0,0.0,0.0,0.0,0.0,0.0,0.0,0.0,0.0,0.0,0.0,0.0,0.0,0.0,0.0,0.0,0.0,0.0,0.0,0.0,0.0,0.0,0.0,0.0,0.0,0.0,0.0,0.0,0.0,0.0,0.0,0.0,0.0,0.0,0.0,0.0
16.55,0.04793275158754506,0.04491583283107232,0.041986546300231964,0.037132658610837956,0.03296769241155435,0.026978338569397582,0.023926973975352626,0.019451191385472084,0.016338153526140813,0.013250298131707776,0.010987651080202197,0.008862555390971067,0.006624999999999905,0.005049999999999929,0.004399999999999938,0.003587499999999949,0.00281249999999996,0.0019249999999999727,0.0011124999999999842,0.0008374999999999881,0.0008249999999999884,0.0004124999999999942,0.00029999999999999575,0.00018749999999999735,0.0001624999999999977,4.999999999999929e-05,8.749999999999875e-05,6.249999999999911e-05,0.0,3.749999999999947e-05,2.4999999999999645e-05,1.2499999999999823e-05,0.0,0.0,0.0,0.0,0.0,0.0,0.0,0.0,0.0,0.0,0.0,0.0,0.0,0.0,0.0,0.0,0.0,0.0,0.0,0.0,0.0,0.0,0.0,0.0,0.0,0.0,0.0,0.0,0.0,0.0,0.0,0.0,0.0,0.0,0.0,0.0,0.0,0.0,0.0,0.0,0.0,0.0,0.0,0.0,0.0,0.0,0.0,0.0,0.0,0.0,0.0,0.0
16.65,0.045794348112078324,0.04246496890153869,0.03831053539723506,0.03484468671663605,0.029342121384118625,0.025165614244763327,0.02168928936637319,0.018563637022768042,0.014850594023761267,0.011837766349743121,0.010512644548862773,0.007775048594053879,0.006425000000000136,0.004725000000000101,0.0038125000000000814,0.0033625000000000716,0.0023375000000000496,0.001450000000000031,0.0011000000000000235,0.0008250000000000177,0.0006750000000000143,0.0003125000000000067,0.0002500000000000053,8.750000000000187e-05,0.00010000000000000213,7.500000000000159e-05,7.500000000000159e-05,5.0000000000001066e-05,3.7500000000000796e-05,1.2500000000000267e-05,2.5000000000000533e-05,1.2500000000000267e-05,0.0,0.0,0.0,0.0,0.0,0.0,0.0,0.0,0.0,0.0,0.0,0.0,0.0,0.0,0.0,0.0,0.0,0.0,0.0,0.0,0.0,0.0,0.0,0.0,0.0,0.0,0.0,0.0,0.0,0.0,0.0,0.0,0.0,0.0,0.0,0.0,0.0,0.0,0.0,0.0,0.0,0.0,0.0,0.0,0.0,0.0,0.0,0.0,0.0,0.0,0.0,0.0
16.75,0.04336832311651611,0.04185225291915341,0.036722598714646004,0.033069320547362425,0.028429477642728324,0.024328010591310328,0.021501773896346145,0.018551136257095483,0.015000600024000747,0.01197526944356231,0.010087638705032051,0.007562547265920304,0.006024999999999915,0.004637499999999934,0.003449999999999951,0.002949999999999958,0.001962499999999972,0.0012624999999999822,0.0009249999999999869,0.0006124999999999913,0.0003749999999999947,0.00039999999999999433,0.0002249999999999968,0.0001124999999999984,0.00012499999999999821,4.999999999999929e-05,3.749999999999947e-05,4.999999999999929e-05,1.2499999999999823e-05,1.2499999999999823e-05,2.4999999999999645e-05,1.2499999999999823e-05,0.0,0.0,0.0,0.0,0.0,0.0,0.0,0.0,0.0,0.0,0.0,0.0,0.0,0.0,0.0,0.0,0.0,0.0,0.0,0.0,0.0,0.0,0.0,0.0,0.0,0.0,0.0,0.0,0.0,0.0,0.0,0.0,0.0,0.0,0.0,0.0,0.0,0.0,0.0,0.0,0.0,0.0,0.0,0.0,0.0,0.0,0.0,0.0,0.0,0.0,0.0,0.0
16.85,0.042192826469182626,0.038138443801439464,0.03563479956988121,0.030956384754355144,0.02596658973788335,0.0238654533498517,0.019664122290088654,0.016213493076450702,0.013400536021440666,0.011575260443359811,0.009350128564267625,0.006975043594022364,0.005237499999999926,0.004624999999999934,0.0033124999999999526,0.002949999999999958,0.0016874999999999761,0.0013624999999999807,0.0008874999999999874,0.0006374999999999909,0.0004749999999999932,0.00029999999999999575,0.00013749999999999806,0.00014999999999999787,8.749999999999875e-05,3.749999999999947e-05,4.999999999999929e-05,1.2499999999999823e-05,3.749999999999947e-05,2.4999999999999645e-05,1.2499999999999823e-05,0.0,0.0,0.0,0.0,0.0,0.0,0.0,0.0,0.0,0.0,0.0,0.0,0.0,0.0,0.0,0.0,0.0,0.0,0.0,0.0,0.0,0.0,0.0,0.0,0.0,0.0,0.0,0.0,0.0,0.0,0.0,0.0,0.0,0.0,0.0,0.0,0.0,0.0,0.0,0.0,0.0,0.0,0.0,0.0,0.0,0.0,0.0,0.0,0.0,0.0,0.0,0.0,0.0
16.950000000000003,0.03985433845799936,0.036575392825971935,0.03293405686563875,0.028180812292535936,0.024691388893751293,0.02142765167189485,0.018464023281921153,0.014713401195823558,0.012738009520381085,0.011012747786825438,0.008600118251626142,0.006487540547128559,0.005000000000000107,0.0042500000000000905,0.0034875000000000743,0.0026500000000000564,0.0017750000000000378,0.0011000000000000235,0.0008250000000000177,0.0007375000000000158,0.00041250000000000883,0.0003125000000000067,0.00018750000000000402,0.00012500000000000266,0.0001125000000000024,0.00010000000000000213,3.7500000000000796e-05,3.7500000000000796e-05,1.2500000000000267e-05,2.5000000000000533e-05,2.5000000000000533e-05,0.0,0.0,0.0,0.0,0.0,0.0,0.0,0.0,0.0,0.0,0.0,0.0,0.0,0.0,0.0,0.0,0.0,0.0,0.0,0.0,0.0,0.0,0.0,0.0,0.0,0.0,0.0,0.0,0.0,0.0,0.0,0.0,0.0,0.0,0.0,0.0,0.0,0.0,0.0,0.0,0.0,0.0,0.0,0.0,0.0,0.0,0.0,0.0,0.0,0.0,0.0,0.0,0.0
17.05,0.03786599838431684,0.034874793364660546,0.0321588436820121,0.027205611157300805,0.02400378059544344,0.02112761454229931,0.017801468621160995,0.015013419571948568,0.011900476019040594,0.010100227255113097,0.007600104501436787,0.0061250382814891716,0.0048999999999999305,0.003662499999999948,0.0033749999999999523,0.002262499999999968,0.0014499999999999795,0.001062499999999985,0.0008249999999999884,0.0006624999999999906,0.00028749999999999593,0.0002249999999999968,6.249999999999911e-05,0.0001124999999999984,2.4999999999999645e-05,6.249999999999911e-05,6.249999999999911e-05,1.2499999999999823e-05,1.2499999999999823e-05,2.4999999999999645e-05,0.0,0.0,0.0,0.0,0.0,0.0,0.0,0.0,0.0,0.0,0.0,0.0,0.0,0.0,0.0,0.0,0.0,0.0,0.0,0.0,0.0,0.0,0.0,0.0,0.0,0.0,0.0,0.0,0.0,0.0,0.0,0.0,0.0,0.0,0.0,0.0,0.0,0.0,0.0,0.0,0.0,0.0,0.0,0.0,0.0,0.0,0.0,0.0,0.0,0.0,0.0,0.0,0.0,0.0
17.15,0.03523988885304116,0.033111671864332885,0.028557853409688274,0.025467752723999867,0.023078634884994877,0.019902462929787985,0.016676375801003937,0.014125865209244366,0.011487959518380981,0.009662717411141957,0.007412601923276603,0.005900036875230596,0.004362500000000093,0.0034875000000000743,0.002962500000000063,0.0020750000000000443,0.00140000000000003,0.0009750000000000208,0.0005750000000000122,0.00040000000000000853,0.00043750000000000933,0.00018750000000000402,0.00013750000000000294,0.00015000000000000319,3.7500000000000796e-05,1.2500000000000267e-05,2.5000000000000533e-05,2.5000000000000533e-05,2.5000000000000533e-05,1.2500000000000267e-05,0.0,0.0,0.0,0.0,0.0,0.0,0.0,0.0,0.0,0.0,0.0,0.0,0.0,0.0,0.0,0.0,0.0,0.0,0.0,0.0,0.0,0.0,0.0,0.0,0.0,0.0,0.0,0.0,0.0,0.0,0.0,0.0,0.0,0.0,0.0,0.0,0.0,0.0,0.0,0.0,0.0,0.0,0.0,0.0,0.0,0.0,0.0,0.0,0.0,0.0,0.0,0.0,0.0,0.0
17.25,0.0347271722302668,0.03213632805563916,0.027307509565130023,0.023642376240099183,0.021153331649734534,0.018202252528750174,0.01560128710618604,0.012950793236085527,0.011375455018200567,0.009250208129682786,0.006875094532549725,0.005312533203332446,0.0046749999999999335,0.0032874999999999532,0.0028499999999999598,0.0015874999999999776,0.0012749999999999819,0.0008874999999999874,0.0005874999999999917,0.0004499999999999936,0.00024999999999999643,0.0001624999999999977,0.0001124999999999984,2.4999999999999645e-05,8.749999999999875e-05,4.999999999999929e-05,3.749999999999947e-05,1.2499999999999823e-05,2.4999999999999645e-05,1.2499999999999823e-05,0.0,0.0,0.0,0.0,0.0,0.0,0.0,0.0,0.0,0.0,0.0,0.0,0.0,0.0,0.0,0.0,0.0,0.0,0.0,0.0,0.0,0.0,0.0,0.0,0.0,0.0,0.0,0.0,0.0,0.0,0.0,0.0,0.0,0.0,0.0,0.0,0.0,0.0,0.0,0.0,0.0,0.0,0.0,0.0,0.0,0.0,0.0,0.0,0.0,0.0,0.0,0.0,0.0,0.0
17.35,0.0320010204311317,0.028122413150635198,0.025844607266998058,0.02366738139741288,0.02074076667075035,0.017627181363693508,0.014201171596656521,0.011763220497255289,0.01045041801672052,0.008275186191689196,0.00630008662619102,0.004712529453309016,0.0040499999999999425,0.0033124999999999526,0.002512499999999964,0.0017874999999999747,0.001199999999999983,0.0008499999999999879,0.0007624999999999892,0.0003749999999999947,0.00029999999999999575,0.0001749999999999975,0.00014999999999999787,9.999999999999858e-05,7.499999999999894e-05,6.249999999999911e-05,1.2499999999999823e-05,2.4999999999999645e-05,2.4999999999999645e-05,1.2499999999999823e-05,0.0,0.0,0.0,0.0,0.0,0.0,0.0,0.0,0.0,0.0,0.0,0.0,0.0,0.0,0.0,0.0,0.0,0.0,0.0,0.0,0.0,0.0,0.0,0.0,0.0,0.0,0.0,0.0,0.0,0.0,0.0,0.0,0.0,0.0,0.0,0.0,0.0,0.0,0.0,0.0,0.0,0.0,0.0,0.0,0.0,0.0,0.0,0.0,0.0,0.0,0.0,0.0,0.0,0.0
17.450000000000003,0.030687965665494327,0.027309626643392378,0.02408162244617321,0.022554651896954228,0.01950307173379849,0.0167145684278433,0.014401188098018394,0.011900728919646582,0.009675387015480826,0.0074876684725407915,0.006100083876153427,0.005012531328320909,0.0036500000000000777,0.0033875000000000723,0.002487500000000053,0.001637500000000035,0.0009625000000000204,0.0007500000000000161,0.000700000000000015,0.00030000000000000637,0.0002250000000000048,5.0000000000001066e-05,7.500000000000159e-05,3.7500000000000796e-05,2.5000000000000533e-05,5.0000000000001066e-05,1.2500000000000267e-05,2.5000000000000533e-05,1.2500000000000267e-05,0.0,0.0,0.0,0.0,0.0,0.0,0.0,0.0,0.0,0.0,0.0,0.0,0.0,0.0,0.0,0.0,0.0,0.0,0.0,0.0,0.0,0.0,0.0,0.0,0.0,0.0,0.0,0.0,0.0,0.0,0.0,0.0,0.0,0.0,0.0,0.0,0.0,0.0,0.0,0.0,0.0,0.0,0.0,0.0,0.0,0.0,0.0,0.0,0.0,0.0,0.0,0.0,0.0,0.0,0.0
17.55,0.027799245181088613,0.025696558036707576,0.023581484908349458,0.020504228997230388,0.01781530591068068,0.015139373497470096,0.01303857568249362,0.010700655415144025,0.009300372014880463,0.007250163128670292,0.005912581297992763,0.004350027187669861,0.00353749999999995,0.0029999999999999576,0.0020624999999999706,0.0012374999999999823,0.0009499999999999864,0.000562499999999992,0.00031249999999999556,0.0004124999999999942,0.00018749999999999735,0.00014999999999999787,0.00014999999999999787,3.749999999999947e-05,4.999999999999929e-05,0.0,2.4999999999999645e-05,2.4999999999999645e-05,0.0,0.0,0.0,0.0,0.0,0.0,0.0,0.0,0.0,0.0,0.0,0.0,0.0,0.0,0.0,0.0,0.0,0.0,0.0,0.0,0.0,0.0,0.0,0.0,0.0,0.0,0.0,0.0,0.0,0.0,0.0,0.0,0.0,0.0,0.0,0.0,0.0,0.0,0.0,0.0,0.0,0.0,0.0,0.0,0.0,0.0,0.0,0.0,0.0,0.0,0.0,0.0,0.0,0.0,0.0,0.0
17.65,0.026761306652061063,0.023970949759790836,0.022593713271150048,0.020204167109466757,0.017377736993576857,0.014051738902689508,0.012388522053069641,0.011075678385301336,0.009100364014560778,0.006762652159673737,0.005075069782209614,0.004637528984556253,0.0031125000000000666,0.0028375000000000605,0.0015625000000000333,0.0012875000000000276,0.0008250000000000177,0.0005750000000000122,0.0005000000000000106,0.00027500000000000587,0.00015000000000000319,0.00010000000000000213,5.0000000000001066e-05,7.500000000000159e-05,3.7500000000000796e-05,3.7500000000000796e-05,1.2500000000000267e-05,0.0,2.5000000000000533e-05,0.0,0.0,0.0,0.0,0.0,0.0,0.0,0.0,0.0,0.0,0.0,0.0,0.0,0.0,0.0,0.0,0.0,0.0,0.0,0.0,0.0,0.0,0.0,0.0,0.0,0.0,0.0,0.0,0.0,0.0,0.0,0.0,0.0,0.0,0.0,0.0,0.0,0.0,0.0,0.0,0.0,0.0,0.0,0.0,0.0,0.0,0.0,0.0,0.0,0.0,0.0,0.0,0.0,0.0,0.0
17.75,0.02496054583061308,0.023220685291564944,0.02039310810472851,0.018403795782879956,0.016477595221247112,0.014539299238280531,0.011263429232911557,0.009800600286767425,0.008000320012800398,0.006000135003037483,0.004750065313397992,0.003787523672022896,0.0033874999999999517,0.0024999999999999645,0.0017249999999999755,0.0012374999999999823,0.0008499999999999879,0.0007499999999999894,0.00042499999999999396,0.0003249999999999954,0.0001749999999999975,0.00014999999999999787,7.499999999999894e-05,7.499999999999894e-05,4.999999999999929e-05,1.2499999999999823e-05,1.2499999999999823e-05,2.4999999999999645e-05,0.0,0.0,0.0,0.0,0.0,0.0,0.0,0.0,0.0,0.0,0.0,0.0,0.0,0.0,0.0,0.0,0.0,0.0,0.0,0.0,0.0,0.0,0.0,0.0,0.0,0.0,0.0,0.0,0.0,0.0,0.0,0.0,0.0,0.0,0.0,0.0,0.0,0.0,0.0,0.0,0.0,0.0,0.0,0.0,0.0,0.0,0.0,0.0,0.0,0.0,0.0,0.0,0.0,0.0,0.0,0.0
17.85,0.023497427663187364,0.022758022202826172,0.020768211258095682,0.017628635906155394,0.014952354995911644,0.01335165226696785,0.011038410668880026,0.009788099521095528,0.0072002880115203585,0.006137638096857092,0.004825066344662171,0.0038625241407758246,0.003174999999999955,0.002424999999999966,0.0017374999999999752,0.0008999999999999872,0.0007999999999999887,0.0006374999999999909,0.00028749999999999593,0.00019999999999999716,6.249999999999911e-05,7.499999999999894e-05,3.749999999999947e-05,2.4999999999999645e-05,3.749999999999947e-05,2.4999999999999645e-05,2.4999999999999645e-05,1.2499999999999823e-05,0.0,0.0,0.0,0.0,0.0,0.0,0.0,0.0,0.0,0.0,0.0,0.0,0.0,0.0,0.0,0.0,0.0,0.0,0.0,0.0,0.0,0.0,0.0,0.0,0.0,0.0,0.0,0.0,0.0,0.0,0.0,0.0,0.0,0.0,0.0,0.0,0.0,0.0,0.0,0.0,0.0,0.0,0.0,0.0,0.0,0.0,0.0,0.0,0.0,0.0,0.0,0.0,0.0,0.0,0.0,0.0
17.950000000000003,0.022997216323897337,0.02090736984787182,0.018967716121933938,0.01700350697331361,0.014064715192643141,0.012113999107389799,0.010825893136183965,0.00906305511212581,0.007175287011480612,0.00571262853414214,0.004250058438303617,0.0034125213282583744,0.003137500000000067,0.0021750000000000463,0.0012125000000000258,0.001075000000000023,0.0006250000000000133,0.00041250000000000883,0.0003125000000000067,0.00021250000000000454,0.0001125000000000024,0.00015000000000000319,5.0000000000001066e-05,5.0000000000001066e-05,0.0,1.2500000000000267e-05,2.5000000000000533e-05,2.5000000000000533e-05,0.0,0.0,0.0,0.0,0.0,0.0,0.0,0.0,0.0,0.0,0.0,0.0,0.0,0.0,0.0,0.0,0.0,0.0,0.0,0.0,0.0,0.0,0.0,0.0,0.0,0.0,0.0,0.0,0.0,0.0,0.0,0.0,0.0,0.0,0.0,0.0,0.0,0.0,0.0,0.0,0.0,0.0,0.0,0.0,0.0,0.0,0.0,0.0,0.0,0.0,0.0,0.0,0.0,0.0,0.0,0.0
18.05,0.022209383464513444,0.020119592156234788,0.017779889469603887,0.015790756843598767,0.014127225037943275,0.011026364512608279,0.010413359102125777,0.008600526782265291,0.006462758510340322,0.0050501136275565486,0.0043875603289544604,0.003250020312626908,0.0026499999999999623,0.0017249999999999755,0.001187499999999983,0.0007249999999999898,0.0005874999999999917,0.0004874999999999931,0.000349999999999995,0.00013749999999999806,0.00013749999999999806,4.999999999999929e-05,6.249999999999911e-05,4.999999999999929e-05,3.749999999999947e-05,2.4999999999999645e-05,2.4999999999999645e-05,0.0,0.0,0.0,0.0,0.0,0.0,0.0,0.0,0.0,0.0,0.0,0.0,0.0,0.0,0.0,0.0,0.0,0.0,0.0,0.0,0.0,0.0,0.0,0.0,0.0,0.0,0.0,0.0,0.0,0.0,0.0,0.0,0.0,0.0,0.0,0.0,0.0,0.0,0.0,0.0,0.0,0.0,0.0,0.0,0.0,0.0,0.0,0.0,0.0,0.0,0.0,0.0,0.0,0.0,0.0,0.0,0.0
18.15,0.02008348527252807,0.01916925716315042,0.01689214533996885,0.014840560865678863,0.013352102956215889,0.011426414018735061,0.009513284845999998,0.007575463997169988,0.005912736509460504,0.004837608846199142,0.004000055000756345,0.003112519453246649,0.0026375000000000565,0.0015375000000000328,0.0013250000000000282,0.0008000000000000171,0.0005875000000000125,0.00040000000000000853,0.0002625000000000056,0.00013750000000000294,0.00013750000000000294,7.500000000000159e-05,7.500000000000159e-05,5.0000000000001066e-05,1.2500000000000267e-05,2.5000000000000533e-05,1.2500000000000267e-05,0.0,0.0,0.0,0.0,0.0,0.0,0.0,0.0,0.0,0.0,0.0,0.0,0.0,0.0,0.0,0.0,0.0,0.0,0.0,0.0,0.0,0.0,0.0,0.0,0.0,0.0,0.0,0.0,0.0,0.0,0.0,0.0,0.0,0.0,0.0,0.0,0.0,0.0,0.0,0.0,0.0,0.0,0.0,0.0,0.0,0.0,0.0,0.0,0.0,0.0,0.0,0.0,0.0,0.0,0.0,0.0,0.0
18.25,0.020008453571633732,0.01781878112034467,0.017067193478206264,0.013502784949395621,0.012026894235841974,0.010551305724083205,0.009288266281968131,0.00685041958819968,0.005987739509580298,0.004650104627354049,0.003837552766350483,0.0031750198438739792,0.002537499999999964,0.0016374999999999766,0.0009374999999999866,0.0008249999999999884,0.00069999999999999,0.0003249999999999954,0.0002749999999999961,8.749999999999875e-05,8.749999999999875e-05,3.749999999999947e-05,2.4999999999999645e-05,2.4999999999999645e-05,3.749999999999947e-05,1.2499999999999823e-05,1.2499999999999823e-05,0.0,0.0,0.0,0.0,0.0,0.0,0.0,0.0,0.0,0.0,0.0,0.0,0.0,0.0,0.0,0.0,0.0,0.0,0.0,0.0,0.0,0.0,0.0,0.0,0.0,0.0,0.0,0.0,0.0,0.0,0.0,0.0,0.0,0.0,0.0,0.0,0.0,0.0,0.0,0.0,0.0,0.0,0.0,0.0,0.0,0.0,0.0,0.0,0.0,0.0,0.0,0.0,0.0,0.0,0.0,0.0,0.0
18.35,0.018820451640817977,0.01669338441800711,0.014841581434894384,0.01414041646089486,0.010789199298889423,0.01028877323568777,0.008650713683878796,0.007087934135965727,0.005650226009040281,0.004225095064638894,0.003512548297539041,0.0031125194532465386,0.0021499999999999696,0.001337499999999981,0.000987499999999986,0.0007249999999999898,0.0005499999999999922,0.00026249999999999624,0.0001749999999999975,9.999999999999858e-05,0.00014999999999999787,3.749999999999947e-05,4.999999999999929e-05,3.749999999999947e-05,1.2499999999999823e-05,1.2499999999999823e-05,1.2499999999999823e-05,0.0,0.0,0.0,0.0,0.0,0.0,0.0,0.0,0.0,0.0,0.0,0.0,0.0,0.0,0.0,0.0,0.0,0.0,0.0,0.0,0.0,0.0,0.0,0.0,0.0,0.0,0.0,0.0,0.0,0.0,0.0,0.0,0.0,0.0,0.0,0.0,0.0,0.0,0.0,0.0,0.0,0.0,0.0,0.0,0.0,0.0,0.0,0.0,0.0,0.0,0.0,0.0,0.0,0.0,0.0,0.0,0.0
18.450000000000003,0.01729480705598152,0.017043507836512733,0.013878816674585806,0.012790137965955751,0.01140179578283604,0.0096261912411663,0.007850647678433638,0.00606287135087037,0.00492519700788042,0.0042125947833827155,0.003100042625586168,0.0028125175782349235,0.0019500000000000415,0.0013125000000000278,0.0008875000000000189,0.0005375000000000115,0.0003625000000000077,0.00037500000000000803,0.00013750000000000294,0.00015000000000000319,2.5000000000000533e-05,7.500000000000159e-05,5.0000000000001066e-05,1.2500000000000267e-05,1.2500000000000267e-05,2.5000000000000533e-05,0.0,0.0,0.0,0.0,0.0,0.0,0.0,0.0,0.0,0.0,0.0,0.0,0.0,0.0,0.0,0.0,0.0,0.0,0.0,0.0,0.0,0.0,0.0,0.0,0.0,0.0,0.0,0.0,0.0,0.0,0.0,0.0,0.0,0.0,0.0,0.0,0.0,0.0,0.0,0.0,0.0,0.0,0.0,0.0,0.0,0.0,0.0,0.0,0.0,0.0,0.0,0.0,0.0,0.0,0.0,0.0,0.0,0.0
18.55,0.01686962741758369,0.01493026291767827,0.013528720398109286,0.01175242393743693,0.010076587062462195,0.009351157205704072,0.00732560436235979,0.006087872882213949,0.0047001880075202345,0.003937588595743348,0.00315004331309551,0.002600016250101526,0.0013749999999999804,0.0011624999999999834,0.0007999999999999887,0.0005749999999999919,0.0004874999999999931,0.00026249999999999624,0.00018749999999999735,0.00012499999999999821,9.999999999999858e-05,7.499999999999894e-05,4.999999999999929e-05,0.0,2.4999999999999645e-05,1.2499999999999823e-05,0.0,0.0,0.0,0.0,0.0,0.0,0.0,0.0,0.0,0.0,0.0,0.0,0.0,0.0,0.0,0.0,0.0,0.0,0.0,0.0,0.0,0.0,0.0,0.0,0.0,0.0,0.0,0.0,0.0,0.0,0.0,0.0,0.0,0.0,0.0,0.0,0.0,0.0,0.0,0.0,0.0,0.0,0.0,0.0,0.0,0.0,0.0,0.0,0.0,0.0,0.0,0.0,0.0,0.0,0.0,0.0,0.0,0.0
18.65,0.016657037598385674,0.014530121867958764,0.013466203205881905,0.010777222802203184,0.010526657948627133,0.00861356592878387,0.0069880765163127445,0.005600343021010156,0.004625185007400394,0.004050091127050445,0.0030000412505672594,0.0024625153907212446,0.0016750000000000358,0.0012000000000000255,0.0007875000000000168,0.0006875000000000146,0.0003125000000000067,0.0002875000000000061,0.00010000000000000213,8.750000000000187e-05,2.5000000000000533e-05,2.5000000000000533e-05,2.5000000000000533e-05,3.7500000000000796e-05,2.5000000000000533e-05,1.2500000000000267e-05,0.0,0.0,0.0,0.0,0.0,0.0,0.0,0.0,0.0,0.0,0.0,0.0,0.0,0.0,0.0,0.0,0.0,0.0,0.0,0.0,0.0,0.0,0.0,0.0,0.0,0.0,0.0,0.0,0.0,0.0,0.0,0.0,0.0,0.0,0.0,0.0,0.0,0.0,0.0,0.0,0.0,0.0,0.0,0.0,0.0,0.0,0.0,0.0,0.0,0.0,0.0,0.0,0.0,0.0,0.0,0.0,0.0,0.0
18.75,0.014631181674257168,0.013029592931508172,0.012078321538422896,0.011214813055192474,0.009726531928778644,0.00850105200518552,0.006525538356914352,0.005562840723994265,0.003925157006280195,0.003212572282876319,0.0031375431412181474,0.002275014218838835,0.0016749999999999762,0.0008749999999999877,0.0007624999999999892,0.0006124999999999913,0.00029999999999999575,0.00019999999999999716,7.499999999999894e-05,9.999999999999858e-05,3.749999999999947e-05,4.999999999999929e-05,0.0,1.2499999999999823e-05,0.0,1.2499999999999823e-05,0.0,0.0,0.0,0.0,0.0,0.0,0.0,0.0,0.0,0.0,0.0,0.0,0.0,0.0,0.0,0.0,0.0,0.0,0.0,0.0,0.0,0.0,0.0,0.0,0.0,0.0,0.0,0.0,0.0,0.0,0.0,0.0,0.0,0.0,0.0,0.0,0.0,0.0,0.0,0.0,0.0,0.0,0.0,0.0,0.0,0.0,0.0,0.0,0.0,0.0,0.0,0.0,0.0,0.0,0.0,0.0,0.0,0.0
18.85,0.014068443917554968,0.013554778059265698,0.011565680562154429,0.009902042296223455,0.008788884249269135,0.007288401939739939,0.005975492978170614,0.00477529248666474,0.00422516900676021,0.003300074251670616,0.002862539359916158,0.002062512890705538,0.0011374999999999838,0.0010374999999999853,0.0005874999999999917,0.0003874999999999945,0.00033749999999999525,0.0001749999999999975,0.00012499999999999821,9.999999999999858e-05,7.499999999999894e-05,3.749999999999947e-05,3.749999999999947e-05,1.2499999999999823e-05,2.4999999999999645e-05,0.0,0.0,0.0,0.0,0.0,0.0,0.0,0.0,0.0,0.0,0.0,0.0,0.0,0.0,0.0,0.0,0.0,0.0,0.0,0.0,0.0,0.0,0.0,0.0,0.0,0.0,0.0,0.0,0.0,0.0,0.0,0.0,0.0,0.0,0.0,0.0,0.0,0.0,0.0,0.0,0.0,0.0,0.0,0.0,0.0,0.0,0.0,0.0,0.0,0.0,0.0,0.0,0.0,0.0,0.0,0.0,0.0,0.0,0.0
18.950000000000003,0.013118042372902832,0.012504407803751089,0.01059041236340016,0.010302124813242951,0.008688868496788429,0.006850847792414457,0.005662967194793691,0.004600281767258343,0.0042251690067603605,0.002925065813980877,0.002712537297387897,0.0016500103125644888,0.0011625000000000246,0.0006875000000000146,0.000562500000000012,0.00047500000000001014,0.0003125000000000067,0.00013750000000000294,0.00012500000000000266,6.250000000000133e-05,7.500000000000159e-05,5.0000000000001066e-05,1.2500000000000267e-05,2.5000000000000533e-05,1.2500000000000267e-05,0.0,0.0,0.0,0.0,0.0,0.0,0.0,0.0,0.0,0.0,0.0,0.0,0.0,0.0,0.0,0.0,0.0,0.0,0.0,0.0,0.0,0.0,0.0,0.0,0.0,0.0,0.0,0.0,0.0,0.0,0.0,0.0,0.0,0.0,0.0,0.0,0.0,0.0,0.0,0.0,0.0,0.0,0.0,0.0,0.0,0.0,0.0,0.0,0.0,0.0,0.0,0.0,0.0,0.0,0.0,0.0,0.0,0.0,0.0
19.05,0.013155558223349179,0.01142902873262809,0.010590412363399785,0.009551970093831718,0.008501338960886218,0.006600816851085229,0.005525455850107556,0.004525277173226796,0.0036751470058801828,0.003175071439107335,0.002462533859840538,0.0014625091406821086,0.0012249999999999826,0.000774999999999989,0.0006124999999999913,0.0004124999999999942,0.00026249999999999624,0.00014999999999999787,0.0001124999999999984,6.249999999999911e-05,3.749999999999947e-05,3.749999999999947e-05,3.749999999999947e-05,2.4999999999999645e-05,2.4999999999999645e-05,0.0,0.0,0.0,0.0,0.0,0.0,0.0,0.0,0.0,0.0,0.0,0.0,0.0,0.0,0.0,0.0,0.0,0.0,0.0,0.0,0.0,0.0,0.0,0.0,0.0,0.0,0.0,0.0,0.0,0.0,0.0,0.0,0.0,0.0,0.0,0.0,0.0,0.0,0.0,0.0,0.0,0.0,0.0,0.0,0.0,0.0,0.0,0.0,0.0,0.0,0.0,0.0,0.0,0.0,0.0,0.0,0.0,0.0,0.0
19.150000000000002,0.012117619694320677,0.010591233409776796,0.010202805771587041,0.008676789587852372,0.007563691281376709,0.006175764250825952,0.005312938317411111,0.0038627365926162424,0.0033626345053801676,0.0030625689078003816,0.002300031625434817,0.001525009531309549,0.0009749999999999862,0.000774999999999989,0.0005874999999999917,0.00028749999999999593,0.00024999999999999643,7.499999999999894e-05,7.499999999999894e-05,3.749999999999947e-05,1.2499999999999823e-05,0.0,0.0,0.0,0.0,0.0,0.0,0.0,0.0,0.0,0.0,0.0,0.0,0.0,0.0,0.0,0.0,0.0,0.0,0.0,0.0,0.0,0.0,0.0,0.0,0.0,0.0,0.0,0.0,0.0,0.0,0.0,0.0,0.0,0.0,0.0,0.0,0.0,0.0,0.0,0.0,0.0,0.0,0.0,0.0,0.0,0.0,0.0,0.0,0.0,0.0,0.0,0.0,0.0,0.0,0.0,0.0,0.0,0.0,0.0,0.0,0.0,0.0,0.0
19.25,0.011704945339406149,0.010853825973655945,0.00960264072619991,0.00860177411591159,0.006713557385288326,0.005500680709237885,0.004775393970002627,0.004125252671726231,0.003200128005120273,0.0027750624389049345,0.002112529047274445,0.0014875092969331377,0.0009250000000000198,0.0007375000000000158,0.0006375000000000136,0.0002625000000000056,0.00017500000000000374,0.00010000000000000213,0.00015000000000000319,3.7500000000000796e-05,5.0000000000001066e-05,3.7500000000000796e-05,2.5000000000000533e-05,2.5000000000000533e-05,0.0,0.0,0.0,0.0,0.0,0.0,0.0,0.0,0.0,0.0,0.0,0.0,0.0,0.0,0.0,0.0,0.0,0.0,0.0,0.0,0.0,0.0,0.0,0.0,0.0,0.0,0.0,0.0,0.0,0.0,0.0,0.0,0.0,0.0,0.0,0.0,0.0,0.0,0.0,0.0,0.0,0.0,0.0,0.0,0.0,0.0,0.0,0.0,0.0,0.0,0.0,0.0,0.0,0.0,0.0,0.0,0.0,0.0,0.0,0.0
19.35,0.01016679547108639,0.009603385193280495,0.009265047888169115,0.008326717385460633,0.006751063292468469,0.005925733309496966,0.004300354779269229,0.0041377534373979825,0.0030376215048601514,0.0025875582200599145,0.0018625256097271074,0.0011375071094194176,0.0009124999999999871,0.0004874999999999931,0.0002749999999999961,0.0003749999999999947,0.00012499999999999821,0.00013749999999999806,2.4999999999999645e-05,6.249999999999911e-05,4.999999999999929e-05,1.2499999999999823e-05,0.0,1.2499999999999823e-05,0.0,0.0,0.0,0.0,0.0,0.0,0.0,0.0,0.0,0.0,0.0,0.0,0.0,0.0,0.0,0.0,0.0,0.0,0.0,0.0,0.0,0.0,0.0,0.0,0.0,0.0,0.0,0.0,0.0,0.0,0.0,0.0,0.0,0.0,0.0,0.0,0.0,0.0,0.0,0.0,0.0,0.0,0.0,0.0,0.0,0.0,0.0,0.0,0.0,0.0,0.0,0.0,0.0,0.0,0.0,0.0,0.0,0.0,0.0,0.0
19.450000000000003,0.010842080779129414,0.010278623214683395,0.008814924104128824,0.007389023986197311,0.006213478622883236,0.0052381482208424405,0.004512872311965834,0.003550217450818938,0.0028876155046202463,0.0026000585013163354,0.0013500185627552666,0.0011250070312939695,0.0007750000000000165,0.000562500000000012,0.00047500000000001014,0.00023750000000000507,0.0001625000000000035,0.00013750000000000294,0.00010000000000000213,7.500000000000159e-05,3.7500000000000796e-05,2.5000000000000533e-05,3.7500000000000796e-05,1.2500000000000267e-05,0.0,0.0,0.0,0.0,0.0,0.0,0.0,0.0,0.0,0.0,0.0,0.0,0.0,0.0,0.0,0.0,0.0,0.0,0.0,0.0,0.0,0.0,0.0,0.0,0.0,0.0,0.0,0.0,0.0,0.0,0.0,0.0,0.0,0.0,0.0,0.0,0.0,0.0,0.0,0.0,0.0,0.0,0.0,0.0,0.0,0.0,0.0,0.0,0.0,0.0,0.0,0.0,0.0,0.0,0.0,0.0,0.0,0.0,0.0,0.0
19.55,0.009541531296972836,0.009215748551364224,0.008227262497186609,0.006776397632011506,0.0057259018295380704,0.0050756281089784135,0.003887820745211425,0.0035002143881312235,0.0029376175047001467,0.0023125520324206966,0.0015375211409156657,0.0012250076562978346,0.0006874999999999902,0.0006499999999999908,0.0003624999999999949,0.00024999999999999643,0.00014999999999999787,7.499999999999894e-05,2.4999999999999645e-05,2.4999999999999645e-05,2.4999999999999645e-05,1.2499999999999823e-05,1.2499999999999823e-05,1.2499999999999823e-05,0.0,0.0,0.0,0.0,0.0,0.0,0.0,0.0,0.0,0.0,0.0,0.0,0.0,0.0,0.0,0.0,0.0,0.0,0.0,0.0,0.0,0.0,0.0,0.0,0.0,0.0,0.0,0.0,0.0,0.0,0.0,0.0,0.0,0.0,0.0,0.0,0.0,0.0,0.0,0.0,0.0,0.0,0.0,0.0,0.0,0.0,0.0,0.0,0.0,0.0,0.0,0.0,0.0,0.0,0.0,0.0,0.0,0.0,0.0,0.0
19.650000000000002,0.010154290187604118,0.00872807664701795,0.008114731551176459,0.00658885895215879,0.005475862448335535,0.004413046114456602,0.003962826933221935,0.00306268758961482,0.0029626185047401474,0.0021625486573447596,0.001650022687811934,0.0008250051562822151,0.0007999999999999887,0.0005499999999999922,0.00029999999999999575,0.00024999999999999643,4.999999999999929e-05,8.749999999999875e-05,2.4999999999999645e-05,4.999999999999929e-05,3.749999999999947e-05,1.2499999999999823e-05,2.4999999999999645e-05,0.0,0.0,0.0,0.0,0.0,0.0,0.0,0.0,0.0,0.0,0.0,0.0,0.0,0.0,0.0,0.0,0.0,0.0,0.0,0.0,0.0,0.0,0.0,0.0,0.0,0.0,0.0,0.0,0.0,0.0,0.0,0.0,0.0,0.0,0.0,0.0,0.0,0.0,0.0,0.0,0.0,0.0,0.0,0.0,0.0,0.0,0.0,0.0,0.0,0.0,0.0,0.0,0.0,0.0,0.0,0.0,0.0,0.0,0.0,0.0,0.0
19.75,0.009116351658575942,0.00850299730655074,0.007039435844857486,0.0061762738564830316,0.005213321098073058,0.004188018267260662,0.003925323839216819,0.0029501806985678504,0.00270010800432023,0.002012545282268894,0.0011625159845948128,0.0009000056250351757,0.0006125000000000131,0.0005375000000000115,0.00023750000000000507,0.00017500000000000374,0.0001125000000000024,0.0001125000000000024,7.500000000000159e-05,3.7500000000000796e-05,1.2500000000000267e-05,1.2500000000000267e-05,1.2500000000000267e-05,0.0,0.0,0.0,0.0,0.0,0.0,0.0,0.0,0.0,0.0,0.0,0.0,0.0,0.0,0.0,0.0,0.0,0.0,0.0,0.0,0.0,0.0,0.0,0.0,0.0,0.0,0.0,0.0,0.0,0.0,0.0,0.0,0.0,0.0,0.0,0.0,0.0,0.0,0.0,0.0,0.0,0.0,0.0,0.0,0.0,0.0,0.0,0.0,0.0,0.0,0.0,0.0,0.0,0.0,0.0,0.0,0.0,0.0,0.0,0.0,0.0
19.85,0.008628645602767047,0.008002820994400412,0.006701843006826782,0.005701175867522596,0.005163313221832365,0.004238024455526311,0.0035752949618343007,0.002812672276176876,0.0025626025041001277,0.0015125340320156987,0.001100015125207956,0.0008500053125331913,0.0004999999999999929,0.0003624999999999949,0.000349999999999995,0.0001124999999999984,0.00012499999999999821,4.999999999999929e-05,6.249999999999911e-05,4.999999999999929e-05,0.0,2.4999999999999645e-05,0.0,0.0,0.0,0.0,0.0,0.0,0.0,0.0,0.0,0.0,0.0,0.0,0.0,0.0,0.0,0.0,0.0,0.0,0.0,0.0,0.0,0.0,0.0,0.0,0.0,0.0,0.0,0.0,0.0,0.0,0.0,0.0,0.0,0.0,0.0,0.0,0.0,0.0,0.0,0.0,0.0,0.0,0.0,0.0,0.0,0.0,0.0,0.0,0.0,0.0,0.0,0.0,0.0,0.0,0.0,0.0,0.0,0.0,0.0,0.0,0.0,0.0
19.950000000000003,0.008378539933121923,0.007302574157390636,0.006314236415014263,0.005438621715728985,0.004600724614126824,0.003750464119934922,0.003250268147122207,0.0029001776358802598,0.002187587503500187,0.001425032063221453,0.0010875149533306314,0.0007000043750273588,0.0005000000000000106,0.00040000000000000853,0.00023750000000000507,0.0001625000000000035,0.00012500000000000266,7.500000000000159e-05,6.250000000000133e-05,3.7500000000000796e-05,3.7500000000000796e-05,2.5000000000000533e-05,2.5000000000000533e-05,0.0,0.0,0.0,0.0,0.0,0.0,0.0,0.0,0.0,0.0,0.0,0.0,0.0,0.0,0.0,0.0,0.0,0.0,0.0,0.0,0.0,0.0,0.0,0.0,0.0,0.0,0.0,0.0,0.0,0.0,0.0,0.0,0.0,0.0,0.0,0.0,0.0,0.0,0.0,0.0,0.0,0.0,0.0,0.0,0.0,0.0,0.0,0.0,0.0,0.0,0.0,0.0,0.0,0.0,0.0,0.0,0.0,0.0,0.0,0.0,0.0
20.05,0.007890833877313052,0.006889928699866605,0.006114181399884882,0.005288590771846618,0.004175657666082349,0.003987993514197325,0.003000247520420392,0.002950180698567745,0.002250090003600112,0.0014625329069903866,0.0011500158127174085,0.0007625047656547745,0.00069999999999999,0.000349999999999995,0.00029999999999999575,0.0001124999999999984,7.499999999999894e-05,3.749999999999947e-05,0.0,0.0,0.0,0.0,0.0,0.0,0.0,0.0,0.0,0.0,0.0,0.0,0.0,0.0,0.0,0.0,0.0,0.0,0.0,0.0,0.0,0.0,0.0,0.0,0.0,0.0,0.0,0.0,0.0,0.0,0.0,0.0,0.0,0.0,0.0,0.0,0.0,0.0,0.0,0.0,0.0,0.0,0.0,0.0,0.0,0.0,0.0,0.0,0.0,0.0,0.0,0.0,0.0,0.0,0.0,0.0,0.0,0.0,0.0,0.0,0.0,0.0,0.0,0.0,0.0,0.0
20.150000000000002,0.007265569703199498,0.00621469067846407,0.005413988846932829,0.005176067563934988,0.004375689171044378,0.003637950196336745,0.002950243395080052,0.002550156197067034,0.0018500740029600922,0.0015750354382973392,0.0008125111720286038,0.0007625047656547745,0.0005124999999999928,0.00028749999999999593,0.00018749999999999735,6.249999999999911e-05,8.749999999999875e-05,2.4999999999999645e-05,4.999999999999929e-05,3.749999999999947e-05,2.4999999999999645e-05,2.4999999999999645e-05,0.0,0.0,0.0,0.0,0.0,0.0,0.0,0.0,0.0,0.0,0.0,0.0,0.0,0.0,0.0,0.0,0.0,0.0,0.0,0.0,0.0,0.0,0.0,0.0,0.0,0.0,0.0,0.0,0.0,0.0,0.0,0.0,0.0,0.0,0.0,0.0,0.0,0.0,0.0,0.0,0.0,0.0,0.0,0.0,0.0,0.0,0.0,0.0,0.0,0.0,0.0,0.0,0.0,0.0,0.0,0.0,0.0,0.0,0.0,0.0,0.0,0.0
20.25,0.006790368930873438,0.006339734756501802,0.005363975093150731,0.004363399951240037,0.003600567089316644,0.0036004455551375252,0.0027127237997135343,0.002600159259754716,0.0018875755030201612,0.0010125227817626113,0.0009375128908022686,0.0005375033593960077,0.0004875000000000104,0.00023750000000000507,0.00018750000000000402,0.00010000000000000213,0.0001125000000000024,7.500000000000159e-05,5.0000000000001066e-05,1.2500000000000267e-05,0.0,1.2500000000000267e-05,0.0,0.0,0.0,0.0,0.0,0.0,0.0,0.0,0.0,0.0,0.0,0.0,0.0,0.0,0.0,0.0,0.0,0.0,0.0,0.0,0.0,0.0,0.0,0.0,0.0,0.0,0.0,0.0,0.0,0.0,0.0,0.0,0.0,0.0,0.0,0.0,0.0,0.0,0.0,0.0,0.0,0.0,0.0,0.0,0.0,0.0,0.0,0.0,0.0,0.0,0.0,0.0,0.0,0.0,0.0,0.0,0.0,0.0,0.0,0.0,0.0,0.0
20.35,0.006115083622830559,0.005526948249257785,0.005113906324239093,0.004375902529896729,0.0039006143467595596,0.002962866654748483,0.002862736175734457,0.002187633992582015,0.001262550502020063,0.0010500236255315595,0.0007125097970096987,0.0005000031250195243,0.000349999999999995,0.000349999999999995,0.0001124999999999984,0.00012499999999999821,6.249999999999911e-05,6.249999999999911e-05,3.749999999999947e-05,1.2499999999999823e-05,2.4999999999999645e-05,2.4999999999999645e-05,0.0,0.0,0.0,0.0,0.0,0.0,0.0,0.0,0.0,0.0,0.0,0.0,0.0,0.0,0.0,0.0,0.0,0.0,0.0,0.0,0.0,0.0,0.0,0.0,0.0,0.0,0.0,0.0,0.0,0.0,0.0,0.0,0.0,0.0,0.0,0.0,0.0,0.0,0.0,0.0,0.0,0.0,0.0,0.0,0.0,0.0,0.0,0.0,0.0,0.0,0.0,0.0,0.0,0.0,0.0,0.0,0.0,0.0,0.0,0.0,0.0,0.0
20.450000000000003,0.006402705142923021,0.005314373316594213,0.00500137537822912,0.004013327748848285,0.004063139944541352,0.0030503774842137363,0.00288773823840473,0.002250137820941581,0.0014375575023001226,0.0011375255943258966,0.0007250099688870877,0.0005250032812705192,0.00041250000000000883,0.0002250000000000048,0.00017500000000000374,0.00012500000000000266,5.0000000000001066e-05,5.0000000000001066e-05,3.7500000000000796e-05,2.5000000000000533e-05,2.5000000000000533e-05,0.0,0.0,0.0,0.0,0.0,0.0,0.0,0.0,0.0,0.0,0.0,0.0,0.0,0.0,0.0,0.0,0.0,0.0,0.0,0.0,0.0,0.0,0.0,0.0,0.0,0.0,0.0,0.0,0.0,0.0,0.0,0.0,0.0,0.0,0.0,0.0,0.0,0.0,0.0,0.0,0.0,0.0,0.0,0.0,0.0,0.0,0.0,0.0,0.0,0.0,0.0,0.0,0.0,0.0,0.0,0.0,0.0,0.0,0.0,0.0,0.0,0.0,0.0
20.55,0.005627377567021987,0.005426912986827779,0.004388706894395896,0.003863296804965969,0.0032130060484525857,0.0027628419016852944,0.0025752124550275034,0.0020126232731754535,0.001625065002600081,0.0010000225005062473,0.0007000096251323356,0.0006625041406508697,0.000349999999999995,0.00028749999999999593,8.749999999999875e-05,7.499999999999894e-05,3.749999999999947e-05,0.0,0.0,1.2499999999999823e-05,2.4999999999999645e-05,0.0,0.0,0.0,0.0,0.0,0.0,0.0,0.0,0.0,0.0,0.0,0.0,0.0,0.0,0.0,0.0,0.0,0.0,0.0,0.0,0.0,0.0,0.0,0.0,0.0,0.0,0.0,0.0,0.0,0.0,0.0,0.0,0.0,0.0,0.0,0.0,0.0,0.0,0.0,0.0,0.0,0.0,0.0,0.0,0.0,0.0,0.0,0.0,0.0,0.0,0.0,0.0,0.0,0.0,0.0,0.0,0.0,0.0,0.0,0.0,0.0,0.0,0.0
20.650000000000002,0.005164682078177957,0.004951745490285255,0.004213658756157884,0.0037882813330248825,0.003363029677174107,0.0028128480899510915,0.0023626949223310586,0.0017376064283937144,0.0010500420016800523,0.0008125182816613259,0.0007500103126417882,0.0005000031250195243,0.0002749999999999961,0.00018749999999999735,6.249999999999911e-05,8.749999999999875e-05,2.4999999999999645e-05,6.249999999999911e-05,3.749999999999947e-05,1.2499999999999823e-05,1.2499999999999823e-05,0.0,0.0,0.0,0.0,0.0,0.0,0.0,0.0,0.0,0.0,0.0,0.0,0.0,0.0,0.0,0.0,0.0,0.0,0.0,0.0,0.0,0.0,0.0,0.0,0.0,0.0,0.0,0.0,0.0,0.0,0.0,0.0,0.0,0.0,0.0,0.0,0.0,0.0,0.0,0.0,0.0,0.0,0.0,0.0,0.0,0.0,0.0,0.0,0.0,0.0,0.0,0.0,0.0,0.0,0.0,0.0,0.0,0.0,0.0,0.0,0.0,0.0,0.0
20.75,0.005364766613894486,0.004689152926406658,0.004088624371702305,0.004063338063475678,0.0030504804506710456,0.002737838807552493,0.002337692859660972,0.0015125926462996179,0.0011500460018400982,0.0009000202504556544,0.0005000068750945432,0.0004625028906430764,0.0002250000000000048,0.00017500000000000374,0.00010000000000000213,0.0001125000000000024,7.500000000000159e-05,3.7500000000000796e-05,1.2500000000000267e-05,2.5000000000000533e-05,0.0,0.0,0.0,0.0,0.0,0.0,0.0,0.0,0.0,0.0,0.0,0.0,0.0,0.0,0.0,0.0,0.0,0.0,0.0,0.0,0.0,0.0,0.0,0.0,0.0,0.0,0.0,0.0,0.0,0.0,0.0,0.0,0.0,0.0,0.0,0.0,0.0,0.0,0.0,0.0,0.0,0.0,0.0,0.0,0.0,0.0,0.0,0.0,0.0,0.0,0.0,0.0,0.0,0.0,0.0,0.0,0.0,0.0,0.0,0.0,0.0,0.0,0.0,0.0
20.85,0.004952092258979348,0.0042014810220602165,0.0037510315336717064,0.0032381678721235796,0.0027379312241677676,0.0028128480899510915,0.002137676358299529,0.0013500826925649005,0.001125045001800056,0.0006250140628164044,0.0005375073907266149,0.0003375021093881789,0.00033749999999999525,0.0001124999999999984,0.00012499999999999821,6.249999999999911e-05,6.249999999999911e-05,3.749999999999947e-05,1.2499999999999823e-05,1.2499999999999823e-05,2.4999999999999645e-05,0.0,0.0,0.0,0.0,0.0,0.0,0.0,0.0,0.0,0.0,0.0,0.0,0.0,0.0,0.0,0.0,0.0,0.0,0.0,0.0,0.0,0.0,0.0,0.0,0.0,0.0,0.0,0.0,0.0,0.0,0.0,0.0,0.0,0.0,0.0,0.0,0.0,0.0,0.0,0.0,0.0,0.0,0.0,0.0,0.0,0.0,0.0,0.0,0.0,0.0,0.0,0.0,0.0,0.0,0.0,0.0,0.0,0.0,0.0,0.0,0.0,0.0,0.0
20.950000000000003,0.004664470738887279,0.003851357603555335,0.00366350746455283,0.0033381885013784806,0.0028254450075887554,0.0024628047720905988,0.0020251670762838365,0.001400085755252539,0.0010750430017200917,0.0007375165941233835,0.0004625063594624525,0.0004125025781411222,0.00023750000000000507,0.0001625000000000035,0.00012500000000000266,5.0000000000001066e-05,5.0000000000001066e-05,3.7500000000000796e-05,2.5000000000000533e-05,1.2500000000000267e-05,0.0,0.0,0.0,0.0,0.0,0.0,0.0,0.0,0.0,0.0,0.0,0.0,0.0,0.0,0.0,0.0,0.0,0.0,0.0,0.0,0.0,0.0,0.0,0.0,0.0,0.0,0.0,0.0,0.0,0.0,0.0,0.0,0.0,0.0,0.0,0.0,0.0,0.0,0.0,0.0,0.0,0.0,0.0,0.0,0.0,0.0,0.0,0.0,0.0,0.0,0.0,0.0,0.0,0.0,0.0,0.0,0.0,0.0,0.0,0.0,0.0,0.0,0.0,0.0
21.05,0.004151754116113999,0.004213985429863967,0.00403861061791987,0.0029881162989866235,0.0027379312241677676,0.0024753063191569604,0.0018501526375925752,0.0015000918806276672,0.000762530501220038,0.0007375165941233573,0.0006500089376228831,0.00032500203126269075,0.0002749999999999961,0.0001124999999999984,7.499999999999894e-05,3.749999999999947e-05,0.0,0.0,1.2499999999999823e-05,2.4999999999999645e-05,0.0,0.0,0.0,0.0,0.0,0.0,0.0,0.0,0.0,0.0,0.0,0.0,0.0,0.0,0.0,0.0,0.0,0.0,0.0,0.0,0.0,0.0,0.0,0.0,0.0,0.0,0.0,0.0,0.0,0.0,0.0,0.0,0.0,0.0,0.0,0.0,0.0,0.0,0.0,0.0,0.0,0.0,0.0,0.0,0.0,0.0,0.0,0.0,0.0,0.0,0.0,0.0,0.0,0.0,0.0,0.0,0.0,0.0,0.0,0.0,0.0,0.0,0.0,0.0
21.150000000000002,0.003951669580397662,0.0035387474084614327,0.0032258871189576673,0.0028630905124181452,0.0027379312241677676,0.0020877583600970324,0.001437618603534771,0.0009375574253922919,0.0008375335013400416,0.0006375143440727326,0.0005000068750945255,0.00028750179688622645,0.00021249999999999698,4.999999999999929e-05,7.499999999999894e-05,2.4999999999999645e-05,4.999999999999929e-05,3.749999999999947e-05,1.2499999999999823e-05,1.2499999999999823e-05,0.0,0.0,0.0,0.0,0.0,0.0,0.0,0.0,0.0,0.0,0.0,0.0,0.0,0.0,0.0,0.0,0.0,0.0,0.0,0.0,0.0,0.0,0.0,0.0,0.0,0.0,0.0,0.0,0.0,0.0,0.0,0.0,0.0,0.0,0.0,0.0,0.0,0.0,0.0,0.0,0.0,0.0,0.0,0.0,0.0,0.0,0.0,0.0,0.0,0.0,0.0,0.0,0.0,0.0,0.0,0.0,0.0,0.0,0.0,0.0,0.0,0.0,0.0,0.0
21.25,0.004151754116114147,0.003713809117714073,0.0032759008727400733,0.002638044096594979,0.0025629036573260834,0.0021377645483629053,0.0012876062275137975,0.0010125620194237114,0.0008125325013000693,0.0005250118127657985,0.0004500061875850889,0.00022500140625879392,0.00015000000000000319,8.750000000000187e-05,0.0001125000000000024,6.250000000000133e-05,3.7500000000000796e-05,1.2500000000000267e-05,2.5000000000000533e-05,0.0,0.0,0.0,0.0,0.0,0.0,0.0,0.0,0.0,0.0,0.0,0.0,0.0,0.0,0.0,0.0,0.0,0.0,0.0,0.0,0.0,0.0,0.0,0.0,0.0,0.0,0.0,0.0,0.0,0.0,0.0,0.0,0.0,0.0,0.0,0.0,0.0,0.0,0.0,0.0,0.0,0.0,0.0,0.0,0.0,0.0,0.0,0.0,0.0,0.0,0.0,0.0,0.0,0.0,0.0,0.0,0.0,0.0,0.0,0.0,0.0,0.0,0.0,0.0,0.0
21.35,0.003363921256730921,0.0037138091177139412,0.002925804596263931,0.00272556214719282,0.0024753898739051047,0.0019877459835654383,0.0014251175721996863,0.0010750658477831614,0.0007250290011600361,0.0005125115315094517,0.0003375046406888047,0.000350002187513667,9.999999999999858e-05,0.00012499999999999821,3.749999999999947e-05,6.249999999999911e-05,4.999999999999929e-05,1.2499999999999823e-05,1.2499999999999823e-05,2.4999999999999645e-05,0.0,0.0,0.0,0.0,0.0,0.0,0.0,0.0,0.0,0.0,0.0,0.0,0.0,0.0,0.0,0.0,0.0,0.0,0.0,0.0,0.0,0.0,0.0,0.0,0.0,0.0,0.0,0.0,0.0,0.0,0.0,0.0,0.0,0.0,0.0,0.0,0.0,0.0,0.0,0.0,0.0,0.0,0.0,0.0,0.0,0.0,0.0,0.0,0.0,0.0,0.0,0.0,0.0,0.0,0.0,0.0,0.0,0.0,0.0,0.0,0.0,0.0,0.0,0.0
21.450000000000003,0.003751585044681458,0.003188623989956528,0.002838280527145025,0.0026630492539086756,0.002362872152364048,0.001775219683435863,0.0014376186035348223,0.0010375635507675067,0.0006000240009600512,0.0004125092814588416,0.000387505328198271,0.0002125013281333054,0.00015000000000000319,0.00012500000000000266,8.750000000000187e-05,5.0000000000001066e-05,3.7500000000000796e-05,2.5000000000000533e-05,1.2500000000000267e-05,0.0,0.0,0.0,0.0,0.0,0.0,0.0,0.0,0.0,0.0,0.0,0.0,0.0,0.0,0.0,0.0,0.0,0.0,0.0,0.0,0.0,0.0,0.0,0.0,0.0,0.0,0.0,0.0,0.0,0.0,0.0,0.0,0.0,0.0,0.0,0.0,0.0,0.0,0.0,0.0,0.0,0.0,0.0,0.0,0.0,0.0,0.0,0.0,0.0,0.0,0.0,0.0,0.0,0.0,0.0,0.0,0.0,0.0,0.0,0.0,0.0,0.0,0.0,0.0,0.0
21.55,0.0038641325960217642,0.0032011283977601648,0.0026257220735701942,0.00272556214719282,0.002050322925860794,0.0014251763655752198,0.0009625794128015425,0.0007000428776262447,0.0007000280011200348,0.0006500146253290606,0.0003375046406888047,0.00023750148438427403,0.00014999999999999787,7.499999999999894e-05,2.4999999999999645e-05,1.2499999999999823e-05,0.0,1.2499999999999823e-05,2.4999999999999645e-05,0.0,0.0,0.0,0.0,0.0,0.0,0.0,0.0,0.0,0.0,0.0,0.0,0.0,0.0,0.0,0.0,0.0,0.0,0.0,0.0,0.0,0.0,0.0,0.0,0.0,0.0,0.0,0.0,0.0,0.0,0.0,0.0,0.0,0.0,0.0,0.0,0.0,0.0,0.0,0.0,0.0,0.0,0.0,0.0,0.0,0.0,0.0,0.0,0.0,0.0,0.0,0.0,0.0,0.0,0.0,0.0,0.0,0.0,0.0,0.0,0.0,0.0,0.0,0.0,0.0
21.650000000000002,0.0030387838861918727,0.002838500571451396,0.002663232388906911,0.002337982208830538,0.0021003308021013013,0.001262656253711379,0.0010500866321471371,0.0009125558940484976,0.0007000280011200348,0.0005000112502531236,0.00026250360942462587,0.00022500140625878593,3.749999999999947e-05,6.249999999999911e-05,2.4999999999999645e-05,4.999999999999929e-05,3.749999999999947e-05,1.2499999999999823e-05,1.2499999999999823e-05,0.0,0.0,0.0,0.0,0.0,0.0,0.0,0.0,0.0,0.0,0.0,0.0,0.0,0.0,0.0,0.0,0.0,0.0,0.0,0.0,0.0,0.0,0.0,0.0,0.0,0.0,0.0,0.0,0.0,0.0,0.0,0.0,0.0,0.0,0.0,0.0,0.0,0.0,0.0,0.0,0.0,0.0,0.0,0.0,0.0,0.0,0.0,0.0,0.0,0.0,0.0,0.0,0.0,0.0,0.0,0.0,0.0,0.0,0.0,0.0,0.0,0.0,0.0,0.0,0.0
21.75,0.0032013525714615107,0.002663438862198982,0.0026507289504614333,0.0023129770515169243,0.0017752796065380677,0.0014251763655752704,0.0010000825068068328,0.0006250382835948835,0.0004500180007200384,0.0004500101252278272,0.00023750326566990805,0.0001750010937568397,7.500000000000159e-05,0.00015000000000000319,3.7500000000000796e-05,3.7500000000000796e-05,1.2500000000000267e-05,0.0,0.0,0.0,0.0,0.0,0.0,0.0,0.0,0.0,0.0,0.0,0.0,0.0,0.0,0.0,0.0,0.0,0.0,0.0,0.0,0.0,0.0,0.0,0.0,0.0,0.0,0.0,0.0,0.0,0.0,0.0,0.0,0.0,0.0,0.0,0.0,0.0,0.0,0.0,0.0,0.0,0.0,0.0,0.0,0.0,0.0,0.0,0.0,0.0,0.0,0.0,0.0,0.0,0.0,0.0,0.0,0.0,0.0,0.0,0.0,0.0,0.0,0.0,0.0,0.0,0.0,0.0
21.85,0.002901225767886891,0.002663438862198887,0.0026757358273524837,0.0022504641582326034,0.0016627618849968633,0.0013876717243758718,0.001100090757487477,0.0006875421119543473,0.00048751950078002433,0.0003125070314082022,0.0003500048125661678,0.00010000062500390485,0.00013749999999999806,2.4999999999999645e-05,6.249999999999911e-05,3.749999999999947e-05,0.0,2.4999999999999645e-05,2.4999999999999645e-05,0.0,0.0,0.0,0.0,0.0,0.0,0.0,0.0,0.0,0.0,0.0,0.0,0.0,0.0,0.0,0.0,0.0,0.0,0.0,0.0,0.0,0.0,0.0,0.0,0.0,0.0,0.0,0.0,0.0,0.0,0.0,0.0,0.0,0.0,0.0,0.0,0.0,0.0,0.0,0.0,0.0,0.0,0.0,0.0,0.0,0.0,0.0,0.0,0.0,0.0,0.0,0.0,0.0,0.0,0.0,0.0,0.0,0.0,0.0,0.0,0.0,0.0,0.0,0.0,0.0
21.950000000000003,0.002651120098241563,0.002675943270002733,0.0023881567431044046,0.001962904849125174,0.0013127067513133597,0.001000123765315979,0.0007375608487700393,0.000650039814938679,0.00048751950078004157,0.00038750871894618455,0.0002000027500378173,0.00013750085938037405,0.00010000000000000213,8.750000000000187e-05,7.500000000000159e-05,3.7500000000000796e-05,3.7500000000000796e-05,2.5000000000000533e-05,0.0,0.0,0.0,0.0,0.0,0.0,0.0,0.0,0.0,0.0,0.0,0.0,0.0,0.0,0.0,0.0,0.0,0.0,0.0,0.0,0.0,0.0,0.0,0.0,0.0,0.0,0.0,0.0,0.0,0.0,0.0,0.0,0.0,0.0,0.0,0.0,0.0,0.0,0.0,0.0,0.0,0.0,0.0,0.0,0.0,0.0,0.0,0.0,0.0,0.0,0.0,0.0,0.0,0.0,0.0,0.0,0.0,0.0,0.0,0.0,0.0,0.0,0.0,0.0,0.0,0.0
22.05,0.0025760883973478432,0.002675943270002638,0.0021881017279751624,0.0020004125850956477,0.0013002047822531864,0.0010251268594488423,0.0007875649741103529,0.0007250444089700391,0.0005750230009200286,0.0003375075939208585,0.00025000343754726274,0.00013750085938036918,9.999999999999858e-05,3.749999999999947e-05,2.4999999999999645e-05,1.2499999999999823e-05,0.0,1.2499999999999823e-05,0.0,0.0,0.0,0.0,0.0,0.0,0.0,0.0,0.0,0.0,0.0,0.0,0.0,0.0,0.0,0.0,0.0,0.0,0.0,0.0,0.0,0.0,0.0,0.0,0.0,0.0,0.0,0.0,0.0,0.0,0.0,0.0,0.0,0.0,0.0,0.0,0.0,0.0,0.0,0.0,0.0,0.0,0.0,0.0,0.0,0.0,0.0,0.0,0.0,0.0,0.0,0.0,0.0,0.0,0.0,0.0,0.0,0.0,0.0,0.0,0.0,0.0,0.0,0.0,0.0,0.0
22.150000000000002,0.0026511200982414695,0.0024508639295351266,0.0022256120433118793,0.0018003713265860829,0.0013502126584936938,0.0009376160299836971,0.000762562911440183,0.0005125313925477863,0.00048751950078002433,0.00026250590638288987,0.00021250292191517332,7.500046875292864e-05,6.249999999999911e-05,1.2499999999999823e-05,1.2499999999999823e-05,2.4999999999999645e-05,1.2499999999999823e-05,1.2499999999999823e-05,0.0,0.0,0.0,0.0,0.0,0.0,0.0,0.0,0.0,0.0,0.0,0.0,0.0,0.0,0.0,0.0,0.0,0.0,0.0,0.0,0.0,0.0,0.0,0.0,0.0,0.0,0.0,0.0,0.0,0.0,0.0,0.0,0.0,0.0,0.0,0.0,0.0,0.0,0.0,0.0,0.0,0.0,0.0,0.0,0.0,0.0,0.0,0.0,0.0,0.0,0.0,0.0,0.0,0.0,0.0,0.0,0.0,0.0,0.0,0.0,0.0,0.0,0.0,0.0,0.0,0.0
22.25,0.002563583113865663,0.002400846298320209,0.002050563905073939,0.0013377759162827617,0.001425224472854505,0.0011001361418475771,0.0006750556920946121,0.0004500275641883161,0.00038751550062003306,0.0002250050626139136,0.00016250223440572657,7.500046875293131e-05,0.00012500000000000266,3.7500000000000796e-05,5.0000000000001066e-05,1.2500000000000267e-05,1.2500000000000267e-05,1.2500000000000267e-05,0.0,0.0,0.0,0.0,0.0,0.0,0.0,0.0,0.0,0.0,0.0,0.0,0.0,0.0,0.0,0.0,0.0,0.0,0.0,0.0,0.0,0.0,0.0,0.0,0.0,0.0,0.0,0.0,0.0,0.0,0.0,0.0,0.0,0.0,0.0,0.0,0.0,0.0,0.0,0.0,0.0,0.0,0.0,0.0,0.0,0.0,0.0,0.0,0.0,0.0,0.0,0.0,0.0,0.0,0.0,0.0,0.0,0.0,0.0,0.0,0.0,0.0,0.0,0.0,0.0,0.0
22.35,0.0026761306652060115,0.0022257845890676147,0.0019630398359548598,0.0012502578656847798,0.0008876398032690022,0.0007125881827876099,0.0005875484727489935,0.00047502909553209457,0.00031251250050001554,0.0003125070314082022,0.00015000206252835765,0.00011250070312939296,6.249999999999911e-05,7.499999999999894e-05,3.749999999999947e-05,1.2499999999999823e-05,2.4999999999999645e-05,1.2499999999999823e-05,0.0,0.0,0.0,0.0,0.0,0.0,0.0,0.0,0.0,0.0,0.0,0.0,0.0,0.0,0.0,0.0,0.0,0.0,0.0,0.0,0.0,0.0,0.0,0.0,0.0,0.0,0.0,0.0,0.0,0.0,0.0,0.0,0.0,0.0,0.0,0.0,0.0,0.0,0.0,0.0,0.0,0.0,0.0,0.0,0.0,0.0,0.0,0.0,0.0,0.0,0.0,0.0,0.0,0.0,0.0,0.0,0.0,0.0,0.0,0.0,0.0,0.0,0.0,0.0,0.0,0.0
22.450000000000003,0.002300972160737961,0.001975696432992672,0.001737977943934619,0.0013877862309101547,0.0009626516176297972,0.0007875974651863336,0.0006750556920946121,0.0005000306268759068,0.00040001600064003414,0.00025000562512657065,0.00011250154689627222,8.750054687841985e-05,6.250000000000133e-05,6.250000000000133e-05,5.0000000000001066e-05,2.5000000000000533e-05,2.5000000000000533e-05,1.2500000000000267e-05,0.0,0.0,0.0,0.0,0.0,0.0,0.0,0.0,0.0,0.0,0.0,0.0,0.0,0.0,0.0,0.0,0.0,0.0,0.0,0.0,0.0,0.0,0.0,0.0,0.0,0.0,0.0,0.0,0.0,0.0,0.0,0.0,0.0,0.0,0.0,0.0,0.0,0.0,0.0,0.0,0.0,0.0,0.0,0.0,0.0,0.0,0.0,0.0,0.0,0.0,0.0,0.0,0.0,0.0,0.0,0.0,0.0,0.0,0.0,0.0,0.0,0.0,0.0,0.0,0.0,0.0
22.55,0.002138403475468355,0.0020257140642076046,0.0015129160519142548,0.0014002888095669534,0.0009876555557500166,0.0007875974651863056,0.0006750556920945883,0.0005500336895634779,0.00031251250050001554,0.00020000450010124944,0.0001375018906509945,0.00012500078125488108,4.999999999999929e-05,3.749999999999947e-05,2.4999999999999645e-05,1.2499999999999823e-05,0.0,0.0,0.0,0.0,0.0,0.0,0.0,0.0,0.0,0.0,0.0,0.0,0.0,0.0,0.0,0.0,0.0,0.0,0.0,0.0,0.0,0.0,0.0,0.0,0.0,0.0,0.0,0.0,0.0,0.0,0.0,0.0,0.0,0.0,0.0,0.0,0.0,0.0,0.0,0.0,0.0,0.0,0.0,0.0,0.0,0.0,0.0,0.0,0.0,0.0,0.0,0.0,0.0,0.0,0.0,0.0,0.0,0.0,0.0,0.0,0.0,0.0,0.0,0.0,0.0,0.0,0.0,0.0
22.650000000000002,0.0022009298928797106,0.0018756611705625966,0.0011503163369926566,0.000987703713890976,0.0010626673701107773,0.0006125758062560155,0.00043753609672797386,0.0005875359865791696,0.0002625105004200131,0.00022500506261390562,8.750120314154195e-05,6.250039062744054e-05,2.4999999999999645e-05,0.0,0.0,1.2499999999999823e-05,2.4999999999999645e-05,0.0,0.0,0.0,0.0,0.0,0.0,0.0,0.0,0.0,0.0,0.0,0.0,0.0,0.0,0.0,0.0,0.0,0.0,0.0,0.0,0.0,0.0,0.0,0.0,0.0,0.0,0.0,0.0,0.0,0.0,0.0,0.0,0.0,0.0,0.0,0.0,0.0,0.0,0.0,0.0,0.0,0.0,0.0,0.0,0.0,0.0,0.0,0.0,0.0,0.0,0.0,0.0,0.0,0.0,0.0,0.0,0.0,0.0,0.0,0.0,0.0,0.0,0.0,0.0,0.0,0.0,0.0
22.75,0.002013350640645716,0.0017381126847214013,0.0013128610367851437,0.0010502166071752524,0.0007251142054873797,0.0006375789003889367,0.0004750391907332457,0.00022501378209415805,0.0002250090003600192,0.00016250365633227096,5.0000687509454324e-05,8.750054687841985e-05,2.5000000000000533e-05,5.0000000000001066e-05,3.7500000000000796e-05,1.2500000000000267e-05,1.2500000000000267e-05,0.0,0.0,0.0,0.0,0.0,0.0,0.0,0.0,0.0,0.0,0.0,0.0,0.0,0.0,0.0,0.0,0.0,0.0,0.0,0.0,0.0,0.0,0.0,0.0,0.0,0.0,0.0,0.0,0.0,0.0,0.0,0.0,0.0,0.0,0.0,0.0,0.0,0.0,0.0,0.0,0.0,0.0,0.0,0.0,0.0,0.0,0.0,0.0,0.0,0.0,0.0,0.0,0.0,0.0,0.0,0.0,0.0,0.0,0.0,0.0,0.0,0.0,0.0,0.0,0.0,0.0,0.0
22.85,0.0019008030893052045,0.001300458411590067,0.0013503713521218145,0.0009126882419498892,0.0007376161745474807,0.0007250897298540592,0.00040003300272271897,0.0004250260328445057,0.00030001200048001495,0.00018750421884492134,8.750120314154195e-05,0.00011250070312939296,3.749999999999947e-05,3.749999999999947e-05,1.2499999999999823e-05,0.0,0.0,0.0,0.0,0.0,0.0,0.0,0.0,0.0,0.0,0.0,0.0,0.0,0.0,0.0,0.0,0.0,0.0,0.0,0.0,0.0,0.0,0.0,0.0,0.0,0.0,0.0,0.0,0.0,0.0,0.0,0.0,0.0,0.0,0.0,0.0,0.0,0.0,0.0,0.0,0.0,0.0,0.0,0.0,0.0,0.0,0.0,0.0,0.0,0.0,0.0,0.0,0.0,0.0,0.0,0.0,0.0,0.0,0.0,0.0,0.0,0.0,0.0,0.0,0.0,0.0,0.0,0.0,0.0
22.950000000000003,0.0016882132701066563,0.0012129275569638556,0.00125034384455728,0.0010377140285184041,0.0007501181436076343,0.0005625696179902383,0.0006250515667542706,0.00031251914179744177,0.0002500100004000213,7.50016875379712e-05,0.00011250154689627222,2.50001562509771e-05,6.250000000000133e-05,3.7500000000000796e-05,0.0,2.5000000000000533e-05,2.5000000000000533e-05,0.0,0.0,0.0,0.0,0.0,0.0,0.0,0.0,0.0,0.0,0.0,0.0,0.0,0.0,0.0,0.0,0.0,0.0,0.0,0.0,0.0,0.0,0.0,0.0,0.0,0.0,0.0,0.0,0.0,0.0,0.0,0.0,0.0,0.0,0.0,0.0,0.0,0.0,0.0,0.0,0.0,0.0,0.0,0.0,0.0,0.0,0.0,0.0,0.0,0.0,0.0,0.0,0.0,0.0,0.0,0.0,0.0,0.0,0.0,0.0,0.0,0.0,0.0,0.0,0.0,0.0,0.0
23.05,0.0015506551518016142,0.001337971635001319,0.0008877441296356372,0.0009001856632930414,0.00066260436018672,0.00047505878852507324,0.0004625381593981438,0.00031251914179743066,0.00021250850034001059,0.00013750309381960898,0.00011250154689626822,8.750054687841675e-05,7.499999999999894e-05,3.749999999999947e-05,3.749999999999947e-05,2.4999999999999645e-05,0.0,0.0,0.0,0.0,0.0,0.0,0.0,0.0,0.0,0.0,0.0,0.0,0.0,0.0,0.0,0.0,0.0,0.0,0.0,0.0,0.0,0.0,0.0,0.0,0.0,0.0,0.0,0.0,0.0,0.0,0.0,0.0,0.0,0.0,0.0,0.0,0.0,0.0,0.0,0.0,0.0,0.0,0.0,0.0,0.0,0.0,0.0,0.0,0.0,0.0,0.0,0.0,0.0,0.0,0.0,0.0,0.0,0.0,0.0,0.0,0.0,0.0,0.0,0.0,0.0,0.0,0.0,0.0
23.150000000000002,0.0011629913638512106,0.0014004936740200722,0.0009377578834179266,0.0006876418261266288,0.0006125964839462128,0.000462557241458624,0.00045003712806305883,0.00022501378209415006,0.00021250850034001059,0.0001250028125632809,8.750120314154195e-05,2.5000156250976213e-05,2.4999999999999645e-05,1.2499999999999823e-05,0.0,0.0,0.0,0.0,0.0,0.0,0.0,0.0,0.0,0.0,0.0,0.0,0.0,0.0,0.0,0.0,0.0,0.0,0.0,0.0,0.0,0.0,0.0,0.0,0.0,0.0,0.0,0.0,0.0,0.0,0.0,0.0,0.0,0.0,0.0,0.0,0.0,0.0,0.0,0.0,0.0,0.0,0.0,0.0,0.0,0.0,0.0,0.0,0.0,0.0,0.0,0.0,0.0,0.0,0.0,0.0,0.0,0.0,0.0,0.0,0.0,0.0,0.0,0.0,0.0,0.0,0.0,0.0,0.0,0.0
23.25,0.0013005494821562388,0.0010128570321038383,0.0009627647603091055,0.0008376727700088322,0.000687608298306998,0.0004250526002592912,0.0002500206267017082,0.00020001225075036273,0.0001500060002400128,2.5000562512657068e-05,7.500103126418148e-05,2.50001562509771e-05,1.2500000000000267e-05,0.0,1.2500000000000267e-05,2.5000000000000533e-05,0.0,0.0,0.0,0.0,0.0,0.0,0.0,0.0,0.0,0.0,0.0,0.0,0.0,0.0,0.0,0.0,0.0,0.0,0.0,0.0,0.0,0.0,0.0,0.0,0.0,0.0,0.0,0.0,0.0,0.0,0.0,0.0,0.0,0.0,0.0,0.0,0.0,0.0,0.0,0.0,0.0,0.0,0.0,0.0,0.0,0.0,0.0,0.0,0.0,0.0,0.0,0.0,0.0,0.0,0.0,0.0,0.0,0.0,0.0,0.0,0.0,0.0,0.0,0.0,0.0,0.0,0.0,0.0
23.35,0.001200507214298024,0.001025361439907553,0.000987771637200216,0.0005751186182149986,0.0005500866386455789,0.0005750711650566676,0.00041253403405780393,0.00035002143881312234,0.0001750070002800087,7.500168753796854e-05,0.00011250154689626822,3.750023437646432e-05,4.999999999999929e-05,3.749999999999947e-05,1.2499999999999823e-05,1.2499999999999823e-05,0.0,0.0,0.0,0.0,0.0,0.0,0.0,0.0,0.0,0.0,0.0,0.0,0.0,0.0,0.0,0.0,0.0,0.0,0.0,0.0,0.0,0.0,0.0,0.0,0.0,0.0,0.0,0.0,0.0,0.0,0.0,0.0,0.0,0.0,0.0,0.0,0.0,0.0,0.0,0.0,0.0,0.0,0.0,0.0,0.0,0.0,0.0,0.0,0.0,0.0,0.0,0.0,0.0,0.0,0.0,0.0,0.0,0.0,0.0,0.0,0.0,0.0,0.0,0.0,0.0,0.0,0.0,0.0
23.450000000000003,0.0013630758995675962,0.0008753085462625762,0.0007126959913976496,0.000675139247469805,0.00046257285522470775,0.0004875603355915398,0.00033752784604730606,0.00018751148507846507,8.750350014000747e-05,0.0001125025313069568,5.0000687509454324e-05,5.00003125019542e-05,3.7500000000000796e-05,1.2500000000000267e-05,2.5000000000000533e-05,1.2500000000000267e-05,0.0,0.0,0.0,0.0,0.0,0.0,0.0,0.0,0.0,0.0,0.0,0.0,0.0,0.0,0.0,0.0,0.0,0.0,0.0,0.0,0.0,0.0,0.0,0.0,0.0,0.0,0.0,0.0,0.0,0.0,0.0,0.0,0.0,0.0,0.0,0.0,0.0,0.0,0.0,0.0,0.0,0.0,0.0,0.0,0.0,0.0,0.0,0.0,0.0,0.0,0.0,0.0,0.0,0.0,0.0,0.0,0.0,0.0,0.0,0.0,0.0,0.0,0.0,0.0,0.0,0.0,0.0,0.0
23.55,0.0008628645602767047,0.0009753438086925504,0.0007251994298431967,0.0005876211968718465,0.00043756891710443774,0.0005375665238573198,0.00022501856403152941,0.00020001225075035563,0.00012500500020000622,8.750196879429663e-05,6.250085938681569e-05,6.250039062744054e-05,3.749999999999947e-05,1.2499999999999823e-05,1.2499999999999823e-05,1.2499999999999823e-05,0.0,0.0,0.0,0.0,0.0,0.0,0.0,0.0,0.0,0.0,0.0,0.0,0.0,0.0,0.0,0.0,0.0,0.0,0.0,0.0,0.0,0.0,0.0,0.0,0.0,0.0,0.0,0.0,0.0,0.0,0.0,0.0,0.0,0.0,0.0,0.0,0.0,0.0,0.0,0.0,0.0,0.0,0.0,0.0,0.0,0.0,0.0,0.0,0.0,0.0,0.0,0.0,0.0,0.0,0.0,0.0,0.0,0.0,0.0,0.0,0.0,0.0,0.0,0.0,0.0,0.0,0.0,0.0
23.650000000000002,0.0009378962611703312,0.0009753438086925504,0.0007251994298431967,0.0006001237755286943,0.00041256497898418417,0.00023752939426253662,0.00023751959536661438,0.00022501378209415006,0.00012500500020000622,0.00011250253130695281,5.000068750945254e-05,5.0000312501952425e-05,3.749999999999947e-05,2.4999999999999645e-05,1.2499999999999823e-05,0.0,0.0,0.0,0.0,0.0,0.0,0.0,0.0,0.0,0.0,0.0,0.0,0.0,0.0,0.0,0.0,0.0,0.0,0.0,0.0,0.0,0.0,0.0,0.0,0.0,0.0,0.0,0.0,0.0,0.0,0.0,0.0,0.0,0.0,0.0,0.0,0.0,0.0,0.0,0.0,0.0,0.0,0.0,0.0,0.0,0.0,0.0,0.0,0.0,0.0,0.0,0.0,0.0,0.0,0.0,0.0,0.0,0.0,0.0,0.0,0.0,0.0,0.0,0.0,0.0,0.0,0.0,0.0,0.0
23.75,0.0009003804107235499,0.0006377247979913055,0.0006376753607242127,0.0006626366688129567,0.0006125964839462346,0.00037504641199349225,0.0002250185640315374,0.00015000918806277205,6.250250010000533e-05,7.50016875379712e-05,2.5000343754727162e-05,1.250007812548855e-05,0.0,0.0,2.5000000000000533e-05,0.0,0.0,0.0,0.0,0.0,0.0,0.0,0.0,0.0,0.0,0.0,0.0,0.0,0.0,0.0,0.0,0.0,0.0,0.0,0.0,0.0,0.0,0.0,0.0,0.0,0.0,0.0,0.0,0.0,0.0,0.0,0.0,0.0,0.0,0.0,0.0,0.0,0.0,0.0,0.0,0.0,0.0,0.0,0.0,0.0,0.0,0.0,0.0,0.0,0.0,0.0,0.0,0.0,0.0,0.0,0.0,0.0,0.0,0.0,0.0,0.0,0.0,0.0,0.0,0.0,0.0,0.0,0.0,0.0
23.85,0.001050443812510771,0.0007377600604212879,0.0005876616069419007,0.0004000825170191295,0.00042506694804431096,0.00031253867666123237,0.0002875237207069542,0.00016250995373466394,6.250250010000311e-05,7.500168753796854e-05,2.500034375472627e-05,2.5000156250976213e-05,3.749999999999947e-05,1.2499999999999823e-05,1.2499999999999823e-05,0.0,0.0,0.0,0.0,0.0,0.0,0.0,0.0,0.0,0.0,0.0,0.0,0.0,0.0,0.0,0.0,0.0,0.0,0.0,0.0,0.0,0.0,0.0,0.0,0.0,0.0,0.0,0.0,0.0,0.0,0.0,0.0,0.0,0.0,0.0,0.0,0.0,0.0,0.0,0.0,0.0,0.0,0.0,0.0,0.0,0.0,0.0,0.0,0.0,0.0,0.0,0.0,0.0,0.0,0.0,0.0,0.0,0.0,0.0,0.0,0.0,0.0,0.0,0.0,0.0,0.0,0.0,0.0,0.0
23.950000000000003,0.0006502747410781194,0.0006877424292063099,0.0006626822376153583,0.0004750979889602332,0.000575090576765853,0.0002750340354618943,0.000212517532696452,8.750535970328369e-05,0.0001125045001800096,0.0001125025313069568,3.750051563209074e-05,3.7500234376465654e-05,0.0,1.2500000000000267e-05,0.0,0.0,0.0,0.0,0.0,0.0,0.0,0.0,0.0,0.0,0.0,0.0,0.0,0.0,0.0,0.0,0.0,0.0,0.0,0.0,0.0,0.0,0.0,0.0,0.0,0.0,0.0,0.0,0.0,0.0,0.0,0.0,0.0,0.0,0.0,0.0,0.0,0.0,0.0,0.0,0.0,0.0,0.0,0.0,0.0,0.0,0.0,0.0,0.0,0.0,0.0,0.0,0.0,0.0,0.0,0.0,0.0,0.0,0.0,0.0,0.0,0.0,0.0,0.0,0.0,0.0,0.0,0.0,0.0,0.0
24.05,0.000762822292418536,0.0006752380214025349,0.0005876616069419007,0.00038757993836228174,0.00021253347402215548,0.00023752939426253662,0.00021251753269644445,0.00012500765671897226,8.750350014000435e-05,2.500056251265618e-05,6.250085938681569e-05,3.750023437646432e-05,1.2499999999999823e-05,2.4999999999999645e-05,1.2499999999999823e-05,0.0,0.0,0.0,0.0,0.0,0.0,0.0,0.0,0.0,0.0,0.0,0.0,0.0,0.0,0.0,0.0,0.0,0.0,0.0,0.0,0.0,0.0,0.0,0.0,0.0,0.0,0.0,0.0,0.0,0.0,0.0,0.0,0.0,0.0,0.0,0.0,0.0,0.0,0.0,0.0,0.0,0.0,0.0,0.0,0.0,0.0,0.0,0.0,0.0,0.0,0.0,0.0,0.0,0.0,0.0,0.0,0.0,0.0,0.0,0.0,0.0,0.0,0.0,0.0,0.0,0.0,0.0,0.0,0.0
24.150000000000002,0.000762822292418536,0.0005376895355612778,0.00043762034559503246,0.0005751186182149986,0.000362557102743677,0.00020002475306318872,0.00020001650136135948,0.00011250689104707503,0.0001125045001800056,7.500168753796854e-05,6.250085938681569e-05,3.750023437646432e-05,1.2499999999999823e-05,2.4999999999999645e-05,1.2499999999999823e-05,0.0,0.0,0.0,0.0,0.0,0.0,0.0,0.0,0.0,0.0,0.0,0.0,0.0,0.0,0.0,0.0,0.0,0.0,0.0,0.0,0.0,0.0,0.0,0.0,0.0,0.0,0.0,0.0,0.0,0.0,0.0,0.0,0.0,0.0,0.0,0.0,0.0,0.0,0.0,0.0,0.0,0.0,0.0,0.0,0.0,0.0,0.0,0.0,0.0,0.0,0.0,0.0,0.0,0.0,0.0,0.0,0.0,0.0,0.0,0.0,0.0,0.0,0.0,0.0,0.0,0.0,0.0,0.0,0.0
24.25,0.0005502324732199472,0.0006627336135988076,0.0004251169071494752,0.0004500928316465367,0.0003125492265031809,0.00028753558252834403,0.00016251340735611036,6.250382835948835e-05,6.250250010000533e-05,2.5000562512657068e-05,3.750051563209074e-05,3.7500234376465654e-05,2.5000000000000533e-05,0.0,0.0,0.0,0.0,0.0,0.0,0.0,0.0,0.0,0.0,0.0,0.0,0.0,0.0,0.0,0.0,0.0,0.0,0.0,0.0,0.0,0.0,0.0,0.0,0.0,0.0,0.0,0.0,0.0,0.0,0.0,0.0,0.0,0.0,0.0,0.0,0.0,0.0,0.0,0.0,0.0,0.0,0.0,0.0,0.0,0.0,0.0,0.0,0.0,0.0,0.0,0.0,0.0,0.0,0.0,0.0,0.0,0.0,0.0,0.0,0.0,0.0,0.0,0.0,0.0,0.0,0.0,0.0,0.0,0.0,0.0
24.35,0.0006252641741135541,0.0005752027589725296,0.00043762034559503246,0.0004876005676170641,0.000300047257443043,0.00023752939426253662,0.0001500123760210196,7.500459403138336e-05,6.250250010000311e-05,3.750084376898427e-05,0.0,0.0,0.0,2.4999999999999645e-05,0.0,0.0,0.0,0.0,0.0,0.0,0.0,0.0,0.0,0.0,0.0,0.0,0.0,0.0,0.0,0.0,0.0,0.0,0.0,0.0,0.0,0.0,0.0,0.0,0.0,0.0,0.0,0.0,0.0,0.0,0.0,0.0,0.0,0.0,0.0,0.0,0.0,0.0,0.0,0.0,0.0,0.0,0.0,0.0,0.0,0.0,0.0,0.0,0.0,0.0,0.0,0.0,0.0,0.0,0.0,0.0,0.0,0.0,0.0,0.0,0.0,0.0,0.0,0.0,0.0,0.0,0.0,0.0,0.0,0.0
24.450000000000003,0.0006127588906313048,0.0004376542731312881,0.000500137537822912,0.0002625541517938131,0.0002375374121424175,0.00016252011186384665,7.500618801051247e-05,0.00010000612537518136,0.0001500060002400128,2.5000562512657068e-05,5.0000687509454324e-05,3.7500234376465654e-05,1.2500000000000267e-05,1.2500000000000267e-05,0.0,0.0,0.0,0.0,0.0,0.0,0.0,0.0,0.0,0.0,0.0,0.0,0.0,0.0,0.0,0.0,0.0,0.0,0.0,0.0,0.0,0.0,0.0,0.0,0.0,0.0,0.0,0.0,0.0,0.0,0.0,0.0,0.0,0.0,0.0,0.0,0.0,0.0,0.0,0.0,0.0,0.0,0.0,0.0,0.0,0.0,0.0,0.0,0.0,0.0,0.0,0.0,0.0,0.0,0.0,0.0,0.0,0.0,0.0,0.0,0.0,0.0,0.0,0.0,0.0,0.0,0.0,0.0,0.0,0.0
24.55,0.0005752430401844698,0.0004126454575237713,0.0005001375378228942,0.00035007220239173834,0.00018752953590190187,0.00023752939426253662,0.00013751134468593463,0.00010000612537517781,1.2500500020000623e-05,5.000112502531236e-05,1.2500171877363135e-05,0.0,1.2499999999999823e-05,0.0,0.0,0.0,0.0,0.0,0.0,0.0,0.0,0.0,0.0,0.0,0.0,0.0,0.0,0.0,0.0,0.0,0.0,0.0,0.0,0.0,0.0,0.0,0.0,0.0,0.0,0.0,0.0,0.0,0.0,0.0,0.0,0.0,0.0,0.0,0.0,0.0,0.0,0.0,0.0,0.0,0.0,0.0,0.0,0.0,0.0,0.0,0.0,0.0,0.0,0.0,0.0,0.0,0.0,0.0,0.0,0.0,0.0,0.0,0.0,0.0,0.0,0.0,0.0,0.0,0.0,0.0,0.0,0.0,0.0,0.0
24.650000000000002,0.0005752430401844698,0.0004376542731312726,0.00041261346870388776,0.00031256446642119495,0.00027504331932278944,0.00018752320599673943,0.00011250928201576471,0.00011250689104707503,6.250250010000311e-05,5.000112502531236e-05,5.000068750945254e-05,1.2500078125488106e-05,2.4999999999999645e-05,1.2499999999999823e-05,0.0,0.0,0.0,0.0,0.0,0.0,0.0,0.0,0.0,0.0,0.0,0.0,0.0,0.0,0.0,0.0,0.0,0.0,0.0,0.0,0.0,0.0,0.0,0.0,0.0,0.0,0.0,0.0,0.0,0.0,0.0,0.0,0.0,0.0,0.0,0.0,0.0,0.0,0.0,0.0,0.0,0.0,0.0,0.0,0.0,0.0,0.0,0.0,0.0,0.0,0.0,0.0,0.0,0.0,0.0,0.0,0.0,0.0,0.0,0.0,0.0,0.0,0.0,0.0,0.0,0.0,0.0,0.0,0.0,0.0
24.75,0.0004251796383972319,0.0005001763121500435,0.00040011003025832955,0.0002500515731369648,0.000262541350262672,0.0001250154706644974,3.750309400525623e-05,5.000306268759068e-05,5.000200008000427e-05,6.250140628164266e-05,3.750051563209074e-05,1.250007812548855e-05,2.5000000000000533e-05,1.2500000000000267e-05,0.0,0.0,0.0,0.0,0.0,0.0,0.0,0.0,0.0,0.0,0.0,0.0,0.0,0.0,0.0,0.0,0.0,0.0,0.0,0.0,0.0,0.0,0.0,0.0,0.0,0.0,0.0,0.0,0.0,0.0,0.0,0.0,0.0,0.0,0.0,0.0,0.0,0.0,0.0,0.0,0.0,0.0,0.0,0.0,0.0,0.0,0.0,0.0,0.0,0.0,0.0,0.0,0.0,0.0,0.0,0.0,0.0,0.0,0.0,0.0,0.0,0.0,0.0,0.0,0.0,0.0,0.0,0.0,0.0,0.0
24.85,0.0004251796383972168,0.0005126807199537765,0.0002750756458025918,0.00023754899448010815,0.0001625255977816483,0.00010001237653159436,6.250515667542483e-05,7.500459403138336e-05,2.5001000040001246e-05,2.500056251265618e-05,2.500034375472627e-05,2.5000156250976213e-05,0.0,0.0,0.0,0.0,0.0,0.0,0.0,0.0,0.0,0.0,0.0,0.0,0.0,0.0,0.0,0.0,0.0,0.0,0.0,0.0,0.0,0.0,0.0,0.0,0.0,0.0,0.0,0.0,0.0,0.0,0.0,0.0,0.0,0.0,0.0,0.0,0.0,0.0,0.0,0.0,0.0,0.0,0.0,0.0,0.0,0.0,0.0,0.0,0.0,0.0,0.0,0.0,0.0,0.0,0.0,0.0,0.0,0.0,0.0,0.0,0.0,0.0,0.0,0.0,0.0,0.0,0.0,0.0,0.0,0.0,0.0,0.0
24.950000000000003,0.00038766378795041727,0.00040014104972003486,0.00037510315336718403,0.00021254383716642013,0.00022503544308229026,0.00013751701773094714,0.0001125092820157687,0.00010000612537518136,2.5001000040002134e-05,1.2500281256328534e-05,0.0,1.250007812548855e-05,2.5000000000000533e-05,0.0,0.0,0.0,0.0,0.0,0.0,0.0,0.0,0.0,0.0,0.0,0.0,0.0,0.0,0.0,0.0,0.0,0.0,0.0,0.0,0.0,0.0,0.0,0.0,0.0,0.0,0.0,0.0,0.0,0.0,0.0,0.0,0.0,0.0,0.0,0.0,0.0,0.0,0.0,0.0,0.0,0.0,0.0,0.0,0.0,0.0,0.0,0.0,0.0,0.0,0.0,0.0,0.0,0.0,0.0,0.0,0.0,0.0,0.0,0.0,0.0,0.0,0.0,0.0,0.0,0.0,0.0,0.0,0.0,0.0,0.0
25.05,0.0005502324732199277,0.00037513223411251933,0.00031258596113930886,0.00025005157313695597,0.0002000315049620287,0.00011251392359804367,8.750721934559476e-05,6.250382835948613e-05,3.750150006000187e-05,3.750084376898427e-05,3.750051563208941e-05,0.0,1.2499999999999823e-05,0.0,0.0,0.0,0.0,0.0,0.0,0.0,0.0,0.0,0.0,0.0,0.0,0.0,0.0,0.0,0.0,0.0,0.0,0.0,0.0,0.0,0.0,0.0,0.0,0.0,0.0,0.0,0.0,0.0,0.0,0.0,0.0,0.0,0.0,0.0,0.0,0.0,0.0,0.0,0.0,0.0,0.0,0.0,0.0,0.0,0.0,0.0,0.0,0.0,0.0,0.0,0.0,0.0,0.0,0.0,0.0,0.0,0.0,0.0,0.0,0.0,0.0,0.0,0.0,0.0,0.0,0.0,0.0,0.0,0.0,0.0
25.150000000000002,0.0004126743549149457,0.00026259256387876353,0.00021255845357473003,0.00023754899448010815,0.0001500236287215215,8.751082946514507e-05,0.00011250928201576471,3.750229701569168e-05,6.250250010000311e-05,3.750084376898427e-05,0.0,1.2500078125488106e-05,0.0,0.0,0.0,0.0,0.0,0.0,0.0,0.0,0.0,0.0,0.0,0.0,0.0,0.0,0.0,0.0,0.0,0.0,0.0,0.0,0.0,0.0,0.0,0.0,0.0,0.0,0.0,0.0,0.0,0.0,0.0,0.0,0.0,0.0,0.0,0.0,0.0,0.0,0.0,0.0,0.0,0.0,0.0,0.0,0.0,0.0,0.0,0.0,0.0,0.0,0.0,0.0,0.0,0.0,0.0,0.0,0.0,0.0,0.0,0.0,0.0,0.0,0.0,0.0,0.0,0.0,0.0,0.0,0.0,0.0,0.0,0.0
25.25,0.0005252219062554041,0.0003751322341125327,0.0002375653304658832,0.00017503610119587538,0.00012501969060127235,3.7504641199349217e-05,5.0004125340341646e-05,7.500459403138603e-05,5.000200008000427e-05,3.75008437689856e-05,1.2500171877363581e-05,2.50001562509771e-05,1.2500000000000267e-05,0.0,0.0,0.0,0.0,0.0,0.0,0.0,0.0,0.0,0.0,0.0,0.0,0.0,0.0,0.0,0.0,0.0,0.0,0.0,0.0,0.0,0.0,0.0,0.0,0.0,0.0,0.0,0.0,0.0,0.0,0.0,0.0,0.0,0.0,0.0,0.0,0.0,0.0,0.0,0.0,0.0,0.0,0.0,0.0,0.0,0.0,0.0,0.0,0.0,0.0,0.0,0.0,0.0,0.0,0.0,0.0,0.0,0.0,0.0,0.0,0.0,0.0,0.0,0.0,0.0,0.0,0.0,0.0,0.0,0.0,0.0
25.35,0.00017507396875179515,0.00030010578729001546,0.0001625446997924406,0.00021254383716641254,8.751378342088754e-05,7.500928239869578e-05,7.50061880105098e-05,2.5001531343794454e-05,5.000200008000249e-05,2.500056251265618e-05,2.500034375472627e-05,1.2500078125488106e-05,1.2499999999999823e-05,0.0,0.0,0.0,0.0,0.0,0.0,0.0,0.0,0.0,0.0,0.0,0.0,0.0,0.0,0.0,0.0,0.0,0.0,0.0,0.0,0.0,0.0,0.0,0.0,0.0,0.0,0.0,0.0,0.0,0.0,0.0,0.0,0.0,0.0,0.0,0.0,0.0,0.0,0.0,0.0,0.0,0.0,0.0,0.0,0.0,0.0,0.0,0.0,0.0,0.0,0.0,0.0,0.0,0.0,0.0,0.0,0.0,0.0,0.0,0.0,0.0,0.0,0.0,0.0,0.0,0.0,0.0,0.0,0.0,0.0,0.0
25.450000000000003,0.0003626532209858743,0.0002250793404675196,0.0003250893995848928,0.00020004125850957185,0.00012501969060127235,0.00010001237653159791,0.00010000825068068329,1.250076567189767e-05,0.0,2.5000562512657068e-05,1.2500171877363581e-05,1.250007812548855e-05,0.0,0.0,0.0,0.0,0.0,0.0,0.0,0.0,0.0,0.0,0.0,0.0,0.0,0.0,0.0,0.0,0.0,0.0,0.0,0.0,0.0,0.0,0.0,0.0,0.0,0.0,0.0,0.0,0.0,0.0,0.0,0.0,0.0,0.0,0.0,0.0,0.0,0.0,0.0,0.0,0.0,0.0,0.0,0.0,0.0,0.0,0.0,0.0,0.0,0.0,0.0,0.0,0.0,0.0,0.0,0.0,0.0,0.0,0.0,0.0,0.0,0.0,0.0,0.0,0.0,0.0,0.0,0.0,0.0,0.0,0.0,0.0
