percentage_bin_center,r=0.0500,r=0.0600,r=0.0700,r=0.0800,r=0.0900,r=0.1000,r=0.1100,r=0.1200,r=0.1300,r=0.1400,r=0.1500,r=0.1600,r=0.1700,r=0.1800,r=0.1900,r=0.2000,r=0.2100,r=0.2200,r=0.2300,r=0.2400,r=0.2500,r=0.2600,r=0.2700,r=0.2800,r=0.2900,r=0.3000,r=0.3100,r=0.3200,r=0.3300,r=0.3400,r=0.3500,r=0.3600,r=0.3700,r=0.3800,r=0.3900,r=0.4000,r=0.4100,r=0.4200,r=0.4300,r=0.4400,r=0.4500,r=0.4600,r=0.4700,r=0.4800,r=0.4900,r=0.5000,r=0.5100,r=0.5200,r=0.5300,r=0.5400,r=0.5500,r=0.5600,r=0.5700,r=0.5800,r=0.5900,r=0.6000,r=0.6100,r=0.6200,r=0.6300,r=0.6400,r=0.6500,r=0.6600,r=0.6700,r=0.6800,r=0.6900,r=0.7000,r=0.7100,r=0.7200,r=0.7300,r=0.7400,r=0.7500,r=0.7600,r=0.7700,r=0.7800,r=0.7900,r=0.8000,r=0.8100,r=0.8200,r=0.8300,r=0.8400,r=0.8500,r=0.8600,r=0.8700
0.05,0.0,0.0,0.0,0.0,0.0,0.0,0.0,0.0,0.0,0.0,0.0,0.0,0.0,0.0,0.0,0.0,0.0,0.0,0.0,0.0,0.0,0.0,0.0,0.0,0.0,0.0,0.0,0.0,0.0,0.0,0.0,0.0,0.0,0.0,0.0,0.0,0.0,0.0,0.0,0.0,0.0,0.0,0.0,0.0,0.0,0.0,0.0,0.0,0.0,0.0,0.0,0.0,0.0,0.0,0.0,0.0,0.0,0.0,0.0,0.0,0.0,0.0,0.0,0.0,0.0,0.0,0.0,0.0,0.0,0.0,0.0,0.0,0.0,0.0,0.0,0.0,0.0,0.0,0.0,0.0,0.0,0.0,0.0
0.15000000000000002,0.0,0.0,0.0,0.0,0.0,0.0,0.0,0.0,0.0,0.0,0.0,0.0,0.0,0.0,0.0,0.0,0.0,0.0,0.0,0.0,0.0,0.0,0.0,0.0,0.0,0.0,0.0,0.0,0.0,0.0,0.0,0.0,0.0,0.0,0.0,0.0,0.0,0.0,0.0,0.0,0.0,0.0,0.0,0.0,0.0,0.0,0.0,0.0,0.0,0.0,0.0,0.0,0.0,0.0,0.0,0.0,0.0,0.0,0.0,0.0,0.0,0.0,0.0,0.0,0.0,0.0,0.0,0.0,0.0,0.0,0.0,0.0,0.0,0.0,0.0,0.0,0.0,0.0,0.0,0.0,0.0,0.0,0.0
0.25,0.0,0.0,0.0,0.0,0.0,0.0,0.0,0.0,0.0,0.0,0.0,0.0,0.0,0.0,0.0,0.0,0.0,0.0,0.0,0.0,0.0,0.0,0.0,0.0,0.0,0.0,0.0,0.0,0.0,0.0,0.0,0.0,0.0,0.0,0.0,0.0,0.0,0.0,0.0,0.0,0.0,0.0,0.0,0.0,0.0,0.0,0.0,0.0,0.0,0.0,0.0,0.0,0.0,0.0,0.0,0.0,0.0,0.0,0.0,0.0,0.0,0.0,0.0,0.0,0.0,0.0,0.0,0.0,0.0,0.0,0.0,0.0,0.0,0.0,0.0,0.0,0.0,0.0,0.0,0.0,0.0,0.0,0.0
0.35000000000000003,0.0,0.0,0.0,0.0,0.0,0.0,0.0,0.0,0.0,0.0,0.0,0.0,0.0,0.0,0.0,0.0,0.0,0.0,0.0,0.0,0.0,0.0,0.0,0.0,0.0,0.0,0.0,0.0,0.0,0.0,0.0,0.0,0.0,0.0,0.0,0.0,0.0,0.0,0.0,0.0,0.0,0.0,0.0,0.0,0.0,0.0,0.0,0.0,0.0,0.0,0.0,0.0,0.0,0.0,0.0,0.0,0.0,0.0,0.0,0.0,0.0,0.0,0.0,0.0,0.0,0.0,0.0,0.0,0.0,0.0,0.0,0.0,0.0,0.0,0.0,0.0,0.0,0.0,0.0,0.0,0.0,0.0,0.0
0.45,0.0,0.0,0.0,0.0,0.0,0.0,0.0,0.0,0.0,0.0,0.0,0.0,0.0,0.0,0.0,0.0,0.0,0.0,0.0,0.0,0.0,0.0,0.0,0.0,0.0,0.0,0.0,0.0,0.0,0.0,0.0,0.0,0.0,0.0,0.0,0.0,0.0,0.0,0.0,0.0,0.0,0.0,0.0,0.0,0.0,0.0,0.0,0.0,0.0,0.0,0.0,0.0,0.0,0.0,0.0,0.0,0.0,0.0,0.0,0.0,0.0,0.0,0.0,0.0,0.0,0.0,0.0,0.0,0.0,0.0,0.0,0.0,0.0,0.0,0.0,0.0,0.0,0.0,0.0,0.0,0.0,0.0,0.0
0.55,0.0,0.0,0.0,0.0,0.0,0.0,0.0,0.0,0.0,0.0,0.0,0.0,0.0,0.0,0.0,0.0,0.0,0.0,0.0,0.0,0.0,0.0,0.0,0.0,0.0,0.0,0.0,0.0,0.0,0.0,0.0,0.0,0.0,0.0,0.0,0.0,0.0,0.0,0.0,0.0,0.0,0.0,0.0,0.0,0.0,0.0,0.0,0.0,0.0,0.0,0.0,0.0,0.0,0.0,0.0,0.0,0.0,0.0,0.0,0.0,0.0,0.0,0.0,0.0,0.0,0.0,0.0,0.0,0.0,0.0,0.0,0.0,0.0,0.0,0.0,0.0,0.0,0.0,0.0,0.0,0.0,0.0,0.0
0.6500000000000001,0.0,0.0,0.0,0.0,0.0,0.0,0.0,0.0,0.0,0.0,0.0,0.0,0.0,0.0,0.0,0.0,0.0,0.0,0.0,0.0,0.0,0.0,0.0,0.0,0.0,0.0,0.0,0.0,0.0,0.0,0.0,0.0,0.0,0.0,0.0,0.0,0.0,0.0,0.0,0.0,0.0,0.0,0.0,0.0,0.0,0.0,0.0,0.0,0.0,0.0,0.0,0.0,0.0,0.0,0.0,0.0,0.0,0.0,0.0,0.0,0.0,0.0,0.0,0.0,0.0,0.0,0.0,0.0,0.0,0.0,0.0,0.0,0.0,0.0,0.0,0.0,0.0,0.0,0.0,0.0,0.0,0.0,0.0
0.75,0.0,0.0,0.0,0.0,0.0,0.0,0.0,0.0,0.0,0.0,0.0,0.0,0.0,0.0,0.0,0.0,0.0,0.0,0.0,0.0,0.0,0.0,0.0,0.0,0.0,0.0,0.0,0.0,0.0,0.0,0.0,0.0,0.0,0.0,0.0,0.0,0.0,0.0,0.0,0.0,0.0,0.0,0.0,0.0,0.0,0.0,0.0,0.0,0.0,0.0,0.0,0.0,0.0,0.0,0.0,0.0,0.0,0.0,0.0,0.0,0.0,0.0,0.0,0.0,0.0,0.0,0.0,0.0,0.0,0.0,0.0,0.0,0.0,0.0,0.0,0.0,0.0,0.0,0.0,0.0,0.0,0.0,0.0
0.8500000000000001,0.0,0.0,0.0,0.0,0.0,0.0,0.0,0.0,0.0,0.0,0.0,0.0,0.0,0.0,0.0,0.0,0.0,0.0,0.0,0.0,0.0,0.0,0.0,0.0,0.0,0.0,0.0,0.0,0.0,0.0,0.0,0.0,0.0,0.0,0.0,0.0,0.0,0.0,0.0,0.0,0.0,0.0,0.0,0.0,0.0,0.0,0.0,0.0,0.0,0.0,0.0,0.0,0.0,0.0,0.0,0.0,0.0,0.0,0.0,0.0,0.0,0.0,0.0,0.0,0.0,0.0,0.0,0.0,0.0,0.0,0.0,0.0,0.0,0.0,0.0,0.0,0.0,0.0,0.0,0.0,0.0,0.0,0.0
0.95,0.0,0.0,0.0,0.0,0.0,0.0,0.0,0.0,0.0,0.0,0.0,0.0,0.0,0.0,0.0,0.0,0.0,0.0,0.0,0.0,0.0,0.0,0.0,0.0,0.0,0.0,0.0,0.0,0.0,0.0,0.0,0.0,0.0,0.0,0.0,0.0,0.0,0.0,0.0,0.0,0.0,0.0,0.0,0.0,0.0,0.0,0.0,0.0,0.0,0.0,0.0,0.0,0.0,0.0,0.0,0.0,0.0,0.0,0.0,0.0,0.0,0.0,0.0,0.0,0.0,0.0,0.0,0.0,0.0,0.0,0.0,0.0,0.0,0.0,0.0,0.0,0.0,0.0,0.0,0.0,0.0,0.0,0.0
1.05,0.0,0.0,0.0,0.0,0.0,0.0,0.0,0.0,0.0,0.0,0.0,0.0,0.0,0.0,0.0,0.0,0.0,0.0,0.0,0.0,0.0,0.0,0.0,0.0,0.0,0.0,0.0,0.0,0.0,0.0,0.0,0.0,0.0,0.0,0.0,0.0,0.0,0.0,0.0,0.0,0.0,0.0,0.0,0.0,0.0,0.0,0.0,0.0,0.0,0.0,0.0,0.0,0.0,0.0,0.0,0.0,0.0,0.0,0.0,0.0,0.0,0.0,0.0,0.0,0.0,0.0,0.0,0.0,0.0,0.0,0.0,0.0,0.0,0.0,0.0,0.0,0.0,0.0,0.0,0.0,0.0,0.0,0.0
1.1500000000000001,0.0,0.0,0.0,0.0,0.0,0.0,0.0,0.0,0.0,0.0,0.0,0.0,0.0,0.0,0.0,0.0,0.0,0.0,0.0,0.0,0.0,0.0,0.0,0.0,0.0,0.0,0.0,0.0,0.0,0.0,0.0,0.0,0.0,0.0,0.0,0.0,0.0,0.0,0.0,0.0,0.0,0.0,0.0,0.0,0.0,0.0,0.0,0.0,0.0,0.0,0.0,0.0,0.0,0.0,0.0,0.0,0.0,0.0,0.0,0.0,0.0,0.0,0.0,0.0,0.0,0.0,0.0,0.0,0.0,0.0,0.0,0.0,0.0,0.0,0.0,0.0,0.0,0.0,0.0,0.0,0.0,0.0,0.0
1.25,0.0,0.0,0.0,0.0,0.0,0.0,0.0,0.0,0.0,0.0,0.0,0.0,0.0,0.0,0.0,0.0,0.0,0.0,0.0,0.0,0.0,0.0,0.0,0.0,0.0,0.0,0.0,0.0,0.0,0.0,0.0,0.0,0.0,0.0,0.0,0.0,0.0,0.0,0.0,0.0,0.0,0.0,0.0,0.0,0.0,0.0,0.0,0.0,0.0,0.0,0.0,0.0,0.0,0.0,0.0,0.0,0.0,0.0,0.0,0.0,0.0,0.0,0.0,0.0,0.0,0.0,0.0,0.0,0.0,0.0,0.0,0.0,0.0,0.0,0.0,0.0,0.0,0.0,0.0,0.0,0.0,0.0,0.0
1.35,0.0,0.0,0.0,0.0,0.0,0.0,0.0,0.0,0.0,0.0,0.0,0.0,0.0,0.0,0.0,0.0,0.0,0.0,0.0,0.0,0.0,0.0,0.0,0.0,0.0,0.0,0.0,0.0,0.0,0.0,0.0,0.0,0.0,0.0,0.0,0.0,0.0,0.0,0.0,0.0,0.0,0.0,0.0,0.0,0.0,0.0,0.0,0.0,0.0,0.0,0.0,0.0,0.0,0.0,0.0,0.0,0.0,0.0,0.0,0.0,0.0,0.0,0.0,0.0,0.0,0.0,0.0,0.0,0.0,0.0,0.0,0.0,0.0,0.0,0.0,0.0,0.0,0.0,0.0,0.0,0.0,0.0,0.0
1.4500000000000002,0.0,0.0,0.0,0.0,0.0,0.0,0.0,0.0,0.0,0.0,0.0,0.0,0.0,0.0,0.0,0.0,0.0,0.0,0.0,0.0,0.0,0.0,0.0,0.0,0.0,0.0,0.0,0.0,0.0,0.0,0.0,0.0,0.0,0.0,0.0,0.0,0.0,0.0,0.0,0.0,0.0,0.0,0.0,0.0,0.0,0.0,0.0,0.0,0.0,0.0,0.0,0.0,0.0,0.0,0.0,0.0,0.0,0.0,0.0,0.0,0.0,0.0,0.0,0.0,0.0,0.0,0.0,0.0,0.0,0.0,0.0,0.0,0.0,0.0,0.0,0.0,0.0,0.0,0.0,0.0,0.0,0.0,0.0
1.55,0.0,0.0,0.0,0.0,0.0,0.0,0.0,0.0,0.0,0.0,0.0,0.0,0.0,0.0,0.0,0.0,0.0,0.0,0.0,0.0,0.0,0.0,0.0,0.0,0.0,0.0,0.0,0.0,0.0,0.0,0.0,0.0,0.0,0.0,0.0,0.0,0.0,0.0,0.0,0.0,0.0,0.0,0.0,0.0,0.0,0.0,0.0,0.0,0.0,0.0,0.0,0.0,0.0,0.0,0.0,0.0,0.0,0.0,0.0,0.0,0.0,0.0,0.0,0.0,0.0,0.0,0.0,0.0,0.0,0.0,0.0,0.0,0.0,0.0,0.0,0.0,0.0,0.0,0.0,0.0,0.0,0.0,0.0
1.6500000000000001,0.0,0.0,0.0,0.0,0.0,0.0,0.0,0.0,0.0,0.0,0.0,0.0,0.0,0.0,0.0,0.0,0.0,0.0,0.0,0.0,0.0,0.0,0.0,0.0,0.0,0.0,0.0,0.0,0.0,0.0,0.0,0.0,0.0,0.0,0.0,0.0,0.0,0.0,0.0,0.0,0.0,0.0,0.0,0.0,0.0,0.0,0.0,0.0,0.0,0.0,0.0,0.0,0.0,0.0,0.0,0.0,0.0,0.0,0.0,0.0,0.0,0.0,0.0,0.0,0.0,0.0,0.0,0.0,0.0,0.0,0.0,0.0,0.0,0.0,0.0,0.0,0.0,0.0,0.0,0.0,0.0,0.0,0.0
1.75,0.0,0.0,0.0,0.0,0.0,0.0,0.0,0.0,0.0,0.0,0.0,0.0,0.0,0.0,0.0,0.0,0.0,0.0,0.0,0.0,0.0,0.0,0.0,0.0,0.0,0.0,0.0,0.0,0.0,0.0,0.0,0.0,0.0,0.0,0.0,0.0,0.0,0.0,0.0,0.0,0.0,0.0,0.0,0.0,0.0,0.0,0.0,0.0,0.0,0.0,0.0,0.0,0.0,0.0,0.0,0.0,0.0,0.0,0.0,0.0,0.0,0.0,0.0,0.0,0.0,0.0,0.0,0.0,0.0,0.0,0.0,0.0,0.0,0.0,0.0,0.0,0.0,0.0,0.0,0.0,0.0,0.0,0.0
1.85,0.0,0.0,0.0,0.0,0.0,0.0,0.0,0.0,0.0,0.0,0.0,0.0,0.0,0.0,0.0,0.0,0.0,0.0,0.0,0.0,0.0,0.0,0.0,0.0,0.0,0.0,0.0,0.0,0.0,0.0,0.0,0.0,0.0,0.0,0.0,0.0,0.0,0.0,0.0,0.0,0.0,0.0,0.0,0.0,0.0,0.0,0.0,0.0,0.0,0.0,0.0,0.0,0.0,0.0,0.0,0.0,0.0,0.0,0.0,0.0,0.0,0.0,0.0,0.0,0.0,0.0,0.0,0.0,0.0,0.0,0.0,0.0,0.0,0.0,0.0,0.0,0.0,0.0,0.0,0.0,0.0,0.0,0.0
1.9500000000000002,0.0,0.0,0.0,0.0,0.0,0.0,0.0,0.0,0.0,0.0,0.0,0.0,0.0,0.0,0.0,0.0,0.0,0.0,0.0,0.0,0.0,0.0,0.0,0.0,0.0,0.0,0.0,0.0,0.0,0.0,0.0,0.0,0.0,0.0,0.0,0.0,0.0,0.0,0.0,0.0,0.0,0.0,0.0,0.0,0.0,0.0,0.0,0.0,0.0,0.0,0.0,0.0,0.0,0.0,0.0,0.0,0.0,0.0,0.0,0.0,0.0,0.0,0.0,0.0,0.0,0.0,0.0,0.0,0.0,0.0,0.0,0.0,0.0,0.0,0.0,0.0,0.0,0.0,0.0,0.0,0.0,0.0,0.0
2.05,0.0,0.0,0.0,0.0,0.0,0.0,0.0,0.0,0.0,0.0,0.0,0.0,0.0,0.0,0.0,0.0,0.0,0.0,0.0,0.0,0.0,0.0,0.0,0.0,0.0,0.0,0.0,0.0,0.0,0.0,0.0,0.0,0.0,0.0,0.0,0.0,0.0,0.0,0.0,0.0,0.0,0.0,0.0,0.0,0.0,0.0,0.0,0.0,0.0,0.0,0.0,0.0,0.0,0.0,0.0,0.0,0.0,0.0,0.0,0.0,0.0,0.0,0.0,0.0,0.0,0.0,0.0,0.0,0.0,0.0,0.0,0.0,0.0,0.0,0.0,0.0,0.0,0.0,0.0,0.0,0.0,0.0,0.0
2.1500000000000004,0.0,0.0,0.0,0.0,0.0,0.0,0.0,0.0,0.0,0.0,0.0,0.0,0.0,0.0,0.0,0.0,0.0,0.0,0.0,0.0,0.0,0.0,0.0,0.0,0.0,0.0,0.0,0.0,0.0,0.0,0.0,0.0,0.0,0.0,0.0,0.0,0.0,0.0,0.0,0.0,0.0,0.0,0.0,0.0,0.0,0.0,0.0,0.0,0.0,0.0,0.0,0.0,0.0,0.0,0.0,0.0,0.0,0.0,0.0,0.0,0.0,0.0,0.0,0.0,0.0,0.0,0.0,0.0,0.0,0.0,0.0,0.0,0.0,0.0,0.0,0.0,0.0,0.0,0.0,0.0,0.0,0.0,0.0
2.25,0.0,0.0,0.0,0.0,0.0,0.0,0.0,0.0,0.0,0.0,0.0,0.0,0.0,0.0,0.0,0.0,0.0,0.0,0.0,0.0,0.0,0.0,0.0,0.0,0.0,0.0,0.0,0.0,0.0,0.0,0.0,0.0,0.0,0.0,0.0,0.0,0.0,0.0,0.0,0.0,0.0,0.0,0.0,0.0,0.0,0.0,0.0,0.0,0.0,0.0,0.0,0.0,0.0,0.0,0.0,0.0,0.0,0.0,0.0,0.0,0.0,0.0,0.0,0.0,0.0,0.0,0.0,0.0,0.0,0.0,0.0,0.0,0.0,0.0,0.0,0.0,0.0,0.0,0.0,0.0,0.0,0.0,0.0
2.3500000000000005,0.0,0.0,0.0,0.0,0.0,0.0,0.0,0.0,0.0,0.0,0.0,0.0,0.0,0.0,0.0,0.0,0.0,0.0,0.0,0.0,0.0,0.0,0.0,0.0,0.0,0.0,0.0,0.0,0.0,0.0,0.0,0.0,0.0,0.0,0.0,0.0,0.0,0.0,0.0,0.0,0.0,0.0,0.0,0.0,0.0,0.0,0.0,0.0,0.0,0.0,0.0,0.0,0.0,0.0,0.0,0.0,0.0,0.0,0.0,0.0,0.0,0.0,0.0,0.0,0.0,0.0,0.0,0.0,0.0,0.0,0.0,0.0,0.0,0.0,0.0,0.0,0.0,0.0,0.0,0.0,0.0,0.0,0.0
2.45,0.0,0.0,0.0,0.0,0.0,0.0,0.0,0.0,0.0,0.0,0.0,0.0,0.0,0.0,0.0,0.0,0.0,0.0,0.0,0.0,0.0,0.0,0.0,0.0,0.0,0.0,0.0,0.0,0.0,0.0,0.0,0.0,0.0,0.0,0.0,0.0,0.0,0.0,0.0,0.0,0.0,0.0,0.0,0.0,0.0,0.0,0.0,0.0,0.0,0.0,0.0,0.0,0.0,0.0,0.0,0.0,0.0,0.0,0.0,0.0,0.0,0.0,0.0,0.0,0.0,0.0,0.0,0.0,0.0,0.0,0.0,0.0,0.0,0.0,0.0,0.0,0.0,0.0,0.0,0.0,0.0,0.0,0.0
2.55,0.0,0.0,0.0,0.0,0.0,0.0,0.0,0.0,0.0,0.0,0.0,0.0,0.0,0.0,0.0,0.0,0.0,0.0,0.0,0.0,0.0,0.0,0.0,0.0,0.0,0.0,0.0,0.0,0.0,0.0,0.0,0.0,0.0,0.0,0.0,0.0,0.0,0.0,0.0,0.0,0.0,0.0,0.0,0.0,0.0,0.0,0.0,0.0,0.0,0.0,0.0,0.0,0.0,0.0,0.0,0.0,0.0,0.0,0.0,0.0,0.0,0.0,0.0,0.0,0.0,0.0,0.0,0.0,0.0,0.0,0.0,0.0,0.0,0.0,0.0,0.0,0.0,0.0,0.0,0.0,0.0,0.0,0.0
2.6500000000000004,0.0,0.0,0.0,0.0,0.0,0.0,0.0,0.0,0.0,0.0,0.0,0.0,0.0,0.0,0.0,0.0,0.0,0.0,0.0,0.0,0.0,0.0,0.0,0.0,0.0,0.0,0.0,0.0,0.0,0.0,0.0,0.0,0.0,0.0,0.0,0.0,0.0,0.0,0.0,0.0,0.0,0.0,0.0,0.0,0.0,0.0,0.0,0.0,0.0,0.0,0.0,0.0,0.0,0.0,0.0,0.0,0.0,0.0,0.0,0.0,0.0,0.0,0.0,0.0,0.0,0.0,0.0,0.0,0.0,0.0,0.0,0.0,0.0,0.0,0.0,0.0,0.0,0.0,0.0,0.0,0.0,0.0,0.0
2.75,0.0,0.0,0.0,0.0,0.0,0.0,0.0,0.0,0.0,0.0,0.0,0.0,0.0,0.0,0.0,0.0,0.0,0.0,0.0,0.0,0.0,0.0,0.0,0.0,0.0,0.0,0.0,0.0,0.0,0.0,0.0,0.0,0.0,0.0,0.0,0.0,0.0,0.0,0.0,0.0,0.0,0.0,0.0,0.0,0.0,0.0,0.0,0.0,0.0,0.0,0.0,0.0,0.0,0.0,0.0,0.0,0.0,0.0,0.0,0.0,0.0,0.0,0.0,0.0,0.0,0.0,0.0,0.0,0.0,0.0,0.0,0.0,0.0,0.0,0.0,0.0,0.0,0.0,0.0,0.0,0.0,0.0,0.0
2.8500000000000005,0.0,0.0,0.0,0.0,0.0,0.0,0.0,0.0,0.0,0.0,0.0,0.0,0.0,0.0,0.0,0.0,0.0,0.0,0.0,0.0,0.0,0.0,0.0,0.0,0.0,0.0,0.0,0.0,0.0,0.0,0.0,0.0,0.0,0.0,0.0,0.0,0.0,0.0,0.0,0.0,0.0,0.0,0.0,0.0,0.0,0.0,0.0,0.0,0.0,0.0,0.0,0.0,0.0,0.0,0.0,0.0,0.0,0.0,0.0,0.0,0.0,0.0,0.0,0.0,0.0,0.0,0.0,0.0,0.0,0.0,0.0,0.0,0.0,0.0,0.0,0.0,0.0,0.0,0.0,0.0,0.0,0.0,0.0
2.95,0.0,0.0,0.0,0.0,0.0,0.0,0.0,0.0,0.0,0.0,0.0,0.0,0.0,0.0,0.0,0.0,0.0,0.0,0.0,0.0,0.0,0.0,0.0,0.0,0.0,0.0,0.0,0.0,0.0,0.0,0.0,0.0,0.0,0.0,0.0,0.0,0.0,0.0,0.0,0.0,0.0,0.0,0.0,0.0,0.0,0.0,0.0,0.0,0.0,0.0,0.0,0.0,0.0,0.0,0.0,0.0,0.0,0.0,0.0,0.0,0.0,0.0,0.0,0.0,0.0,0.0,0.0,0.0,0.0,0.0,0.0,0.0,0.0,0.0,0.0,0.0,0.0,0.0,0.0,0.0,0.0,0.0,0.0
3.05,0.0,0.0,0.0,0.0,0.0,0.0,0.0,0.0,0.0,0.0,0.0,0.0,0.0,0.0,0.0,0.0,0.0,0.0,0.0,0.0,0.0,0.0,0.0,0.0,0.0,0.0,0.0,0.0,0.0,0.0,0.0,0.0,0.0,0.0,0.0,0.0,0.0,0.0,0.0,0.0,0.0,0.0,0.0,0.0,0.0,0.0,0.0,0.0,0.0,0.0,0.0,0.0,0.0,0.0,0.0,0.0,0.0,0.0,0.0,0.0,0.0,0.0,0.0,0.0,0.0,0.0,0.0,0.0,0.0,0.0,0.0,0.0,0.0,0.0,0.0,0.0,0.0,0.0,0.0,0.0,0.0,0.0,0.0
3.1500000000000004,0.0,0.0,0.0,0.0,0.0,0.0,0.0,0.0,0.0,0.0,0.0,0.0,0.0,0.0,0.0,0.0,0.0,0.0,0.0,0.0,0.0,0.0,0.0,0.0,0.0,0.0,0.0,0.0,0.0,0.0,0.0,0.0,0.0,0.0,0.0,0.0,0.0,0.0,0.0,0.0,0.0,0.0,0.0,0.0,0.0,0.0,0.0,0.0,0.0,0.0,0.0,0.0,0.0,0.0,0.0,0.0,0.0,0.0,0.0,0.0,0.0,0.0,0.0,0.0,0.0,0.0,0.0,0.0,0.0,0.0,0.0,0.0,0.0,0.0,0.0,0.0,0.0,0.0,0.0,0.0,0.0,0.0,0.0
3.25,0.0,0.0,0.0,0.0,0.0,0.0,0.0,0.0,0.0,0.0,0.0,0.0,0.0,0.0,0.0,0.0,0.0,0.0,0.0,0.0,0.0,0.0,0.0,0.0,0.0,0.0,0.0,0.0,0.0,0.0,0.0,0.0,0.0,0.0,0.0,0.0,0.0,0.0,0.0,0.0,0.0,0.0,0.0,0.0,0.0,0.0,0.0,0.0,0.0,0.0,0.0,0.0,0.0,0.0,0.0,0.0,0.0,0.0,0.0,0.0,0.0,0.0,0.0,0.0,0.0,0.0,0.0,0.0,0.0,0.0,0.0,0.0,0.0,0.0,0.0,0.0,0.0,0.0,0.0,0.0,0.0,0.0,0.0
3.3500000000000005,0.0,0.0,0.0,0.0,0.0,0.0,0.0,0.0,0.0,0.0,0.0,0.0,0.0,0.0,0.0,0.0,0.0,0.0,0.0,0.0,0.0,0.0,0.0,0.0,0.0,0.0,0.0,0.0,0.0,0.0,0.0,0.0,0.0,0.0,0.0,0.0,0.0,0.0,0.0,0.0,0.0,0.0,0.0,0.0,0.0,0.0,0.0,0.0,0.0,0.0,0.0,0.0,0.0,0.0,0.0,0.0,0.0,0.0,0.0,0.0,0.0,0.0,0.0,0.0,1.2499999999999989e-05,1.2499999999999989e-05,1.2499999999999989e-05,1.2499999999999989e-05,1.2499999999999989e-05,1.2499999999999989e-05,1.2499999999999989e-05,1.2499999999999989e-05,1.2499999999999989e-05,1.2499999999999989e-05,1.2499999999999989e-05,1.2499999999999989e-05,1.2499999999999989e-05,1.2499999999999989e-05,1.2499999999999989e-05,1.2499999999999989e-05,1.2499999999999989e-05,1.2499999999999989e-05,1.2499999999999989e-05
3.45,0.0,0.0,0.0,0.0,0.0,0.0,0.0,0.0,0.0,0.0,0.0,0.0,0.0,0.0,0.0,0.0,0.0,0.0,0.0,0.0,0.0,0.0,0.0,0.0,0.0,0.0,0.0,0.0,0.0,0.0,0.0,0.0,0.0,0.0,0.0,0.0,0.0,0.0,0.0,0.0,0.0,0.0,0.0,0.0,0.0,0.0,0.0,0.0,0.0,0.0,0.0,0.0,0.0,0.0,0.0,0.0,0.0,1.2500000000000045e-05,1.2500000000000045e-05,1.2500000000000045e-05,1.2500000000000045e-05,1.2500000000000045e-05,3.750000000000013e-05,3.750000000000013e-05,2.500000000000009e-05,2.500000000000009e-05,2.500000000000009e-05,2.500000000000009e-05,2.500000000000009e-05,2.500000000000009e-05,2.500000000000009e-05,2.500000000000009e-05,2.500000000000009e-05,3.750000000000013e-05,3.750000000000013e-05,3.750000000000013e-05,3.750000000000013e-05,3.750000000000013e-05,3.750000000000013e-05,3.750000000000013e-05,3.750000000000013e-05,3.750000000000013e-05,3.750000000000013e-05
3.55,0.0,0.0,0.0,0.0,0.0,0.0,0.0,0.0,0.0,0.0,0.0,0.0,0.0,0.0,0.0,0.0,0.0,0.0,0.0,0.0,0.0,0.0,0.0,0.0,0.0,0.0,0.0,0.0,0.0,0.0,0.0,0.0,0.0,0.0,0.0,0.0,0.0,0.0,0.0,0.0,0.0,0.0,0.0,0.0,0.0,0.0,0.0,0.0,0.0,0.0,0.0,0.0,0.0,1.2499999999999989e-05,1.2499999999999989e-05,1.2499999999999989e-05,3.749999999999997e-05,2.4999999999999977e-05,2.4999999999999977e-05,2.4999999999999977e-05,3.749999999999997e-05,3.749999999999997e-05,2.4999999999999977e-05,3.749999999999997e-05,3.749999999999997e-05,3.749999999999997e-05,6.249999999999995e-05,7.499999999999994e-05,9.999999999999991e-05,9.999999999999991e-05,0.00011249999999999989,0.00011249999999999989,0.0001249999999999999,0.00011249999999999989,0.00013749999999999987,0.00014999999999999988,0.00014999999999999988,0.00014999999999999988,0.00014999999999999988,0.00014999999999999988,0.00014999999999999988,0.00014999999999999988,0.00014999999999999988
3.6500000000000004,0.0,0.0,0.0,0.0,0.0,0.0,0.0,0.0,0.0,0.0,0.0,0.0,0.0,0.0,0.0,0.0,0.0,0.0,0.0,0.0,0.0,0.0,0.0,0.0,0.0,0.0,0.0,0.0,0.0,0.0,0.0,0.0,0.0,0.0,0.0,0.0,0.0,0.0,0.0,0.0,0.0,0.0,0.0,0.0,0.0,0.0,0.0,0.0,0.0,1.2499999999999989e-05,1.2499999999999989e-05,1.2499999999999989e-05,3.749999999999997e-05,2.4999999999999977e-05,2.4999999999999977e-05,3.749999999999997e-05,2.4999999999999977e-05,3.749999999999997e-05,6.249999999999995e-05,9.999999999999991e-05,0.00011249999999999989,0.00014999999999999988,0.00013749999999999987,0.0001249999999999999,0.00013749999999999987,0.00017499999999999986,0.00017499999999999986,0.00019999999999999982,0.00019999999999999982,0.00022499999999999978,0.00022499999999999978,0.00022499999999999978,0.00021249999999999983,0.00021249999999999983,0.00021249999999999983,0.00019999999999999982,0.00021249999999999983,0.00021249999999999983,0.00021249999999999983,0.00021249999999999983,0.00022499999999999978,0.00022499999999999978,0.00022499999999999978
3.75,0.0,0.0,0.0,0.0,0.0,0.0,0.0,0.0,0.0,0.0,0.0,0.0,0.0,0.0,0.0,0.0,0.0,0.0,0.0,0.0,0.0,0.0,0.0,0.0,0.0,0.0,0.0,0.0,0.0,0.0,0.0,0.0,0.0,0.0,0.0,0.0,0.0,0.0,0.0,0.0,0.0,0.0,0.0,0.0,0.0,0.0,1.2499999999999989e-05,1.2499999999999989e-05,1.2499999999999989e-05,2.4999999999999977e-05,2.4999999999999977e-05,3.749999999999997e-05,2.4999999999999977e-05,3.749999999999997e-05,9.999999999999991e-05,0.00014999999999999988,0.00013749999999999987,0.0001249999999999999,0.00016249999999999986,0.00018749999999999981,0.00021249999999999983,0.0002499999999999998,0.0003374999999999997,0.00043749999999999963,0.00047499999999999957,0.0005624999999999995,0.0006249999999999995,0.0006499999999999994,0.0006624999999999995,0.0006624999999999995,0.0006624999999999995,0.0006624999999999995,0.0006999999999999995,0.0007249999999999993,0.0006999999999999995,0.0007374999999999993,0.0007374999999999993,0.0007499999999999993,0.0007624999999999993,0.0007749999999999993,0.0007624999999999993,0.0007624999999999993,0.0007624999999999993
3.8500000000000005,0.0,0.0,0.0,0.0,0.0,0.0,0.0,0.0,0.0,0.0,0.0,0.0,0.0,0.0,0.0,0.0,0.0,0.0,0.0,0.0,0.0,0.0,0.0,0.0,0.0,0.0,0.0,0.0,0.0,0.0,0.0,0.0,0.0,0.0,0.0,0.0,0.0,0.0,0.0,0.0,0.0,0.0,0.0,0.0,1.2499999999999989e-05,1.2499999999999989e-05,2.4999999999999977e-05,2.4999999999999977e-05,3.749999999999997e-05,3.749999999999997e-05,6.249999999999995e-05,0.00011249999999999989,0.00013749999999999987,0.00016249999999999986,0.00017499999999999986,0.00017499999999999986,0.00027499999999999975,0.00043749999999999963,0.0005499999999999995,0.0006499999999999994,0.0006624999999999995,0.0007374999999999993,0.0007624999999999993,0.0007124999999999995,0.0007624999999999993,0.0007249999999999993,0.0007499999999999993,0.0008124999999999993,0.0008249999999999992,0.0008374999999999993,0.0009374999999999991,0.0009874999999999992,0.0009999999999999992,0.0009874999999999992,0.001012499999999999,0.0009999999999999992,0.0010249999999999992,0.0010249999999999992,0.0010374999999999991,0.0010249999999999992,0.0010249999999999992,0.0010249999999999992,0.0010249999999999992
3.95,0.0,0.0,0.0,0.0,0.0,0.0,0.0,0.0,0.0,0.0,0.0,0.0,0.0,0.0,0.0,0.0,0.0,0.0,0.0,0.0,0.0,0.0,0.0,0.0,0.0,0.0,0.0,0.0,0.0,0.0,0.0,0.0,0.0,0.0,0.0,0.0,0.0,0.0,0.0,0.0,0.0,0.0,1.2500000000000045e-05,1.2500000000000045e-05,2.500000000000009e-05,2.500000000000009e-05,2.500000000000009e-05,6.250000000000022e-05,0.0001125000000000004,0.00012500000000000044,0.00016250000000000056,0.00021250000000000075,0.000275000000000001,0.0004375000000000016,0.0006125000000000021,0.0006625000000000024,0.0007625000000000027,0.0007250000000000026,0.0007250000000000026,0.0007875000000000028,0.0009375000000000032,0.0009875000000000036,0.0010000000000000035,0.001137500000000004,0.0012375000000000044,0.0013875000000000048,0.001425000000000005,0.0014125000000000051,0.0014375000000000052,0.0015000000000000055,0.0015250000000000053,0.0015625000000000057,0.0015500000000000054,0.0015875000000000058,0.0015875000000000058,0.0015750000000000056,0.0015875000000000058,0.0016250000000000058,0.0016000000000000057,0.0016375000000000057,0.0016375000000000057,0.0016375000000000057,0.0016375000000000057
4.050000000000001,0.0,0.0,0.0,0.0,0.0,0.0,0.0,0.0,0.0,0.0,0.0,0.0,0.0,0.0,0.0,0.0,0.0,0.0,0.0,0.0,0.0,0.0,0.0,0.0,0.0,0.0,0.0,0.0,0.0,0.0,0.0,0.0,0.0,0.0,0.0,0.0,0.0,0.0,0.0,0.0,1.2499999999999933e-05,1.2499999999999933e-05,2.4999999999999866e-05,2.4999999999999866e-05,3.74999999999998e-05,7.49999999999996e-05,0.00013749999999999928,0.00013749999999999928,0.00019999999999999893,0.0002999999999999984,0.0004499999999999976,0.0006249999999999967,0.000749999999999996,0.0006874999999999963,0.0006999999999999963,0.0008749999999999954,0.0009874999999999947,0.001087499999999994,0.001287499999999993,0.0014124999999999925,0.0014374999999999924,0.0015374999999999918,0.0016874999999999909,0.0018124999999999903,0.0017874999999999903,0.00186249999999999,0.0019749999999999894,0.0020499999999999893,0.0022124999999999883,0.0022249999999999883,0.0023124999999999877,0.0023874999999999873,0.0024874999999999867,0.0025624999999999862,0.0026124999999999864,0.0026624999999999856,0.0026499999999999857,0.002624999999999986,0.0026499999999999857,0.002624999999999986,0.002624999999999986,0.002624999999999986,0.002624999999999986
4.15,0.0,0.0,0.0,0.0,0.0,0.0,0.0,0.0,0.0,0.0,0.0,0.0,0.0,0.0,0.0,0.0,0.0,0.0,0.0,0.0,0.0,0.0,0.0,0.0,0.0,0.0,0.0,0.0,0.0,0.0,0.0,0.0,0.0,0.0,0.0,0.0,0.0,0.0,0.0,1.2500000000000045e-05,2.500000000000009e-05,2.500000000000009e-05,2.500000000000009e-05,8.750000000000032e-05,0.00012500000000000044,0.00015000000000000053,0.00020000000000000071,0.0004250000000000015,0.0006125000000000021,0.0007375000000000026,0.0007125000000000025,0.0007750000000000027,0.0009375000000000032,0.001112500000000004,0.0013625000000000048,0.001375000000000005,0.0015625000000000057,0.0017375000000000062,0.0018125000000000066,0.0019500000000000068,0.0021625000000000077,0.002537500000000009,0.00275000000000001,0.00292500000000001,0.003300000000000012,0.003312500000000012,0.0033625000000000117,0.0034375000000000117,0.0034875000000000123,0.0035875000000000126,0.0035750000000000126,0.0035250000000000125,0.0035125000000000126,0.0034875000000000123,0.0035000000000000126,0.0035000000000000126,0.0035125000000000126,0.0035125000000000126,0.0034875000000000123,0.0034750000000000124,0.0034750000000000124,0.0034875000000000123,0.0034875000000000123
4.25,0.0,0.0,0.0,0.0,0.0,0.0,0.0,0.0,0.0,0.0,0.0,0.0,0.0,0.0,0.0,0.0,0.0,0.0,0.0,0.0,0.0,0.0,0.0,0.0,0.0,0.0,0.0,0.0,0.0,0.0,0.0,0.0,0.0,0.0,0.0,0.0,0.0,1.2500000000000045e-05,2.500000000000009e-05,2.500000000000009e-05,1.2500000000000045e-05,6.250000000000022e-05,0.0001375000000000005,0.0001375000000000005,0.0002250000000000008,0.0004500000000000016,0.0006375000000000023,0.0006625000000000024,0.0007125000000000025,0.0008875000000000031,0.0010875000000000038,0.0013625000000000048,0.001450000000000005,0.0016375000000000057,0.0017250000000000063,0.002150000000000008,0.002487500000000009,0.0027625000000000097,0.0031625000000000112,0.0032875000000000118,0.0035000000000000126,0.003387500000000012,0.0034625000000000124,0.0035625000000000127,0.0034875000000000123,0.003625000000000013,0.0037625000000000137,0.003975000000000014,0.004037500000000014,0.004162500000000015,0.004275000000000016,0.004437500000000016,0.004425000000000016,0.004462500000000016,0.004537500000000016,0.004525000000000016,0.004600000000000016,0.004625000000000016,0.004700000000000017,0.004725000000000017,0.004750000000000017,0.004750000000000017,0.004750000000000017
4.35,0.0,0.0,0.0,0.0,0.0,0.0,0.0,0.0,0.0,0.0,0.0,0.0,0.0,0.0,0.0,0.0,0.0,0.0,0.0,0.0,0.0,0.0,0.0,0.0,0.0,0.0,0.0,0.0,0.0,0.0,0.0,0.0,0.0,0.0,0.0,0.0,1.2499999999999933e-05,2.4999999999999866e-05,2.4999999999999866e-05,3.74999999999998e-05,0.0001499999999999992,0.00013749999999999928,0.00019999999999999893,0.0004499999999999976,0.0006124999999999967,0.0006499999999999966,0.0007874999999999958,0.0009749999999999948,0.0012749999999999932,0.0014499999999999923,0.001649999999999991,0.001712499999999991,0.0021999999999999884,0.0027249999999999852,0.0031124999999999833,0.0032749999999999824,0.0032874999999999823,0.003424999999999982,0.003437499999999982,0.0036874999999999803,0.003937499999999979,0.004362499999999977,0.004712499999999975,0.005074999999999973,0.0053624999999999715,0.00547499999999997,0.005674999999999969,0.005912499999999968,0.005937499999999968,0.006037499999999968,0.006037499999999968,0.006037499999999968,0.006199999999999967,0.006249999999999967,0.006237499999999967,0.006362499999999966,0.006349999999999966,0.006362499999999966,0.0063374999999999656,0.006387499999999966,0.006387499999999966,0.006374999999999966,0.006387499999999966
4.45,0.0,0.0,0.0,0.0,0.0,0.0,0.0,0.0,0.0,0.0,0.0,0.0,0.0,0.0,0.0,0.0,0.0,0.0,0.0,0.0,0.0,0.0,0.0,0.0,0.0,0.0,0.0,0.0,0.0,0.0,0.0,0.0,0.0,0.0,1.2500000000000045e-05,1.2500000000000045e-05,2.500000000000009e-05,2.500000000000009e-05,8.750000000000032e-05,0.00012500000000000044,0.00016250000000000056,0.00040000000000000143,0.0006250000000000022,0.0006250000000000022,0.0007875000000000028,0.0010375000000000037,0.0013125000000000046,0.0015500000000000054,0.001650000000000006,0.002000000000000007,0.0026500000000000096,0.0031500000000000113,0.0032750000000000114,0.003325000000000012,0.0034375000000000117,0.003737500000000013,0.0042000000000000145,0.004637500000000017,0.005212500000000018,0.005487500000000019,0.0058625000000000205,0.005975000000000022,0.006237500000000022,0.006550000000000023,0.006862500000000024,0.007175000000000025,0.007175000000000025,0.007237500000000026,0.0075625000000000275,0.007675000000000027,0.007750000000000028,0.007900000000000029,0.007987500000000028,0.008112500000000028,0.008212500000000029,0.008162500000000029,0.00820000000000003,0.00828750000000003,0.00830000000000003,0.00825000000000003,0.00822500000000003,0.00825000000000003,0.00825000000000003
4.550000000000001,0.0,0.0,0.0,0.0,0.0,0.0,0.0,0.0,0.0,0.0,0.0,0.0,0.0,0.0,0.0,0.0,0.0,0.0,0.0,0.0,0.0,0.0,0.0,0.0,0.0,0.0,0.0,0.0,0.0,0.0,0.0,0.0,0.0,1.2499999999999933e-05,2.4999999999999866e-05,2.4999999999999866e-05,3.74999999999998e-05,0.00013749999999999928,0.00012499999999999935,0.00027499999999999855,0.000562499999999997,0.0006374999999999966,0.0006999999999999963,0.0009624999999999949,0.001287499999999993,0.001487499999999992,0.0016624999999999912,0.002274999999999988,0.0029624999999999842,0.003237499999999983,0.0032124999999999827,0.0033874999999999817,0.0038374999999999794,0.004399999999999977,0.005112499999999973,0.005462499999999971,0.0058374999999999694,0.006199999999999967,0.006599999999999964,0.007024999999999963,0.007212499999999961,0.007687499999999959,0.008137499999999957,0.008049999999999956,0.008337499999999956,0.008374999999999955,0.008874999999999952,0.00911249999999995,0.00923749999999995,0.009649999999999949,0.009974999999999946,0.009999999999999946,0.009999999999999946,0.010124999999999947,0.010137499999999945,0.010224999999999946,0.010237499999999946,0.010212499999999946,0.010262499999999945,0.010262499999999945,0.010287499999999946,0.010299999999999945,0.010312499999999945
4.65,0.0,0.0,0.0,0.0,0.0,0.0,0.0,0.0,0.0,0.0,0.0,0.0,0.0,0.0,0.0,0.0,0.0,0.0,0.0,0.0,0.0,0.0,0.0,0.0,0.0,0.0,0.0,0.0,0.0,0.0,0.0,0.0,1.2500000000000045e-05,2.500000000000009e-05,1.2500000000000045e-05,7.500000000000026e-05,0.00012500000000000044,0.00016250000000000056,0.00040000000000000143,0.0006000000000000021,0.000550000000000002,0.0008625000000000031,0.0011750000000000042,0.001425000000000005,0.0016000000000000057,0.002312500000000008,0.003000000000000011,0.0031375000000000114,0.0031750000000000116,0.0035500000000000123,0.004237500000000015,0.005037500000000018,0.005575000000000019,0.005875000000000021,0.006412500000000022,0.006925000000000025,0.007325000000000026,0.00792500000000003,0.00818750000000003,0.00837500000000003,0.009062500000000032,0.009762500000000035,0.010012500000000035,0.010812500000000039,0.011300000000000041,0.011925000000000043,0.012187500000000044,0.012350000000000043,0.012525000000000045,0.012562500000000046,0.012512500000000046,0.012662500000000045,0.012800000000000046,0.012787500000000045,0.012825000000000045,0.012825000000000045,0.012950000000000045,0.012987500000000046,0.012987500000000046,0.013037500000000046,0.013050000000000046,0.013037500000000046,0.013050000000000046
4.75,0.0,0.0,0.0,0.0,0.0,0.0,0.0,0.0,0.0,0.0,0.0,0.0,0.0,0.0,0.0,0.0,0.0,0.0,0.0,0.0,0.0,0.0,0.0,0.0,0.0,0.0,0.0,0.0,0.0,0.0,0.0,1.2499999999999933e-05,2.4999999999999866e-05,1.2499999999999933e-05,8.749999999999954e-05,9.999999999999946e-05,0.0002249999999999988,0.0005124999999999973,0.0006374999999999966,0.0007249999999999962,0.0009999999999999948,0.0012624999999999932,0.001487499999999992,0.0020499999999999893,0.0029624999999999842,0.0030749999999999836,0.003149999999999983,0.0036374999999999806,0.004374999999999977,0.005137499999999973,0.005674999999999969,0.006249999999999967,0.006637499999999965,0.00744999999999996,0.007737499999999959,0.008249999999999955,0.008962499999999951,0.009799999999999948,0.010574999999999944,0.011662499999999939,0.011974999999999937,0.012249999999999935,0.012649999999999932,0.012799999999999931,0.013024999999999929,0.013199999999999929,0.01336249999999993,0.013699999999999928,0.014237499999999926,0.014349999999999922,0.014662499999999922,0.01484999999999992,0.01494999999999992,0.01509999999999992,0.015262499999999918,0.015474999999999918,0.015387499999999919,0.015337499999999919,0.015387499999999919,0.015374999999999918,0.015424999999999918,0.015449999999999919,0.015412499999999918
4.8500000000000005,0.0,0.0,0.0,0.0,0.0,0.0,0.0,0.0,0.0,0.0,0.0,0.0,0.0,0.0,0.0,0.0,0.0,0.0,0.0,0.0,0.0,0.0,0.0,0.0,0.0,0.0,0.0,0.0,0.0,0.0,1.2500000000000045e-05,2.500000000000009e-05,3.750000000000013e-05,0.0001125000000000004,0.00012500000000000044,0.0003250000000000011,0.0006000000000000021,0.000550000000000002,0.000825000000000003,0.0012000000000000042,0.0014375000000000052,0.0017875000000000063,0.002562500000000009,0.0030500000000000106,0.0029750000000000106,0.0035375000000000124,0.004425000000000016,0.0052500000000000185,0.005812500000000021,0.006625000000000024,0.007212500000000026,0.007475000000000026,0.008337500000000029,0.009300000000000032,0.010300000000000037,0.011437500000000041,0.012025000000000043,0.012275000000000043,0.012550000000000045,0.012987500000000046,0.013475000000000048,0.01416250000000005,0.014912500000000052,0.015362500000000055,0.015937500000000056,0.016612500000000058,0.01696250000000006,0.01737500000000006,0.01737500000000006,0.017387500000000063,0.01750000000000006,0.01756250000000006,0.017625000000000064,0.017737500000000062,0.017937500000000065,0.017912500000000064,0.018075000000000063,0.018175000000000063,0.018250000000000065,0.018300000000000066,0.018287500000000068,0.018237500000000063,0.018250000000000065
4.95,0.0,0.0,0.0,0.0,0.0,0.0,0.0,0.0,0.0,0.0,0.0,0.0,0.0,0.0,0.0,0.0,0.0,0.0,0.0,0.0,0.0,0.0,0.0,0.0,0.0,0.0,0.0,0.0,0.0,1.2500000000000045e-05,2.500000000000009e-05,3.750000000000013e-05,0.00012500000000000044,0.00015000000000000053,0.00037500000000000136,0.000550000000000002,0.000575000000000002,0.0009375000000000032,0.001162500000000004,0.0014000000000000052,0.002137500000000008,0.00283750000000001,0.003000000000000011,0.0032750000000000114,0.004212500000000015,0.005012500000000018,0.0057125000000000205,0.006475000000000022,0.007262500000000026,0.0077125000000000275,0.008537500000000031,0.010062500000000035,0.01118750000000004,0.011800000000000041,0.012250000000000044,0.012737500000000046,0.013175000000000048,0.01432500000000005,0.015175000000000055,0.015862500000000057,0.01690000000000006,0.01705000000000006,0.017362500000000062,0.018325000000000067,0.018950000000000067,0.01937500000000007,0.02003750000000007,0.020337500000000074,0.020987500000000072,0.021625000000000078,0.02177500000000008,0.022075000000000077,0.022337500000000076,0.02225000000000008,0.022300000000000077,0.022525000000000083,0.022525000000000083,0.022625000000000083,0.02267500000000008,0.022725000000000082,0.02276250000000008,0.022837500000000083,0.022837500000000083
5.050000000000001,0.0,0.0,0.0,0.0,0.0,0.0,0.0,0.0,0.0,0.0,0.0,0.0,0.0,0.0,0.0,0.0,0.0,0.0,0.0,0.0,0.0,0.0,0.0,0.0,0.0,0.0,0.0,0.0,1.2499999999999933e-05,2.4999999999999866e-05,3.74999999999998e-05,0.00012499999999999935,0.00012499999999999935,0.000374999999999998,0.0005874999999999969,0.0006999999999999963,0.0009749999999999948,0.001312499999999993,0.0016374999999999912,0.0024874999999999867,0.0029124999999999845,0.0030749999999999836,0.0037624999999999803,0.004762499999999974,0.0054249999999999715,0.0064249999999999655,0.007112499999999963,0.007574999999999959,0.008924999999999952,0.010324999999999945,0.011437499999999939,0.011799999999999936,0.012512499999999933,0.013262499999999929,0.014587499999999923,0.015387499999999919,0.016699999999999913,0.01698749999999991,0.017999999999999905,0.0187999999999999,0.019749999999999896,0.021099999999999886,0.021912499999999883,0.022737499999999876,0.022787499999999877,0.023224999999999878,0.023612499999999873,0.023962499999999873,0.02397499999999987,0.024087499999999873,0.02428749999999987,0.024512499999999868,0.02472499999999987,0.025312499999999863,0.025324999999999865,0.025387499999999865,0.025462499999999864,0.025437499999999863,0.025387499999999865,0.025299999999999864,0.025324999999999865,0.025299999999999864,0.025324999999999865
5.15,0.0,0.0,0.0,0.0,0.0,0.0,0.0,0.0,0.0,0.0,0.0,0.0,0.0,0.0,0.0,0.0,0.0,0.0,0.0,0.0,0.0,0.0,0.0,0.0,0.0,0.0,0.0,1.2500000000000045e-05,2.500000000000009e-05,3.750000000000013e-05,0.00012500000000000044,0.00015000000000000053,0.00038750000000000134,0.0005875000000000021,0.0006375000000000023,0.0010625000000000038,0.0013500000000000048,0.0018000000000000065,0.0028250000000000102,0.00290000000000001,0.0031750000000000116,0.004137500000000014,0.005112500000000018,0.006000000000000022,0.006800000000000024,0.007462500000000026,0.008712500000000031,0.010562500000000039,0.011200000000000042,0.011850000000000043,0.012525000000000045,0.01406250000000005,0.015075000000000055,0.016325000000000058,0.01675000000000006,0.018300000000000066,0.01941250000000007,0.020975000000000073,0.02200000000000008,0.02255000000000008,0.023100000000000082,0.023537500000000083,0.024237500000000085,0.024750000000000088,0.02536250000000009,0.02601250000000009,0.026775000000000094,0.027162500000000096,0.0276750000000001,0.0279000000000001,0.0284125000000001,0.0285625000000001,0.0285250000000001,0.0283375000000001,0.0286125000000001,0.0284500000000001,0.0286625000000001,0.028862500000000103,0.028950000000000104,0.029062500000000106,0.029000000000000106,0.029050000000000104,0.029062500000000106
5.25,0.0,0.0,0.0,0.0,0.0,0.0,0.0,0.0,0.0,0.0,0.0,0.0,0.0,0.0,0.0,0.0,0.0,0.0,0.0,0.0,0.0,0.0,0.0,0.0,0.0,0.0,1.2499999999999933e-05,2.4999999999999866e-05,2.4999999999999866e-05,0.00012499999999999935,0.00013749999999999928,0.0003624999999999981,0.0005999999999999968,0.0007124999999999961,0.0011749999999999938,0.001349999999999993,0.002012499999999989,0.002762499999999985,0.002674999999999986,0.0034624999999999817,0.004612499999999975,0.005237499999999971,0.006087499999999967,0.006999999999999963,0.008037499999999956,0.009699999999999948,0.01099999999999994,0.011474999999999938,0.012474999999999934,0.014137499999999924,0.015599999999999916,0.016299999999999915,0.017787499999999904,0.019274999999999896,0.021024999999999888,0.02177499999999988,0.022624999999999878,0.023274999999999876,0.02434999999999987,0.02506249999999987,0.02636249999999986,0.027224999999999853,0.02802499999999985,0.028712499999999846,0.02969999999999984,0.03023749999999984,0.03027499999999984,0.030999999999999837,0.031099999999999836,0.03182499999999983,0.03188749999999983,0.03189999999999983,0.03241249999999983,0.03247499999999983,0.03248749999999983,0.03281249999999983,0.032912499999999824,0.03293749999999982,0.03288749999999982,0.032962499999999825,0.033024999999999825,0.03298749999999982,0.03298749999999982
5.3500000000000005,0.0,0.0,0.0,0.0,0.0,0.0,0.0,0.0,0.0,0.0,0.0,0.0,0.0,0.0,0.0,0.0,0.0,0.0,0.0,0.0,0.0,0.0,0.0,0.0,0.0,1.2500000000000045e-05,2.500000000000009e-05,1.2500000000000045e-05,0.00010000000000000036,0.0001125000000000004,0.00037500000000000136,0.0006000000000000021,0.0007375000000000026,0.001112500000000004,0.0013125000000000046,0.0021750000000000077,0.0027250000000000095,0.00290000000000001,0.0038000000000000134,0.004775000000000017,0.005625000000000021,0.006662500000000024,0.0073750000000000265,0.008900000000000031,0.010600000000000038,0.011362500000000041,0.012112500000000043,0.01397500000000005,0.015462500000000054,0.016250000000000056,0.018050000000000063,0.020212500000000074,0.021562500000000078,0.022237500000000077,0.02307500000000008,0.024350000000000087,0.025562500000000092,0.026775000000000094,0.027487500000000095,0.029375000000000106,0.029675000000000104,0.03055000000000011,0.031412500000000114,0.03236250000000011,0.032712500000000116,0.03362500000000012,0.034400000000000125,0.03457500000000012,0.03505000000000012,0.034975000000000124,0.03537500000000013,0.03593750000000013,0.03598750000000013,0.03632500000000013,0.03638750000000013,0.03632500000000013,0.036350000000000125,0.03643750000000013,0.03640000000000013,0.03632500000000013,0.036475000000000125,0.036475000000000125,0.03648750000000013
5.45,0.0,0.0,0.0,0.0,0.0,0.0,0.0,0.0,0.0,0.0,0.0,0.0,0.0,0.0,0.0,0.0,0.0,0.0,0.0,0.0,0.0,0.0,0.0,0.0,0.0,0.0,1.2500000000000045e-05,8.750000000000032e-05,0.00010000000000000036,0.0003500000000000013,0.000562500000000002,0.0006875000000000025,0.0010875000000000038,0.0013000000000000045,0.0021750000000000077,0.0026500000000000096,0.0028750000000000104,0.003875000000000014,0.004825000000000017,0.00585000000000002,0.006712500000000024,0.007675000000000027,0.009812500000000035,0.010862500000000039,0.01176250000000004,0.013300000000000048,0.015062500000000055,0.01591250000000006,0.018100000000000064,0.020262500000000072,0.02133750000000008,0.022225000000000078,0.023512500000000082,0.02510000000000009,0.026775000000000094,0.0281500000000001,0.029287500000000105,0.03018750000000011,0.03135000000000011,0.032025000000000116,0.03376250000000012,0.034350000000000123,0.03530000000000013,0.03576250000000013,0.03675000000000013,0.036962500000000134,0.037337500000000134,0.037587500000000135,0.03823750000000014,0.03880000000000013,0.03873750000000014,0.03910000000000014,0.03922500000000014,0.03955000000000014,0.03960000000000014,0.03986250000000014,0.04000000000000014,0.04006250000000014,0.04022500000000014,0.040450000000000146,0.04036250000000015,0.04043750000000015,0.04042500000000015
5.550000000000001,0.0,0.0,0.0,0.0,0.0,0.0,0.0,0.0,0.0,0.0,0.0,0.0,0.0,0.0,0.0,0.0,0.0,0.0,0.0,0.0,0.0,0.0,0.0,0.0,1.2499999999999933e-05,2.4999999999999866e-05,4.999999999999973e-05,9.999999999999946e-05,0.0003624999999999981,0.000562499999999997,0.0006374999999999966,0.0010749999999999944,0.0012624999999999932,0.0021999999999999884,0.0026499999999999857,0.0028374999999999846,0.004199999999999978,0.0049499999999999735,0.0059249999999999685,0.006799999999999963,0.008174999999999957,0.010237499999999946,0.010912499999999941,0.011899999999999937,0.013924999999999925,0.015337499999999919,0.01716249999999991,0.019787499999999895,0.020949999999999885,0.022174999999999882,0.023399999999999876,0.025312499999999863,0.02672499999999986,0.028674999999999846,0.030037499999999842,0.031187499999999833,0.032524999999999825,0.03378749999999982,0.03489999999999981,0.03604999999999981,0.03626249999999981,0.0372999999999998,0.038099999999999794,0.03919999999999979,0.04059999999999978,0.04116249999999978,0.04203749999999977,0.04308749999999977,0.043649999999999765,0.04404999999999976,0.044899999999999766,0.045162499999999765,0.045562499999999756,0.045449999999999754,0.04573749999999976,0.04567499999999976,0.04566249999999975,0.045624999999999756,0.04571249999999975,0.045749999999999756,0.045749999999999756,0.04571249999999975,0.045699999999999755
5.65,0.0,0.0,0.0,0.0,0.0,0.0,0.0,0.0,0.0,0.0,0.0,0.0,0.0,0.0,0.0,0.0,0.0,0.0,0.0,0.0,0.0,0.0,0.0,1.2500000000000045e-05,2.500000000000009e-05,3.750000000000013e-05,0.00010000000000000036,0.00023750000000000084,0.0004500000000000016,0.000575000000000002,0.0010625000000000038,0.0012750000000000046,0.0021625000000000077,0.0026625000000000095,0.00290000000000001,0.004350000000000015,0.004850000000000017,0.006000000000000022,0.006975000000000025,0.008550000000000032,0.010237500000000037,0.011087500000000038,0.012812500000000046,0.014737500000000053,0.016187500000000056,0.018762500000000067,0.020500000000000074,0.021737500000000076,0.02308750000000008,0.02538750000000009,0.0276625000000001,0.0287500000000001,0.03031250000000011,0.031600000000000114,0.03301250000000012,0.034400000000000125,0.035337500000000126,0.03656250000000013,0.037825000000000136,0.03963750000000014,0.040587500000000144,0.042750000000000156,0.04398750000000015,0.044775000000000155,0.045062500000000165,0.046387500000000165,0.047375000000000174,0.048300000000000176,0.048762500000000174,0.04905000000000017,0.04897500000000017,0.049200000000000174,0.049312500000000176,0.049637500000000175,0.04961250000000017,0.04958750000000017,0.049700000000000175,0.049825000000000175,0.049887500000000175,0.04986250000000017,0.049875000000000176,0.049925000000000185,0.049925000000000185
5.75,0.0,0.0,0.0,0.0,0.0,0.0,0.0,0.0,0.0,0.0,0.0,0.0,0.0,0.0,0.0,0.0,0.0,0.0,0.0,0.0,0.0,0.0,0.0,2.4999999999999866e-05,1.2499999999999933e-05,0.00012499999999999935,0.00017499999999999908,0.0005249999999999973,0.0005499999999999971,0.000924999999999995,0.0012124999999999935,0.002099999999999989,0.0025624999999999862,0.002824999999999985,0.004274999999999978,0.004787499999999974,0.006124999999999967,0.006937499999999963,0.008999999999999952,0.010412499999999946,0.011199999999999941,0.01306249999999993,0.01478749999999992,0.01697499999999991,0.0193499999999999,0.02068749999999989,0.022662499999999877,0.02449999999999987,0.027224999999999853,0.02828749999999985,0.030099999999999842,0.032087499999999824,0.033474999999999824,0.034749999999999816,0.03599999999999981,0.0375624999999998,0.03991249999999979,0.041462499999999784,0.043512499999999774,0.04457499999999976,0.046212499999999754,0.047312499999999744,0.04813749999999974,0.048962499999999735,0.04974999999999974,0.05026249999999974,0.05077499999999973,0.05047499999999973,0.050949999999999725,0.051012499999999725,0.051699999999999725,0.051837499999999724,0.052012499999999726,0.052237499999999715,0.05263749999999972,0.05287499999999972,0.052662499999999716,0.05274999999999972,0.05276249999999972,0.05281249999999972,0.05282499999999972,0.052862499999999715,0.052862499999999715
5.8500000000000005,0.0,0.0,0.0,0.0,0.0,0.0,0.0,0.0,0.0,0.0,0.0,0.0,0.0,0.0,0.0,0.0,0.0,0.0,0.0,0.0,0.0,0.0,1.2500000000000045e-05,0.0,8.750000000000032e-05,8.750000000000032e-05,0.0004375000000000016,0.0004375000000000016,0.000825000000000003,0.0011875000000000043,0.0018875000000000068,0.002475000000000009,0.00275000000000001,0.004212500000000015,0.004775000000000017,0.0060500000000000215,0.006950000000000025,0.009300000000000032,0.010300000000000037,0.011262500000000042,0.013587500000000047,0.015000000000000051,0.017612500000000062,0.01977500000000007,0.02121250000000008,0.023375000000000083,0.02558750000000009,0.0276500000000001,0.029412500000000105,0.031662500000000114,0.03307500000000012,0.034412500000000124,0.03618750000000013,0.038962500000000136,0.040762500000000146,0.043250000000000156,0.04425000000000016,0.046512500000000165,0.047275000000000164,0.04803750000000017,0.049387500000000174,0.04973750000000017,0.050612500000000185,0.051562500000000185,0.05252500000000019,0.05336250000000019,0.053812500000000194,0.05440000000000019,0.05463750000000019,0.0557500000000002,0.0558125000000002,0.0559125000000002,0.0564375000000002,0.0568500000000002,0.0570875000000002,0.0570750000000002,0.0574500000000002,0.0574250000000002,0.0574250000000002,0.0574750000000002,0.0575875000000002,0.0575625000000002,0.05761250000000021
5.95,0.0,0.0,0.0,0.0,0.0,0.0,0.0,0.0,0.0,0.0,0.0,0.0,0.0,0.0,0.0,0.0,0.0,0.0,0.0,0.0,0.0,1.2500000000000045e-05,2.500000000000009e-05,3.750000000000013e-05,6.250000000000022e-05,0.0003500000000000013,0.0004875000000000017,0.0008000000000000029,0.0011750000000000042,0.001662500000000006,0.002462500000000009,0.0026250000000000093,0.004125000000000015,0.004637500000000017,0.005962500000000022,0.006850000000000024,0.009387500000000033,0.010187500000000037,0.01165000000000004,0.01390000000000005,0.015375000000000055,0.018600000000000064,0.01997500000000007,0.02200000000000008,0.024400000000000085,0.026500000000000096,0.0282125000000001,0.03088750000000011,0.03237500000000011,0.033912500000000116,0.03568750000000013,0.03861250000000014,0.041225000000000143,0.043000000000000156,0.04548750000000017,0.04640000000000016,0.04797500000000017,0.048875000000000175,0.04980000000000017,0.05103750000000018,0.05250000000000019,0.05325000000000019,0.05485000000000019,0.0559000000000002,0.0569500000000002,0.05788750000000021,0.05845000000000021,0.05916250000000021,0.059875000000000206,0.06007500000000021,0.06071250000000022,0.06121250000000022,0.06112500000000022,0.06093750000000022,0.06110000000000022,0.06160000000000022,0.061612500000000216,0.06178750000000022,0.06185000000000022,0.06181250000000022,0.06175000000000022,0.06171250000000022,0.06175000000000022
6.050000000000001,0.0,0.0,0.0,0.0,0.0,0.0,0.0,0.0,0.0,0.0,0.0,0.0,0.0,0.0,0.0,0.0,0.0,0.0,0.0,0.0,0.0,1.2499999999999933e-05,1.2499999999999933e-05,0.00012499999999999935,0.00019999999999999893,0.00039999999999999785,0.000562499999999997,0.0009749999999999948,0.0014249999999999922,0.002412499999999987,0.0025624999999999862,0.00373749999999998,0.0044499999999999765,0.005824999999999969,0.0067499999999999635,0.009274999999999952,0.009937499999999946,0.011712499999999938,0.013799999999999927,0.015699999999999915,0.0184499999999999,0.01994999999999989,0.02203749999999988,0.024387499999999868,0.026887499999999856,0.028874999999999845,0.03144999999999983,0.03298749999999982,0.03496249999999981,0.03811249999999979,0.04111249999999978,0.043124999999999775,0.045687499999999756,0.046637499999999756,0.048299999999999746,0.049162499999999734,0.05086249999999973,0.05219999999999972,0.05392499999999971,0.05541249999999971,0.0569749999999997,0.05817499999999969,0.059062499999999685,0.06008749999999968,0.060849999999999675,0.06144999999999967,0.06249999999999967,0.06312499999999967,0.06383749999999966,0.06456249999999965,0.06509999999999966,0.06538749999999965,0.06577499999999964,0.06602499999999964,0.06602499999999964,0.06576249999999964,0.06603749999999965,0.06627499999999964,0.06636249999999964,0.06637499999999964,0.06656249999999965,0.06658749999999965,0.06653749999999964
6.15,0.0,0.0,0.0,0.0,0.0,0.0,0.0,0.0,0.0,0.0,0.0,0.0,0.0,0.0,0.0,0.0,0.0,0.0,0.0,0.0,1.2500000000000045e-05,1.2500000000000045e-05,6.250000000000022e-05,8.750000000000032e-05,0.00046250000000000165,0.0005000000000000017,0.0009250000000000033,0.0011875000000000043,0.002212500000000008,0.0023750000000000086,0.0033625000000000117,0.004450000000000016,0.00556250000000002,0.006587500000000024,0.009137500000000033,0.009837500000000035,0.01163750000000004,0.013700000000000047,0.015550000000000055,0.018600000000000064,0.02015000000000007,0.022300000000000077,0.02541250000000009,0.0275875000000001,0.029900000000000104,0.03231250000000011,0.03390000000000012,0.03712500000000013,0.040087500000000144,0.04228750000000015,0.045250000000000165,0.046312500000000166,0.04725000000000017,0.049387500000000174,0.05110000000000018,0.05316250000000019,0.05471250000000019,0.0568750000000002,0.05808750000000021,0.05951250000000021,0.06002500000000021,0.061987500000000216,0.06351250000000022,0.06471250000000023,0.06565000000000024,0.06670000000000023,0.06685000000000024,0.06783750000000023,0.06800000000000024,0.06827500000000025,0.06857500000000025,0.06907500000000025,0.06947500000000024,0.06996250000000025,0.06983750000000025,0.07042500000000025,0.07053750000000025,0.07040000000000025,0.07036250000000024,0.07031250000000025,0.07015000000000024,0.07017500000000025,0.07013750000000024
6.25,0.0,0.0,0.0,0.0,0.0,0.0,0.0,0.0,0.0,0.0,0.0,0.0,0.0,0.0,0.0,0.0,0.0,0.0,0.0,0.0,2.4999999999999866e-05,3.74999999999998e-05,8.749999999999954e-05,0.0003124999999999983,0.0004499999999999976,0.0007624999999999959,0.0011124999999999941,0.002024999999999989,0.0023624999999999874,0.0031249999999999837,0.004349999999999976,0.005287499999999972,0.006399999999999966,0.008699999999999953,0.00956249999999995,0.011437499999999939,0.013537499999999928,0.015562499999999918,0.0188249999999999,0.019787499999999895,0.02259999999999988,0.025224999999999862,0.027237499999999856,0.02979999999999984,0.03177499999999983,0.03421249999999982,0.038149999999999795,0.04081249999999978,0.044212499999999766,0.04554999999999976,0.046462499999999754,0.04887499999999974,0.05097499999999973,0.053237499999999716,0.05523749999999971,0.0570999999999997,0.05869999999999969,0.06014999999999968,0.06199999999999967,0.06371249999999966,0.06583749999999965,0.06633749999999965,0.06697499999999965,0.06828749999999964,0.06919999999999962,0.07021249999999962,0.07166249999999962,0.07231249999999961,0.07329999999999962,0.07371249999999961,0.07419999999999961,0.0744749999999996,0.0746624999999996,0.0747499999999996,0.0749874999999996,0.0753374999999996,0.0750749999999996,0.0751749999999996,0.0753249999999996,0.0753874999999996,0.0754999999999996,0.0755124999999996,0.0755624999999996
6.3500000000000005,0.0,0.0,0.0,0.0,0.0,0.0,0.0,0.0,0.0,0.0,0.0,0.0,0.0,0.0,0.0,0.0,0.0,0.0,0.0,1.2500000000000045e-05,0.0,8.750000000000032e-05,0.00017500000000000065,0.0004375000000000016,0.000537500000000002,0.0009625000000000034,0.0015000000000000055,0.002250000000000008,0.0026875000000000098,0.0039000000000000137,0.005062500000000018,0.006412500000000022,0.00823750000000003,0.009462500000000033,0.011100000000000039,0.013287500000000048,0.015350000000000055,0.018437500000000065,0.01960000000000007,0.02280000000000008,0.02530000000000009,0.0275750000000001,0.030075000000000105,0.032475000000000115,0.03588750000000013,0.03926250000000014,0.04205000000000014,0.044387500000000156,0.04573750000000017,0.04778750000000017,0.05025000000000018,0.05296250000000019,0.0553125000000002,0.0571125000000002,0.05868750000000021,0.060850000000000216,0.06312500000000022,0.06450000000000022,0.06580000000000023,0.06763750000000024,0.06852500000000025,0.07090000000000025,0.07251250000000026,0.07331250000000027,0.07433750000000026,0.07496250000000027,0.07558750000000028,0.07671250000000027,0.07708750000000027,0.07735000000000028,0.07743750000000027,0.07753750000000027,0.07766250000000027,0.07781250000000027,0.07867500000000029,0.07871250000000028,0.07921250000000028,0.07940000000000028,0.07943750000000029,0.07946250000000028,0.07951250000000028,0.07947500000000028,0.07950000000000028
6.45,0.0,0.0,0.0,0.0,0.0,0.0,0.0,0.0,0.0,0.0,0.0,0.0,0.0,0.0,0.0,0.0,0.0,0.0,1.2500000000000045e-05,2.500000000000009e-05,3.750000000000013e-05,7.500000000000026e-05,0.0003375000000000012,0.0004125000000000015,0.0008625000000000031,0.0012125000000000042,0.0023500000000000083,0.002462500000000009,0.0038000000000000134,0.004875000000000017,0.0058625000000000205,0.007450000000000026,0.009325000000000033,0.010625000000000039,0.012987500000000046,0.014987500000000053,0.018237500000000063,0.01981250000000007,0.02251250000000008,0.024887500000000087,0.027337500000000094,0.03038750000000011,0.032475000000000115,0.035912500000000125,0.03916250000000014,0.04302500000000015,0.04453750000000015,0.046262500000000165,0.049125000000000175,0.052075000000000184,0.05448750000000019,0.0563625000000002,0.05875000000000021,0.06122500000000022,0.06365000000000023,0.06481250000000023,0.06670000000000023,0.06835000000000024,0.07101250000000026,0.07218750000000025,0.07368750000000027,0.07461250000000026,0.07572500000000028,0.07647500000000028,0.07821250000000028,0.07907500000000028,0.07975000000000028,0.07955000000000029,0.07997500000000028,0.08076250000000029,0.08146250000000028,0.0817375000000003,0.08206250000000029,0.0816250000000003,0.0811250000000003,0.0812250000000003,0.0811125000000003,0.0812250000000003,0.0814875000000003,0.0816250000000003,0.08157500000000029,0.08177500000000029,0.08178750000000029
6.550000000000001,0.0,0.0,0.0,0.0,0.0,0.0,0.0,0.0,0.0,0.0,0.0,0.0,0.0,0.0,0.0,0.0,0.0,0.0,0.0,1.2499999999999933e-05,0.00012499999999999935,0.000187499999999999,0.00047499999999999745,0.0007624999999999959,0.0010999999999999942,0.0019374999999999898,0.002137499999999989,0.003149999999999983,0.004137499999999978,0.005387499999999971,0.0068999999999999635,0.008974999999999952,0.010012499999999947,0.012562499999999935,0.014649999999999924,0.018012499999999904,0.019212499999999896,0.021949999999999883,0.024737499999999867,0.027462499999999855,0.03026249999999984,0.03241249999999983,0.0364999999999998,0.03963749999999979,0.04288749999999977,0.04448749999999976,0.047162499999999746,0.05006249999999974,0.05258749999999972,0.05513749999999971,0.05779999999999969,0.06063749999999967,0.06253749999999966,0.06419999999999966,0.06621249999999965,0.06939999999999963,0.07133749999999962,0.0728874999999996,0.0745749999999996,0.0752374999999996,0.07703749999999959,0.07839999999999958,0.07913749999999958,0.08047499999999957,0.08001249999999957,0.08149999999999956,0.08207499999999956,0.08357499999999957,0.08421249999999955,0.08454999999999954,0.08472499999999955,0.08508749999999954,0.08529999999999954,0.08604999999999954,0.08652499999999955,0.08647499999999954,0.08666249999999955,0.08666249999999955,0.08653749999999955,0.08652499999999955,0.08651249999999955,0.08644999999999954,0.08638749999999955
6.65,0.0,0.0,0.0,0.0,0.0,0.0,0.0,0.0,0.0,0.0,0.0,0.0,0.0,0.0,0.0,0.0,0.0,1.2500000000000045e-05,2.500000000000009e-05,2.500000000000009e-05,6.250000000000022e-05,0.0004500000000000016,0.0004500000000000016,0.0008875000000000031,0.001337500000000005,0.0021625000000000077,0.0026500000000000096,0.004075000000000014,0.005025000000000017,0.006225000000000021,0.008600000000000031,0.009762500000000035,0.012187500000000044,0.01417500000000005,0.01711250000000006,0.018575000000000067,0.021825000000000077,0.024437500000000088,0.027350000000000096,0.030062500000000103,0.03211250000000011,0.036512500000000135,0.03976250000000014,0.04277500000000015,0.04456250000000016,0.04751250000000017,0.05057500000000018,0.05347500000000019,0.0558750000000002,0.05928750000000021,0.061550000000000216,0.06315000000000023,0.06625000000000024,0.06917500000000025,0.07112500000000026,0.07313750000000026,0.07403750000000027,0.07628750000000027,0.07701250000000028,0.07933750000000028,0.07975000000000028,0.0807375000000003,0.0828875000000003,0.08368750000000029,0.08525000000000031,0.08513750000000031,0.0863375000000003,0.08717500000000031,0.0878500000000003,0.0892125000000003,0.09026250000000033,0.09043750000000032,0.09125000000000033,0.09173750000000033,0.09220000000000032,0.09238750000000033,0.09286250000000033,0.09287500000000033,0.09278750000000033,0.09303750000000033,0.09302500000000033,0.09313750000000033,0.09326250000000033
6.75,0.0,0.0,0.0,0.0,0.0,0.0,0.0,0.0,0.0,0.0,0.0,0.0,0.0,0.0,0.0,0.0,0.0,0.0,1.2499999999999933e-05,0.00012499999999999935,0.00021249999999999885,0.0004124999999999978,0.000737499999999996,0.0010124999999999945,0.002024999999999989,0.002299999999999988,0.0036874999999999803,0.004674999999999975,0.006112499999999967,0.008174999999999957,0.009074999999999951,0.011262499999999941,0.01331249999999993,0.016449999999999913,0.018362499999999903,0.021199999999999886,0.023862499999999873,0.02686249999999986,0.02964999999999984,0.03166249999999983,0.0364499999999998,0.039674999999999794,0.042487499999999775,0.044724999999999765,0.047487499999999745,0.051137499999999725,0.05392499999999971,0.0566999999999997,0.06033749999999968,0.06188749999999967,0.06489999999999965,0.06837499999999963,0.07048749999999963,0.07271249999999961,0.0748874999999996,0.0761249999999996,0.07802499999999958,0.07887499999999958,0.08087499999999957,0.08228749999999957,0.08384999999999955,0.08524999999999955,0.08634999999999955,0.08913749999999952,0.09128749999999951,0.09291249999999951,0.09367499999999951,0.09413749999999949,0.09541249999999948,0.09497499999999949,0.09471249999999949,0.09559999999999949,0.09563749999999949,0.09597499999999949,0.09608749999999949,0.0959374999999995,0.09587499999999949,0.09587499999999949,0.09608749999999949,0.09603749999999948,0.09623749999999949,0.09611249999999949,0.0960499999999995
6.8500000000000005,0.0,0.0,0.0,0.0,0.0,0.0,0.0,0.0,0.0,0.0,0.0,0.0,0.0,0.0,0.0,0.0,1.2500000000000045e-05,2.500000000000009e-05,3.750000000000013e-05,6.250000000000022e-05,0.0004875000000000017,0.0005000000000000017,0.0008875000000000031,0.001462500000000005,0.0021875000000000076,0.0029375000000000104,0.003875000000000014,0.005200000000000018,0.006862500000000024,0.008712500000000031,0.010787500000000038,0.012637500000000046,0.016000000000000056,0.017975000000000064,0.020787500000000073,0.023662500000000083,0.026162500000000092,0.029125000000000106,0.031212500000000108,0.03626250000000013,0.03948750000000014,0.04206250000000015,0.044575000000000156,0.04791250000000017,0.05166250000000018,0.05356250000000019,0.05776250000000021,0.06071250000000022,0.06300000000000022,0.06683750000000023,0.06900000000000024,0.07163750000000026,0.07362500000000026,0.07515000000000026,0.07601250000000027,0.07865000000000028,0.0810000000000003,0.08272500000000028,0.0844000000000003,0.08738750000000031,0.09031250000000032,0.09193750000000032,0.09398750000000032,0.09376250000000033,0.09477500000000035,0.09612500000000035,0.09747500000000034,0.09793750000000034,0.09791250000000035,0.09942500000000035,0.09990000000000036,0.10132500000000036,0.10170000000000036,0.10202500000000037,0.10196250000000036,0.10211250000000037,0.10215000000000037,0.10241250000000036,0.10247500000000036,0.10268750000000036,0.10268750000000036,0.10267500000000036,0.10261250000000037
6.95,0.0,0.0,0.0,0.0,0.0,0.0,0.0,0.0,0.0,0.0,0.0,0.0,0.0,0.0,0.0,0.0,0.0,1.2500000000000045e-05,0.0001125000000000004,0.00023750000000000084,0.0003500000000000013,0.0007000000000000026,0.001125000000000004,0.002225000000000008,0.002200000000000008,0.0035500000000000123,0.004812500000000017,0.005925000000000021,0.00847500000000003,0.009525000000000033,0.012187500000000044,0.014900000000000052,0.01712500000000006,0.01943750000000007,0.02257500000000008,0.02520000000000009,0.0285250000000001,0.03067500000000011,0.03567500000000013,0.03920000000000014,0.041662500000000144,0.04393750000000016,0.04718750000000017,0.05113750000000018,0.05423750000000019,0.05790000000000021,0.060350000000000216,0.06408750000000023,0.06758750000000023,0.07001250000000024,0.07258750000000025,0.07408750000000026,0.07551250000000026,0.07860000000000028,0.08143750000000029,0.08260000000000028,0.08548750000000031,0.08912500000000032,0.09102500000000033,0.09201250000000033,0.09303750000000033,0.09621250000000034,0.09620000000000034,0.09838750000000035,0.10061250000000037,0.10053750000000036,0.10156250000000036,0.10295000000000036,0.10415000000000037,0.10435000000000036,0.10447500000000036,0.10357500000000036,0.10397500000000036,0.10421250000000036,0.10461250000000036,0.10500000000000038,0.10517500000000038,0.10518750000000038,0.10568750000000038,0.10545000000000038,0.10555000000000038,0.10562500000000039,0.10565000000000038
7.050000000000001,0.0,0.0,0.0,0.0,0.0,0.0,0.0,0.0,0.0,0.0,0.0,0.0,0.0,0.0,0.0,1.2499999999999933e-05,2.4999999999999866e-05,2.4999999999999866e-05,6.249999999999968e-05,0.0004624999999999975,0.0005249999999999973,0.0010124999999999945,0.001649999999999991,0.002024999999999989,0.003224999999999983,0.004237499999999977,0.0055124999999999705,0.007937499999999958,0.008937499999999952,0.011499999999999939,0.013512499999999927,0.016612499999999912,0.0186874999999999,0.02222499999999988,0.02481249999999987,0.02786249999999985,0.030224999999999842,0.03514999999999981,0.03867499999999979,0.040899999999999784,0.04392499999999976,0.047287499999999746,0.051374999999999726,0.05401249999999971,0.05807499999999969,0.06093749999999967,0.06464999999999965,0.06744999999999964,0.06978749999999963,0.0727874999999996,0.0742999999999996,0.07729999999999959,0.08004999999999957,0.08199999999999956,0.08567499999999954,0.08909999999999953,0.09113749999999951,0.0920874999999995,0.09536249999999949,0.09691249999999949,0.09961249999999948,0.09926249999999948,0.10189999999999945,0.10307499999999946,0.10296249999999946,0.10566249999999944,0.10573749999999944,0.10621249999999943,0.10679999999999944,0.10717499999999944,0.10861249999999942,0.10972499999999942,0.10962499999999942,0.10971249999999942,0.10987499999999942,0.10978749999999941,0.11024999999999942,0.11012499999999942,0.10991249999999941,0.10986249999999942,0.10987499999999942,0.10979999999999941,0.10982499999999942
7.15,0.0,0.0,0.0,0.0,0.0,0.0,0.0,0.0,0.0,0.0,0.0,0.0,0.0,0.0,0.0,0.0,1.2500000000000045e-05,0.00012500000000000044,0.00021250000000000075,0.0003500000000000013,0.0007125000000000025,0.0010375000000000037,0.0020750000000000074,0.0023500000000000083,0.0037875000000000135,0.005037500000000018,0.006700000000000024,0.00837500000000003,0.010325000000000036,0.012350000000000043,0.015650000000000056,0.018025000000000065,0.021100000000000074,0.023750000000000087,0.026575000000000095,0.029375000000000106,0.03380000000000012,0.03775000000000013,0.04030000000000014,0.04336250000000016,0.04667500000000016,0.05060000000000018,0.05360000000000019,0.05782500000000021,0.060537500000000216,0.06491250000000023,0.06782500000000023,0.07078750000000025,0.07316250000000027,0.07530000000000027,0.07843750000000028,0.08021250000000028,0.0850500000000003,0.0883500000000003,0.09031250000000032,0.09328750000000033,0.09412500000000033,0.09820000000000034,0.09848750000000035,0.10138750000000037,0.10127500000000036,0.10383750000000036,0.10552500000000038,0.10692500000000038,0.10837500000000039,0.10873750000000038,0.1104875000000004,0.1123625000000004,0.1128750000000004,0.1137500000000004,0.1136375000000004,0.1138875000000004,0.1141875000000004,0.1145375000000004,0.1147000000000004,0.1150625000000004,0.1149500000000004,0.11535000000000042,0.11537500000000042,0.11557500000000041,0.11558750000000041,0.11572500000000042,0.11576250000000042
7.25,0.0,0.0,0.0,0.0,0.0,0.0,0.0,0.0,0.0,0.0,0.0,0.0,0.0,0.0,0.0,2.4999999999999866e-05,2.4999999999999866e-05,4.999999999999973e-05,0.0004374999999999977,0.0005124999999999973,0.0009624999999999949,0.0017624999999999906,0.002024999999999989,0.0032624999999999824,0.004399999999999977,0.005437499999999972,0.007899999999999957,0.008987499999999952,0.011749999999999936,0.014862499999999921,0.017187499999999908,0.019737499999999894,0.02302499999999988,0.025912499999999863,0.028699999999999844,0.03274999999999983,0.036937499999999804,0.03964999999999979,0.04227499999999977,0.046024999999999754,0.04963749999999974,0.05326249999999972,0.05724999999999969,0.06034999999999968,0.06482499999999966,0.06783749999999963,0.07099999999999962,0.07211249999999962,0.07622499999999958,0.07796249999999959,0.08312499999999956,0.08714999999999953,0.08888749999999952,0.0921874999999995,0.0945499999999995,0.09599999999999949,0.09971249999999947,0.09999999999999948,0.10243749999999946,0.10328749999999945,0.10682499999999943,0.10847499999999942,0.11078749999999941,0.1121499999999994,0.1128999999999994,0.1137874999999994,0.1135999999999994,0.11337499999999939,0.1139374999999994,0.11477499999999938,0.11491249999999938,0.11508749999999938,0.11581249999999939,0.11616249999999938,0.11637499999999938,0.11703749999999938,0.11703749999999938,0.11729999999999938,0.11737499999999938,0.11764999999999938,0.11752499999999938,0.11754999999999938,0.11754999999999938
7.3500000000000005,0.0,0.0,0.0,0.0,0.0,0.0,0.0,0.0,0.0,0.0,0.0,0.0,0.0,0.0,1.2500000000000045e-05,0.0,8.750000000000032e-05,0.00017500000000000065,0.0003625000000000013,0.0006500000000000022,0.0010250000000000038,0.0019500000000000068,0.0024375000000000087,0.003650000000000013,0.004737500000000017,0.006937500000000025,0.00835000000000003,0.010950000000000038,0.013087500000000045,0.016100000000000055,0.018150000000000065,0.022037500000000078,0.024837500000000085,0.0275500000000001,0.03168750000000011,0.03561250000000013,0.038662500000000134,0.04150000000000015,0.045050000000000166,0.04898750000000017,0.05263750000000019,0.0565750000000002,0.06023750000000022,0.06440000000000022,0.06692500000000023,0.06983750000000025,0.07233750000000025,0.07703750000000027,0.07902500000000028,0.08540000000000031,0.08717500000000031,0.09048750000000033,0.09325000000000033,0.09521250000000035,0.09887500000000035,0.10075000000000037,0.10242500000000036,0.10510000000000039,0.10731250000000038,0.1105500000000004,0.1114125000000004,0.1118500000000004,0.1115625000000004,0.1134500000000004,0.1145500000000004,0.11635000000000043,0.11790000000000042,0.11897500000000041,0.12017500000000042,0.12021250000000042,0.12142500000000044,0.12101250000000044,0.12171250000000043,0.12146250000000043,0.12158750000000043,0.12146250000000043,0.12176250000000044,0.12171250000000043,0.12233750000000043,0.12216250000000044,0.12251250000000044,0.12253750000000044,0.12252500000000044
7.45,0.0,0.0,0.0,0.0,0.0,0.0,0.0,0.0,0.0,0.0,0.0,0.0,0.0,0.0,2.500000000000009e-05,3.750000000000013e-05,5.000000000000018e-05,0.00038750000000000134,0.00046250000000000165,0.0009125000000000033,0.001712500000000006,0.001975000000000007,0.0033625000000000117,0.004487500000000016,0.0055250000000000195,0.00786250000000003,0.009450000000000035,0.01171250000000004,0.015125000000000055,0.017787500000000064,0.02096250000000007,0.023562500000000083,0.026575000000000095,0.03010000000000011,0.034262500000000126,0.038537500000000134,0.040712500000000144,0.04422500000000015,0.048637500000000174,0.05180000000000018,0.0558875000000002,0.05962500000000021,0.06365000000000023,0.06635000000000024,0.06985000000000025,0.07272500000000025,0.07617500000000027,0.0808500000000003,0.08512500000000031,0.0870875000000003,0.09020000000000032,0.09395000000000032,0.09755000000000034,0.10003750000000036,0.10066250000000036,0.10418750000000036,0.10792500000000038,0.10940000000000039,0.1105875000000004,0.1108125000000004,0.1125125000000004,0.11596250000000041,0.11757500000000042,0.11878750000000042,0.11990000000000042,0.12103750000000044,0.12177500000000044,0.12146250000000043,0.12162500000000044,0.12230000000000044,0.12268750000000044,0.12391250000000044,0.12407500000000043,0.12510000000000043,0.12546250000000045,0.12590000000000046,0.12565000000000046,0.12576250000000044,0.12550000000000044,0.12588750000000046,0.12563750000000046,0.12557500000000046,0.12557500000000046
7.550000000000001,0.0,0.0,0.0,0.0,0.0,0.0,0.0,0.0,0.0,0.0,0.0,0.0,0.0,1.2499999999999933e-05,0.0,6.249999999999968e-05,0.00016249999999999915,0.0003874999999999979,0.0006249999999999967,0.0010124999999999945,0.00188749999999999,0.002412499999999987,0.0034624999999999817,0.004837499999999975,0.007024999999999963,0.008424999999999955,0.010762499999999944,0.013699999999999928,0.016162499999999913,0.0188999999999999,0.022512499999999883,0.025187499999999863,0.02824999999999985,0.032962499999999825,0.0372749999999998,0.03918749999999979,0.04301249999999977,0.04738749999999974,0.050949999999999725,0.05494999999999971,0.05868749999999969,0.06258749999999966,0.06568749999999965,0.06954999999999963,0.07257499999999961,0.0758499999999996,0.08139999999999957,0.08496249999999954,0.08889999999999952,0.09279999999999951,0.09546249999999949,0.09713749999999949,0.09949999999999948,0.10242499999999946,0.10746249999999943,0.10891249999999941,0.10877499999999941,0.11064999999999942,0.11447499999999938,0.11672499999999938,0.11791249999999937,0.11926249999999937,0.11977499999999937,0.12053749999999937,0.12277499999999934,0.12396249999999935,0.12612499999999932,0.12778749999999933,0.1287874999999993,0.12914999999999932,0.13016249999999932,0.1303874999999993,0.13014999999999932,0.12993749999999932,0.1300249999999993,0.13019999999999932,0.1305874999999993,0.13016249999999932,0.1297874999999993,0.1295249999999993,0.1295249999999993,0.12966249999999932,0.12968749999999932
7.65,0.0,0.0,0.0,0.0,0.0,0.0,0.0,0.0,0.0,0.0,0.0,0.0,0.0,0.0,2.500000000000009e-05,6.250000000000022e-05,0.00030000000000000106,0.0003625000000000013,0.000850000000000003,0.0015000000000000055,0.0018875000000000068,0.0032250000000000113,0.004400000000000016,0.005400000000000019,0.007725000000000027,0.009612500000000034,0.011875000000000044,0.015625000000000056,0.017450000000000063,0.02108750000000007,0.024187500000000087,0.027262500000000096,0.03156250000000011,0.035725000000000125,0.03825000000000014,0.04193750000000015,0.046512500000000165,0.04990000000000017,0.05401250000000019,0.0574625000000002,0.06191250000000022,0.06503750000000023,0.06881250000000025,0.07203750000000025,0.07523750000000026,0.0821125000000003,0.08447500000000029,0.08765000000000031,0.09135000000000033,0.09385000000000032,0.09792500000000035,0.10172500000000037,0.10580000000000038,0.10797500000000038,0.10786250000000039,0.1106250000000004,0.1137125000000004,0.11692500000000042,0.11778750000000042,0.11827500000000042,0.12062500000000044,0.12290000000000044,0.12635000000000046,0.12743750000000045,0.12835000000000046,0.12781250000000047,0.12836250000000046,0.12958750000000047,0.13031250000000044,0.13102500000000047,0.13075000000000048,0.13196250000000048,0.13238750000000046,0.13282500000000047,0.13330000000000047,0.13315000000000046,0.13316250000000046,0.13426250000000048,0.13470000000000049,0.13472500000000048,0.13483750000000047,0.13461250000000047,0.13460000000000047
7.75,0.0,0.0,0.0,0.0,0.0,0.0,0.0,0.0,0.0,0.0,0.0,0.0,1.2500015625019464e-05,2.4999999999999866e-05,4.999999999999973e-05,0.00013749999999999928,0.0003624999999999981,0.0006499999999999966,0.000937499999999995,0.0019249999999999899,0.002299999999999988,0.003424999999999982,0.004749999999999975,0.006874999999999964,0.008224999999999956,0.010624999999999944,0.013924999999999925,0.015749999999999917,0.019637499999999895,0.022662499999999877,0.025699999999999862,0.02989999999999984,0.03394999999999982,0.0372749999999998,0.040312499999999786,0.044649999999999766,0.047749999999999744,0.052474999999999716,0.0560124999999997,0.061112499999999674,0.06394999999999966,0.06772499999999963,0.07127499999999962,0.0745499999999996,0.08119999999999956,0.08363749999999955,0.08833749999999953,0.0928374999999995,0.0954499999999995,0.09907499999999947,0.10273749999999945,0.10569999999999943,0.10589999999999944,0.10898749999999942,0.1132249999999994,0.11527499999999938,0.11701249999999938,0.11808749999999936,0.12109999999999936,0.12539999999999932,0.12692499999999932,0.12622499999999934,0.12739999999999932,0.12921249999999931,0.1308249999999993,0.1331499999999993,0.1341499999999993,0.1338374999999993,0.13326249999999928,0.13428749999999928,0.13497499999999926,0.13427499999999928,0.1341874999999993,0.1339624999999993,0.13379999999999928,0.1340999999999993,0.1342374999999993,0.1339374999999993,0.1338999999999993,0.1338499999999993,0.1339874999999993,0.1341749999999993,0.1341874999999993
7.8500000000000005,0.0,0.0,0.0,0.0,0.0,0.0,0.0,0.0,0.0,0.0,0.0,0.0,0.0,1.2500000000000045e-05,8.750000000000032e-05,0.0002250000000000008,0.0003625000000000013,0.0007875000000000028,0.0013125000000000046,0.0018125000000000066,0.0029625000000000107,0.004287500000000015,0.005237500000000018,0.007612500000000027,0.009537500000000034,0.011950000000000044,0.015075000000000055,0.017975000000000064,0.021250000000000078,0.024187500000000087,0.027075000000000096,0.03220000000000011,0.036475000000000125,0.03882500000000014,0.04305000000000016,0.04673750000000016,0.05170000000000018,0.0552125000000002,0.05988750000000021,0.06307500000000023,0.06677500000000024,0.07043750000000025,0.07373750000000026,0.08025000000000028,0.0831250000000003,0.08852500000000031,0.09233750000000032,0.09471250000000032,0.09872500000000034,0.10338750000000037,0.10477500000000037,0.10647500000000039,0.1110375000000004,0.1138750000000004,0.1150500000000004,0.11766250000000042,0.12192500000000044,0.12447500000000043,0.12472500000000043,0.12600000000000044,0.12758750000000046,0.13137500000000046,0.13251250000000048,0.13240000000000046,0.13227500000000048,0.13222500000000048,0.13323750000000048,0.13342500000000046,0.13502500000000048,0.13418750000000046,0.13405000000000047,0.13426250000000048,0.13507500000000047,0.1358250000000005,0.1363250000000005,0.13623750000000048,0.13653750000000048,0.13628750000000048,0.13621250000000049,0.1364625000000005,0.1363500000000005,0.13627500000000048,0.13626250000000048
7.95,0.0,0.0,0.0,0.0,0.0,0.0,0.0,0.0,0.0,0.0,0.0,1.2500078125488328e-05,2.500003125003915e-05,2.500000000000009e-05,6.250000000000022e-05,0.00040000000000000143,0.0005875000000000021,0.000850000000000003,0.0017375000000000062,0.002037500000000007,0.0034750000000000124,0.004437500000000016,0.006700000000000024,0.008087500000000029,0.010412500000000036,0.013750000000000047,0.016025000000000057,0.01966250000000007,0.02267500000000008,0.02586250000000009,0.03063750000000011,0.034850000000000124,0.03728750000000013,0.041087500000000145,0.04521250000000016,0.049887500000000175,0.05327500000000019,0.05792500000000021,0.06197500000000022,0.06530000000000023,0.06921250000000025,0.07226250000000026,0.07918750000000029,0.08282500000000029,0.08848750000000032,0.09081250000000032,0.09455000000000033,0.09902500000000035,0.10340000000000037,0.10366250000000037,0.10853750000000038,0.1122250000000004,0.1141250000000004,0.11597500000000042,0.12108750000000043,0.12381250000000044,0.12353750000000044,0.12595000000000045,0.12892500000000046,0.13073750000000048,0.13138750000000046,0.13056250000000047,0.13170000000000048,0.13271250000000048,0.13292500000000046,0.13457500000000047,0.13367500000000046,0.13600000000000048,0.13673750000000048,0.1381125000000005,0.1388250000000005,0.1394000000000005,0.1393625000000005,0.1393875000000005,0.1393500000000005,0.1398250000000005,0.1396375000000005,0.1398625000000005,0.1403875000000005,0.1403500000000005,0.1404250000000005,0.1406125000000005,0.1406125000000005
8.05,0.0,0.0,0.0,0.0,0.0,0.0,0.0,0.0,0.0,0.0,0.0,0.0,0.0,8.750000000000032e-05,0.00017500000000000065,0.0003500000000000013,0.0006000000000000021,0.0010000000000000035,0.0018750000000000064,0.0027625000000000097,0.003937500000000014,0.005050000000000018,0.0074375000000000266,0.009212500000000033,0.01163750000000004,0.014562500000000053,0.018037500000000064,0.02115000000000008,0.024525000000000085,0.0282750000000001,0.032662500000000115,0.03555000000000013,0.03966250000000014,0.044150000000000154,0.04785000000000017,0.05177500000000018,0.0567125000000002,0.06071250000000022,0.06411250000000022,0.06753750000000024,0.07113750000000026,0.07853750000000029,0.08166250000000029,0.08752500000000031,0.0894875000000003,0.09396250000000032,0.09892500000000035,0.10278750000000036,0.10338750000000037,0.10920000000000038,0.1118000000000004,0.1132750000000004,0.11895000000000042,0.12227500000000044,0.12221250000000043,0.12437500000000043,0.12888750000000046,0.12932500000000047,0.12921250000000045,0.13020000000000045,0.13080000000000047,0.13281250000000047,0.13316250000000046,0.13562500000000047,0.1375750000000005,0.13800000000000048,0.1401000000000005,0.1396500000000005,0.1396000000000005,0.1404125000000005,0.1408625000000005,0.1408000000000005,0.1416375000000005,0.14173750000000052,0.1425750000000005,0.1429125000000005,0.14296250000000052,0.1431125000000005,0.14273750000000052,0.1426500000000005,0.14248750000000052,0.1423500000000005,0.1423375000000005
8.15,0.0,0.0,0.0,0.0,0.0,0.0,0.0,0.0,0.0,0.0,0.0,2.5000156250976213e-05,3.750004687505806e-05,3.749999999999947e-05,0.00033749999999999525,0.00039999999999999433,0.0008624999999999877,0.0016624999999999765,0.0019124999999999728,0.003174999999999955,0.004312499999999939,0.0064624999999999076,0.007812499999999889,0.010237499999999854,0.013662499999999807,0.01619999999999977,0.019324999999999724,0.02269999999999968,0.02538749999999964,0.030399999999999566,0.034912499999999506,0.037549999999999466,0.04171249999999941,0.045562499999999354,0.050849999999999285,0.054549999999999224,0.059049999999999166,0.0631499999999991,0.06624999999999906,0.06999999999999901,0.0773249999999989,0.08003749999999886,0.08606249999999878,0.08831249999999874,0.09339999999999868,0.09926249999999859,0.10089999999999856,0.10367499999999853,0.10974999999999843,0.11101249999999842,0.11434999999999838,0.11956249999999831,0.11984999999999829,0.12268749999999826,0.1280374999999982,0.12802499999999817,0.12771249999999817,0.12924999999999817,0.13098749999999815,0.13144999999999812,0.13513749999999808,0.13596249999999807,0.13853749999999804,0.13819999999999805,0.13936249999999803,0.141249999999998,0.140649999999998,0.14193749999999797,0.14331249999999796,0.14358749999999795,0.14398749999999796,0.14476249999999793,0.14503749999999793,0.14491249999999795,0.14462499999999795,0.14439999999999795,0.14493749999999794,0.14468749999999794,0.14487499999999795,0.14506249999999796,0.14522499999999794,0.14528749999999793,0.14533749999999793
8.25,0.0,0.0,0.0,0.0,0.0,0.0,0.0,0.0,0.0,0.0,1.2500125001250057e-05,0.0,6.250007812509788e-05,0.00017500000000000065,0.0003250000000000011,0.000562500000000002,0.0009000000000000032,0.0017625000000000062,0.0023500000000000083,0.003675000000000013,0.004850000000000017,0.007200000000000026,0.008925000000000032,0.011250000000000041,0.01418750000000005,0.017300000000000062,0.020700000000000073,0.023950000000000086,0.0287500000000001,0.03295000000000012,0.03561250000000013,0.03978750000000014,0.04405000000000015,0.049137500000000174,0.052387500000000184,0.05771250000000021,0.061675000000000216,0.06371250000000023,0.06852500000000025,0.07568750000000027,0.07856250000000028,0.08473750000000031,0.08738750000000031,0.09223750000000033,0.09848750000000035,0.09918750000000034,0.10461250000000036,0.10818750000000038,0.10978750000000038,0.11656250000000042,0.11880000000000042,0.12078750000000044,0.12486250000000043,0.12645000000000045,0.12632500000000046,0.12781250000000047,0.12921250000000045,0.13212500000000046,0.13450000000000048,0.13702500000000048,0.1372000000000005,0.1391125000000005,0.13877500000000048,0.14168750000000052,0.14272500000000052,0.1428125000000005,0.1444125000000005,0.14572500000000052,0.14598750000000052,0.14676250000000052,0.14797500000000052,0.14793750000000053,0.14720000000000052,0.14770000000000053,0.14760000000000054,0.14717500000000053,0.14725000000000052,0.14763750000000053,0.14756250000000054,0.14770000000000053,0.14783750000000054,0.14792500000000053,0.14793750000000053
8.350000000000001,0.0,0.0,0.0,0.0,0.0,0.0,0.0,0.0,0.0,0.0,0.0,1.2500078125488328e-05,6.250007812509788e-05,0.0002625000000000009,0.0003500000000000013,0.0008000000000000029,0.0012500000000000044,0.001700000000000006,0.0031000000000000107,0.0040500000000000145,0.005937500000000022,0.0073750000000000265,0.009837500000000035,0.013237500000000048,0.01585000000000006,0.01906250000000007,0.02251250000000008,0.02545000000000009,0.03061250000000011,0.03398750000000012,0.038100000000000134,0.04258750000000015,0.04628750000000016,0.05015000000000018,0.0555250000000002,0.05923750000000021,0.06287500000000022,0.06766250000000024,0.07301250000000026,0.07716250000000027,0.08232500000000029,0.0867125000000003,0.09076250000000033,0.09735000000000034,0.09818750000000034,0.10376250000000037,0.10670000000000038,0.1101625000000004,0.11700000000000042,0.11730000000000042,0.12133750000000043,0.12461250000000043,0.12407500000000043,0.12643750000000045,0.12722500000000045,0.13123750000000048,0.13336250000000047,0.13431250000000047,0.1364125000000005,0.1374000000000005,0.1400875000000005,0.1410375000000005,0.1433500000000005,0.1443375000000005,0.14637500000000053,0.1456500000000005,0.14677500000000052,0.14631250000000054,0.14756250000000054,0.14757500000000054,0.14738750000000053,0.14828750000000052,0.14852500000000052,0.14842500000000053,0.14848750000000052,0.14921250000000053,0.14908750000000054,0.14940000000000053,0.14946250000000053,0.14923750000000052,0.14915000000000053,0.14911250000000054,0.14923750000000052
8.45,0.0,0.0,0.0,0.0,0.0,0.0,0.0,0.0,0.0,1.2500218753828237e-05,2.5000250002500114e-05,2.5000156250976656e-05,6.250007812509788e-05,0.0003500000000000013,0.000537500000000002,0.0008125000000000029,0.0018000000000000065,0.0020750000000000074,0.0031750000000000116,0.004625000000000016,0.006850000000000024,0.00843750000000003,0.010687500000000039,0.01393750000000005,0.01688750000000006,0.020250000000000073,0.023637500000000082,0.0279875000000001,0.032787500000000115,0.03576250000000013,0.03987500000000014,0.043712500000000154,0.04928750000000017,0.054062500000000194,0.05797500000000021,0.061675000000000216,0.06561250000000024,0.07006250000000025,0.07633750000000027,0.08056250000000029,0.08588750000000031,0.08952500000000031,0.09623750000000035,0.09686250000000035,0.10241250000000036,0.10692500000000038,0.11000000000000038,0.11578750000000042,0.11677500000000042,0.12200000000000044,0.12320000000000043,0.12450000000000043,0.12647500000000045,0.12872500000000045,0.13172500000000048,0.13291250000000046,0.13625000000000048,0.1374500000000005,0.13978750000000048,0.1415250000000005,0.1428625000000005,0.1443875000000005,0.1448125000000005,0.14571250000000052,0.1459000000000005,0.14701250000000052,0.14731250000000054,0.14883750000000054,0.14801250000000052,0.14792500000000053,0.14796250000000052,0.14790000000000053,0.14827500000000052,0.14902500000000052,0.14938750000000053,0.14910000000000054,0.14918750000000053,0.14876250000000052,0.14868750000000053,0.14891250000000053,0.14893750000000053,0.14888750000000053,0.14876250000000052
8.55,0.0,0.0,0.0,0.0,0.0,0.0,0.0,0.0,0.0,0.0,0.0,0.00011250070312939497,0.00017500021875027408,0.0003125000000000011,0.000575000000000002,0.0009625000000000034,0.001675000000000006,0.0027000000000000097,0.003962500000000015,0.0051875000000000185,0.007050000000000025,0.009487500000000034,0.012637500000000046,0.014775000000000052,0.018362500000000066,0.022012500000000077,0.024725000000000087,0.030237500000000108,0.033537500000000116,0.037837500000000135,0.04192500000000014,0.04735000000000016,0.050612500000000185,0.0552125000000002,0.05962500000000021,0.06351250000000022,0.06702500000000024,0.07483750000000026,0.07877500000000028,0.08430000000000029,0.08737500000000031,0.09330000000000033,0.09551250000000035,0.10137500000000037,0.10605000000000038,0.10855000000000038,0.1150875000000004,0.11692500000000042,0.12168750000000043,0.12092500000000043,0.12302500000000044,0.12483750000000043,0.12953750000000044,0.13121250000000048,0.13425000000000048,0.13622500000000048,0.1375625000000005,0.1411500000000005,0.1425875000000005,0.1430500000000005,0.1441125000000005,0.14475000000000052,0.14595000000000052,0.14638750000000053,0.14642500000000053,0.14767500000000053,0.14727500000000052,0.14700000000000052,0.14895000000000053,0.14952500000000052,0.14932500000000054,0.15090000000000053,0.15128750000000055,0.15098750000000052,0.15090000000000053,0.15140000000000053,0.15136250000000054,0.15136250000000054,0.15122500000000055,0.15126250000000055,0.15145000000000056,0.15150000000000055,0.15153750000000055
8.65,0.0,0.0,0.0,0.0,0.0,0.0,0.0,0.0,0.0,2.5000437507656027e-05,3.7500375003749506e-05,1.2500078125488106e-05,0.00027500034375042576,0.0003749999999999947,0.0007999999999999887,0.0015749999999999775,0.001837499999999974,0.002974999999999958,0.004062499999999942,0.006362499999999909,0.007574999999999892,0.010174999999999856,0.013737499999999804,0.016349999999999767,0.01971249999999972,0.022974999999999673,0.02739999999999961,0.03253749999999954,0.0350124999999995,0.03986249999999943,0.044562499999999367,0.04816249999999932,0.053699999999999234,0.05773749999999918,0.06039999999999914,0.06554999999999907,0.07327499999999897,0.07704999999999891,0.08159999999999884,0.08577499999999878,0.0914124999999987,0.09477499999999865,0.10026249999999857,0.10417499999999853,0.10733749999999848,0.11393749999999839,0.11566249999999836,0.1201874999999983,0.12147499999999828,0.12294999999999826,0.1266874999999982,0.13074999999999815,0.13131249999999814,0.1343124999999981,0.13619999999999807,0.13991249999999802,0.140874999999998,0.140849999999998,0.14283749999999795,0.14376249999999796,0.14459999999999795,0.14527499999999793,0.14528749999999793,0.1469999999999979,0.1475624999999979,0.14901249999999788,0.15018749999999786,0.15112499999999784,0.14977499999999788,0.14913749999999787,0.14936249999999787,0.14824999999999788,0.1490874999999979,0.1488499999999979,0.1489374999999979,0.14924999999999788,0.14923749999999786,0.14923749999999786,0.14924999999999788,0.14921249999999786,0.1490999999999979,0.14917499999999786,0.14922499999999786
8.75,0.0,0.0,0.0,0.0,0.0,0.0,0.0,0.0,1.2500578151739563e-05,0.0,6.250062500625029e-05,0.00016250101563134827,0.00035000043750054816,0.000562500000000002,0.0009125000000000033,0.001675000000000006,0.002150000000000008,0.003412500000000012,0.004537500000000016,0.0068750000000000235,0.009112500000000032,0.011675000000000041,0.01396250000000005,0.017825000000000063,0.021162500000000077,0.024250000000000087,0.029762500000000105,0.03283750000000012,0.03691250000000013,0.041400000000000145,0.04617500000000016,0.051062500000000184,0.0555750000000002,0.05966250000000021,0.06481250000000023,0.06967500000000025,0.07416250000000027,0.08020000000000028,0.0842500000000003,0.08937500000000032,0.09440000000000033,0.09802500000000035,0.10177500000000037,0.10617500000000038,0.1125875000000004,0.1141875000000004,0.11841250000000042,0.12038750000000044,0.12105000000000044,0.12673750000000045,0.12836250000000046,0.13041250000000046,0.13456250000000047,0.1374375000000005,0.1393375000000005,0.13925000000000048,0.14167500000000052,0.14350000000000052,0.1428625000000005,0.14400000000000052,0.1455750000000005,0.14773750000000052,0.14862500000000053,0.14825000000000052,0.14762500000000053,0.14732500000000054,0.14761250000000053,0.14685000000000054,0.14725000000000052,0.14835000000000054,0.14898750000000052,0.14886250000000054,0.14845000000000053,0.14855000000000051,0.14882500000000054,0.14818750000000053,0.14862500000000053,0.14918750000000053,0.14933750000000054,0.14936250000000054,0.14922500000000052,0.14901250000000052,0.1488125000000005
8.850000000000001,0.0,0.0,0.0,0.0,0.0,0.0,0.0,0.0,0.0,1.2500218753828237e-05,6.250062500625029e-05,0.00018750117188232493,0.00031250039062548937,0.0006875000000000025,0.001112500000000004,0.0016375000000000057,0.0029375000000000104,0.0038500000000000136,0.005750000000000021,0.007200000000000026,0.009787500000000036,0.012937500000000046,0.015400000000000054,0.018862500000000067,0.022225000000000078,0.026700000000000095,0.03188750000000012,0.03448750000000012,0.03993750000000014,0.04368750000000016,0.04802500000000017,0.05365000000000019,0.05777500000000021,0.06145000000000022,0.06578750000000023,0.07256250000000025,0.07752500000000027,0.08143750000000029,0.0874625000000003,0.09276250000000033,0.09521250000000035,0.10048750000000037,0.10450000000000037,0.1110500000000004,0.1128875000000004,0.11745000000000042,0.11917500000000042,0.12010000000000041,0.12547500000000045,0.12861250000000046,0.13131250000000047,0.13446250000000048,0.1375625000000005,0.1379500000000005,0.1404250000000005,0.1417625000000005,0.14198750000000052,0.1423500000000005,0.1448750000000005,0.14653750000000051,0.14637500000000053,0.1455500000000005,0.14595000000000052,0.14576250000000052,0.14748750000000052,0.14690000000000053,0.14715000000000053,0.14717500000000053,0.14707500000000054,0.14657500000000054,0.14648750000000052,0.14633750000000054,0.14602500000000052,0.14637500000000053,0.14622500000000052,0.14612500000000053,0.14605000000000054,0.1456750000000005,0.14635000000000054,0.14638750000000053,0.14638750000000053,0.14646250000000052,0.14665000000000053
8.95,0.0,0.0,0.0,0.0,0.0,0.0,0.0,1.2501125101259158e-05,2.5001156303479125e-05,2.5000437507656474e-05,6.250062500625029e-05,0.00037500234376464987,0.0004625005781257243,0.0007500000000000027,0.0015375000000000054,0.0017875000000000063,0.00292500000000001,0.004462500000000016,0.006475000000000022,0.008100000000000029,0.010662500000000038,0.013675000000000048,0.017162500000000063,0.02008750000000007,0.023125000000000083,0.028825000000000104,0.031912500000000114,0.03640000000000013,0.04078750000000014,0.04652500000000016,0.05121250000000018,0.0553750000000002,0.05902500000000021,0.06350000000000022,0.07056250000000025,0.07506250000000027,0.08035000000000028,0.08496250000000032,0.09063750000000033,0.09353750000000033,0.09956250000000035,0.10263750000000037,0.10958750000000038,0.1116875000000004,0.11588750000000042,0.11785000000000041,0.11996250000000042,0.12568750000000045,0.12755000000000047,0.13031250000000044,0.13420000000000049,0.1358125000000005,0.1371375000000005,0.1394000000000005,0.13981250000000048,0.1407125000000005,0.1435250000000005,0.1454500000000005,0.1438375000000005,0.1441625000000005,0.1444000000000005,0.14521250000000052,0.1454250000000005,0.1450625000000005,0.1445500000000005,0.1448125000000005,0.1445625000000005,0.14427500000000051,0.1446000000000005,0.14501250000000052,0.14520000000000052,0.14633750000000054,0.14703750000000052,0.14736250000000053,0.14753750000000052,0.14795000000000053,0.14791250000000053,0.14838750000000053,0.14801250000000052,0.14780000000000051,0.14806250000000054,0.14815000000000053,0.14818750000000053
9.05,0.0,0.0,0.0,0.0,0.0,0.0,0.0,0.0,0.0,8.750153127679766e-05,0.00013750137501375063,0.00030000187501171986,0.0005625007031258809,0.000825000000000003,0.0016375000000000057,0.002462500000000009,0.0035500000000000123,0.004475000000000016,0.006675000000000024,0.009012500000000033,0.012200000000000042,0.014787500000000052,0.017937500000000065,0.021637500000000077,0.026275000000000097,0.03063750000000011,0.03375000000000012,0.03901250000000014,0.042950000000000155,0.04723750000000016,0.05272500000000019,0.0569750000000002,0.06131250000000022,0.06756250000000023,0.07202500000000026,0.07776250000000028,0.0821125000000003,0.08805000000000031,0.09108750000000032,0.09687500000000035,0.09988750000000036,0.10810000000000038,0.1103375000000004,0.1147625000000004,0.11677500000000042,0.11918750000000042,0.12465000000000044,0.12678750000000044,0.13001250000000045,0.13318750000000049,0.13488750000000047,0.1376125000000005,0.13825000000000048,0.1390750000000005,0.1415625000000005,0.1438625000000005,0.1421125000000005,0.1425125000000005,0.1439250000000005,0.1441375000000005,0.1433625000000005,0.14293750000000052,0.1432875000000005,0.14296250000000052,0.14372500000000052,0.14578750000000051,0.14696250000000052,0.14791250000000053,0.14790000000000053,0.14823750000000052,0.14843750000000053,0.14786250000000054,0.14773750000000052,0.14780000000000051,0.14758750000000054,0.14781250000000054,0.14762500000000053,0.14716250000000053,0.14707500000000054,0.14732500000000054,0.14741250000000053,0.14732500000000054,0.1473000000000005
9.15,0.0,0.0,0.0,0.0,0.0,0.0,0.0,2.5002250202517872e-05,3.7501734455218023e-05,3.750065626148404e-05,0.00026250262502624654,0.00028750179688622645,0.0007500009375011612,0.0012374999999999823,0.001612499999999977,0.0027624999999999607,0.003662499999999948,0.005862499999999917,0.007187499999999898,0.009674999999999863,0.012799999999999818,0.015874999999999775,0.01968749999999972,0.022824999999999675,0.027249999999999615,0.03104999999999956,0.035387499999999496,0.03987499999999943,0.045687499999999354,0.050199999999999294,0.05433749999999923,0.05783749999999918,0.06266249999999911,0.069524999999999,0.07513749999999894,0.07939999999999887,0.08518749999999878,0.09019999999999873,0.09474999999999865,0.09946249999999858,0.10573749999999849,0.10783749999999848,0.11396249999999838,0.11548749999999837,0.11733749999999833,0.12323749999999825,0.12576249999999822,0.12897499999999817,0.1333499999999981,0.1336874999999981,0.13627499999999806,0.13719999999999805,0.13869999999999805,0.14181249999999798,0.140724999999998,0.140937499999998,0.14253749999999799,0.14244999999999797,0.141699999999998,0.141099999999998,0.141399999999998,0.142462499999998,0.14492499999999794,0.14636249999999792,0.1465749999999979,0.14627499999999793,0.14572499999999794,0.14582499999999793,0.14626249999999794,0.14598749999999794,0.14553749999999793,0.14558749999999793,0.14568749999999792,0.14563749999999792,0.14578749999999793,0.14566249999999792,0.14553749999999793,0.14608749999999793,0.14591249999999792,0.14584999999999793,0.14553749999999793,0.14577499999999793,0.14576249999999794
9.25,0.0,0.0,0.0,0.0,0.0,0.0,1.2501687727843303e-05,0.0,3.750173445521869e-05,0.00011250196878445413,0.0003500035000350016,0.0005250032812705098,0.0007375009218761549,0.001650000000000006,0.0018750000000000064,0.0029500000000000103,0.004312500000000015,0.006525000000000023,0.00837500000000003,0.011050000000000039,0.013562500000000048,0.01727500000000006,0.02030000000000007,0.024062500000000087,0.029387500000000105,0.03277500000000012,0.03800000000000014,0.042037500000000144,0.046575000000000165,0.052125000000000185,0.0564125000000002,0.06121250000000022,0.06820000000000025,0.07275000000000026,0.07787500000000028,0.0822500000000003,0.08863750000000031,0.09117500000000033,0.09671250000000034,0.10187500000000037,0.10628750000000038,0.1126125000000004,0.1135500000000004,0.1147000000000004,0.12185000000000043,0.12416250000000044,0.12716250000000046,0.13228750000000047,0.13276250000000048,0.1358125000000005,0.1363250000000005,0.1382250000000005,0.1406375000000005,0.1396000000000005,0.14053750000000048,0.1406750000000005,0.1399625000000005,0.1399375000000005,0.1403250000000005,0.14300000000000052,0.14470000000000052,0.1453000000000005,0.1439250000000005,0.14451250000000052,0.14420000000000052,0.14422500000000052,0.1441625000000005,0.1448875000000005,0.1449250000000005,0.1455375000000005,0.14605000000000054,0.14592500000000053,0.14547500000000052,0.1454000000000005,0.1456500000000005,0.1456375000000005,0.14592500000000053,0.1456750000000005,0.1456500000000005,0.1455875000000005,0.1456750000000005,0.1454125000000005,0.14525000000000052
9.350000000000001,0.0,0.0,0.0,0.0,0.0,0.0,0.0,1.2501125101259158e-05,8.750404706217694e-05,0.00015000262504593883,0.00030000300003000136,0.0005125032031450215,0.0009000011250014095,0.0015500000000000054,0.0024125000000000084,0.0036125000000000133,0.004800000000000017,0.006487500000000023,0.008900000000000031,0.012225000000000043,0.014725000000000052,0.018337500000000066,0.021762500000000077,0.026600000000000096,0.03016250000000011,0.03461250000000012,0.03867500000000014,0.04466250000000015,0.049512500000000174,0.05327500000000019,0.05772500000000021,0.06258750000000021,0.06853750000000025,0.07483750000000026,0.07968750000000029,0.0863125000000003,0.08853750000000031,0.09565000000000035,0.09897500000000034,0.10497500000000039,0.10975000000000039,0.1103875000000004,0.1133625000000004,0.11996250000000042,0.12252500000000044,0.12586250000000046,0.13098750000000048,0.13151250000000048,0.13398750000000048,0.13452500000000048,0.13827500000000048,0.1380875000000005,0.1378875000000005,0.1389250000000005,0.1384750000000005,0.1383875000000005,0.1386500000000005,0.1415500000000005,0.1431000000000005,0.14296250000000052,0.14298750000000052,0.1423000000000005,0.1426000000000005,0.14322500000000052,0.14452500000000051,0.14346250000000052,0.1439125000000005,0.14371250000000052,0.1441000000000005,0.14347500000000052,0.1441250000000005,0.1436125000000005,0.1441375000000005,0.1437750000000005,0.1436125000000005,0.1436500000000005,0.14345000000000052,0.1433875000000005,0.1438000000000005,0.14372500000000052,0.1436375000000005,0.14373750000000052,0.1438500000000005
9.45,0.0,0.0,0.0,0.0,0.0,1.2502172252428904e-05,2.5003375455686606e-05,2.5002250202518316e-05,3.750173445521869e-05,0.00028750503133804947,0.0003125031250312514,0.0007000043750273465,0.0013500016875021142,0.0015875000000000058,0.0027375000000000095,0.003737500000000013,0.005875000000000021,0.007075000000000025,0.009612500000000034,0.012762500000000045,0.016275000000000057,0.01947500000000007,0.022850000000000082,0.0276250000000001,0.031837500000000116,0.03580000000000013,0.041012500000000146,0.04516250000000016,0.05041250000000018,0.0555625000000002,0.05978750000000021,0.06715000000000024,0.07171250000000025,0.07632500000000027,0.08208750000000029,0.0873250000000003,0.09258750000000032,0.09565000000000035,0.10363750000000037,0.10606250000000038,0.1105000000000004,0.1121125000000004,0.11700000000000042,0.12073750000000044,0.12483750000000043,0.12941250000000046,0.13055000000000044,0.13173750000000048,0.13330000000000047,0.1376250000000005,0.1369625000000005,0.13776250000000048,0.13752500000000048,0.1372125000000005,0.1371000000000005,0.1399375000000005,0.1420750000000005,0.1412750000000005,0.1412875000000005,0.1414000000000005,0.1418750000000005,0.1430250000000005,0.14276250000000051,0.1426625000000005,0.14200000000000051,0.1425875000000005,0.14223750000000052,0.14243750000000052,0.1418250000000005,0.14271250000000052,0.1423625000000005,0.14322500000000052,0.1425500000000005,0.14326250000000051,0.1434125000000005,0.1431000000000005,0.14372500000000052,0.1438000000000005,0.14343750000000052,0.14348750000000052,0.14373750000000052,0.1437750000000005,0.1437750000000005
9.55,0.0,0.0,0.0,0.0,0.0,0.0,0.0,6.250562550629468e-05,0.00013750635966913274,0.0002875050313380443,0.0005500055000549928,0.0008000050000312388,0.0016125020156274965,0.0018999999999999729,0.0030124999999999575,0.004349999999999938,0.0062374999999999115,0.00843749999999988,0.011062499999999843,0.013949999999999803,0.017212499999999756,0.02046249999999971,0.02476249999999965,0.029749999999999575,0.03312499999999953,0.03788749999999946,0.04301249999999939,0.04808749999999932,0.05241249999999925,0.05713749999999919,0.06199999999999912,0.06823749999999902,0.07413749999999894,0.07906249999999887,0.08577499999999878,0.08829999999999874,0.09508749999999866,0.10173749999999857,0.10391249999999852,0.10928749999999846,0.11026249999999843,0.11588749999999834,0.11963749999999831,0.12324999999999825,0.12774999999999817,0.12926249999999817,0.13028749999999814,0.1331624999999981,0.13677499999999806,0.13519999999999807,0.13602499999999806,0.13568749999999807,0.13591249999999808,0.13732499999999806,0.140287499999998,0.140237499999998,0.13962499999999803,0.139549999999998,0.140824999999998,0.140724999999998,0.140574999999998,0.140574999999998,0.141012499999998,0.140062499999998,0.140687499999998,0.141449999999998,0.14212499999999798,0.141712499999998,0.14204999999999798,0.141287499999998,0.140949999999998,0.141237499999998,0.14186249999999798,0.14192499999999797,0.14192499999999797,0.14206249999999798,0.141712499999998,0.14154999999999798,0.141762499999998,0.14183749999999798,0.14183749999999798,0.14178749999999798,0.14177499999999799
9.650000000000002,0.0,0.0,0.0,0.0,1.2503016352695132e-05,2.5004344504857807e-05,2.5003375455686606e-05,6.250562550629579e-05,0.0001750080941243539,0.00030000525009187765,0.0005125051250512524,0.0009250057812861363,0.0013875017343771728,0.0024125000000000084,0.0035750000000000126,0.004562500000000016,0.006500000000000023,0.008975000000000032,0.012200000000000042,0.014812500000000053,0.018262500000000067,0.021662500000000078,0.026962500000000094,0.030300000000000108,0.03393750000000012,0.03945000000000014,0.04398750000000015,0.049750000000000176,0.05436250000000019,0.05852500000000021,0.06608750000000024,0.07056250000000025,0.07618750000000027,0.0817625000000003,0.08497500000000031,0.09242500000000033,0.09530000000000034,0.10136250000000037,0.10820000000000038,0.10962500000000039,0.1121875000000004,0.11653750000000042,0.12060000000000044,0.12537500000000043,0.12712500000000046,0.12913750000000046,0.13211250000000047,0.13521250000000049,0.13338750000000046,0.13467500000000046,0.13391250000000046,0.13401250000000048,0.1374375000000005,0.1386875000000005,0.1388375000000005,0.1383375000000005,0.13930000000000048,0.13928750000000048,0.1394750000000005,0.13952500000000048,0.1398750000000005,0.1392000000000005,0.1401625000000005,0.14097500000000052,0.1401125000000005,0.14027500000000048,0.1401625000000005,0.14098750000000052,0.1401625000000005,0.1402375000000005,0.1406500000000005,0.1409000000000005,0.14050000000000049,0.1406875000000005,0.1407000000000005,0.1404750000000005,0.1407375000000005,0.14055000000000048,0.1401750000000005,0.1403500000000005,0.1400875000000005,0.1401000000000005,0.1399875000000005
9.75,0.0,0.0,0.0,0.0,0.0,0.0,3.750506318352991e-05,6.250562550629579e-05,0.0003250150319452286,0.00042500743763016,0.0007000070000700032,0.001400008750054693,0.0016125020156275251,0.002612500000000009,0.003625000000000013,0.00578750000000002,0.006900000000000025,0.009275000000000033,0.012400000000000043,0.015775000000000056,0.01966250000000007,0.022962500000000084,0.0279125000000001,0.03145000000000012,0.037025000000000134,0.041650000000000145,0.04700000000000017,0.05097500000000018,0.0556000000000002,0.06096250000000022,0.06750000000000024,0.07353750000000027,0.07805000000000027,0.0847000000000003,0.08960000000000033,0.09268750000000033,0.10040000000000036,0.10411250000000036,0.10570000000000038,0.10898750000000038,0.11581250000000042,0.11873750000000041,0.12360000000000043,0.12553750000000047,0.12852500000000044,0.13000000000000045,0.13381250000000047,0.13198750000000048,0.13391250000000046,0.13302500000000048,0.13305000000000047,0.1376750000000005,0.1368125000000005,0.13647500000000048,0.13723750000000048,0.1379000000000005,0.1378625000000005,0.13827500000000048,0.1371250000000005,0.1388625000000005,0.1388500000000005,0.1386500000000005,0.1389500000000005,0.1392125000000005,0.13877500000000048,0.1388500000000005,0.1391625000000005,0.1377125000000005,0.1384625000000005,0.1384250000000005,0.13775000000000048,0.1366750000000005,0.1365875000000005,0.1365750000000005,0.1368625000000005,0.1371000000000005,0.1366000000000005,0.1367125000000005,0.1371500000000005,0.1368250000000005,0.13697500000000049,0.1368000000000005,0.1368875000000005
9.850000000000001,0.0,0.0,0.0,1.250381366316731e-05,2.5006032705390263e-05,1.2502172252428904e-05,0.00010001350182274642,0.00011251012591133243,0.0002500115630347912,0.000475008312645473,0.0007625076250762535,0.001450009062556646,0.001887502359377956,0.002987500000000011,0.004237500000000015,0.006075000000000021,0.00817500000000003,0.011100000000000039,0.01376250000000005,0.01682500000000006,0.020275000000000074,0.02506250000000009,0.029012500000000104,0.032912500000000115,0.03773750000000013,0.04242500000000016,0.04816250000000017,0.05301250000000019,0.0573875000000002,0.06467500000000023,0.06985000000000025,0.07491250000000027,0.08191250000000029,0.08486250000000031,0.09051250000000033,0.09800000000000035,0.10111250000000037,0.10563750000000038,0.10745000000000038,0.1130875000000004,0.11676250000000042,0.12121250000000043,0.12382500000000043,0.12722500000000045,0.12756250000000047,0.13265000000000046,0.13058750000000047,0.13188750000000046,0.13116250000000046,0.13271250000000048,0.1366500000000005,0.13563750000000047,0.13567500000000046,0.1371500000000005,0.13653750000000048,0.13626250000000048,0.13601250000000048,0.1373375000000005,0.13826250000000048,0.1366375000000005,0.13780000000000048,0.1374000000000005,0.13755000000000048,0.1366375000000005,0.13703750000000048,0.13537500000000047,0.13543750000000046,0.13560000000000047,0.13626250000000048,0.1363375000000005,0.1369125000000005,0.1376750000000005,0.13727500000000048,0.1366125000000005,0.1358000000000005,0.1361000000000005,0.1363500000000005,0.13652500000000048,0.13626250000000048,0.1364375000000005,0.1365875000000005,0.13672500000000049,0.1368000000000005
9.95,0.0,0.0,0.0,0.0,0.0,2.5004344504857807e-05,0.0,0.0002625236271264423,0.0002750127193382704,0.0006125107189375836,0.0010000100001000046,0.0015375096094350643,0.0023125028906286213,0.0034500000000000125,0.004550000000000016,0.006237500000000022,0.00875000000000003,0.011875000000000044,0.01438750000000005,0.018062500000000065,0.02102500000000007,0.026462500000000097,0.03022500000000011,0.03501250000000012,0.03943750000000014,0.044637500000000156,0.04958750000000017,0.05392500000000019,0.05955000000000021,0.06607500000000023,0.07223750000000026,0.07773750000000028,0.08278750000000029,0.08777500000000031,0.09220000000000032,0.09817500000000035,0.10486250000000036,0.10561250000000039,0.1110000000000004,0.1144000000000004,0.11843750000000042,0.12305000000000044,0.12556250000000047,0.12645000000000045,0.13077500000000047,0.12912500000000046,0.13067500000000049,0.12981250000000044,0.13235000000000047,0.13440000000000046,0.13412500000000047,0.13427500000000048,0.13502500000000048,0.13451250000000048,0.13541250000000046,0.1363125000000005,0.1368625000000005,0.13598750000000048,0.13621250000000049,0.13653750000000048,0.13505000000000048,0.13578750000000048,0.13395000000000049,0.13412500000000047,0.13488750000000047,0.13621250000000049,0.13480000000000047,0.13573750000000048,0.13482500000000047,0.13513750000000047,0.13478750000000048,0.13442500000000046,0.13550000000000048,0.13533750000000047,0.13563750000000047,0.13502500000000048,0.13498750000000048,0.13525000000000048,0.13561250000000047,0.13567500000000046,0.13552500000000048,0.13546250000000049,0.13553750000000048
10.05,0.0,0.0,1.250503327589337e-05,1.2503813663167088e-05,1.250301635269491e-05,6.251086126214341e-05,0.00011251518955058773,0.00032502925263273234,0.00042501965715913755,0.0006625115939528848,0.0013250132501324825,0.0015125094531840608,0.002612503265629045,0.0035499999999999495,0.00559999999999992,0.006787499999999903,0.00913749999999987,0.01197499999999983,0.015662499999999777,0.018974999999999728,0.023712499999999664,0.028449999999999594,0.03139999999999955,0.035974999999999493,0.04157499999999941,0.04683749999999934,0.05176249999999926,0.0561624999999992,0.0632374999999991,0.06821249999999902,0.07343749999999895,0.08064999999999885,0.08322499999999881,0.0907624999999987,0.09701249999999861,0.09997499999999858,0.10243749999999854,0.10621249999999849,0.11212499999999839,0.11631249999999835,0.12137499999999828,0.12418749999999823,0.12528749999999822,0.12947499999999817,0.12864999999999815,0.12947499999999817,0.12862499999999819,0.1317999999999981,0.1326124999999981,0.1331374999999981,0.1333249999999981,0.1337749999999981,0.1339749999999981,0.13414999999999808,0.1345374999999981,0.1337749999999981,0.13553749999999806,0.1349624999999981,0.1339374999999981,0.13304999999999811,0.1329499999999981,0.1335624999999981,0.13414999999999808,0.13433749999999808,0.1337874999999981,0.13382499999999808,0.13386249999999808,0.13414999999999808,0.1342999999999981,0.1326874999999981,0.13194999999999812,0.13182499999999814,0.13087499999999813,0.13023749999999815,0.13018749999999815,0.13054999999999814,0.13061249999999813,0.13001249999999814,0.12976249999999817,0.12949999999999817,0.12937499999999816,0.12954999999999817,0.12947499999999817
10.150000000000002,0.0,0.0,0.0,1.250381366316731e-05,2.5006032705390263e-05,6.251086126214453e-05,0.00013751856500627635,0.0002750247522277015,0.0004500208134626243,0.0007625133439835224,0.0014250142501425066,0.0018500115625722726,0.0028750035937545023,0.004137500000000014,0.005837500000000021,0.00792500000000003,0.010750000000000039,0.013350000000000048,0.01657500000000006,0.02015000000000007,0.024350000000000087,0.0281500000000001,0.03250000000000011,0.037900000000000135,0.042312500000000156,0.047800000000000176,0.05140000000000018,0.0573625000000002,0.06416250000000023,0.07073750000000026,0.07605000000000027,0.08062500000000028,0.08776250000000031,0.09062500000000033,0.09693750000000034,0.10281250000000036,0.10415000000000037,0.1101500000000004,0.1129375000000004,0.11812500000000042,0.12072500000000044,0.12297500000000043,0.12655000000000047,0.12722500000000045,0.12815000000000046,0.12743750000000045,0.13005000000000044,0.13115000000000046,0.13131250000000047,0.13262500000000046,0.13247500000000048,0.13241250000000046,0.13330000000000047,0.13320000000000048,0.13333750000000047,0.13305000000000047,0.13205000000000047,0.13151250000000048,0.13152500000000047,0.13307500000000047,0.13275000000000048,0.13260000000000047,0.13253750000000047,0.13300000000000048,0.13187500000000046,0.13012500000000046,0.12898750000000045,0.12782500000000047,0.12717500000000045,0.12812500000000046,0.12885000000000046,0.12867500000000046,0.12862500000000046,0.12928750000000044,0.12888750000000046,0.12857500000000047,0.12815000000000046,0.12887500000000046,0.12871250000000045,0.12876250000000045,0.12863750000000046,0.12848750000000045,0.12855000000000044
10.25,0.0,1.2506268767219613e-05,0.0,0.0,2.5006032705390263e-05,5.0008689009715615e-05,0.00026253544228470934,0.00023752137692392402,0.0006875317983456759,0.0009375164065371177,0.0014750147501475066,0.0022250139063369227,0.003375004218755285,0.004312500000000015,0.006150000000000022,0.008587500000000031,0.011500000000000041,0.01393750000000005,0.01727500000000006,0.020800000000000072,0.026000000000000092,0.029387500000000105,0.03495000000000012,0.03950000000000014,0.044800000000000166,0.04986250000000017,0.05457500000000019,0.06178750000000022,0.06630000000000023,0.07195000000000025,0.07928750000000029,0.0825125000000003,0.08868750000000031,0.09551250000000035,0.09983750000000034,0.10330000000000036,0.10725000000000039,0.1113125000000004,0.11641250000000042,0.12002500000000042,0.12182500000000043,0.12423750000000043,0.12592500000000045,0.12685000000000046,0.12645000000000045,0.12768750000000045,0.13020000000000045,0.13011250000000046,0.13195000000000048,0.13102500000000047,0.13153750000000047,0.13230000000000047,0.13106250000000047,0.13276250000000048,0.13261250000000047,0.13127500000000047,0.13037500000000046,0.13167500000000049,0.13178750000000047,0.13050000000000045,0.13126250000000048,0.13046250000000045,0.12851250000000045,0.12661250000000046,0.12672500000000045,0.12736250000000046,0.12735000000000046,0.12740000000000046,0.12751250000000044,0.12693750000000045,0.12660000000000046,0.12697500000000045,0.12715000000000046,0.12710000000000046,0.12708750000000046,0.12740000000000046,0.12810000000000046,0.12742500000000045,0.12758750000000046,0.12783750000000046,0.12797500000000045,0.12796250000000045,0.12796250000000045
10.350000000000001,0.0,0.0,2.5010066551787182e-05,1.250381366316731e-05,0.00010002413082156105,0.00012502172252428905,0.0003125421931960826,0.0004125371283415522,0.0006375294857387177,0.0013000227503981365,0.001500015000150007,0.002500015625097666,0.0035000043750054812,0.005450000000000019,0.006475000000000022,0.008800000000000032,0.01158750000000004,0.015162500000000054,0.018562500000000065,0.02298750000000008,0.027512500000000096,0.031525000000000115,0.035337500000000126,0.04042500000000015,0.045937500000000166,0.05041250000000018,0.05483750000000019,0.06190000000000022,0.06915000000000024,0.07438750000000026,0.07903750000000029,0.08602500000000031,0.09010000000000033,0.09562500000000035,0.10073750000000037,0.10212500000000037,0.10882500000000038,0.1130250000000004,0.11840000000000042,0.11923750000000041,0.12143750000000043,0.12558750000000046,0.12515000000000043,0.12477500000000044,0.12516250000000043,0.12943750000000045,0.12886250000000046,0.13073750000000048,0.12952500000000045,0.12940000000000046,0.13081250000000047,0.13070000000000048,0.13077500000000047,0.13017500000000046,0.12836250000000046,0.13018750000000046,0.12996250000000045,0.12933750000000047,0.13026250000000045,0.12873750000000045,0.12643750000000045,0.12531250000000044,0.12631250000000047,0.12583750000000046,0.12565000000000046,0.12570000000000045,0.12608750000000046,0.12637500000000046,0.12571250000000045,0.12508750000000043,0.12430000000000044,0.12303750000000044,0.12236250000000044,0.12260000000000043,0.12232500000000043,0.12202500000000044,0.12077500000000044,0.12107500000000043,0.12086250000000044,0.12045000000000043,0.12052500000000044,0.12060000000000044,0.12051250000000044
10.45,1.2507535790313708e-05,1.2506268767219613e-05,0.0,2.500762732633462e-05,0.0,0.00017503041153400466,0.0002750371300125527,0.0005125461291516255,0.0007375341109526341,0.001425024937936419,0.001775017750177508,0.002812517578234874,0.003950004937506186,0.005687500000000021,0.007687500000000028,0.010125000000000037,0.013050000000000046,0.015875000000000056,0.01966250000000007,0.023775000000000088,0.0280125000000001,0.03225000000000011,0.03723750000000013,0.04247500000000015,0.04771250000000017,0.05215000000000018,0.05927500000000021,0.06543750000000023,0.07016250000000025,0.07706250000000027,0.08081250000000029,0.08705000000000031,0.09392500000000033,0.09932500000000034,0.10055000000000036,0.10586250000000039,0.1103875000000004,0.1148500000000004,0.11722500000000041,0.12113750000000044,0.12430000000000044,0.12310000000000043,0.12476250000000044,0.12383750000000043,0.12835000000000046,0.12776250000000045,0.12892500000000046,0.12826250000000045,0.12802500000000044,0.13043750000000046,0.12942500000000046,0.12997500000000045,0.12872500000000045,0.12770000000000045,0.12907500000000047,0.12890000000000046,0.12883750000000047,0.12765000000000046,0.12420000000000044,0.12485000000000043,0.12455000000000044,0.12461250000000043,0.12441250000000044,0.12543750000000042,0.12391250000000044,0.12183750000000043,0.12107500000000043,0.11912500000000042,0.11853750000000042,0.11910000000000041,0.11936250000000041,0.11983750000000042,0.12067500000000043,0.12007500000000042,0.12086250000000044,0.12118750000000043,0.12171250000000043,0.12142500000000044,0.12155000000000044,0.12177500000000044,0.12202500000000044,0.12183750000000043,0.12181250000000043
10.55,0.0,1.250626876721939e-05,1.250503327589337e-05,7.502288197900253e-05,0.00011252714717425419,0.0002875499618058597,0.00026253544228470473,0.0006500585052654647,0.0009000416269252325,0.0014250249379363937,0.0022125221252212207,0.003312520703254348,0.0041125051406313675,0.005862499999999917,0.007987499999999887,0.011012499999999844,0.01346249999999981,0.017087499999999756,0.019924999999999717,0.025424999999999642,0.02878749999999959,0.03374999999999952,0.03934999999999944,0.04413749999999937,0.0493374999999993,0.053299999999999244,0.060787499999999134,0.06637499999999906,0.07244999999999897,0.07823749999999889,0.0843749999999988,0.08883749999999875,0.09428749999999865,0.0986249999999986,0.10148749999999856,0.10656249999999849,0.11126249999999842,0.11541249999999836,0.1187249999999983,0.1208124999999983,0.12197499999999827,0.12327499999999825,0.12277499999999826,0.12736249999999819,0.1270749999999982,0.1271874999999982,0.1272499999999982,0.1268374999999982,0.12911249999999816,0.12818749999999818,0.12868749999999815,0.1264749999999982,0.12817499999999818,0.1280874999999982,0.1278499999999982,0.1271749999999982,0.12392499999999823,0.12323749999999825,0.12394999999999824,0.12296249999999825,0.12381249999999823,0.12353749999999823,0.1208374999999983,0.11806249999999832,0.11771249999999833,0.11823749999999833,0.11972499999999829,0.12048749999999829,0.1208124999999983,0.12129999999999827,0.12072499999999829,0.12041249999999828,0.11972499999999829,0.1199374999999983,0.1196249999999983,0.11966249999999831,0.11893749999999831,0.11919999999999831,0.1193624999999983,0.1192124999999983,0.1189999999999983,0.11917499999999831,0.11916249999999831
10.650000000000002,2.5015071580627415e-05,0.0,2.5010066551787182e-05,5.001525465266924e-05,0.0001125271471742562,0.0002375412727961492,0.00046256244593020224,0.0006125551299616987,0.0012875595496291748,0.0014375251566902472,0.0023375233752337605,0.003300020625128919,0.005125006406258026,0.0062000000000000215,0.00845000000000003,0.011425000000000041,0.01422500000000005,0.017825000000000063,0.02242500000000008,0.026612500000000094,0.03057500000000011,0.03525000000000013,0.03961250000000014,0.04540000000000016,0.049437500000000176,0.0554375000000002,0.062112500000000216,0.06856250000000025,0.07442500000000027,0.07863750000000028,0.0853125000000003,0.09210000000000032,0.09758750000000034,0.09896250000000034,0.10493750000000036,0.10881250000000038,0.1137125000000004,0.11740000000000042,0.11775000000000042,0.12200000000000044,0.12218750000000043,0.12157500000000043,0.12420000000000044,0.12486250000000043,0.12530000000000044,0.12626250000000044,0.12635000000000046,0.12781250000000047,0.12766250000000046,0.12727500000000044,0.12448750000000043,0.12646250000000045,0.12608750000000046,0.12630000000000047,0.12398750000000043,0.12138750000000044,0.12277500000000044,0.12237500000000044,0.12260000000000043,0.12162500000000044,0.11881250000000042,0.11645000000000041,0.11766250000000042,0.11946250000000042,0.11987500000000041,0.11980000000000042,0.11846250000000041,0.11850000000000042,0.11901250000000042,0.11811250000000041,0.11823750000000041,0.11846250000000041,0.11797500000000041,0.11788750000000042,0.11756250000000042,0.11666250000000042,0.11751250000000042,0.11720000000000041,0.11716250000000042,0.11710000000000041,0.11711250000000042,0.11720000000000041,0.11716250000000042
10.75,0.0,1.2506268767219613e-05,6.252516637946796e-05,6.251906831583655e-05,0.00023755731070120752,0.00026254561730100696,0.0004250573827466723,0.0006875618805692536,0.0013750635966913519,0.0017125299692744684,0.0027125271252712623,0.00358752242201515,0.00558750698438375,0.007475000000000026,0.009912500000000036,0.012137500000000042,0.015375000000000055,0.018837500000000066,0.02288750000000008,0.027225000000000096,0.03163750000000012,0.03648750000000013,0.04193750000000015,0.04648750000000016,0.05147500000000018,0.05913750000000021,0.06436250000000023,0.06943750000000025,0.07696250000000027,0.08195000000000029,0.0869375000000003,0.09247500000000032,0.09626250000000035,0.09963750000000035,0.10575000000000039,0.1110000000000004,0.1135750000000004,0.11640000000000042,0.12087500000000044,0.11986250000000041,0.12068750000000043,0.12077500000000044,0.12401250000000044,0.12460000000000043,0.12548750000000045,0.12515000000000043,0.12606250000000047,0.12623750000000045,0.12585000000000046,0.12385000000000043,0.12661250000000046,0.12498750000000043,0.12542500000000043,0.12122500000000043,0.12112500000000044,0.12195000000000043,0.12157500000000043,0.12043750000000043,0.11733750000000041,0.11528750000000042,0.11722500000000041,0.11867500000000042,0.11796250000000041,0.11696250000000041,0.11791250000000042,0.11728750000000042,0.11655000000000042,0.11525000000000042,0.1138250000000004,0.1130125000000004,0.1138000000000004,0.1137750000000004,0.1139000000000004,0.1134000000000004,0.1134625000000004,0.1134125000000004,0.1131250000000004,0.1134625000000004,0.1133875000000004,0.1132750000000004,0.1131875000000004,0.1130000000000004,0.1130625000000004
10.850000000000001,1.2507535790313708e-05,2.5012537534439225e-05,6.252516637946796e-05,0.0001125343229685058,0.00032507842517007343,0.0003625629953204382,0.0006875928250313816,0.0009250832574931777,0.0014125653311465706,0.0021375374069046286,0.0032125321253212644,0.004025025156407242,0.00561250701563379,0.007725000000000027,0.010550000000000037,0.012900000000000045,0.016225000000000055,0.01908750000000007,0.024550000000000086,0.0280750000000001,0.03302500000000012,0.038712500000000136,0.043762500000000155,0.04827500000000017,0.05236250000000018,0.05933750000000021,0.06645000000000023,0.07213750000000026,0.07621250000000027,0.0841250000000003,0.08987500000000033,0.09555000000000034,0.09758750000000034,0.10332500000000036,0.10690000000000038,0.1131250000000004,0.11542500000000042,0.11715000000000042,0.11873750000000041,0.12006250000000042,0.11888750000000042,0.12397500000000043,0.12273750000000044,0.12418750000000044,0.12383750000000043,0.12490000000000044,0.12470000000000044,0.12470000000000044,0.12248750000000044,0.12427500000000044,0.12310000000000043,0.12338750000000044,0.11910000000000041,0.12050000000000044,0.11942500000000042,0.11995000000000042,0.11673750000000042,0.1144125000000004,0.11621250000000041,0.11795000000000042,0.11651250000000042,0.11661250000000042,0.11616250000000042,0.1151250000000004,0.1128000000000004,0.1127625000000004,0.1123625000000004,0.1119250000000004,0.1116375000000004,0.1122750000000004,0.1111250000000004,0.1108000000000004,0.1104875000000004,0.1106125000000004,0.1108000000000004,0.1112750000000004,0.1113750000000004,0.1108875000000004,0.1107375000000004,0.1110125000000004,0.1108500000000004,0.1109125000000004,0.1108375000000004
10.95,2.5015071580627415e-05,6.253134383609806e-05,3.751509982768077e-05,0.00017505339128434238,0.00025006032705390265,0.0004625803733398694,0.0005875793232086353,0.001262613635227175,0.0013750635966913519,0.0023000402507043958,0.003012530125301264,0.004912530703316913,0.006000007500009397,0.007950000000000028,0.010712500000000038,0.01398750000000005,0.017625000000000064,0.021350000000000077,0.02621250000000009,0.029862500000000104,0.034337500000000125,0.038525000000000136,0.044462500000000155,0.04853750000000017,0.0555875000000002,0.06228750000000022,0.06707500000000023,0.07480000000000027,0.07988750000000028,0.0836125000000003,0.09042500000000032,0.09487500000000035,0.09795000000000034,0.10438750000000037,0.10891250000000038,0.1116875000000004,0.1150750000000004,0.11888750000000042,0.11841250000000042,0.11815000000000042,0.12216250000000044,0.12205000000000044,0.12322500000000043,0.12232500000000043,0.12377500000000044,0.12362500000000044,0.12401250000000044,0.12141250000000044,0.12308750000000043,0.12282500000000043,0.12161250000000044,0.11808750000000041,0.11911250000000041,0.11918750000000042,0.11811250000000041,0.1142000000000004,0.1150250000000004,0.11670000000000041,0.11546250000000041,0.11563750000000042,0.1144875000000004,0.1123625000000004,0.1117625000000004,0.1110375000000004,0.1102750000000004,0.10981250000000038,0.10980000000000038,0.1101125000000004,0.11003750000000039,0.10927500000000039,0.10903750000000038,0.10885000000000038,0.10952500000000039,0.10915000000000039,0.10846250000000038,0.10825000000000039,0.10796250000000038,0.10816250000000038,0.10823750000000038,0.10812500000000039,0.10822500000000038,0.10818750000000038,0.10826250000000039
11.05,2.501507158062697e-05,6.253134383609695e-05,0.0001250503327589337,0.000287587714252843,0.00021255127799581347,0.0004250738565825752,0.0006750911373035265,0.0013501215109359651,0.0016375757378778535,0.002575045063288571,0.003662536625366201,0.00535003343770891,0.006825008531260567,0.00918749999999987,0.011612499999999835,0.014899999999999788,0.01774999999999975,0.022099999999999686,0.026024999999999632,0.030487499999999567,0.03553749999999949,0.04129999999999941,0.04563749999999935,0.05108749999999927,0.057562499999999184,0.0635624999999991,0.06929999999999902,0.07428749999999895,0.08143749999999884,0.08911249999999872,0.09352499999999868,0.09569999999999863,0.10178749999999855,0.1050874999999985,0.11098749999999842,0.1129749999999984,0.11643749999999835,0.11684999999999834,0.11779999999999832,0.11736249999999833,0.12077499999999829,0.12077499999999829,0.12138749999999827,0.12159999999999827,0.12163749999999827,0.12259999999999825,0.12024999999999829,0.12284999999999825,0.12191249999999827,0.1199499999999983,0.11779999999999832,0.11879999999999831,0.11843749999999831,0.11496249999999836,0.1124749999999984,0.11436249999999838,0.11449999999999838,0.11478749999999836,0.11338749999999838,0.11069999999999844,0.11068749999999844,0.10986249999999843,0.10884999999999845,0.10909999999999845,0.10878749999999845,0.10802499999999847,0.10743749999999848,0.10688749999999847,0.10723749999999847,0.10662499999999848,0.10683749999999849,0.10651249999999848,0.10698749999999847,0.10712499999999847,0.10754999999999847,0.10749999999999847,0.10728749999999847,0.10731249999999848,0.10694999999999848,0.10697499999999847,0.10684999999999849,0.10691249999999847,0.10694999999999848
11.150000000000002,6.253767895156854e-05,3.751880630165884e-05,0.00011254529948304233,0.0002250686459370116,0.000375090490580854,0.0006251086126214452,0.0010001350182274643,0.00133762038583473,0.002025093660581809,0.0029625518446572924,0.0037375373753737668,0.005425033906461935,0.0072625090781363736,0.010075000000000035,0.012125000000000044,0.015350000000000055,0.018762500000000067,0.023787500000000086,0.026937500000000097,0.03200000000000011,0.03748750000000013,0.042450000000000154,0.04686250000000016,0.05151250000000018,0.05868750000000021,0.06488750000000022,0.07152500000000026,0.07666250000000027,0.08156250000000029,0.0876875000000003,0.09332500000000032,0.09605000000000034,0.10231250000000036,0.10763750000000039,0.1112625000000004,0.1130375000000004,0.11606250000000042,0.11675000000000042,0.11616250000000042,0.12057500000000043,0.11938750000000042,0.12073750000000044,0.12097500000000044,0.12216250000000044,0.12157500000000043,0.12007500000000042,0.12146250000000043,0.11985000000000041,0.11882500000000042,0.11670000000000041,0.11647500000000041,0.11687500000000042,0.1125125000000004,0.1124250000000004,0.1145125000000004,0.1129500000000004,0.1130000000000004,0.11002500000000039,0.10982500000000038,0.10852500000000039,0.10773750000000039,0.10845000000000038,0.10696250000000038,0.10623750000000039,0.10640000000000038,0.10571250000000038,0.10655000000000038,0.10605000000000038,0.10585000000000039,0.10655000000000038,0.10576250000000038,0.10497500000000039,0.10357500000000036,0.10326250000000037,0.10305000000000036,0.10268750000000036,0.10267500000000036,0.10256250000000036,0.10266250000000036,0.10263750000000037,0.10275000000000037,0.10271250000000036,0.10261250000000037
11.25,3.752260737094112e-05,0.00012506268767219613,0.00023759563224197826,0.0002625800869265135,0.0004501085886970248,0.0006751173016311608,0.0012251653973286438,0.0013751237611385073,0.0023626092706787775,0.002912550969641979,0.004587545875458771,0.005787536172101096,0.007887509859387352,0.010525000000000036,0.013600000000000048,0.01633750000000006,0.019300000000000067,0.02498750000000009,0.0286000000000001,0.03313750000000012,0.03763750000000013,0.043512500000000155,0.04796250000000017,0.05496250000000019,0.060475000000000216,0.06611250000000024,0.07377500000000026,0.07918750000000029,0.0869625000000003,0.09110000000000033,0.09360000000000032,0.09951250000000035,0.10316250000000037,0.10876250000000039,0.1115000000000004,0.11556250000000041,0.1148500000000004,0.1150000000000004,0.11763750000000042,0.11883750000000042,0.11987500000000041,0.11987500000000041,0.12001250000000042,0.12101250000000044,0.12026250000000042,0.11998750000000041,0.11906250000000042,0.11835000000000041,0.11552500000000042,0.11567500000000042,0.11606250000000042,0.1107500000000004,0.1121500000000004,0.1127250000000004,0.1123375000000004,0.1108375000000004,0.10856250000000038,0.10826250000000039,0.10653750000000038,0.10732500000000038,0.10630000000000038,0.10426250000000037,0.10491250000000037,0.10537500000000039,0.10500000000000038,0.10485000000000036,0.10241250000000036,0.10183750000000036,0.10086250000000037,0.09946250000000034,0.09940000000000035,0.10016250000000036,0.10100000000000037,0.10110000000000037,0.10060000000000037,0.10058750000000036,0.10071250000000036,0.10051250000000037,0.10087500000000037,0.10063750000000037,0.10042500000000036,0.10037500000000037,0.10037500000000037
11.350000000000001,6.253767895156854e-05,0.00011255641890497653,0.0003126258318973398,0.0003000915279160154,0.0005251266868131955,0.0006751173016311608,0.0013126772114235468,0.0015376383874548764,0.00228760580176834,0.0035750625635948756,0.005237552375523773,0.006262539140869653,0.008350010437513076,0.010912500000000038,0.01410000000000005,0.01706250000000006,0.021387500000000077,0.024775000000000085,0.029087500000000106,0.034150000000000125,0.03986250000000014,0.044575000000000156,0.04980000000000017,0.0565000000000002,0.06286250000000022,0.06881250000000025,0.07277500000000026,0.08021250000000028,0.08573750000000031,0.09151250000000033,0.09452500000000033,0.10028750000000036,0.10585000000000039,0.10945000000000038,0.11002500000000039,0.1133250000000004,0.1145375000000004,0.1133375000000004,0.11778750000000042,0.11728750000000042,0.11826250000000042,0.11848750000000041,0.11928750000000042,0.11887500000000042,0.11753750000000042,0.11817500000000042,0.11838750000000042,0.1143750000000004,0.1146500000000004,0.1148500000000004,0.10978750000000038,0.1118125000000004,0.1114250000000004,0.1111750000000004,0.10792500000000038,0.10733750000000038,0.10615000000000038,0.10615000000000038,0.10523750000000039,0.10357500000000036,0.10373750000000036,0.10443750000000036,0.10383750000000036,0.10096250000000036,0.09997500000000037,0.09850000000000035,0.09998750000000037,0.09942500000000035,0.09998750000000037,0.10060000000000037,0.10142500000000036,0.10011250000000037,0.09886250000000034,0.09888750000000035,0.09906250000000034,0.09878750000000035,0.09927500000000035,0.09921250000000034,0.09873750000000034,0.09883750000000034,0.09891250000000035,0.09901250000000035,0.09911250000000034
11.45,0.00011256782211282338,0.00023761910657717265,0.00025010066551787183,0.0004501372918740232,0.0005626357358712809,0.0009751694356894545,0.0012876738359678603,0.0019501755157964285,0.0027001248807757457,0.0034125597197951084,0.005125051250512523,0.006937543359646023,0.009550011937514955,0.011800000000000041,0.014650000000000052,0.017975000000000064,0.02301250000000008,0.026100000000000092,0.03103750000000011,0.03617500000000013,0.041400000000000145,0.045500000000000165,0.05025000000000018,0.0570125000000002,0.06376250000000022,0.07111250000000026,0.07666250000000027,0.0811250000000003,0.0874750000000003,0.09262500000000033,0.09718750000000034,0.10136250000000037,0.10671250000000038,0.10936250000000038,0.1140500000000004,0.1125500000000004,0.1130625000000004,0.11750000000000042,0.11620000000000041,0.11815000000000042,0.11747500000000041,0.11820000000000042,0.11793750000000042,0.11576250000000042,0.11763750000000042,0.11785000000000041,0.1130375000000004,0.1141500000000004,0.1141500000000004,0.10906250000000038,0.1108375000000004,0.1101000000000004,0.1100875000000004,0.10646250000000038,0.10625000000000039,0.10520000000000038,0.10432500000000036,0.10280000000000036,0.10291250000000036,0.10398750000000036,0.10210000000000036,0.09955000000000035,0.09782500000000034,0.09925000000000035,0.09901250000000035,0.10046250000000036,0.09805000000000035,0.09813750000000035,0.09687500000000035,0.09718750000000034,0.09620000000000034,0.09693750000000034,0.09781250000000034,0.09735000000000034,0.09728750000000035,0.09780000000000034,0.09730000000000034,0.09750000000000035,0.09756250000000034,0.09766250000000035,0.09768750000000034,0.09755000000000034,0.09741250000000035
11.55,0.00017510550106438882,0.0003001504504132654,0.00022509059896608065,0.0003876182235581798,0.00068766589939822,0.0012377150529904394,0.0013126772114235234,0.002312708143732903,0.0030876428034796173,0.004387576782593633,0.005450054500544928,0.007550047187794817,0.010025012531265523,0.012474999999999823,0.01557499999999978,0.018674999999999733,0.02304999999999967,0.026912499999999617,0.03159999999999955,0.03638749999999948,0.04172499999999941,0.046662499999999336,0.05371249999999923,0.059387499999999156,0.06514999999999907,0.07108749999999898,0.07707499999999891,0.0848874999999988,0.0908874999999987,0.09061249999999871,0.09729999999999862,0.10327499999999852,0.10727499999999847,0.10816249999999845,0.11091249999999842,0.11336249999999838,0.1123874999999984,0.11557499999999836,0.11647499999999834,0.11632499999999835,0.11731249999999832,0.11834999999999833,0.11608749999999834,0.11761249999999833,0.11676249999999834,0.11199999999999842,0.1128249999999984,0.1131249999999984,0.10777499999999847,0.10963749999999843,0.10888749999999846,0.10858749999999845,0.10596249999999849,0.10511249999999851,0.10459999999999851,0.10313749999999852,0.10193749999999854,0.10251249999999855,0.10166249999999856,0.0985249999999986,0.09713749999999861,0.09768749999999862,0.09922499999999858,0.09719999999999862,0.09598749999999863,0.09537499999999864,0.09693749999999862,0.09689999999999861,0.09656249999999864,0.09589999999999864,0.09573749999999863,0.09552499999999864,0.09464999999999865,0.09493749999999865,0.09448749999999866,0.09454999999999865,0.09453749999999865,0.09427499999999865,0.09419999999999866,0.09383749999999867,0.09379999999999868,0.09393749999999867,0.09398749999999867
11.650000000000002,0.0002751657873869016,0.00025012537534439225,0.0003501409317250206,0.0006251906831583655,0.0007376779648090127,0.0012877237420001772,0.0015002025273411965,0.002300207018631685,0.003175146850541849,0.004725082688947073,0.005662556625566276,0.007587547422171416,0.01028751285939111,0.012950000000000045,0.01640000000000006,0.020437500000000074,0.024587500000000085,0.0279500000000001,0.03332500000000012,0.03843750000000014,0.04317500000000016,0.048375000000000175,0.0551500000000002,0.061362500000000215,0.06737500000000024,0.07205000000000025,0.07825000000000028,0.08477500000000031,0.0882125000000003,0.09472500000000035,0.09922500000000034,0.10585000000000039,0.10712500000000039,0.1121000000000004,0.1112750000000004,0.1105000000000004,0.11526250000000042,0.1138625000000004,0.1151125000000004,0.11532500000000041,0.11581250000000042,0.11550000000000042,0.11565000000000042,0.1142375000000004,0.1134250000000004,0.1123250000000004,0.1123250000000004,0.10662500000000039,0.10907500000000038,0.10816250000000038,0.10736250000000039,0.10468750000000036,0.10276250000000037,0.10275000000000037,0.10093750000000036,0.10183750000000036,0.10191250000000036,0.09821250000000034,0.09625000000000035,0.09646250000000034,0.09843750000000034,0.09693750000000034,0.09476250000000035,0.09592500000000034,0.09603750000000034,0.09493750000000034,0.09358750000000032,0.09313750000000033,0.09470000000000033,0.09403750000000033,0.09405000000000033,0.09398750000000032,0.09362500000000033,0.09342500000000033,0.09375000000000033,0.09341250000000033,0.09346250000000032,0.09315000000000033,0.09331250000000033,0.09353750000000033,0.09365000000000033,0.09350000000000033,0.09352500000000033
11.75,0.00021262810843533303,0.00021260656904273343,0.0004251711313803821,0.0005876792421688635,0.0009877382918629155,0.001300225914252606,0.001962764973271399,0.0024752227700493134,0.0036001665077009942,0.005187590782838718,0.0069125691256912815,0.008987556172226109,0.010975013718767187,0.01420000000000005,0.01695000000000006,0.02096250000000007,0.024900000000000085,0.029762500000000105,0.034337500000000125,0.03981250000000014,0.044775000000000155,0.04883750000000017,0.0557125000000002,0.062362500000000216,0.06941250000000025,0.07463750000000026,0.08182500000000029,0.08712500000000031,0.09051250000000033,0.09620000000000034,0.10161250000000037,0.10393750000000036,0.10703750000000038,0.10916250000000038,0.1108250000000004,0.1105375000000004,0.1134125000000004,0.1151375000000004,0.1147125000000004,0.11551250000000042,0.1146750000000004,0.1133500000000004,0.1143375000000004,0.1146375000000004,0.1107500000000004,0.1112375000000004,0.10692500000000038,0.10840000000000038,0.10686250000000039,0.10610000000000039,0.10361250000000036,0.10258750000000036,0.10180000000000036,0.10071250000000036,0.10091250000000036,0.09816250000000035,0.09545000000000034,0.09628750000000035,0.09768750000000034,0.09626250000000035,0.09411250000000032,0.09477500000000035,0.09435000000000032,0.09297500000000032,0.09351250000000033,0.09342500000000033,0.09287500000000033,0.09268750000000033,0.09122500000000033,0.09222500000000032,0.09127500000000033,0.09071250000000032,0.09118750000000032,0.09118750000000032,0.09107500000000032,0.09112500000000033,0.09076250000000033,0.09090000000000033,0.09077500000000033,0.09088750000000033,0.09087500000000033,0.09090000000000033,0.09082500000000032
11.850000000000001,0.0002751657873869016,0.0003501755254821492,0.0005752315306911053,0.0006627021241478675,0.001250301635269513,0.0012627193974953195,0.0022002970401004216,0.003037773399605975,0.003662669398459692,0.005075088814054264,0.0069125691256912815,0.009825061406633827,0.011700014625018322,0.014525000000000052,0.017575000000000063,0.02242500000000008,0.02545000000000009,0.03038750000000011,0.03492500000000012,0.04043750000000015,0.04447500000000015,0.05230000000000018,0.05776250000000021,0.06377500000000023,0.06911250000000024,0.07567500000000027,0.08296250000000029,0.08750000000000031,0.09017500000000032,0.09591250000000034,0.10203750000000036,0.10498750000000039,0.10967500000000038,0.10910000000000038,0.10933750000000038,0.1136000000000004,0.1124375000000004,0.1131375000000004,0.1141000000000004,0.1143875000000004,0.1142750000000004,0.1142875000000004,0.1133375000000004,0.10926250000000039,0.10941250000000038,0.10725000000000039,0.10635000000000039,0.10608750000000038,0.10613750000000038,0.10285000000000036,0.10165000000000037,0.10012500000000037,0.09937500000000035,0.09966250000000035,0.09637500000000035,0.09548750000000035,0.09663750000000035,0.09460000000000032,0.09297500000000032,0.09410000000000032,0.09312500000000033,0.09197500000000033,0.09235000000000032,0.09196250000000032,0.09056250000000032,0.09075000000000033,0.09058750000000032,0.09002500000000033,0.0890875000000003,0.0884625000000003,0.0882000000000003,0.0878375000000003,0.08755000000000031,0.0873375000000003,0.08698750000000031,0.08685000000000032,0.08688750000000031,0.08686250000000031,0.08690000000000031,0.08687500000000031,0.08672500000000032,0.0866875000000003,0.08678750000000031
11.95,0.00022513564422564677,0.00041270686931824726,0.0005127063643116373,0.0008127478881058751,0.001237798618916818,0.001425247636776895,0.0022378021032839514,0.002987768899200939,0.004525209290929722,0.005612598220468878,0.007312573125731283,0.009612560078500525,0.012625015781269773,0.015437500000000055,0.018287500000000068,0.023637500000000082,0.027062500000000097,0.03148750000000011,0.03662500000000013,0.041912500000000144,0.047437500000000174,0.05346250000000019,0.05962500000000021,0.06576250000000024,0.07063750000000026,0.07650000000000028,0.0828875000000003,0.08828750000000031,0.09378750000000033,0.09862500000000035,0.10235000000000036,0.10550000000000039,0.10805000000000038,0.10970000000000038,0.10847500000000038,0.1120375000000004,0.1131125000000004,0.1122375000000004,0.1125250000000004,0.1136625000000004,0.1117750000000004,0.1116750000000004,0.10990000000000039,0.10890000000000039,0.10905000000000038,0.10427500000000037,0.10608750000000038,0.10565000000000038,0.10191250000000036,0.10081250000000036,0.10020000000000036,0.09900000000000035,0.09945000000000034,0.09498750000000035,0.09515000000000035,0.09535000000000035,0.09270000000000032,0.09368750000000033,0.09267500000000033,0.09110000000000033,0.09187500000000033,0.09101250000000033,0.09063750000000033,0.0895875000000003,0.08873750000000032,0.08737500000000031,0.08661250000000031,0.0860875000000003,0.08576250000000031,0.08535000000000031,0.08498750000000031,0.0848000000000003,0.08392500000000029,0.08332500000000029,0.0832625000000003,0.08285000000000028,0.08241250000000029,0.08233750000000029,0.08240000000000029,0.08215000000000029,0.0821250000000003,0.08203750000000029,0.08196250000000029
12.05,0.00037522607370940456,0.00047523821315433685,0.0006502617303464553,0.001150350857011372,0.001237798618916796,0.0019378366991264456,0.0023503172928344995,0.00317528577571977,0.00493772836993704,0.006062606095606587,0.00828758287582864,0.010525065781660986,0.013375016718770708,0.01608749999999977,0.020162499999999712,0.02332499999999967,0.02751249999999961,0.03234999999999954,0.03812499999999946,0.04312499999999939,0.04716249999999933,0.05427499999999923,0.06086249999999913,0.06771249999999904,0.07338749999999895,0.08132499999999884,0.08557499999999878,0.08734999999999876,0.09376249999999867,0.09953749999999859,0.10322499999999853,0.1066499999999985,0.10686249999999849,0.10703749999999847,0.11167499999999841,0.11069999999999844,0.11143749999999841,0.1128624999999984,0.11329999999999837,0.11056249999999844,0.11188749999999842,0.1122249999999984,0.10859999999999845,0.10828749999999845,0.10331249999999853,0.10624999999999848,0.10434999999999851,0.10126249999999856,0.10001249999999857,0.09931249999999858,0.09751249999999861,0.0979749999999986,0.09341249999999868,0.09356249999999867,0.09328749999999868,0.09178749999999869,0.09242499999999869,0.09083749999999871,0.0909999999999987,0.09034999999999871,0.08944999999999872,0.08867499999999874,0.08694999999999876,0.08594999999999878,0.08527499999999878,0.0841499999999988,0.08313749999999882,0.08159999999999884,0.08223749999999884,0.08127499999999885,0.08144999999999884,0.08096249999999884,0.08117499999999885,0.08139999999999885,0.08104999999999885,0.08124999999999885,0.08139999999999885,0.08148749999999884,0.08117499999999885,0.08127499999999885,0.08133749999999884,0.08146249999999884,0.08138749999999885
12.150000000000002,0.00040024114529003865,0.0005377695569904434,0.0006877768301741475,0.0012253737389903965,0.0012753076679749035,0.0021003649384080557,0.0028628864896761163,0.0035253172785550822,0.005012731838847565,0.006625115939528966,0.00895008950089504,0.01106256914105717,0.013675017093771415,0.016975000000000063,0.021425000000000076,0.024625000000000088,0.029550000000000104,0.03422500000000012,0.03941250000000014,0.04330000000000016,0.04946250000000017,0.0559375000000002,0.06228750000000022,0.06773750000000024,0.07396250000000026,0.08031250000000029,0.0858250000000003,0.09015000000000033,0.09553750000000034,0.10046250000000036,0.10365000000000037,0.10710000000000038,0.10692500000000038,0.10696250000000038,0.1101250000000004,0.1111750000000004,0.1106875000000004,0.1107250000000004,0.1112625000000004,0.1110875000000004,0.1110500000000004,0.10610000000000039,0.10692500000000038,0.10436250000000036,0.10470000000000036,0.10415000000000037,0.10045000000000036,0.09880000000000035,0.09821250000000034,0.09668750000000034,0.09732500000000034,0.09236250000000033,0.09340000000000033,0.09281250000000033,0.09215000000000033,0.09101250000000033,0.09003750000000033,0.08980000000000032,0.08906250000000031,0.08793750000000031,0.08590000000000031,0.08472500000000031,0.08395000000000029,0.0821125000000003,0.08115000000000029,0.08117500000000029,0.08035000000000028,0.08078750000000029,0.08026250000000028,0.07931250000000029,0.07922500000000028,0.07956250000000029,0.07948750000000028,0.07963750000000028,0.07973750000000028,0.07943750000000029,0.07906250000000029,0.07907500000000028,0.07902500000000028,0.07890000000000028,0.07902500000000028,0.07898750000000028,0.07907500000000028
12.25,0.0005503315747738032,0.0006378197071282003,0.000887857362588445,0.001050320347706054,0.0014378468805599403,0.0021128671106604847,0.002850384801948273,0.0043503915352381866,0.005187739932971918,0.007225126439712721,0.009362593625936293,0.011550072187951215,0.014625018281272904,0.017137500000000062,0.02175000000000008,0.02512500000000009,0.029437500000000106,0.03431250000000012,0.03941250000000014,0.04435000000000015,0.052312500000000185,0.05811250000000021,0.06356250000000023,0.06872500000000024,0.07471250000000026,0.0814875000000003,0.0864500000000003,0.09198750000000033,0.09730000000000034,0.10147500000000037,0.10277500000000037,0.10495000000000036,0.10617500000000038,0.10941250000000038,0.10872500000000038,0.10932500000000038,0.1104000000000004,0.1109125000000004,0.10846250000000038,0.10973750000000038,0.10763750000000039,0.10638750000000038,0.10627500000000038,0.10183750000000036,0.10252500000000037,0.10022500000000037,0.09888750000000035,0.09772500000000034,0.09576250000000035,0.09672500000000035,0.09145000000000032,0.09338750000000033,0.09112500000000033,0.09120000000000032,0.08893750000000031,0.0890750000000003,0.0880875000000003,0.08736250000000031,0.08535000000000031,0.0839000000000003,0.08305000000000029,0.0809875000000003,0.07985000000000028,0.07988750000000028,0.07998750000000028,0.07840000000000028,0.07890000000000028,0.07840000000000028,0.07747500000000028,0.07852500000000028,0.07806250000000027,0.07797500000000027,0.07823750000000028,0.07736250000000028,0.07735000000000028,0.07738750000000028,0.07791250000000027,0.07782500000000027,0.07775000000000028,0.07758750000000027,0.07740000000000027,0.07737500000000028,0.07745000000000027
12.350000000000001,0.0005003014316125483,0.0006003009008265414,0.0012129882277616784,0.001250381366316731,0.0018379434038461844,0.0022753953499420605,0.0032504388092392585,0.004825434289086035,0.005462752652310189,0.007050123377159125,0.009762597625976295,0.012350077187982467,0.015537519421899331,0.018975000000000068,0.02333750000000008,0.026362500000000094,0.030962500000000108,0.03598750000000013,0.040775000000000144,0.04591250000000016,0.05210000000000018,0.05913750000000021,0.06637500000000024,0.07131250000000025,0.07945000000000028,0.08398750000000028,0.08572500000000031,0.09236250000000033,0.09782500000000034,0.10095000000000036,0.10603750000000038,0.10515000000000038,0.10425000000000037,0.10797500000000038,0.10932500000000038,0.10906250000000038,0.10902500000000039,0.10936250000000038,0.10970000000000038,0.10885000000000038,0.10553750000000038,0.10580000000000038,0.10071250000000036,0.10411250000000036,0.10180000000000036,0.09862500000000035,0.09848750000000035,0.09596250000000034,0.09626250000000035,0.09073750000000033,0.09271250000000032,0.08943750000000031,0.09043750000000032,0.0882000000000003,0.0889875000000003,0.08773750000000032,0.0864500000000003,0.08395000000000029,0.08292500000000029,0.08061250000000028,0.07935000000000028,0.07902500000000028,0.07866250000000029,0.07820000000000028,0.07713750000000028,0.07745000000000027,0.07763750000000028,0.07725000000000028,0.07635000000000028,0.07453750000000027,0.07416250000000027,0.07328750000000027,0.07300000000000026,0.07342500000000027,0.07305000000000027,0.07276250000000026,0.07281250000000025,0.07261250000000026,0.07267500000000025,0.07267500000000025,0.07268750000000025,0.07267500000000025,0.07253750000000025
12.45,0.0005878541821447442,0.0009129576200070318,0.0011879781612098913,0.001325404248295735,0.002175524845368953,0.002862997445806219,0.0031504253074165125,0.004650418537668406,0.006512801217056312,0.008400147002572574,0.010200102001020046,0.013287583047394094,0.015512519390649293,0.01956250000000007,0.023037500000000082,0.027450000000000096,0.03243750000000011,0.03770000000000013,0.042150000000000146,0.04641250000000016,0.05488750000000019,0.05986250000000021,0.06565000000000024,0.07201250000000026,0.07846250000000028,0.08297500000000028,0.0884625000000003,0.09306250000000033,0.09826250000000035,0.10123750000000037,0.10316250000000037,0.10411250000000036,0.10797500000000038,0.10697500000000038,0.10797500000000038,0.10860000000000038,0.10907500000000038,0.10773750000000039,0.10768750000000038,0.10435000000000036,0.10497500000000039,0.10223750000000037,0.10211250000000037,0.10111250000000037,0.09827500000000035,0.09668750000000034,0.09460000000000032,0.09520000000000034,0.09088750000000033,0.09182500000000032,0.0885750000000003,0.09016250000000033,0.08766250000000031,0.08786250000000032,0.0855500000000003,0.08397500000000029,0.0826125000000003,0.0809875000000003,0.07906250000000029,0.07841250000000029,0.07752500000000027,0.07816250000000029,0.07671250000000027,0.07697500000000028,0.07578750000000027,0.07408750000000026,0.07223750000000026,0.07218750000000025,0.07228750000000025,0.07245000000000025,0.07202500000000026,0.07232500000000025,0.07192500000000025,0.07207500000000025,0.07201250000000026,0.07270000000000025,0.07265000000000026,0.07251250000000026,0.07250000000000026,0.07267500000000025,0.07265000000000026,0.07270000000000025,0.07276250000000026
12.55,0.0007129295400478688,0.001113057920282526,0.00115046306138219,0.0014879538259168837,0.0021005067472527447,0.002675464862019738,0.004188065388827432,0.004950445540098538,0.0065628035296631535,0.009237661659078904,0.010687606876068609,0.013600085000531061,0.016312520390650256,0.020837499999999703,0.02406249999999966,0.02866249999999959,0.03313749999999953,0.03778749999999946,0.04188749999999941,0.05038749999999928,0.055537499999999206,0.061549999999999126,0.06674999999999906,0.07287499999999897,0.07922499999999887,0.08454999999999879,0.0902624999999987,0.09531249999999865,0.09973749999999858,0.10277499999999855,0.10337499999999852,0.10332499999999853,0.1061624999999985,0.10754999999999847,0.10673749999999849,0.10696249999999848,0.10777499999999847,0.10753749999999847,0.10752499999999847,0.1045624999999985,0.10393749999999853,0.0991999999999986,0.10034999999999858,0.09767499999999862,0.09583749999999863,0.09529999999999865,0.09466249999999865,0.09071249999999871,0.08987499999999872,0.08857499999999874,0.08963749999999873,0.08614999999999878,0.08656249999999877,0.08537499999999879,0.08328749999999882,0.08132499999999884,0.07823749999999889,0.0778124999999989,0.0771749999999989,0.0774624999999989,0.07628749999999891,0.07517499999999894,0.07384999999999896,0.07168749999999899,0.07169999999999899,0.07171249999999899,0.07179999999999898,0.07199999999999898,0.07134999999999898,0.07147499999999898,0.07122499999999898,0.07096249999999898,0.070237499999999,0.06957499999999901,0.06922499999999902,0.06836249999999902,0.06778749999999903,0.06758749999999904,0.06762499999999903,0.06761249999999903,0.06757499999999904,0.06766249999999904,0.06764999999999903
12.650000000000002,0.000863019969531646,0.0012506268767219612,0.0011879781612098913,0.001775541540169758,0.002150518812663563,0.0032505647856315148,0.004325583953833783,0.00518796691702255,0.006925320296063718,0.009475165815401804,0.011962619626196306,0.014037587734923394,0.01713752142190184,0.02146250000000008,0.024800000000000086,0.028937500000000105,0.033350000000000116,0.03931250000000014,0.044812500000000165,0.05085000000000018,0.0566500000000002,0.06307500000000023,0.06897500000000024,0.07635000000000028,0.0814875000000003,0.08368750000000029,0.08913750000000031,0.09741250000000035,0.09881250000000034,0.10270000000000036,0.10320000000000036,0.10460000000000036,0.10521250000000038,0.10621250000000038,0.10737500000000039,0.10736250000000039,0.10590000000000038,0.10566250000000038,0.10193750000000036,0.10263750000000037,0.09898750000000034,0.10105000000000036,0.09986250000000037,0.09637500000000035,0.09473750000000035,0.09261250000000033,0.09058750000000032,0.0894625000000003,0.0887125000000003,0.08830000000000031,0.08548750000000031,0.08653750000000031,0.08491250000000031,0.0817500000000003,0.08030000000000029,0.07821250000000028,0.07772500000000027,0.07642500000000027,0.07523750000000026,0.07526250000000026,0.07320000000000026,0.07177500000000026,0.07142500000000025,0.07088750000000026,0.07158750000000025,0.07096250000000026,0.06970000000000025,0.06752500000000024,0.06726250000000024,0.06670000000000023,0.06623750000000024,0.06621250000000024,0.06653750000000024,0.06665000000000024,0.06690000000000024,0.06725000000000024,0.06747500000000024,0.06778750000000024,0.06748750000000024,0.06748750000000024,0.06735000000000024,0.06718750000000023,0.06725000000000024
12.75,0.001075648077966979,0.0010505265764464474,0.001313028493968827,0.0021631597637279446,0.0028256816957091,0.0029630148238256504,0.004775644712036142,0.005975537798401878,0.007562849781802435,0.009275162315340552,0.012262622626226306,0.015150094688091855,0.01895002368752968,0.022350000000000078,0.02517500000000009,0.03056250000000011,0.03551250000000013,0.04025000000000014,0.044275000000000155,0.05107500000000018,0.0574375000000002,0.06491250000000023,0.07010000000000025,0.07687500000000028,0.08178750000000029,0.08651250000000031,0.09193750000000032,0.09491250000000034,0.09881250000000034,0.10088750000000037,0.10166250000000036,0.10446250000000036,0.10556250000000038,0.10528750000000038,0.10547500000000039,0.10621250000000038,0.10608750000000038,0.10595000000000038,0.10297500000000036,0.10248750000000037,0.09860000000000034,0.09945000000000034,0.09493750000000034,0.09423750000000032,0.09221250000000032,0.09268750000000033,0.0888250000000003,0.08851250000000031,0.08776250000000031,0.08562500000000031,0.08588750000000031,0.08383750000000029,0.08090000000000029,0.07917500000000029,0.07727500000000027,0.07615000000000027,0.07576250000000027,0.07515000000000026,0.07377500000000026,0.07081250000000025,0.07097500000000026,0.07022500000000025,0.07025000000000024,0.06972500000000025,0.06636250000000024,0.06587500000000024,0.06613750000000024,0.06670000000000023,0.06697500000000024,0.06670000000000023,0.06735000000000024,0.06603750000000023,0.06607500000000023,0.06586250000000024,0.06583750000000024,0.06531250000000023,0.06508750000000023,0.06483750000000023,0.06506250000000023,0.06491250000000023,0.06512500000000022,0.06506250000000023,0.06495000000000023
12.850000000000001,0.0012257385074507434,0.0011380704578169848,0.0017006845255215285,0.002100640695412108,0.002588124385007892,0.0038131625369908157,0.004625624459302023,0.0062505625506295796,0.008375387361665506,0.010350181128169779,0.012987629876298808,0.015687598047487854,0.01913752392190497,0.02257500000000008,0.027112500000000095,0.03142500000000011,0.036350000000000125,0.04047500000000014,0.046512500000000165,0.05302500000000019,0.05932500000000021,0.06393750000000023,0.07070000000000025,0.07652500000000027,0.0824875000000003,0.0879750000000003,0.09305000000000033,0.09733750000000034,0.10192500000000036,0.10130000000000036,0.10086250000000037,0.10423750000000036,0.10466250000000037,0.10535000000000039,0.10631250000000038,0.10401250000000037,0.10385000000000036,0.10015000000000036,0.10088750000000037,0.09645000000000034,0.09955000000000035,0.09598750000000035,0.09422500000000032,0.09293750000000033,0.09246250000000032,0.08738750000000031,0.0892000000000003,0.08700000000000031,0.0850625000000003,0.08451250000000031,0.08317500000000029,0.08012500000000028,0.07795000000000027,0.07598750000000028,0.07466250000000027,0.07398750000000026,0.07378750000000027,0.07102500000000025,0.07000000000000024,0.06960000000000025,0.06958750000000025,0.06821250000000025,0.06593750000000023,0.06538750000000024,0.06642500000000023,0.06621250000000024,0.06525000000000022,0.06486250000000023,0.06353750000000023,0.06296250000000023,0.06251250000000022,0.06295000000000023,0.06188750000000022,0.06166250000000022,0.06127500000000022,0.06150000000000022,0.06157500000000022,0.06160000000000022,0.06135000000000022,0.061487500000000216,0.06146250000000022,0.06135000000000022,0.06135000000000022
12.95,0.0011006631495476065,0.0012381206079547418,0.0017882197584527834,0.002263190273033283,0.0031507601208791733,0.00433825377159283,0.005113190280687911,0.006725605304477427,0.009012916847404224,0.010462683096954233,0.013450134501345062,0.015887599297495666,0.02000002500003132,0.023437500000000083,0.0277250000000001,0.031850000000000114,0.03718750000000013,0.04148750000000014,0.049250000000000176,0.0552000000000002,0.060537500000000216,0.06667500000000023,0.07313750000000026,0.07961250000000028,0.08061250000000028,0.08741250000000031,0.09551250000000035,0.09723750000000035,0.09960000000000034,0.09971250000000034,0.10393750000000036,0.10288750000000037,0.10456250000000036,0.10408750000000036,0.10433750000000036,0.10428750000000037,0.10441250000000037,0.10150000000000037,0.10028750000000036,0.09778750000000035,0.09720000000000034,0.09440000000000033,0.09350000000000033,0.09050000000000033,0.08861250000000032,0.08763750000000031,0.0847000000000003,0.08472500000000031,0.08432500000000029,0.08290000000000029,0.07986250000000028,0.07731250000000027,0.07547500000000026,0.07472500000000026,0.07412500000000026,0.07298750000000026,0.07021250000000025,0.06931250000000025,0.07010000000000025,0.06835000000000024,0.06545000000000023,0.06496250000000023,0.06640000000000024,0.06477500000000022,0.06395000000000023,0.06255000000000022,0.06208750000000022,0.060925000000000215,0.060987500000000215,0.060987500000000215,0.06042500000000022,0.06075000000000022,0.06171250000000022,0.06107500000000022,0.06107500000000022,0.060850000000000216,0.06070000000000022,0.06042500000000022,0.06057500000000022,0.06037500000000022,0.06013750000000021,0.06032500000000022,0.060350000000000216
13.05,0.001050633006386333,0.001563283595902424,0.0020758355237982993,0.002675816123917757,0.0029882209082940834,0.004500782010874326,0.00515069534387135,0.006638097428768495,0.009112921472617979,0.011725205191090679,0.013800138001379818,0.016587603672522717,0.021275026593782942,0.024312499999999654,0.0282249999999996,0.03282499999999953,0.03829999999999945,0.04323749999999938,0.0493374999999993,0.05556249999999921,0.0629374999999991,0.06833749999999902,0.07513749999999894,0.07969999999999887,0.0843874999999988,0.08929999999999873,0.0927624999999987,0.09634999999999863,0.0987499999999986,0.09921249999999858,0.10211249999999855,0.10363749999999852,0.10169999999999857,0.10477499999999851,0.10143749999999856,0.10297499999999854,0.0986124999999986,0.0991749999999986,0.09542499999999864,0.09714999999999861,0.09394999999999867,0.09238749999999869,0.09022499999999872,0.09083749999999871,0.08701249999999876,0.08623749999999879,0.0846624999999988,0.0839374999999988,0.08193749999999883,0.07932499999999887,0.0767124999999989,0.07511249999999893,0.07404999999999895,0.07311249999999897,0.07107499999999899,0.06896249999999902,0.06833749999999902,0.06914999999999902,0.06462499999999909,0.06441249999999908,0.06594999999999906,0.06454999999999908,0.06188749999999912,0.062024999999999116,0.060599999999999134,0.060124999999999144,0.06062499999999914,0.06063749999999914,0.060112499999999146,0.06033749999999914,0.06047499999999915,0.059787499999999154,0.05901249999999916,0.05942499999999915,0.059637499999999156,0.05934999999999915,0.05968749999999915,0.06009999999999915,0.060237499999999146,0.060237499999999146,0.06032499999999914,0.06032499999999914,0.060299999999999146
13.150000000000002,0.0013132912579829393,0.0016883462835746478,0.0021383606901778044,0.002525770359959797,0.0035633596605181123,0.004650808077903552,0.006388362428927928,0.008050724565210898,0.009637945754991202,0.012375216566289954,0.014850148501485068,0.01867511671947956,0.021737527171909042,0.024900000000000085,0.029762500000000105,0.03451250000000012,0.03910000000000014,0.043125000000000156,0.049700000000000175,0.0565250000000002,0.06270000000000021,0.06945000000000025,0.07432500000000027,0.07946250000000028,0.08535000000000031,0.09111250000000033,0.09506250000000034,0.09962500000000035,0.09911250000000034,0.09942500000000035,0.10125000000000037,0.10191250000000036,0.10385000000000036,0.10260000000000036,0.10266250000000036,0.10248750000000037,0.09975000000000035,0.09845000000000034,0.09670000000000034,0.09583750000000034,0.09241250000000033,0.09088750000000033,0.09041250000000033,0.08547500000000031,0.0859250000000003,0.0845625000000003,0.0838625000000003,0.08191250000000029,0.07952500000000028,0.07683750000000027,0.07440000000000026,0.07357500000000027,0.07266250000000025,0.07018750000000025,0.06880000000000025,0.06880000000000025,0.06711250000000024,0.06372500000000023,0.06498750000000023,0.06410000000000023,0.06147500000000022,0.060737500000000215,0.06015000000000021,0.05978750000000021,0.05957500000000021,0.06005000000000021,0.05910000000000021,0.05878750000000021,0.05952500000000021,0.05825000000000021,0.05780000000000021,0.05792500000000021,0.05793750000000021,0.05782500000000021,0.0570500000000002,0.0571000000000002,0.0565750000000002,0.0564125000000002,0.0560750000000002,0.0560125000000002,0.0561625000000002,0.0562250000000002,0.0562625000000002
13.25,0.0015259193664182724,0.0020885468841256756,0.00226341102293674,0.0031509610431181626,0.004100989363684003,0.004663310250155981,0.0060758202357318455,0.008475762818653709,0.010237973506274702,0.012237714159997843,0.015312653126531319,0.01877511734448347,0.022037527546909512,0.02607500000000009,0.030712500000000108,0.03545000000000013,0.03938750000000014,0.04516250000000016,0.05173750000000018,0.0573125000000002,0.06345000000000023,0.06846250000000025,0.07651250000000027,0.08012500000000028,0.08630000000000031,0.09267500000000033,0.09506250000000034,0.09707500000000034,0.09741250000000035,0.10166250000000036,0.10136250000000037,0.10126250000000037,0.10205000000000036,0.10063750000000037,0.10210000000000036,0.09762500000000035,0.09770000000000034,0.09417500000000033,0.09468750000000033,0.09231250000000032,0.09090000000000033,0.08928750000000031,0.08675000000000031,0.08523750000000031,0.0836125000000003,0.08260000000000028,0.08128750000000029,0.07901250000000028,0.07688750000000028,0.07428750000000027,0.07300000000000026,0.07190000000000026,0.06942500000000025,0.06805000000000025,0.06773750000000024,0.06451250000000022,0.06346250000000023,0.06427500000000022,0.06253750000000022,0.06100000000000022,0.05956250000000021,0.05988750000000021,0.05920000000000021,0.05921250000000021,0.05896250000000021,0.05775000000000021,0.0575250000000002,0.0568375000000002,0.0556625000000002,0.0558375000000002,0.0558625000000002,0.055675000000000203,0.0555125000000002,0.0551000000000002,0.0553625000000002,0.0555375000000002,0.055675000000000203,0.0557625000000002,0.0558125000000002,0.0558625000000002,0.0558625000000002,0.055737500000000204,0.0556875000000002
13.350000000000001,0.001713532403272978,0.0020260155402895773,0.0027636123539724836,0.002863373328865314,0.004526091919675638,0.005025873245476419,0.006588389432573422,0.00875078757088141,0.010462983913006013,0.01338773428535004,0.015725157251572572,0.019800123750773512,0.022575028218785355,0.026962500000000094,0.031212500000000108,0.03601250000000013,0.04016250000000014,0.048237500000000176,0.05397500000000019,0.06011250000000021,0.06511250000000023,0.07371250000000026,0.07936250000000028,0.08066250000000029,0.0863125000000003,0.09147500000000033,0.09455000000000033,0.09772500000000034,0.09688750000000035,0.10027500000000036,0.10060000000000037,0.10192500000000036,0.10057500000000036,0.10057500000000036,0.10013750000000037,0.09830000000000035,0.09762500000000035,0.09520000000000034,0.09473750000000035,0.09103750000000033,0.08915000000000031,0.0887125000000003,0.08406250000000029,0.0843750000000003,0.08283750000000029,0.0821000000000003,0.07997500000000028,0.07641250000000027,0.07351250000000026,0.07203750000000025,0.07141250000000025,0.06903750000000025,0.06721250000000023,0.06707500000000023,0.06342500000000023,0.06345000000000023,0.06318750000000023,0.06040000000000022,0.05907500000000021,0.05868750000000021,0.058800000000000206,0.05821250000000021,0.05883750000000021,0.0568625000000002,0.0557500000000002,0.0553125000000002,0.0550625000000002,0.05483750000000019,0.0554625000000002,0.0559250000000002,0.0553000000000002,0.05496250000000019,0.05500000000000019,0.0552875000000002,0.0551375000000002,0.05496250000000019,0.05473750000000019,0.05445000000000019,0.054437500000000194,0.05442500000000019,0.05422500000000019,0.05432500000000019,0.05435000000000019
13.45,0.002013713262240507,0.0020510280778240166,0.0026385620212135475,0.003501067825686847,0.004476079854264858,0.005913527475398871,0.007213473818965586,0.008788290946185188,0.011488031321448659,0.013712739972949575,0.016112661126611322,0.020512628203926346,0.02383752979691233,0.0275500000000001,0.031725000000000114,0.03741250000000013,0.042162500000000144,0.04783750000000017,0.054312500000000194,0.06137500000000022,0.06671250000000023,0.07256250000000025,0.07653750000000027,0.08341250000000029,0.08901250000000031,0.09231250000000032,0.09726250000000035,0.09623750000000035,0.09880000000000035,0.09878750000000035,0.10038750000000037,0.09966250000000035,0.10108750000000036,0.10006250000000036,0.09831250000000034,0.09635000000000035,0.09243750000000032,0.09320000000000032,0.09085000000000033,0.08956250000000031,0.0875750000000003,0.08502500000000031,0.08500000000000031,0.08322500000000028,0.08206250000000029,0.07967500000000029,0.07656250000000027,0.07280000000000025,0.07226250000000026,0.07107500000000025,0.06848750000000024,0.06680000000000023,0.06676250000000024,0.06322500000000023,0.06345000000000023,0.062437500000000215,0.05990000000000021,0.05903750000000021,0.058737500000000206,0.05863750000000021,0.05831250000000021,0.0566750000000002,0.05467500000000019,0.05451250000000019,0.05493750000000019,0.0556375000000002,0.05486250000000019,0.05467500000000019,0.05350000000000019,0.05216250000000018,0.05208750000000018,0.05198750000000018,0.05141250000000018,0.050937500000000184,0.05097500000000018,0.05107500000000018,0.05107500000000018,0.05092500000000018,0.05111250000000018,0.05098750000000018,0.050937500000000184,0.05078750000000018,0.05078750000000018
13.55,0.002013713262240471,0.0026388227098832913,0.002913672753283155,0.0040512356268661365,0.004613613034144422,0.005988540508913338,0.007826056517629769,0.009575861827564345,0.011825546931545416,0.014287750035625421,0.018125181251812263,0.021187632422702343,0.024087530109412295,0.02886249999999959,0.03357499999999952,0.03783749999999946,0.041812499999999406,0.04858749999999931,0.055324999999999215,0.06027499999999914,0.06726249999999905,0.07286249999999897,0.0776624999999989,0.08326249999999882,0.08943749999999873,0.09271249999999868,0.09513749999999865,0.09562499999999864,0.0984874999999986,0.09956249999999858,0.09846249999999859,0.10139999999999856,0.0989124999999986,0.09984999999999858,0.09556249999999863,0.09671249999999862,0.09332499999999867,0.09329999999999868,0.08962499999999873,0.08818749999999874,0.08752499999999876,0.0838749999999988,0.08166249999999883,0.08071249999999885,0.07917499999999887,0.0770874999999989,0.07398749999999894,0.07254999999999898,0.070112499999999,0.06884999999999902,0.06691249999999904,0.06609999999999906,0.06243749999999911,0.06243749999999911,0.06119999999999913,0.05843749999999917,0.057962499999999174,0.05771249999999918,0.05747499999999918,0.0560874999999992,0.05443749999999923,0.054299999999999224,0.05463749999999923,0.05452499999999923,0.05392499999999924,0.05173749999999926,0.05141249999999927,0.05069999999999928,0.050287499999999284,0.05082499999999928,0.050887499999999274,0.050662499999999284,0.05092499999999927,0.05089999999999927,0.05148749999999927,0.05134999999999927,0.05116249999999927,0.05141249999999927,0.05111249999999927,0.05116249999999927,0.05108749999999927,0.05111249999999927,0.05108749999999927
13.650000000000002,0.0020262207980308207,0.002426216140840605,0.0029136727532832066,0.00446386147775073,0.004763649230376845,0.0064386187100008855,0.008538652718116976,0.00993839445550103,0.01226306716685651,0.015112764473378339,0.018337683376833835,0.02133763336020858,0.025262531578164563,0.029812500000000106,0.034275000000000125,0.038025000000000135,0.043825000000000155,0.05003750000000018,0.0555000000000002,0.06201250000000022,0.06776250000000024,0.07535000000000026,0.07845000000000028,0.08552500000000031,0.0889625000000003,0.09223750000000033,0.09481250000000034,0.09453750000000033,0.09810000000000034,0.09845000000000034,0.10012500000000037,0.09880000000000035,0.09886250000000034,0.09710000000000034,0.09598750000000035,0.09105000000000033,0.09283750000000032,0.08970000000000032,0.08841250000000031,0.08610000000000032,0.08332500000000029,0.08305000000000029,0.08217500000000029,0.08043750000000029,0.07840000000000028,0.07493750000000027,0.07167500000000025,0.07111250000000026,0.06977500000000024,0.06592500000000023,0.06557500000000023,0.062375000000000215,0.06253750000000022,0.06071250000000022,0.05776250000000021,0.05841250000000021,0.05787500000000021,0.057250000000000204,0.0554375000000002,0.05391250000000019,0.05422500000000019,0.053812500000000194,0.05288750000000019,0.05142500000000018,0.05027500000000018,0.05038750000000018,0.05027500000000018,0.05105000000000018,0.05085000000000018,0.050425000000000185,0.04972500000000017,0.04933750000000017,0.049375000000000176,0.049125000000000175,0.047862500000000176,0.04730000000000016,0.047337500000000164,0.04712500000000017,0.04698750000000016,0.04710000000000016,0.047275000000000164,0.04738750000000017,0.04745000000000017
13.75,0.0025890599085949375,0.0029639856978310487,0.0038140351491475454,0.004288808086466388,0.005551339260596639,0.0062760904707193105,0.008463642591749915,0.010900981088297986,0.012713087980319135,0.015200266004655136,0.019312693126931336,0.021887636797730065,0.026200032750041027,0.030175000000000108,0.035287500000000124,0.03908750000000014,0.046562500000000166,0.052387500000000184,0.05808750000000021,0.06396250000000023,0.07180000000000025,0.07561250000000028,0.07998750000000028,0.08511250000000031,0.09116250000000033,0.09510000000000035,0.09458750000000032,0.09683750000000034,0.09693750000000034,0.09802500000000035,0.09786250000000035,0.09666250000000035,0.09743750000000034,0.09435000000000032,0.09492500000000034,0.09162500000000033,0.09203750000000033,0.08855000000000031,0.08676250000000031,0.08612500000000031,0.08272500000000028,0.08018750000000029,0.07936250000000028,0.07838750000000028,0.07496250000000027,0.07120000000000025,0.07015000000000024,0.06926250000000024,0.06497500000000023,0.06558750000000024,0.06163750000000022,0.06162500000000022,0.05960000000000021,0.0573625000000002,0.05765000000000021,0.0562750000000002,0.0552500000000002,0.05367500000000019,0.05315000000000019,0.05397500000000019,0.05276250000000019,0.05097500000000018,0.05002500000000018,0.05015000000000018,0.05053750000000018,0.05006250000000018,0.04905000000000017,0.04765000000000017,0.04725000000000017,0.04706250000000017,0.04685000000000016,0.04686250000000016,0.04647500000000016,0.046700000000000165,0.04728750000000016,0.04765000000000017,0.04746250000000017,0.047425000000000175,0.04735000000000016,0.04746250000000017,0.04730000000000016,0.04723750000000016,0.04717500000000016
13.850000000000001,0.002313894121208036,0.0029514794290638286,0.003914075415354694,0.004513876732403399,0.005713878473181676,0.007676333762991347,0.008876198286768746,0.010800972087487912,0.013825639435823957,0.015875277817361862,0.01987519875198759,0.023025143907149503,0.026762533453166912,0.03062500000000011,0.03598750000000013,0.04068750000000015,0.04641250000000016,0.05262500000000019,0.05977500000000021,0.06457500000000023,0.07073750000000026,0.07536250000000026,0.08156250000000029,0.0860625000000003,0.08983750000000033,0.09308750000000032,0.09336250000000033,0.09647500000000035,0.09750000000000035,0.09671250000000034,0.09768750000000034,0.09690000000000035,0.09735000000000034,0.09393750000000033,0.09101250000000033,0.09223750000000033,0.0884500000000003,0.0869375000000003,0.0846875000000003,0.0817625000000003,0.0811250000000003,0.08000000000000028,0.07871250000000028,0.07547500000000026,0.07243750000000025,0.07006250000000025,0.06946250000000025,0.06482500000000023,0.06508750000000023,0.06151250000000022,0.06168750000000022,0.05970000000000021,0.057250000000000204,0.0567375000000002,0.0559500000000002,0.05503750000000019,0.05328750000000019,0.05341250000000019,0.05315000000000019,0.05060000000000018,0.04965000000000017,0.049750000000000176,0.05007500000000018,0.049012500000000174,0.04687500000000017,0.047150000000000164,0.04661250000000016,0.046950000000000165,0.04660000000000016,0.046125000000000166,0.04597500000000016,0.04571250000000016,0.045762500000000164,0.045012500000000163,0.044650000000000155,0.04417500000000015,0.04448750000000015,0.04442500000000015,0.044450000000000156,0.04422500000000015,0.044462500000000155,0.04447500000000015,0.044525000000000155
13.95,0.0028517181601915255,0.0030265170416671466,0.004226701247252033,0.004738945378340411,0.006176490078231395,0.007913875035787497,0.009363764108154635,0.011776059845386126,0.0137131342324583,0.017400304505328906,0.020575205752057592,0.023150144688404383,0.02796253495316879,0.03217500000000011,0.036475000000000125,0.040575000000000146,0.04703750000000016,0.05312500000000019,0.05828750000000021,0.06547500000000024,0.07190000000000026,0.07638750000000027,0.0818625000000003,0.08877500000000031,0.09038750000000033,0.09215000000000033,0.09321250000000032,0.09587500000000035,0.09611250000000035,0.09795000000000034,0.09748750000000035,0.09635000000000035,0.09258750000000032,0.09378750000000033,0.08918750000000031,0.09061250000000033,0.08700000000000031,0.08546250000000032,0.08485000000000031,0.08121250000000028,0.07972500000000028,0.07785000000000027,0.07692500000000027,0.07371250000000026,0.07021250000000025,0.06931250000000025,0.06625000000000024,0.06462500000000022,0.06270000000000021,0.06082500000000022,0.05950000000000021,0.0564875000000002,0.0561750000000002,0.0559250000000002,0.05452500000000019,0.05250000000000019,0.05348750000000019,0.05186250000000018,0.049500000000000176,0.04928750000000017,0.04990000000000017,0.048637500000000174,0.04611250000000016,0.046250000000000166,0.04680000000000016,0.04552500000000016,0.04533750000000016,0.04447500000000015,0.044087500000000154,0.043962500000000154,0.04387500000000016,0.043650000000000154,0.04328750000000015,0.04367500000000015,0.04355000000000016,0.04386250000000015,0.04361250000000015,0.04353750000000015,0.04380000000000015,0.04373750000000015,0.04356250000000016,0.043337500000000154,0.043337500000000154
14.05,0.0030768538044171176,0.003876943317838011,0.004414276746390359,0.005314120806846013,0.006289017225405539,0.008388957581379645,0.009863831617268191,0.012001080097208579,0.014813185109811118,0.01781281172420492,0.020750207502074725,0.024862655391595843,0.028525035656294166,0.033549999999999525,0.037024999999999475,0.0424499999999994,0.048699999999999306,0.05412499999999923,0.06069999999999914,0.06653749999999906,0.07346249999999896,0.07627499999999891,0.08192499999999883,0.08609999999999877,0.09111249999999871,0.09296249999999867,0.09271249999999868,0.09474999999999865,0.09586249999999863,0.09592499999999864,0.09427499999999865,0.09617499999999864,0.09373749999999867,0.09163749999999869,0.09104999999999872,0.08752499999999876,0.08574999999999879,0.08342499999999882,0.08054999999999886,0.08024999999999886,0.07844999999999888,0.07776249999999889,0.07467499999999894,0.06972499999999901,0.06876249999999903,0.06764999999999903,0.06422499999999909,0.0640374999999991,0.05976249999999916,0.05967499999999915,0.0560499999999992,0.0561999999999992,0.05557499999999921,0.053887499999999235,0.05229999999999926,0.05264999999999925,0.04987499999999929,0.04866249999999931,0.0492374999999993,0.04891249999999931,0.04587499999999935,0.04587499999999935,0.046437499999999333,0.04531249999999935,0.04418749999999937,0.04379999999999938,0.04329999999999938,0.04309999999999939,0.04304999999999939,0.04292499999999939,0.0423124999999994,0.0420999999999994,0.04148749999999941,0.04123749999999942,0.04132499999999941,0.041212499999999416,0.04092499999999942,0.04078749999999942,0.040512499999999424,0.04052499999999942,0.040574999999999424,0.040687499999999426,0.04064999999999942
14.150000000000002,0.002801688017030271,0.004089549886880814,0.004376761646562757,0.005564197080109453,0.00713922233738892,0.00833894889237008,0.010638936256394652,0.012963666730005746,0.014638177015687029,0.018675326818219384,0.02133771337713385,0.02552515953224717,0.029650037062546434,0.03370000000000012,0.037087500000000134,0.044700000000000156,0.05060000000000018,0.0561125000000002,0.06175000000000022,0.06971250000000025,0.07365000000000026,0.07922500000000028,0.08445000000000029,0.08838750000000031,0.09131250000000032,0.09140000000000033,0.09515000000000035,0.09540000000000035,0.09467500000000033,0.09518750000000034,0.09575000000000035,0.09456250000000033,0.09180000000000033,0.0880750000000003,0.08880000000000031,0.08641250000000031,0.08431250000000029,0.08393750000000029,0.08026250000000028,0.07866250000000029,0.07765000000000027,0.07590000000000027,0.07180000000000025,0.06977500000000024,0.06726250000000024,0.06372500000000023,0.06390000000000022,0.05916250000000021,0.060475000000000216,0.0565250000000002,0.0564875000000002,0.054875000000000194,0.05347500000000019,0.05163750000000018,0.05215000000000018,0.049500000000000176,0.048375000000000175,0.049312500000000176,0.047362500000000175,0.04596250000000016,0.04627500000000016,0.04503750000000016,0.043375000000000156,0.043275000000000154,0.04283750000000015,0.04247500000000015,0.041975000000000144,0.04112500000000015,0.040387500000000146,0.04001250000000014,0.03975000000000014,0.03972500000000014,0.03982500000000014,0.03981250000000014,0.03973750000000014,0.03948750000000014,0.03950000000000014,0.039962500000000144,0.03988750000000014,0.03987500000000014,0.03975000000000014,0.039712500000000144,0.03972500000000014
14.25,0.0038022908802553676,0.004152081230716912,0.004651872378632416,0.006001830558320309,0.0074643007625589935,0.008976559677243952,0.010876468323223674,0.013226190357132189,0.015563219798915754,0.019437840162202905,0.02226272262722635,0.02550015937599619,0.02920003650004573,0.034775000000000125,0.03967500000000014,0.04510000000000016,0.05022500000000018,0.05786250000000021,0.06310000000000023,0.06876250000000024,0.07372500000000026,0.07947500000000028,0.0851875000000003,0.08811250000000032,0.09065000000000033,0.09067500000000032,0.09390000000000033,0.09398750000000032,0.09576250000000035,0.09535000000000035,0.09426250000000033,0.09032500000000032,0.09180000000000033,0.08888750000000031,0.08877500000000031,0.08422500000000029,0.08328750000000029,0.07995000000000028,0.07898750000000028,0.07732500000000027,0.07615000000000027,0.07295000000000025,0.06882500000000025,0.06771250000000023,0.06601250000000024,0.06313750000000022,0.05991250000000021,0.06058750000000022,0.0563250000000002,0.0553875000000002,0.05417500000000019,0.05336250000000019,0.05141250000000018,0.051950000000000184,0.04877500000000017,0.04838750000000017,0.048625000000000175,0.045187500000000165,0.045200000000000164,0.044725000000000154,0.04350000000000016,0.04298750000000016,0.04291250000000015,0.041725000000000144,0.040887500000000146,0.03993750000000014,0.03951250000000014,0.03942500000000014,0.03948750000000014,0.03952500000000014,0.03968750000000014,0.039137500000000144,0.03882500000000014,0.038912500000000134,0.03880000000000013,0.038412500000000134,0.03836250000000014,0.03787500000000014,0.03798750000000014,0.037887500000000136,0.03787500000000014,0.03798750000000014,0.03792500000000014
14.350000000000001,0.004052441596061641,0.00420210630578579,0.005302134108978883,0.0061643801359414835,0.008139463645604531,0.009639174806622684,0.011651572962349957,0.013326199357942263,0.017075789755276242,0.01985034738107924,0.022425224252242606,0.026762667266670512,0.031087538859423683,0.03467500000000012,0.03946250000000014,0.04533750000000016,0.05171250000000018,0.05771250000000021,0.06365000000000023,0.06990000000000024,0.07343750000000027,0.07882500000000028,0.0841500000000003,0.0879625000000003,0.09018750000000032,0.09062500000000033,0.09257500000000032,0.09390000000000033,0.09410000000000032,0.09257500000000032,0.09390000000000033,0.09151250000000033,0.08780000000000031,0.08815000000000031,0.08383750000000029,0.08370000000000029,0.0823625000000003,0.07918750000000029,0.07740000000000027,0.07633750000000027,0.07455000000000027,0.07132500000000025,0.06790000000000025,0.06642500000000023,0.06301250000000022,0.06263750000000022,0.05912500000000021,0.0565375000000002,0.05463750000000019,0.054750000000000194,0.05331250000000019,0.051312500000000184,0.05133750000000018,0.04835000000000017,0.047987500000000176,0.04752500000000017,0.04541250000000016,0.045625000000000165,0.04418750000000016,0.04285000000000015,0.04230000000000016,0.04148750000000014,0.04026250000000014,0.03965000000000014,0.03916250000000014,0.03925000000000014,0.038975000000000135,0.038712500000000136,0.03760000000000013,0.037337500000000134,0.037025000000000134,0.03730000000000013,0.03682500000000013,0.036637500000000135,0.03630000000000013,0.03637500000000013,0.03655000000000013,0.036637500000000135,0.03643750000000013,0.03656250000000013,0.03666250000000013,0.036650000000000134,0.036700000000000135
14.45,0.004127486810803524,0.0045272692937335,0.0054646995415655,0.0067895708190998496,0.008126960629251835,0.009651676978875114,0.012089132032824475,0.014451300617055587,0.017275799005704074,0.02021285372494026,0.02381273812738136,0.027712673204207627,0.03198753998442509,0.03673750000000013,0.04018750000000014,0.04766250000000017,0.052612500000000194,0.0573750000000002,0.06366250000000023,0.07145000000000025,0.07452500000000026,0.08090000000000029,0.08647500000000032,0.09038750000000033,0.09021250000000033,0.09335000000000032,0.09341250000000033,0.09257500000000032,0.09321250000000032,0.09312500000000033,0.09156250000000032,0.08986250000000033,0.0858375000000003,0.08793750000000031,0.08476250000000031,0.0821125000000003,0.07938750000000028,0.07881250000000029,0.07658750000000027,0.07527500000000026,0.07187500000000026,0.06770000000000023,0.06730000000000023,0.06351250000000022,0.06201250000000022,0.05798750000000021,0.05777500000000021,0.05467500000000019,0.054312500000000194,0.052737500000000194,0.05070000000000018,0.050750000000000184,0.048187500000000175,0.047625000000000174,0.046950000000000165,0.044937500000000165,0.044637500000000156,0.043012500000000155,0.04206250000000015,0.04148750000000014,0.04017500000000014,0.03937500000000014,0.03876250000000014,0.03861250000000014,0.03831250000000014,0.03728750000000013,0.03688750000000013,0.03617500000000013,0.03640000000000013,0.035537500000000125,0.03513750000000012,0.034837500000000125,0.03536250000000013,0.03501250000000012,0.035225000000000124,0.03563750000000013,0.035600000000000125,0.03545000000000013,0.03557500000000013,0.035475000000000124,0.03542500000000013,0.03536250000000013,0.03531250000000013
14.55,0.004064949131851883,0.004602306906336736,0.005952395839325244,0.0073647462476054155,0.008514554136185234,0.010451816003030379,0.012289159036469748,0.014263783740536447,0.01798833196035291,0.020812864225123646,0.024637746377463424,0.02838767742298349,0.03325004156255148,0.03641249999999948,0.04307499999999939,0.04799999999999932,0.05421249999999923,0.060249999999999145,0.06724999999999905,0.07092499999999899,0.0772624999999989,0.08222499999999884,0.08526249999999878,0.08932499999999872,0.08913749999999873,0.0911624999999987,0.0919749999999987,0.09392499999999868,0.09312499999999867,0.09288749999999867,0.08914999999999873,0.09004999999999873,0.08821249999999875,0.0847624999999988,0.08283749999999881,0.08174999999999884,0.0772249999999989,0.07576249999999893,0.07478749999999894,0.07356249999999895,0.06986249999999901,0.06641249999999906,0.06527499999999907,0.062337499999999116,0.06039999999999914,0.05869999999999916,0.05577499999999921,0.05427499999999923,0.05398749999999924,0.05064999999999928,0.05086249999999928,0.04812499999999932,0.04729999999999933,0.046612499999999335,0.04467499999999936,0.043862499999999374,0.0420999999999994,0.04184999999999941,0.04099999999999942,0.039324999999999444,0.038537499999999454,0.03844999999999946,0.03802499999999946,0.037024999999999475,0.03603749999999949,0.03577499999999949,0.0347624999999995,0.034749999999999504,0.0351999999999995,0.0349499999999995,0.0350874999999995,0.0350749999999995,0.034912499999999506,0.034874999999999504,0.03468749999999951,0.034274999999999514,0.03418749999999952,0.03429999999999951,0.03418749999999952,0.03409999999999951,0.034199999999999516,0.03428749999999951,0.03434999999999951
14.650000000000002,0.004377637526609798,0.005465239451274971,0.00595239583932535,0.007852394980469071,0.008902147643118934,0.011076924615652009,0.01323928730378606,0.015038853496814766,0.018925875321733697,0.020937866412662293,0.02476274762747636,0.0288126800792506,0.03260004075005105,0.03741250000000013,0.043187500000000156,0.04855000000000017,0.0557875000000002,0.06058750000000022,0.06748750000000024,0.07183750000000025,0.07747500000000028,0.08293750000000029,0.0864375000000003,0.0872125000000003,0.0885875000000003,0.09123750000000033,0.09198750000000033,0.09191250000000033,0.09068750000000032,0.09178750000000033,0.08918750000000031,0.08486250000000031,0.0859375000000003,0.08282500000000029,0.08093750000000029,0.07952500000000028,0.07822500000000028,0.07601250000000027,0.07471250000000026,0.07085000000000026,0.06703750000000024,0.06598750000000024,0.062237500000000216,0.061550000000000216,0.0568250000000002,0.0562625000000002,0.05343750000000019,0.05277500000000019,0.05015000000000018,0.05092500000000018,0.048175000000000176,0.047025000000000164,0.046325000000000165,0.04417500000000015,0.043462500000000154,0.04205000000000014,0.04168750000000015,0.03970000000000014,0.03832500000000014,0.03842500000000014,0.03823750000000014,0.03672500000000013,0.03557500000000013,0.034900000000000125,0.03456250000000012,0.034537500000000124,0.034837500000000125,0.03463750000000012,0.033950000000000126,0.03422500000000012,0.03428750000000012,0.034712500000000125,0.034650000000000125,0.03482500000000012,0.03462500000000012,0.03475000000000012,0.03475000000000012,0.034462500000000125,0.034462500000000125,0.034525000000000125,0.034337500000000125,0.03428750000000012,0.03430000000000012
14.75,0.004515220420303248,0.0055277707951110686,0.0066651827360512846,0.00813998269472192,0.009202220035583618,0.011014413754389864,0.013051761987868407,0.016751507635687272,0.019300892666285884,0.022437892663121687,0.025387753877538867,0.02996268726679552,0.034325042906303754,0.03831250000000014,0.04406250000000016,0.04961250000000017,0.0555875000000002,0.06201250000000022,0.06683750000000023,0.07215000000000026,0.07667500000000027,0.0826250000000003,0.08498750000000031,0.08788750000000031,0.08877500000000031,0.09047500000000033,0.09175000000000033,0.09225000000000033,0.09180000000000033,0.0894625000000003,0.0882250000000003,0.0846875000000003,0.0855750000000003,0.08171250000000028,0.07957500000000028,0.07605000000000027,0.07571250000000028,0.07372500000000026,0.07232500000000025,0.06931250000000025,0.06548750000000024,0.06488750000000022,0.06106250000000022,0.05781250000000021,0.05816250000000021,0.05318750000000019,0.05350000000000019,0.05196250000000018,0.04980000000000017,0.048450000000000173,0.046250000000000166,0.046200000000000165,0.044150000000000154,0.04308750000000015,0.041412500000000144,0.04081250000000015,0.03915000000000014,0.038087500000000135,0.03823750000000014,0.03621250000000013,0.035400000000000126,0.03455000000000012,0.03445000000000012,0.034525000000000125,0.034475000000000124,0.03392500000000012,0.03438750000000012,0.03461250000000012,0.03423750000000012,0.03397500000000012,0.03362500000000012,0.03287500000000012,0.03282500000000012,0.032337500000000116,0.03231250000000011,0.032025000000000116,0.03187500000000011,0.031787500000000114,0.031775000000000116,0.031725000000000114,0.03181250000000011,0.031775000000000116,0.03173750000000011
14.850000000000001,0.005328210246673641,0.005877946320593218,0.00724041426674239,0.007877402607795406,0.010127443245683057,0.011902067984312318,0.01388937506563391,0.016851516636497345,0.019538403651168938,0.02208788653801449,0.02675026750267512,0.030787692423077752,0.03505004381255489,0.038162500000000134,0.04558750000000016,0.05070000000000018,0.0554250000000002,0.060725000000000216,0.06945000000000025,0.07230000000000025,0.07863750000000028,0.08442500000000029,0.0890875000000003,0.0879500000000003,0.09065000000000033,0.09115000000000033,0.09076250000000033,0.09142500000000033,0.09048750000000033,0.0876000000000003,0.0876875000000003,0.0861750000000003,0.08182500000000029,0.08065000000000029,0.08037500000000028,0.07615000000000027,0.07477500000000026,0.07390000000000026,0.07083750000000026,0.06573750000000024,0.06508750000000023,0.06042500000000022,0.06031250000000022,0.0570750000000002,0.05417500000000019,0.05388750000000019,0.05211250000000018,0.049187500000000176,0.04983750000000017,0.046075000000000164,0.04647500000000016,0.044025000000000154,0.04278750000000015,0.04125000000000015,0.040450000000000146,0.038350000000000134,0.03760000000000013,0.03742500000000013,0.036037500000000125,0.03543750000000013,0.034337500000000125,0.03428750000000012,0.03398750000000012,0.03356250000000012,0.03428750000000012,0.03390000000000012,0.03307500000000012,0.032150000000000116,0.03157500000000012,0.03113750000000011,0.030900000000000108,0.03031250000000011,0.03045000000000011,0.03073750000000011,0.03075000000000011,0.03088750000000011,0.03085000000000011,0.03105000000000011,0.03097500000000011,0.03092500000000011,0.03072500000000011,0.030775000000000108,0.03075000000000011
14.95,0.00542827053299615,0.005952983933196537,0.007640575331570984,0.00851509710461694,0.010415012621795044,0.012014587534584177,0.013901876753361754,0.017401566140952746,0.019950922730176342,0.024200423507411466,0.027612776127761376,0.03150019687623059,0.03496254370317975,0.04043750000000015,0.045625000000000165,0.052137500000000184,0.0573625000000002,0.06491250000000023,0.07016250000000025,0.07448750000000026,0.07995000000000028,0.08308750000000029,0.08597500000000032,0.08666250000000031,0.08940000000000031,0.08955000000000031,0.08992500000000032,0.08873750000000032,0.09046250000000033,0.0873375000000003,0.08291250000000029,0.08407500000000029,0.08182500000000029,0.07932500000000028,0.07611250000000028,0.07557500000000027,0.07348750000000026,0.07195000000000025,0.06761250000000024,0.06471250000000023,0.06397500000000023,0.06046250000000022,0.0566500000000002,0.0562750000000002,0.05295000000000019,0.051812500000000185,0.049387500000000174,0.04985000000000017,0.045812500000000166,0.046650000000000164,0.043462500000000154,0.04273750000000016,0.04100000000000015,0.04011250000000014,0.038150000000000135,0.03780000000000014,0.03698750000000013,0.035650000000000126,0.03418750000000012,0.03428750000000012,0.034012500000000126,0.03356250000000012,0.034262500000000126,0.03355000000000012,0.032025000000000116,0.03117500000000011,0.03032500000000011,0.030362500000000108,0.03081250000000011,0.030525000000000108,0.030025000000000104,0.03067500000000011,0.029975000000000106,0.029475000000000105,0.029600000000000105,0.029362500000000104,0.029450000000000105,0.029412500000000105,0.029350000000000105,0.029325000000000104,0.029537500000000105,0.029462500000000103,0.029425000000000104
15.05,0.005640898641431383,0.006790903940600129,0.008040736396399437,0.009240318297080479,0.010877624226844572,0.013027263487030687,0.014939516834772484,0.018314148273344343,0.020538449903307738,0.0237379154135194,0.027625276252762135,0.031750198438739795,0.03553754442193002,0.04272499999999939,0.04778749999999932,0.05287499999999924,0.05864999999999916,0.06493749999999908,0.06828749999999903,0.07506249999999894,0.08103749999999885,0.0839999999999988,0.08558749999999878,0.08554999999999878,0.08852499999999874,0.08969999999999873,0.0907749999999987,0.08924999999999873,0.08821249999999875,0.08651249999999876,0.08374999999999881,0.08364999999999882,0.07956249999999887,0.07877499999999889,0.07519999999999893,0.07391249999999895,0.07278749999999896,0.06934999999999902,0.06503749999999907,0.06456249999999908,0.05991249999999915,0.05976249999999916,0.05664999999999919,0.05371249999999923,0.052049999999999264,0.05062499999999928,0.04884999999999931,0.04657499999999934,0.046012499999999346,0.04353749999999938,0.04309999999999939,0.04073749999999942,0.03987499999999943,0.03788749999999946,0.037212499999999475,0.03593749999999949,0.034799999999999505,0.03369999999999952,0.03391249999999952,0.03306249999999953,0.03383749999999952,0.033549999999999525,0.03177499999999955,0.030749999999999562,0.030299999999999567,0.030324999999999568,0.02991249999999958,0.02947499999999958,0.029237499999999587,0.029112499999999587,0.02888749999999959,0.028399999999999596,0.02892499999999959,0.028962499999999586,0.02872499999999959,0.02883749999999959,0.028624999999999595,0.028424999999999596,0.028474999999999594,0.028462499999999596,0.0283124999999996,0.028337499999999596,0.028362499999999596
15.150000000000002,0.005853526749866815,0.007078548122246301,0.007590555198467411,0.009502898384007157,0.011277720750131011,0.013027263487030916,0.01616468223210139,0.018976707903711403,0.02145099210838509,0.025037938163917958,0.028425284252842627,0.03340020875130481,0.037437546796933625,0.041975000000000144,0.047862500000000176,0.05477500000000019,0.05925000000000021,0.06473750000000023,0.07003750000000025,0.07516250000000026,0.08006250000000029,0.08270000000000029,0.08602500000000031,0.08850000000000031,0.0883250000000003,0.08850000000000031,0.08945000000000031,0.0887125000000003,0.08546250000000032,0.0862000000000003,0.08431250000000029,0.07955000000000029,0.07901250000000028,0.07730000000000027,0.07490000000000026,0.07270000000000025,0.07092500000000025,0.06793750000000025,0.06505000000000023,0.06270000000000021,0.05958750000000021,0.0559375000000002,0.0554625000000002,0.05172500000000018,0.05161250000000018,0.048575000000000174,0.04861250000000017,0.045175000000000166,0.04460000000000015,0.04241250000000015,0.04062500000000015,0.04000000000000014,0.03761250000000013,0.03705000000000013,0.03562500000000013,0.034525000000000125,0.03330000000000012,0.03365000000000012,0.03288750000000012,0.03361250000000012,0.032037500000000114,0.03032500000000011,0.029975000000000106,0.029975000000000106,0.029437500000000106,0.029112500000000104,0.0287125000000001,0.0287375000000001,0.0282250000000001,0.0278625000000001,0.0282750000000001,0.0281125000000001,0.0278125000000001,0.0278000000000001,0.027337500000000094,0.027250000000000097,0.027200000000000096,0.0275375000000001,0.027512500000000096,0.027512500000000096,0.0276500000000001,0.0275625000000001,0.0275875000000001
15.25,0.00634132064568905,0.007616317679236745,0.00849091759433175,0.01004056237152335,0.011590296158948387,0.013439835171361072,0.016489726113025318,0.018651678651078665,0.02198851696890989,0.02553794691407109,0.029637796377963883,0.03347520922005774,0.03688754610943277,0.04322500000000015,0.04841250000000017,0.05366250000000019,0.05997500000000021,0.06685000000000024,0.06952500000000024,0.07551250000000026,0.08181250000000029,0.0867125000000003,0.08487500000000031,0.08728750000000031,0.0888375000000003,0.08913750000000031,0.08806250000000031,0.08817500000000031,0.08587500000000031,0.08140000000000029,0.08243750000000029,0.08033750000000028,0.07703750000000027,0.07378750000000027,0.07287500000000026,0.07151250000000026,0.06978750000000025,0.06455000000000023,0.06351250000000022,0.05997500000000021,0.05890000000000021,0.0557000000000002,0.052800000000000194,0.05140000000000018,0.049700000000000175,0.048887500000000174,0.045000000000000165,0.04560000000000016,0.042625000000000156,0.04150000000000015,0.04005000000000014,0.037837500000000135,0.037087500000000134,0.03542500000000013,0.03436250000000012,0.03346250000000012,0.03350000000000012,0.033225000000000116,0.03305000000000012,0.03088750000000011,0.029550000000000104,0.030037500000000106,0.029050000000000104,0.0287625000000001,0.0285750000000001,0.0279250000000001,0.0280625000000001,0.0276125000000001,0.027337500000000094,0.0277250000000001,0.027300000000000095,0.027137500000000096,0.026812500000000097,0.026487500000000094,0.026575000000000095,0.026562500000000096,0.026325000000000095,0.02602500000000009,0.02602500000000009,0.02605000000000009,0.025812500000000092,0.02588750000000009,0.025875000000000092
15.350000000000001,0.007166818007849755,0.007728874098141721,0.008953603825539811,0.010565722545376379,0.012302968091052009,0.013964926405963087,0.01702729868532258,0.019701773159584435,0.022576044142041653,0.02658796528939266,0.03075030750307514,0.033775211095069466,0.037875047343809316,0.04496250000000016,0.049812500000000176,0.05486250000000019,0.06063750000000022,0.06815000000000025,0.07191250000000025,0.07737500000000028,0.0809750000000003,0.08381250000000029,0.08436250000000028,0.0869500000000003,0.08753750000000031,0.08767500000000031,0.08738750000000031,0.08831250000000031,0.0842750000000003,0.08127500000000029,0.08141250000000029,0.07841250000000029,0.07806250000000027,0.07393750000000027,0.07275000000000026,0.07146250000000025,0.06731250000000023,0.06412500000000022,0.06196250000000022,0.05872500000000021,0.0553500000000002,0.05473750000000019,0.05108750000000018,0.051125000000000184,0.047750000000000174,0.046450000000000165,0.045175000000000166,0.042037500000000144,0.04143750000000015,0.03955000000000014,0.037900000000000135,0.03633750000000013,0.03537500000000013,0.03397500000000012,0.03325000000000012,0.03282500000000012,0.03320000000000012,0.03205000000000011,0.029987500000000104,0.029750000000000106,0.029900000000000104,0.0286125000000001,0.0285500000000001,0.0276250000000001,0.027400000000000094,0.027275000000000094,0.027050000000000095,0.026612500000000094,0.02595000000000009,0.02536250000000009,0.02558750000000009,0.02563750000000009,0.02560000000000009,0.02541250000000009,0.025625000000000092,0.025400000000000093,0.02546250000000009,0.02563750000000009,0.02565000000000009,0.02563750000000009,0.02573750000000009,0.025625000000000092,0.02561250000000009
15.45,0.007379446116285088,0.007878949323348356,0.009141179324678216,0.010515707290723706,0.012503016352695134,0.014740061085613678,0.01778990163672102,0.01957676190857184,0.02316357131517341,0.02700047250826899,0.03078780787807889,0.034300214376339976,0.040862551078188994,0.045200000000000164,0.05072500000000018,0.0564375000000002,0.06352500000000023,0.06682500000000023,0.07213750000000026,0.07826250000000028,0.08158750000000028,0.08330000000000029,0.0833875000000003,0.08623750000000031,0.08675000000000031,0.0881000000000003,0.08698750000000031,0.08316250000000029,0.0850750000000003,0.0829875000000003,0.07842500000000029,0.07690000000000027,0.07492500000000027,0.07343750000000027,0.07122500000000026,0.06933750000000025,0.06556250000000023,0.06263750000000022,0.06002500000000021,0.05840000000000021,0.05500000000000019,0.05202500000000018,0.05065000000000018,0.048062500000000175,0.04795000000000017,0.04417500000000015,0.043825000000000155,0.04240000000000015,0.03968750000000014,0.038537500000000134,0.03643750000000013,0.035725000000000125,0.03392500000000012,0.03313750000000012,0.032550000000000114,0.033162500000000115,0.031187500000000107,0.029537500000000105,0.029687500000000106,0.0286000000000001,0.0277000000000001,0.027425000000000095,0.027237500000000095,0.027137500000000096,0.026612500000000094,0.02565000000000009,0.02553750000000009,0.02532500000000009,0.02523750000000009,0.02523750000000009,0.02503750000000009,0.024850000000000087,0.024900000000000085,0.02507500000000009,0.02503750000000009,0.02522500000000009,0.02523750000000009,0.02503750000000009,0.024962500000000092,0.02501250000000009,0.024950000000000087,0.024962500000000092,0.025025000000000092
15.55,0.007842224940526556,0.008241631117597579,0.009753925955196828,0.011440989501797887,0.013003137006802707,0.01565271966004071,0.018590009651302662,0.020976887919912493,0.024001110051339532,0.026612965726899845,0.03137531375313708,0.03537522109513134,0.04082505103131321,0.045424999999999355,0.05222499999999925,0.05723749999999919,0.06372499999999909,0.06737499999999905,0.07264999999999897,0.07909999999999887,0.08092499999999886,0.08381249999999882,0.08633749999999878,0.08662499999999876,0.08667499999999877,0.08774999999999875,0.08652499999999877,0.0846249999999988,0.08014999999999886,0.08071249999999885,0.07857499999999888,0.07617499999999892,0.07179999999999898,0.070974999999999,0.070237499999999,0.06777499999999903,0.06299999999999911,0.061237499999999126,0.05793749999999917,0.05504999999999922,0.05396249999999923,0.05049999999999928,0.05044999999999928,0.04756249999999933,0.045087499999999364,0.04472499999999936,0.04173749999999941,0.04011249999999943,0.03882499999999945,0.03653749999999948,0.036112499999999485,0.033737499999999525,0.032649999999999534,0.03233749999999954,0.03279999999999954,0.030724999999999565,0.029074999999999587,0.02928749999999958,0.028062499999999598,0.027849999999999604,0.027337499999999612,0.026937499999999618,0.026387499999999627,0.025074999999999646,0.025112499999999646,0.02531249999999964,0.024862499999999645,0.02472499999999965,0.025062499999999644,0.02463749999999965,0.02403749999999966,0.02394999999999966,0.023737499999999665,0.023837499999999665,0.023549999999999665,0.023537499999999663,0.023687499999999664,0.02348749999999967,0.023462499999999668,0.02341249999999967,0.023462499999999668,0.02344999999999967,0.02338749999999967
15.650000000000002,0.007279385829962579,0.008854438287191487,0.010329157485888106,0.011340958992492751,0.013428239562794571,0.016240321755905146,0.017739894885809647,0.020726865417887683,0.02435112623958867,0.028512998977482207,0.032050320503205144,0.03582522390764955,0.0416375520469402,0.047087500000000164,0.05263750000000019,0.0573625000000002,0.06263750000000022,0.06782500000000023,0.07446250000000026,0.07751250000000028,0.08372500000000029,0.0829875000000003,0.0853250000000003,0.08588750000000031,0.0870875000000003,0.08435000000000029,0.0857125000000003,0.08331250000000029,0.07955000000000029,0.08077500000000029,0.07665000000000027,0.07588750000000027,0.07255000000000025,0.07168750000000025,0.06855000000000025,0.06513750000000022,0.06171250000000022,0.060850000000000216,0.0574125000000002,0.05402500000000019,0.05178750000000018,0.050112500000000185,0.04718750000000017,0.04693750000000017,0.043712500000000154,0.04253750000000015,0.04061250000000015,0.03880000000000013,0.03643750000000013,0.03582500000000013,0.034137500000000126,0.03288750000000012,0.032412500000000115,0.032650000000000116,0.03060000000000011,0.029100000000000105,0.029312500000000106,0.0277625000000001,0.027275000000000094,0.026862500000000095,0.026562500000000096,0.02517500000000009,0.024962500000000092,0.02507500000000009,0.024725000000000087,0.024637500000000086,0.023875000000000087,0.023687500000000087,0.02352500000000008,0.02326250000000008,0.02282500000000008,0.02255000000000008,0.022175000000000077,0.021862500000000076,0.021725000000000078,0.021500000000000078,0.021300000000000076,0.021487500000000076,0.021450000000000077,0.021425000000000076,0.021425000000000076,0.021500000000000078,0.02152500000000008
15.75,0.008154913335284538,0.009242132618975295,0.01051673298502651,0.012541325104156814,0.013590778775379607,0.016615386923478012,0.019590144669530456,0.02208948805392493,0.025263668444665658,0.029438015165265497,0.0331628316283164,0.036375227345171034,0.042062552578190866,0.047925000000000176,0.05215000000000018,0.05770000000000021,0.06493750000000023,0.06843750000000025,0.07388750000000026,0.07960000000000028,0.0823875000000003,0.0820125000000003,0.0847000000000003,0.08561250000000031,0.0858000000000003,0.08511250000000031,0.08395000000000029,0.08256250000000029,0.08145000000000029,0.07727500000000027,0.07615000000000027,0.07317500000000027,0.07170000000000025,0.06897500000000024,0.06806250000000025,0.06241250000000022,0.061612500000000216,0.0571625000000002,0.0560875000000002,0.05411250000000019,0.05001250000000018,0.04973750000000017,0.04692500000000016,0.04442500000000015,0.04453750000000015,0.04053750000000014,0.03905000000000014,0.03763750000000013,0.035712500000000126,0.034075000000000126,0.031975000000000114,0.03226250000000011,0.032487500000000114,0.03050000000000011,0.0287875000000001,0.0287250000000001,0.027112500000000095,0.026787500000000096,0.026575000000000095,0.02583750000000009,0.02507500000000009,0.025087500000000092,0.024525000000000085,0.024462500000000085,0.023450000000000082,0.02315000000000008,0.02267500000000008,0.02193750000000008,0.021175000000000076,0.021200000000000076,0.02152500000000008,0.02187500000000008,0.022225000000000078,0.02218750000000008,0.02245000000000008,0.022387500000000077,0.02245000000000008,0.02245000000000008,0.02263750000000008,0.02251250000000008,0.02242500000000008,0.022362500000000077,0.022350000000000078
15.850000000000001,0.008767782589009909,0.009617320681991882,0.01100442928278636,0.01245379840851464,0.01481607437794373,0.017415525947633462,0.01866501977767005,0.022689542058785372,0.02601370313377003,0.02960051800906526,0.0328128281282814,0.037775236095225734,0.04312505390631754,0.047675000000000176,0.05352500000000019,0.060662500000000216,0.06687500000000024,0.07007500000000025,0.07556250000000027,0.07952500000000028,0.0811125000000003,0.08127500000000029,0.0839000000000003,0.08430000000000029,0.0848000000000003,0.08553750000000031,0.0821250000000003,0.08083750000000028,0.07940000000000028,0.07705000000000027,0.07415000000000026,0.07071250000000026,0.07032500000000025,0.06971250000000025,0.06521250000000023,0.06196250000000022,0.05998750000000021,0.0565125000000002,0.05260000000000019,0.05060000000000018,0.04902500000000017,0.04718750000000017,0.04633750000000016,0.043250000000000156,0.040462500000000144,0.040275000000000144,0.03831250000000014,0.03562500000000013,0.034775000000000125,0.032712500000000116,0.032537500000000115,0.031787500000000114,0.030425000000000108,0.0285625000000001,0.0284375000000001,0.026925000000000095,0.027050000000000095,0.026637500000000095,0.02507500000000009,0.024800000000000086,0.024262500000000086,0.024350000000000087,0.023412500000000083,0.022787500000000082,0.022050000000000076,0.021200000000000076,0.021512500000000077,0.022112500000000077,0.022300000000000077,0.022225000000000078,0.022287500000000078,0.021637500000000077,0.02121250000000008,0.021162500000000077,0.02090000000000007,0.020637500000000072,0.02036250000000007,0.020375000000000074,0.02006250000000007,0.02017500000000007,0.02015000000000007,0.02015000000000007,0.02012500000000007
15.95,0.008480109265832694,0.010280152926654521,0.011292045048131914,0.012853920445735995,0.015003619623234158,0.018140651938274337,0.020340245933201054,0.022777049934494187,0.026401221056473956,0.03013802741547988,0.03330033300333015,0.03972524828280191,0.045512556890696276,0.049637500000000175,0.0552125000000002,0.06183750000000022,0.06475000000000022,0.07043750000000025,0.07615000000000027,0.07870000000000028,0.08063750000000028,0.08366250000000029,0.0845750000000003,0.0845500000000003,0.0858000000000003,0.08417500000000029,0.08215000000000029,0.07800000000000028,0.07961250000000028,0.07530000000000027,0.07498750000000026,0.07091250000000025,0.06940000000000024,0.06686250000000024,0.06410000000000023,0.06070000000000022,0.0571500000000002,0.0562250000000002,0.05430000000000019,0.04953750000000017,0.04915000000000017,0.046000000000000166,0.04398750000000015,0.04330000000000016,0.04073750000000015,0.03818750000000014,0.03593750000000013,0.03512500000000012,0.03292500000000012,0.031962500000000116,0.031187500000000107,0.03088750000000011,0.0285500000000001,0.0285000000000001,0.026937500000000097,0.026662500000000096,0.026162500000000092,0.024575000000000086,0.024462500000000085,0.024125000000000087,0.023712500000000088,0.022975000000000082,0.022037500000000078,0.021250000000000078,0.021862500000000076,0.02218750000000008,0.02206250000000008,0.02108750000000007,0.020212500000000074,0.01978750000000007,0.01910000000000007,0.019325000000000068,0.019200000000000068,0.01915000000000007,0.01900000000000007,0.019137500000000068,0.01912500000000007,0.018837500000000066,0.01900000000000007,0.018812500000000065,0.018762500000000067,0.018762500000000067,0.018750000000000065
16.05,0.009630802558541384,0.01005504008884439,0.011917296711926382,0.013028973837020107,0.016103885062271044,0.017227993363846724,0.02024023243137795,0.02338960506445547,0.02693874591699828,0.031300547759585344,0.035187851878518285,0.0399377496109345,0.04451255564069392,0.05181249999999926,0.05594999999999921,0.060912499999999134,0.06616249999999907,0.070612499999999,0.07574999999999893,0.08012499999999886,0.08136249999999884,0.08308749999999882,0.0841124999999988,0.08518749999999878,0.08238749999999884,0.08359999999999881,0.08044999999999886,0.07886249999999888,0.0766124999999989,0.07434999999999894,0.07203749999999898,0.070724999999999,0.06829999999999903,0.06608749999999906,0.06049999999999914,0.059412499999999153,0.0562999999999992,0.05246249999999925,0.05063749999999928,0.0491999999999993,0.04711249999999933,0.045899999999999344,0.04274999999999939,0.04021249999999943,0.03962499999999944,0.03738749999999947,0.03483749999999951,0.03337499999999953,0.03187499999999954,0.03097499999999956,0.03133749999999955,0.02888749999999959,0.027949999999999604,0.026662499999999624,0.026462499999999622,0.02597499999999963,0.024449999999999656,0.024187499999999654,0.024374999999999654,0.023012499999999672,0.022262499999999682,0.020812499999999703,0.021462499999999694,0.02186249999999969,0.0212749999999997,0.020062499999999716,0.01904999999999973,0.01902499999999973,0.019124999999999726,0.018562499999999735,0.01894999999999973,0.018899999999999733,0.018937499999999732,0.01902499999999973,0.01922499999999973,0.019249999999999726,0.019137499999999728,0.01922499999999973,0.01906249999999973,0.019199999999999728,0.019262499999999728,0.01922499999999973,0.019262499999999728
16.15,0.00948071212905796,0.010955491440084576,0.011779741345891971,0.013629156892852611,0.016641514765437515,0.01912832354621656,0.021202862386422616,0.02435219169725327,0.02793879216913842,0.031063043603263722,0.03500035000350078,0.04007525047031629,0.04467505584382076,0.050700000000001084,0.0564250000000012,0.06180000000000132,0.06451250000000137,0.07168750000000153,0.07732500000000164,0.08036250000000171,0.08001250000000171,0.08305000000000176,0.08296250000000177,0.08372500000000178,0.08293750000000176,0.08147500000000174,0.08155000000000173,0.07848750000000167,0.0756500000000016,0.07318750000000157,0.06930000000000147,0.06886250000000146,0.06788750000000145,0.06368750000000135,0.06041250000000129,0.058912500000001256,0.05586250000000119,0.05261250000000112,0.048750000000001036,0.048212500000001025,0.045287500000000966,0.04361250000000093,0.04293750000000092,0.04061250000000086,0.037625000000000804,0.03518750000000075,0.03473750000000074,0.03218750000000069,0.03157500000000067,0.03171250000000068,0.028850000000000615,0.028025000000000595,0.02712500000000058,0.026400000000000565,0.02575000000000055,0.02433750000000052,0.023775000000000504,0.02392500000000051,0.022500000000000478,0.021550000000000458,0.02106250000000045,0.021962500000000468,0.021325000000000455,0.019900000000000424,0.019062500000000406,0.018812500000000402,0.0187625000000004,0.018862500000000403,0.019137500000000408,0.019287500000000412,0.018637500000000397,0.018462500000000392,0.018212500000000388,0.018062500000000384,0.01776250000000038,0.01777500000000038,0.017987500000000385,0.01796250000000038,0.01790000000000038,0.017887500000000382,0.017875000000000384,0.01792500000000038,0.01790000000000038
16.25,0.01044379238491176,0.010967997708851405,0.012717618841583558,0.015279660296390184,0.01691658112519621,0.018453206244584734,0.0223155125941999,0.025489794081466968,0.02881383263975918,0.03253806941621432,0.03557535575355703,0.04205026281414199,0.046762558453197406,0.050724999999999285,0.05561249999999921,0.06371249999999909,0.06644999999999905,0.07277499999999897,0.0767374999999989,0.07934999999999887,0.07993749999999886,0.08162499999999884,0.08273749999999881,0.08309999999999881,0.08333749999999882,0.08012499999999886,0.0771874999999989,0.0777124999999989,0.07379999999999895,0.07319999999999896,0.070112499999999,0.06812499999999903,0.06638749999999906,0.062274999999999116,0.059724999999999154,0.05514999999999922,0.05358749999999923,0.05161249999999926,0.048887499999999307,0.04691249999999934,0.046012499999999346,0.0419749999999994,0.03963749999999944,0.03857499999999945,0.03668749999999948,0.034387499999999516,0.03293749999999953,0.03148749999999956,0.031074999999999558,0.02942499999999958,0.028362499999999596,0.02692499999999962,0.026174999999999626,0.025749999999999638,0.024149999999999658,0.023674999999999665,0.023624999999999664,0.02242499999999968,0.020862499999999704,0.021449999999999695,0.021512499999999695,0.020037499999999715,0.018787499999999735,0.018574999999999738,0.018724999999999735,0.01907499999999973,0.018637499999999738,0.018012499999999744,0.017762499999999747,0.01768749999999975,0.01827499999999974,0.017962499999999746,0.018124999999999742,0.017974999999999745,0.018137499999999744,0.018124999999999742,0.018012499999999744,0.018037499999999745,0.01821249999999974,0.01821249999999974,0.01827499999999974,0.01827499999999974,0.01826249999999974
16.35,0.010181134133315178,0.01209356189790115,0.012905194340721956,0.014654469613231826,0.01749171987742018,0.019465882197031457,0.021827946772814022,0.0256023042073783,0.02937635865658745,0.03197555957229206,0.03715037150371451,0.04131275820473819,0.04705005881257284,0.05194999999999926,0.05889999999999916,0.06399999999999909,0.06873749999999902,0.07259999999999897,0.07642499999999892,0.07847499999999888,0.07931249999999887,0.08207499999999883,0.08207499999999883,0.08341249999999882,0.08232499999999883,0.07984999999999887,0.07588749999999891,0.0769999999999989,0.07387499999999896,0.07188749999999898,0.06894999999999901,0.06688749999999904,0.0640249999999991,0.06001249999999914,0.05858749999999916,0.05504999999999922,0.050724999999999285,0.0494124999999993,0.04789999999999932,0.044949999999999365,0.04341249999999938,0.04281249999999939,0.03988749999999943,0.03707499999999947,0.03457499999999951,0.03403749999999952,0.030812499999999562,0.03043749999999957,0.030424999999999567,0.027824999999999604,0.02683749999999962,0.02597499999999963,0.02583749999999963,0.02397499999999966,0.023499999999999667,0.023362499999999668,0.022174999999999685,0.02046249999999971,0.02171249999999969,0.020887499999999705,0.01916249999999973,0.018712499999999733,0.018637499999999738,0.018712499999999733,0.018137499999999744,0.01771249999999975,0.017924999999999747,0.018037499999999745,0.017974999999999745,0.017824999999999747,0.017324999999999754,0.017199999999999757,0.017124999999999755,0.017112499999999756,0.01702499999999976,0.01678749999999976,0.01672499999999976,0.016712499999999762,0.016549999999999766,0.016562499999999765,0.016637499999999764,0.016662499999999764,0.016699999999999764
16.450000000000003,0.01075648077966998,0.011468248459540588,0.013117779906412611,0.016279965389444127,0.017391695746599236,0.01975343215883802,0.02291559360513718,0.025252272704543947,0.02931385576582979,0.03288807554132268,0.039175391753918376,0.043962774767343234,0.048375060468826614,0.05382500000000114,0.06000000000000128,0.06270000000000134,0.06891250000000147,0.0749250000000016,0.07670000000000164,0.0795750000000017,0.08242500000000176,0.08251250000000176,0.08302500000000176,0.08013750000000171,0.08158750000000174,0.07891250000000168,0.07815000000000166,0.07336250000000157,0.07226250000000153,0.06851250000000146,0.06736250000000144,0.06688750000000143,0.06256250000000134,0.058575000000001244,0.0564875000000012,0.054925000000001174,0.05286250000000113,0.04772500000000102,0.04670000000000099,0.045162500000000966,0.04156250000000088,0.03968750000000085,0.03836250000000082,0.036487500000000776,0.03403750000000073,0.031612500000000675,0.031250000000000666,0.031087500000000663,0.027937500000000597,0.027662500000000593,0.02630000000000056,0.02536250000000054,0.0235500000000005,0.0233875000000005,0.023300000000000497,0.02201250000000047,0.020550000000000436,0.02152500000000046,0.020262500000000433,0.018687500000000398,0.018137500000000386,0.018687500000000398,0.018150000000000388,0.017637500000000375,0.017950000000000382,0.01782500000000038,0.01740000000000037,0.017025000000000363,0.016587500000000355,0.016762500000000357,0.01643750000000035,0.01656250000000035,0.01636250000000035,0.01636250000000035,0.016325000000000346,0.01633750000000035,0.01656250000000035,0.016512500000000353,0.016525000000000352,0.016487500000000353,0.016512500000000353,0.01642500000000035,0.01641250000000035
16.55,0.011456902783927152,0.012631331454891585,0.0143307681341738,0.015867339538559035,0.018254403874934568,0.020228514704429608,0.023603186430167736,0.02703993359402308,0.030388905486878337,0.034150597635458135,0.03855038550385449,0.043537772111075075,0.04988756235945224,0.05444999999999923,0.05914999999999916,0.06419999999999909,0.06856249999999903,0.07359999999999896,0.07849999999999888,0.07867499999999888,0.08007499999999887,0.08069999999999886,0.08108749999999884,0.08118749999999884,0.07923749999999888,0.07959999999999887,0.07612499999999892,0.07407499999999895,0.070324999999999,0.06868749999999903,0.06754999999999904,0.06468749999999908,0.061374999999999125,0.05838749999999917,0.054424999999999224,0.05122499999999927,0.0491624999999993,0.04729999999999933,0.044712499999999364,0.043912499999999376,0.04157499999999941,0.03878749999999945,0.03684999999999948,0.03416249999999951,0.032962499999999534,0.03091249999999956,0.03013749999999957,0.02892499999999959,0.02764999999999961,0.025887499999999633,0.025462499999999635,0.024324999999999656,0.023724999999999663,0.023162499999999673,0.02191249999999969,0.02026249999999971,0.0211499999999997,0.01961249999999972,0.01839999999999974,0.018312499999999742,0.018749999999999736,0.017324999999999754,0.017787499999999748,0.01771249999999975,0.017099999999999758,0.016524999999999766,0.016487499999999766,0.01629999999999977,0.016262499999999767,0.01627499999999977,0.016349999999999767,0.01606249999999977,0.015924999999999773,0.015774999999999775,0.01564999999999978,0.01554999999999978,0.015312499999999781,0.015299999999999783,0.015224999999999784,0.015174999999999784,0.015037499999999785,0.015087499999999787,0.015099999999999785
16.65,0.011569470606040385,0.012543787573521497,0.014180707734863586,0.017305278109823866,0.017916822433412444,0.02182879275274125,0.024165762377921535,0.027940014601314712,0.031088937863376846,0.03381309172910598,0.03918789187891963,0.04398777492359421,0.049487561859453376,0.05473750000000117,0.06040000000000129,0.06255000000000134,0.06887500000000146,0.0749000000000016,0.07746250000000166,0.07757500000000166,0.08045000000000171,0.08098750000000172,0.08236250000000177,0.08201250000000175,0.07822500000000167,0.0750750000000016,0.07626250000000163,0.07228750000000153,0.07177500000000153,0.06801250000000145,0.0654625000000014,0.06362500000000136,0.058675000000001254,0.05721250000000122,0.053937500000001144,0.05093750000000108,0.04755000000000101,0.046862500000001,0.044212500000000945,0.041237500000000885,0.04035000000000086,0.03837500000000082,0.03610000000000077,0.03365000000000072,0.03162500000000067,0.030787500000000655,0.030287500000000647,0.027250000000000583,0.02656250000000057,0.025575000000000545,0.024800000000000526,0.0235000000000005,0.023287500000000495,0.021762500000000465,0.02017500000000043,0.02115000000000045,0.019287500000000412,0.01837500000000039,0.018362500000000392,0.017887500000000382,0.017225000000000365,0.017737500000000378,0.017062500000000362,0.016462500000000352,0.01603750000000034,0.016125000000000344,0.016175000000000345,0.01585000000000034,0.015425000000000329,0.014900000000000318,0.01460000000000031,0.014450000000000306,0.014375000000000308,0.014225000000000302,0.014350000000000307,0.014525000000000308,0.014375000000000308,0.01448750000000031,0.014475000000000309,0.014450000000000306,0.014375000000000308,0.014350000000000307,0.014337500000000305
16.75,0.012144817252394394,0.012868950561468754,0.015543756361935458,0.016817629376959735,0.019392178363029807,0.021466229757420047,0.024653328199306556,0.02782750447540239,0.030888928612947907,0.03495061163570313,0.040975409754096956,0.04502528140800816,0.049162561453201116,0.05384999999999924,0.061549999999999126,0.06489999999999908,0.07116249999999899,0.07406249999999895,0.07679999999999891,0.0769624999999989,0.07939999999999887,0.07954999999999887,0.08047499999999885,0.07974999999999886,0.07858749999999888,0.07377499999999895,0.07407499999999895,0.07103749999999899,0.06841249999999903,0.06628749999999906,0.06594999999999906,0.061437499999999125,0.05752499999999918,0.05568749999999921,0.05352499999999923,0.05117499999999927,0.047137499999999326,0.045599999999999356,0.044174999999999374,0.041274999999999416,0.03866249999999945,0.03651249999999948,0.03377499999999952,0.03231249999999954,0.030324999999999568,0.02991249999999958,0.0282874999999996,0.026937499999999618,0.025712499999999635,0.025174999999999642,0.02347499999999967,0.023149999999999674,0.021937499999999686,0.020099999999999712,0.020874999999999703,0.01902499999999973,0.018024999999999743,0.01837499999999974,0.017399999999999752,0.01767499999999975,0.01764999999999975,0.016687499999999765,0.01599999999999977,0.016249999999999768,0.016262499999999767,0.015262499999999783,0.014762499999999791,0.014362499999999796,0.014437499999999796,0.0140499999999998,0.0140249999999998,0.0140874999999998,0.0141374999999998,0.0141124999999998,0.013874999999999802,0.013687499999999804,0.013937499999999802,0.013774999999999805,0.013862499999999802,0.013849999999999802,0.013912499999999802,0.013974999999999802,0.013924999999999802
16.85,0.011994726822910633,0.014107071169423474,0.015868887227108688,0.017242759041507415,0.01917962708503399,0.022028827508779335,0.02495336870477479,0.028365052854756524,0.03186397370878358,0.037013147730084746,0.04078790787907821,0.04641279007993734,0.050462563078203126,0.05723749999999919,0.062424999999999106,0.06678749999999906,0.070349999999999,0.07471249999999893,0.0772999999999989,0.07789999999999889,0.08038749999999885,0.08089999999999885,0.07939999999999887,0.07966249999999887,0.07663749999999891,0.07633749999999892,0.07158749999999899,0.070249999999999,0.06637499999999906,0.06632499999999905,0.0632749999999991,0.060187499999999144,0.05746249999999918,0.053112499999999244,0.04977499999999929,0.047449999999999326,0.04651249999999934,0.04341249999999938,0.04142499999999941,0.04028749999999943,0.037799999999999466,0.03553749999999949,0.03288749999999953,0.03136249999999956,0.030237499999999574,0.029837499999999576,0.027124999999999615,0.026124999999999628,0.024962499999999645,0.02298749999999967,0.022849999999999676,0.021974999999999686,0.01973749999999972,0.0210624999999997,0.01907499999999973,0.017887499999999744,0.018499999999999735,0.017112499999999756,0.01753749999999975,0.01689999999999976,0.01618749999999977,0.015887499999999773,0.01616249999999977,0.015087499999999787,0.014187499999999797,0.014374999999999796,0.013812499999999804,0.013949999999999803,0.013649999999999806,0.013962499999999801,0.013949999999999803,0.013487499999999809,0.013199999999999814,0.013187499999999814,0.013074999999999814,0.013262499999999811,0.013287499999999812,0.01324999999999981,0.013137499999999814,0.013124999999999814,0.013137499999999814,0.013124999999999814,0.013162499999999813
16.950000000000003,0.01247001318294299,0.013894464600381237,0.01626904829193785,0.017655384892392555,0.019804777902669442,0.022741451327168583,0.02564096152980707,0.029540158614275912,0.0323014939440956,0.0376881595427928,0.04222542225422344,0.0468377927362056,0.05240006550008299,0.05841250000000125,0.0609375000000013,0.06641250000000141,0.07275000000000155,0.07426250000000158,0.07720000000000164,0.0797125000000017,0.07907500000000169,0.0796500000000017,0.0793375000000017,0.07811250000000167,0.07757500000000166,0.07435000000000158,0.07195000000000154,0.06953750000000149,0.06715000000000143,0.06461250000000138,0.06341250000000136,0.05763750000000123,0.05610000000000119,0.052912500000001125,0.050150000000001076,0.04666250000000099,0.04605000000000098,0.043937500000000934,0.04030000000000086,0.03811250000000081,0.036187500000000775,0.03382500000000072,0.032925000000000704,0.03012500000000064,0.029800000000000635,0.02720000000000058,0.02630000000000056,0.025100000000000535,0.024100000000000513,0.023225000000000495,0.022112500000000472,0.020437500000000438,0.020975000000000445,0.019037500000000405,0.01785000000000038,0.01833750000000039,0.016937500000000362,0.017262500000000368,0.01656250000000035,0.015787500000000336,0.01587500000000034,0.015425000000000329,0.014237500000000302,0.014250000000000304,0.013862500000000295,0.013762500000000294,0.0140750000000003,0.013212500000000281,0.013125000000000279,0.013062500000000277,0.013187500000000282,0.013637500000000292,0.013775000000000294,0.013725000000000293,0.013787500000000293,0.013687500000000291,0.013537500000000289,0.013462500000000287,0.01350000000000029,0.013425000000000286,0.013375000000000284,0.013375000000000284,0.013400000000000287
17.05,0.013207957794571042,0.015245141627240439,0.016869289889180156,0.01803049930228694,0.02141766701216638,0.023379062112041635,0.02650357798302733,0.02912762148593332,0.03310153094580578,0.03747565582397639,0.04212542125421194,0.04836280226751348,0.052887566109456885,0.05741249999999918,0.06232499999999912,0.06669999999999905,0.07128749999999899,0.07609999999999892,0.07557499999999892,0.07841249999999889,0.07914999999999887,0.07989999999999886,0.0781999999999989,0.07591249999999891,0.07363749999999895,0.07469999999999893,0.070499999999999,0.06957499999999901,0.06646249999999905,0.06413749999999908,0.060524999999999135,0.05689999999999919,0.054762499999999215,0.05287499999999924,0.0494624999999993,0.04682499999999934,0.04311249999999939,0.0422249999999994,0.04113749999999942,0.03808749999999946,0.0353499999999995,0.03282499999999953,0.030674999999999564,0.029724999999999578,0.029112499999999587,0.026949999999999617,0.025099999999999647,0.024424999999999655,0.02304999999999967,0.022724999999999676,0.0211249999999997,0.02029999999999971,0.01967499999999972,0.017899999999999746,0.01826249999999974,0.01687499999999976,0.017174999999999756,0.016412499999999764,0.015849999999999774,0.015837499999999775,0.014699999999999791,0.013899999999999801,0.013799999999999804,0.013487499999999809,0.013762499999999804,0.012862499999999819,0.012862499999999819,0.013612499999999807,0.013687499999999804,0.013349999999999812,0.012899999999999816,0.01261249999999982,0.01263749999999982,0.012524999999999823,0.012437499999999822,0.012412499999999823,0.012149999999999828,0.012149999999999828,0.01206249999999983,0.012149999999999828,0.012199999999999827,0.012149999999999828,0.012137499999999827
17.15,0.01450874151676416,0.015357698046145958,0.01639409862469679,0.019030804395340984,0.020905043341706633,0.02390415334664449,0.02709115730623692,0.03079027112440185,0.03288902111722737,0.03827566982422274,0.04293792937929471,0.0479252995331231,0.052862566078208724,0.058100000000001234,0.06048750000000129,0.06733750000000144,0.07276250000000156,0.0752875000000016,0.07570000000000161,0.07800000000000167,0.07822500000000167,0.07812500000000167,0.07883750000000168,0.07650000000000162,0.07276250000000156,0.07215000000000153,0.06962500000000148,0.06632500000000141,0.06475000000000138,0.06351250000000136,0.059387500000001266,0.05667500000000121,0.05252500000000112,0.048987500000001044,0.046975000000001,0.045512500000000976,0.043325000000000925,0.040062500000000854,0.03848750000000082,0.03616250000000077,0.033925000000000725,0.03247500000000069,0.029625000000000633,0.029375000000000626,0.026925000000000573,0.025512500000000545,0.024987500000000534,0.02308750000000049,0.022450000000000477,0.02120000000000045,0.019550000000000418,0.020287500000000434,0.017712500000000377,0.017937500000000384,0.016612500000000356,0.017100000000000365,0.016262500000000346,0.015700000000000335,0.015612500000000333,0.014400000000000307,0.014162500000000302,0.013787500000000293,0.013787500000000293,0.012825000000000274,0.013075000000000279,0.013587500000000289,0.012912500000000274,0.01271250000000027,0.012225000000000262,0.011887500000000252,0.012087500000000258,0.011862500000000253,0.01171250000000025,0.011825000000000252,0.011837500000000252,0.01171250000000025,0.011825000000000252,0.01176250000000025,0.011787500000000253,0.01173750000000025,0.01175000000000025,0.01171250000000025,0.01172500000000025
17.25,0.013933394870409224,0.01602053029080804,0.017369491220215888,0.01854315566247679,0.02141766701216638,0.024466751098002934,0.02832882439129242,0.030015201368122704,0.034364089339131446,0.03972569519966543,0.04398793987939817,0.048112800705003726,0.05243756554695619,0.05984999999999915,0.06274999999999911,0.06843749999999903,0.07222499999999897,0.07469999999999893,0.07448749999999894,0.0772374999999989,0.0777249999999989,0.07909999999999887,0.0777124999999989,0.07577499999999893,0.07343749999999895,0.069774999999999,0.06887499999999902,0.06497499999999908,0.06477499999999908,0.06212499999999912,0.05673749999999919,0.055137499999999215,0.05186249999999926,0.0489999999999993,0.045737499999999355,0.044099999999999376,0.04274999999999939,0.03994999999999943,0.037212499999999475,0.0351124999999995,0.03294999999999953,0.03102499999999956,0.029849999999999578,0.029087499999999586,0.026724999999999617,0.02537499999999964,0.02412499999999966,0.022824999999999675,0.02173749999999969,0.019799999999999717,0.020449999999999708,0.01764999999999975,0.01768749999999975,0.01681249999999976,0.017087499999999756,0.01622499999999977,0.015474999999999779,0.015262499999999783,0.013862499999999802,0.013549999999999807,0.013349999999999812,0.012937499999999815,0.012837499999999818,0.013624999999999807,0.012649999999999821,0.012299999999999825,0.012199999999999827,0.011612499999999835,0.011724999999999835,0.011699999999999834,0.011812499999999832,0.012124999999999827,0.012437499999999822,0.012287499999999825,0.012199999999999827,0.01203749999999983,0.01193749999999983,0.011949999999999829,0.01204999999999983,0.01203749999999983,0.011949999999999829,0.01197499999999983,0.01192499999999983
17.35,0.015384269022085588,0.01679591895437564,0.017281955987284638,0.020081124743046345,0.02213033894426999,0.024716794543051503,0.027441204562615562,0.03042773849646425,0.036351681265258,0.03966319410589629,0.04488794887948816,0.04860030375189776,0.05562506953133612,0.06049999999999914,0.06466249999999908,0.06873749999999902,0.07208749999999897,0.07479999999999894,0.07591249999999891,0.0774499999999989,0.07876249999999888,0.0765999999999989,0.07822499999999889,0.07504999999999894,0.07366249999999895,0.07091249999999899,0.06773749999999903,0.06578749999999907,0.0629374999999991,0.060187499999999144,0.05703749999999919,0.05484999999999922,0.051774999999999266,0.04846249999999931,0.045562499999999354,0.0425374999999994,0.04086249999999942,0.03956249999999944,0.03672499999999948,0.034599999999999506,0.03244999999999954,0.02936249999999958,0.028562499999999595,0.026612499999999623,0.025237499999999642,0.024287499999999653,0.022624999999999677,0.022324999999999682,0.020799999999999704,0.020374999999999713,0.018549999999999737,0.017337499999999756,0.017099999999999758,0.017037499999999758,0.01613749999999977,0.015399999999999782,0.015187499999999785,0.013812499999999804,0.013662499999999807,0.013624999999999807,0.012899999999999816,0.013474999999999808,0.01256249999999982,0.012099999999999828,0.011837499999999833,0.011699999999999834,0.011524999999999836,0.012324999999999826,0.012137499999999827,0.01196249999999983,0.011624999999999833,0.011099999999999843,0.010912499999999846,0.010999999999999843,0.01114999999999984,0.011412499999999838,0.011449999999999837,0.011387499999999839,0.011387499999999839,0.011449999999999837,0.011474999999999836,0.011487499999999836,0.011512499999999837
17.450000000000003,0.014996535412586404,0.01580792372176587,0.018019752950562986,0.02073132305353177,0.02258044753296781,0.02560444877297485,0.02871637671085658,0.032177896010641645,0.03638918299971451,0.041025717950065,0.04538795387953976,0.05060031625197766,0.05613757017196391,0.058987500000001254,0.06437500000000138,0.06987500000000149,0.07255000000000154,0.07481250000000159,0.07765000000000166,0.07687500000000164,0.07676250000000163,0.07670000000000164,0.07360000000000157,0.07356250000000157,0.07177500000000153,0.06906250000000147,0.06798750000000145,0.06456250000000137,0.06287500000000133,0.05916250000000126,0.055587500000001185,0.05096250000000108,0.04805000000000103,0.046125000000000985,0.045037500000000966,0.0422750000000009,0.03921250000000084,0.03667500000000078,0.03510000000000075,0.03241250000000069,0.030825000000000654,0.029375000000000626,0.028987500000000617,0.02630000000000056,0.025062500000000532,0.02388750000000051,0.022262500000000473,0.02112500000000045,0.01933750000000041,0.019287500000000412,0.017300000000000367,0.01783750000000038,0.01688750000000036,0.016087500000000345,0.015337500000000327,0.015037500000000321,0.013625000000000291,0.013587500000000289,0.013412500000000287,0.012800000000000273,0.013012500000000277,0.012400000000000263,0.012237500000000262,0.011650000000000249,0.01175000000000025,0.012087500000000258,0.011800000000000253,0.01078750000000023,0.011125000000000237,0.011350000000000242,0.010950000000000234,0.011162500000000238,0.010987500000000235,0.010912500000000233,0.010875000000000232,0.010537500000000226,0.010500000000000223,0.010562500000000224,0.010387500000000221,0.01033750000000022,0.01030000000000022,0.010275000000000218,0.010262500000000218
17.55,0.016159736241085024,0.016945994179582275,0.018832580113495413,0.020218666693341183,0.02355568280847721,0.026517107347401234,0.029228945907697125,0.03265293876448834,0.03655169051568583,0.04092571620003292,0.047262972629725626,0.05126282039262672,0.05608757010946184,0.06054999999999914,0.06409999999999909,0.06928749999999902,0.07343749999999895,0.07389999999999895,0.07582499999999892,0.07693749999999891,0.0783249999999989,0.0774874999999989,0.07422499999999894,0.070299999999999,0.07162499999999898,0.06771249999999904,0.06457499999999908,0.0631999999999991,0.061299999999999126,0.05772499999999918,0.054149999999999227,0.051499999999999276,0.04861249999999931,0.04511249999999936,0.04316249999999939,0.0421124999999994,0.039537499999999434,0.03711249999999947,0.03428749999999951,0.03182499999999955,0.029312499999999582,0.0281749999999996,0.027049999999999613,0.025087499999999645,0.02393749999999966,0.022437499999999683,0.022149999999999687,0.020074999999999715,0.020087499999999713,0.01751249999999975,0.017724999999999748,0.01616249999999977,0.01612499999999977,0.015374999999999781,0.015037499999999785,0.013562499999999807,0.01346249999999981,0.012949999999999816,0.012712499999999821,0.012762499999999817,0.012012499999999829,0.011399999999999839,0.011337499999999839,0.01199999999999983,0.011437499999999838,0.010937499999999845,0.011012499999999844,0.01113749999999984,0.010749999999999848,0.010312499999999855,0.010837499999999846,0.010674999999999848,0.01058749999999985,0.01056249999999985,0.010474999999999852,0.01052499999999985,0.010462499999999852,0.010399999999999852,0.01048749999999985,0.010474999999999852,0.010474999999999852,0.01054999999999985,0.01061249999999985
17.65,0.016022153347392144,0.01744624493027167,0.01894512541297913,0.02101891076778462,0.023880761233648126,0.026729644275693472,0.02956649147634994,0.03215289376043912,0.03716421884512238,0.04186323260657151,0.04637546375463854,0.0517503234395226,0.05578756973446336,0.059337500000001264,0.06647500000000142,0.0705500000000015,0.07370000000000157,0.07327500000000156,0.07571250000000161,0.07628750000000163,0.07576250000000162,0.07608750000000161,0.07358750000000157,0.07145000000000151,0.06883750000000147,0.06728750000000144,0.06347500000000135,0.06292500000000134,0.06061250000000129,0.055400000000001184,0.05467500000000117,0.05125000000000109,0.04858750000000104,0.04480000000000096,0.0421000000000009,0.03972500000000084,0.03805000000000081,0.03551250000000075,0.032700000000000694,0.03130000000000067,0.028750000000000615,0.029287500000000622,0.02576250000000055,0.024637500000000524,0.023625000000000503,0.02165000000000046,0.02076250000000044,0.01925000000000041,0.018037500000000383,0.017125000000000366,0.016325000000000346,0.01686250000000036,0.015525000000000332,0.015362500000000327,0.013625000000000291,0.013425000000000286,0.012887500000000275,0.012987500000000277,0.012300000000000262,0.011587500000000249,0.011387500000000243,0.012125000000000259,0.01168750000000025,0.010862500000000231,0.010850000000000233,0.01080000000000023,0.010400000000000223,0.010525000000000225,0.010400000000000223,0.010425000000000222,0.00987500000000021,0.009925000000000211,0.009762500000000209,0.009775000000000209,0.009750000000000208,0.00988750000000021,0.00988750000000021,0.009750000000000208,0.009737500000000208,0.009762500000000209,0.009775000000000209,0.009750000000000208,0.009675000000000206
17.75,0.016334841742149414,0.01723363836122832,0.01944532674401419,0.02190668153786874,0.023718222021062246,0.02711721161551781,0.029516484725437515,0.03382804452400668,0.03867678880148152,0.042400742012984625,0.04616296162961564,0.05072531703323074,0.05741257176571389,0.060649999999999135,0.06491249999999908,0.06973749999999901,0.07292499999999896,0.07299999999999897,0.07501249999999894,0.07543749999999892,0.07626249999999891,0.07559999999999893,0.07384999999999896,0.07201249999999897,0.06909999999999902,0.06629999999999905,0.06421249999999909,0.061562499999999125,0.05902499999999916,0.054487499999999224,0.05096249999999927,0.04802499999999932,0.04472499999999936,0.044174999999999374,0.041274999999999416,0.03874999999999945,0.03667499999999948,0.034399999999999514,0.03189999999999955,0.029749999999999575,0.028562499999999595,0.02692499999999962,0.025512499999999636,0.02394999999999966,0.022112499999999684,0.02187499999999969,0.019174999999999727,0.01984999999999972,0.017249999999999755,0.017099999999999758,0.016499999999999765,0.015274999999999784,0.015237499999999784,0.013287499999999812,0.013287499999999812,0.012724999999999818,0.013062499999999814,0.012237499999999827,0.011887499999999832,0.011412499999999838,0.011887499999999832,0.010649999999999847,0.010912499999999846,0.010724999999999848,0.010699999999999849,0.010412499999999852,0.010362499999999853,0.00984999999999986,0.009687499999999863,0.009662499999999862,0.009762499999999862,0.00973749999999986,0.009649999999999862,0.009462499999999865,0.009449999999999866,0.00914999999999987,0.009287499999999869,0.009549999999999864,0.009587499999999863,0.009537499999999866,0.009549999999999864,0.009512499999999865,0.009512499999999865
17.85,0.017060278817987596,0.018221633593838653,0.02052075960574102,0.022006712047174075,0.0250560447708006,0.02787984412291596,0.0301790741750132,0.03485313678230991,0.038539282441812386,0.04345076038830618,0.047900479004789366,0.05336283351770873,0.0595500744375922,0.061687499999999125,0.06723749999999905,0.07108749999999898,0.07168749999999899,0.07267499999999896,0.07581249999999892,0.0765874999999989,0.07441249999999895,0.07432499999999895,0.07359999999999896,0.070562499999999,0.06728749999999904,0.06669999999999905,0.0631874999999991,0.06184999999999912,0.05718749999999919,0.054174999999999224,0.05031249999999928,0.04702499999999934,0.044524999999999364,0.04283749999999939,0.04144999999999941,0.03864999999999945,0.03582499999999949,0.033412499999999526,0.031587499999999546,0.028374999999999595,0.028399999999999596,0.025624999999999638,0.023899999999999658,0.023399999999999668,0.021524999999999694,0.020487499999999707,0.01962499999999972,0.017399999999999752,0.017337499999999756,0.01619999999999977,0.015787499999999774,0.015062499999999786,0.013799999999999804,0.013287499999999812,0.012974999999999817,0.012887499999999816,0.01196249999999983,0.011487499999999836,0.01119999999999984,0.011674999999999835,0.010762499999999847,0.010824999999999845,0.010212499999999854,0.010412499999999852,0.00987499999999986,0.009587499999999863,0.009574999999999863,0.009612499999999864,0.009399999999999867,0.009474999999999865,0.009274999999999868,0.00919999999999987,0.009349999999999867,0.009062499999999871,0.008974999999999872,0.00908749999999987,0.008999999999999873,0.008799999999999876,0.008849999999999874,0.008824999999999875,0.008887499999999875,0.008912499999999874,0.008912499999999874
17.950000000000003,0.016635022601117527,0.018296671206442617,0.019983043174878312,0.023257093413491612,0.02554366240855661,0.027767324572645087,0.03131672775824803,0.03552819753777916,0.03997684892926383,0.043913268482199376,0.049112991129912346,0.05432533953337324,0.05717507146884056,0.06233750000000133,0.06751250000000143,0.06972500000000148,0.07232500000000154,0.07597500000000162,0.0749000000000016,0.0747000000000016,0.0751375000000016,0.07190000000000153,0.06960000000000148,0.0708750000000015,0.06731250000000144,0.06363750000000136,0.06166250000000132,0.059200000000001265,0.05521250000000117,0.05301250000000113,0.050125000000001065,0.04825000000000103,0.04425000000000095,0.04115000000000087,0.039100000000000835,0.037400000000000794,0.034412500000000734,0.031662500000000676,0.029775000000000638,0.028412500000000604,0.027575000000000585,0.02537500000000054,0.02385000000000051,0.021700000000000465,0.021612500000000458,0.018812500000000402,0.01918750000000041,0.016662500000000354,0.016200000000000346,0.016487500000000353,0.015087500000000321,0.01448750000000031,0.013337500000000285,0.013250000000000282,0.012625000000000268,0.012062500000000257,0.011412500000000244,0.011475000000000245,0.011450000000000243,0.010987500000000235,0.010612500000000226,0.010437500000000223,0.010325000000000221,0.009575000000000205,0.009537500000000204,0.0093625000000002,0.0093250000000002,0.009137500000000194,0.008900000000000189,0.008875000000000188,0.008900000000000189,0.008775000000000187,0.008800000000000188,0.008987500000000192,0.00895000000000019,0.008937500000000192,0.00896250000000019,0.009062500000000194,0.009025000000000193,0.009037500000000193,0.008987500000000192,0.009000000000000192,0.009000000000000192
18.05,0.017860761108567658,0.01952228554562947,0.02092092067056961,0.02321958197250128,0.026168813226190444,0.028855013558605397,0.031266721007335546,0.03620325829324588,0.03996434835111067,0.046363311357948106,0.0493379933799331,0.05478784242401437,0.05747507184383899,0.06274999999999911,0.06831249999999903,0.06996249999999901,0.07223749999999897,0.07328749999999895,0.07433749999999895,0.07571249999999893,0.07472499999999893,0.07327499999999897,0.06881249999999901,0.06787499999999903,0.06547499999999908,0.061737499999999126,0.06212499999999912,0.059599999999999154,0.054487499999999224,0.052637499999999254,0.0493499999999993,0.04519999999999935,0.04318749999999939,0.04087499999999942,0.03812499999999946,0.03601249999999949,0.03377499999999952,0.03108749999999956,0.028512499999999594,0.027774999999999606,0.025749999999999638,0.024237499999999655,0.023162499999999673,0.021587499999999694,0.020162499999999712,0.019537499999999722,0.01681249999999976,0.017224999999999754,0.016324999999999767,0.014887499999999788,0.014824999999999788,0.013049999999999813,0.012862499999999819,0.012249999999999825,0.01198749999999983,0.011374999999999838,0.011512499999999837,0.011237499999999841,0.010749999999999848,0.010149999999999855,0.010249999999999855,0.00972499999999986,0.009449999999999866,0.009299999999999867,0.009274999999999868,0.008999999999999873,0.008787499999999875,0.008749999999999876,0.008912499999999874,0.008924999999999872,0.008987499999999872,0.008987499999999872,0.008949999999999873,0.009024999999999872,0.009037499999999872,0.009049999999999872,0.008899999999999873,0.008887499999999875,0.008874999999999874,0.008999999999999873,0.008949999999999873,0.008887499999999875,0.008874999999999874
18.15,0.017960821394890802,0.019584816889466262,0.021558677367640933,0.02320707815883894,0.026406370536892588,0.02875499618058699,0.031441744635526465,0.03606574591713331,0.0403768674301195,0.0450632886075516,0.0492004920049211,0.054137838361490914,0.05855007318759273,0.06270000000000134,0.06706250000000143,0.07285000000000155,0.07155000000000153,0.07406250000000159,0.07417500000000159,0.07381250000000157,0.07390000000000158,0.07113750000000152,0.0699375000000015,0.06743750000000144,0.06500000000000138,0.06298750000000135,0.05991250000000127,0.057325000000001215,0.053200000000001135,0.04915000000000105,0.04622500000000098,0.04365000000000093,0.042912500000000915,0.04098750000000087,0.03806250000000081,0.035062500000000746,0.0329125000000007,0.030825000000000654,0.0282125000000006,0.027987500000000595,0.025225000000000535,0.023725000000000506,0.021937500000000467,0.02145000000000046,0.0189125000000004,0.018837500000000403,0.01656250000000035,0.01593750000000034,0.015575000000000332,0.014825000000000315,0.013400000000000287,0.01311250000000028,0.012225000000000262,0.012362500000000264,0.011600000000000247,0.011350000000000242,0.011050000000000237,0.010512500000000225,0.010087500000000214,0.010225000000000218,0.009487500000000202,0.009512500000000203,0.0093250000000002,0.009000000000000192,0.008712500000000185,0.008825000000000187,0.008875000000000188,0.008862500000000188,0.009050000000000193,0.00888750000000019,0.008725000000000186,0.008625000000000185,0.00841250000000018,0.008225000000000175,0.008100000000000173,0.007825000000000167,0.007812500000000167,0.007850000000000168,0.007762500000000166,0.0076125000000001625,0.007587500000000162,0.007637500000000162,0.007637500000000162
18.25,0.018248494718067377,0.0197348921146722,0.021996353532296436,0.02460750528911283,0.026518897684065904,0.029530130860236547,0.033492021422891614,0.037640887679890656,0.04148941888562287,0.04507578882630382,0.04998799987999809,0.055700348127175,0.058387572984465404,0.06406249999999909,0.06871249999999902,0.070724999999999,0.070749999999999,0.07259999999999897,0.07324999999999897,0.07424999999999894,0.07386249999999896,0.07161249999999898,0.06962499999999901,0.06622499999999906,0.06537499999999907,0.062424999999999106,0.06007499999999914,0.0561499999999992,0.052987499999999244,0.04967499999999929,0.046199999999999346,0.04302499999999939,0.04087499999999942,0.03849999999999945,0.03679999999999948,0.03374999999999952,0.03109999999999956,0.02953749999999958,0.0280374999999996,0.02643749999999962,0.02409999999999966,0.022874999999999677,0.02171249999999969,0.020312499999999713,0.019149999999999726,0.016587499999999762,0.01699999999999976,0.01616249999999977,0.01478749999999979,0.014162499999999797,0.012912499999999816,0.012274999999999824,0.01261249999999982,0.011312499999999838,0.010949999999999845,0.011224999999999841,0.010437499999999851,0.010162499999999856,0.010124999999999856,0.009549999999999864,0.00919999999999987,0.00909999999999987,0.008674999999999877,0.008787499999999875,0.008899999999999873,0.009049999999999872,0.008912499999999874,0.008612499999999877,0.007974999999999887,0.007587499999999892,0.007662499999999891,0.007537499999999893,0.007524999999999893,0.007574999999999892,0.007687499999999891,0.007887499999999888,0.007812499999999889,0.007674999999999891,0.007637499999999892,0.00772499999999989,0.00772499999999989,0.007687499999999891,0.007699999999999891
18.35,0.01897393179390556,0.02032268674673151,0.022434029696952705,0.02499512351267101,0.027606660106750364,0.02978017430528512,0.034654678381581025,0.037565880929283105,0.041651926401595485,0.04615080763913303,0.051025510255101825,0.05650035312720624,0.05962507453134232,0.06512499999999907,0.06738749999999905,0.06943749999999901,0.070312499999999,0.07309999999999896,0.07411249999999894,0.07288749999999897,0.07253749999999898,0.071237499999999,0.06853749999999903,0.06532499999999908,0.0631874999999991,0.05994999999999914,0.058562499999999164,0.053887499999999235,0.05207499999999926,0.0493374999999993,0.04616249999999934,0.0424124999999994,0.03962499999999944,0.03757499999999947,0.035387499999999496,0.033424999999999525,0.03031249999999957,0.027849999999999604,0.027337499999999612,0.024849999999999647,0.023587499999999664,0.02254999999999968,0.0210249999999997,0.01899999999999973,0.018837499999999733,0.016512499999999767,0.015762499999999773,0.015224999999999784,0.014824999999999788,0.012862499999999819,0.012862499999999819,0.01267499999999982,0.011462499999999836,0.011024999999999844,0.01126249999999984,0.01049999999999985,0.010137499999999855,0.010024999999999859,0.009287499999999869,0.008912499999999874,0.008962499999999873,0.008599999999999879,0.008849999999999874,0.008912499999999874,0.008824999999999875,0.008099999999999885,0.007437499999999894,0.0074624999999998946,0.007587499999999892,0.007662499999999891,0.007412499999999894,0.007312499999999896,0.007349999999999896,0.007299999999999897,0.0070499999999999,0.0070249999999999,0.0070499999999999,0.007099999999999899,0.007124999999999899,0.0070249999999999,0.007162499999999898,0.007137499999999899,0.007149999999999899
18.450000000000003,0.019786921620276638,0.0209980252601621,0.022796675661954424,0.02534523029524059,0.028044265679095678,0.030580313329441642,0.03434213618838616,0.03904101369123304,0.04298948826383312,0.047050823389410315,0.05363803638036495,0.05661285383033765,0.0606750758438461,0.06425000000000138,0.06828750000000146,0.07086250000000151,0.07317500000000156,0.07368750000000157,0.07310000000000155,0.07248750000000155,0.06960000000000148,0.06728750000000144,0.06872500000000147,0.06511250000000139,0.0612000000000013,0.06067500000000129,0.05787500000000124,0.053512500000001136,0.05092500000000108,0.046837500000001,0.04362500000000093,0.04246250000000091,0.04061250000000086,0.0373500000000008,0.03473750000000074,0.03231250000000069,0.029875000000000637,0.027462500000000587,0.027150000000000576,0.024725000000000528,0.023212500000000497,0.021162500000000452,0.020262500000000433,0.018362500000000392,0.016612500000000356,0.016712500000000356,0.01598750000000034,0.01460000000000031,0.013425000000000286,0.012900000000000276,0.011937500000000255,0.01172500000000025,0.011050000000000237,0.011275000000000241,0.01072500000000023,0.009762500000000209,0.009937500000000212,0.009237500000000197,0.009250000000000197,0.008737500000000186,0.008700000000000185,0.008787500000000188,0.008562500000000183,0.008150000000000174,0.007362500000000157,0.00752500000000016,0.007637500000000162,0.007287500000000156,0.007137500000000152,0.00705000000000015,0.006800000000000145,0.006762500000000144,0.00657500000000014,0.006662500000000142,0.0067375000000001435,0.006712500000000143,0.006675000000000142,0.006687500000000142,0.006725000000000143,0.006787500000000144,0.006637500000000141,0.006662500000000142,0.006675000000000142
18.55,0.01934915786761496,0.02126065690427297,0.023034271294195587,0.025920405723745373,0.028081774728152768,0.030517802468178413,0.03546728808389082,0.038815993439408995,0.044302048969764224,0.047850837389653636,0.05196301963019557,0.055975349845935746,0.06087507609384425,0.06632499999999905,0.06803749999999903,0.07006249999999901,0.07167499999999898,0.07174999999999898,0.07363749999999895,0.07363749999999895,0.07134999999999898,0.06667499999999905,0.06576249999999906,0.06372499999999909,0.06087499999999914,0.05937499999999916,0.05701249999999919,0.05187499999999926,0.04819999999999932,0.045224999999999356,0.0425374999999994,0.041149999999999416,0.03863749999999945,0.03659999999999948,0.03321249999999953,0.030574999999999564,0.029049999999999587,0.027237499999999613,0.02538749999999964,0.023562499999999664,0.022387499999999682,0.020637499999999708,0.01944999999999972,0.01898749999999973,0.01609999999999977,0.015587499999999779,0.014899999999999788,0.014624999999999793,0.012949999999999816,0.012249999999999825,0.012512499999999822,0.01113749999999984,0.011474999999999836,0.010712499999999847,0.00978749999999986,0.010024999999999859,0.00919999999999987,0.00909999999999987,0.008487499999999879,0.008649999999999877,0.008649999999999877,0.00851249999999988,0.0077124999999998905,0.007499999999999893,0.007562499999999892,0.007249999999999896,0.0070749999999999,0.006699999999999905,0.0067749999999999035,0.0066874999999999045,0.0066874999999999045,0.0066874999999999045,0.0065749999999999064,0.0064374999999999094,0.0064374999999999094,0.006487499999999908,0.006562499999999907,0.006537499999999907,0.006449999999999908,0.006424999999999909,0.006449999999999908,0.006424999999999909,0.006387499999999909
18.65,0.020224685372937624,0.022323689749487407,0.024272269588509893,0.025845382841767288,0.028144289809917244,0.031230426286567955,0.03486720707295559,0.03889100019001793,0.04407703856303448,0.04771333498336323,0.05317553175531869,0.05735035843974147,0.0606750758438461,0.06496250000000138,0.06938750000000148,0.06941250000000149,0.07197500000000154,0.07243750000000154,0.07211250000000154,0.07180000000000153,0.06911250000000148,0.06911250000000148,0.0657500000000014,0.06325000000000135,0.0610750000000013,0.058500000000001245,0.05490000000000117,0.05216250000000111,0.04832500000000103,0.04553750000000097,0.04273750000000091,0.039287500000000836,0.036662500000000785,0.03451250000000074,0.0327500000000007,0.029800000000000635,0.027600000000000586,0.02730000000000058,0.02440000000000052,0.023150000000000497,0.02121250000000045,0.02072500000000044,0.018050000000000385,0.016937500000000362,0.016675000000000356,0.015787500000000336,0.014400000000000307,0.012825000000000274,0.01213750000000026,0.012287500000000262,0.011162500000000238,0.010900000000000232,0.009987500000000213,0.010000000000000214,0.00988750000000021,0.009187500000000196,0.009087500000000193,0.00845000000000018,0.008650000000000184,0.008750000000000186,0.008325000000000178,0.007487500000000159,0.00753750000000016,0.007112500000000151,0.006775000000000145,0.006425000000000136,0.006587500000000141,0.006687500000000142,0.0063000000000001345,0.006412500000000137,0.006187500000000132,0.006237500000000133,0.006262500000000133,0.006425000000000136,0.006525000000000138,0.006450000000000138,0.006412500000000137,0.0063375000000001356,0.006475000000000138,0.006412500000000137,0.006450000000000138,0.006462500000000137,0.006462500000000137
18.75,0.02103767519930728,0.02243624616839159,0.024759965886268873,0.02727081759936742,0.028769440627550987,0.03284320650713014,0.0373175378676116,0.040928683581521755,0.04390203046890856,0.04918836079631324,0.05323803238032305,0.05552534703341817,0.06250007812509677,0.06662499999999906,0.06932499999999901,0.06938749999999902,0.07103749999999899,0.07136249999999898,0.07321249999999896,0.07196249999999899,0.06948749999999901,0.06782499999999904,0.0635749999999991,0.0633124999999991,0.059112499999999166,0.05791249999999918,0.05378749999999924,0.05071249999999928,0.04839999999999931,0.04453749999999936,0.04147499999999941,0.03943749999999944,0.03684999999999948,0.03452499999999951,0.03219999999999954,0.029499999999999582,0.027062499999999615,0.02627499999999963,0.02411249999999966,0.022412499999999683,0.0210249999999997,0.019499999999999722,0.018724999999999735,0.01616249999999977,0.015424999999999781,0.01479999999999979,0.014274999999999798,0.01261249999999982,0.011737499999999835,0.011712499999999834,0.010724999999999848,0.010874999999999845,0.010362499999999853,0.009799999999999861,0.009374999999999868,0.009012499999999871,0.00836249999999988,0.008612499999999877,0.008712499999999877,0.007937499999999887,0.007212499999999898,0.0071999999999998975,0.006937499999999901,0.006449999999999908,0.006712499999999904,0.006524999999999907,0.006387499999999909,0.006174999999999912,0.006399999999999909,0.006399999999999909,0.0068624999999999025,0.006962499999999901,0.0070749999999999,0.0070374999999999,0.006899999999999902,0.006962499999999901,0.006999999999999901,0.0070374999999999,0.006937499999999901,0.006974999999999901,0.006949999999999901,0.006974999999999901,0.0070249999999999
18.85,0.02106269027088791,0.022261158405650513,0.024772470919544768,0.026983229885114576,0.029832197017530055,0.03423094762714973,0.036367409600295525,0.040466141952775175,0.04407703856303291,0.04796333935843809,0.054575545755456784,0.05742535890849236,0.06126257657821985,0.06593749999999907,0.06867499999999903,0.06847499999999902,0.070587499999999,0.07138749999999898,0.06993749999999901,0.071137499999999,0.06974999999999901,0.06613749999999906,0.06443749999999908,0.06099999999999914,0.059324999999999156,0.05772499999999918,0.05167499999999926,0.05027499999999928,0.04552499999999936,0.04269999999999939,0.04148749999999941,0.03936249999999944,0.03641249999999948,0.03303749999999953,0.029674999999999577,0.028587499999999596,0.026599999999999624,0.02449999999999965,0.023012499999999672,0.02184999999999969,0.020649999999999703,0.018012499999999744,0.01752499999999975,0.016499999999999765,0.015612499999999778,0.014262499999999798,0.012649999999999821,0.012462499999999823,0.012474999999999823,0.011012499999999844,0.011224999999999841,0.01049999999999985,0.009912499999999859,0.00913749999999987,0.008724999999999875,0.00844999999999988,0.008574999999999878,0.008537499999999879,0.007562499999999892,0.007362499999999895,0.0070749999999999,0.006637499999999906,0.006537499999999907,0.006524999999999907,0.006249999999999911,0.006274999999999912,0.006362499999999909,0.006912499999999902,0.006999999999999901,0.006962499999999901,0.006762499999999903,0.006649999999999906,0.006387499999999909,0.00629999999999991,0.006387499999999909,0.006274999999999912,0.006199999999999912,0.0062374999999999115,0.00628749999999991,0.006374999999999909,0.00634999999999991,0.00633749999999991,0.00628749999999991
18.950000000000003,0.02147543895196902,0.02346176020730441,0.025372712516788548,0.02760842056827391,0.029944724164705373,0.03344331077524791,0.038030134068100005,0.04176625896330759,0.04585212066058152,0.05151340148452708,0.05602556025560375,0.05823786398665115,0.06323757904697515,0.06686250000000143,0.06758750000000144,0.06838750000000146,0.07140000000000152,0.07211250000000154,0.07136250000000152,0.06742500000000144,0.06595000000000141,0.06671250000000142,0.06292500000000134,0.05935000000000126,0.058675000000001254,0.055325000000001186,0.05131250000000109,0.04671250000000099,0.04431250000000095,0.04140000000000088,0.039300000000000834,0.03673750000000078,0.03443750000000073,0.03233750000000069,0.02955000000000063,0.02720000000000058,0.027137500000000578,0.02423750000000052,0.022450000000000477,0.020850000000000445,0.01963750000000042,0.018412500000000394,0.016087500000000345,0.015325000000000328,0.014912500000000318,0.014250000000000304,0.012525000000000267,0.01176250000000025,0.011375000000000243,0.010387500000000221,0.010025000000000214,0.009625000000000205,0.009212500000000196,0.00892500000000019,0.00845000000000018,0.00843750000000018,0.008512500000000181,0.007550000000000162,0.00750000000000016,0.007100000000000151,0.0065375000000001396,0.00657500000000014,0.006425000000000136,0.006137500000000131,0.006425000000000136,0.006975000000000149,0.006925000000000148,0.006625000000000141,0.006325000000000135,0.006225000000000133,0.00610000000000013,0.006175000000000132,0.006137500000000131,0.005975000000000127,0.005775000000000123,0.00565000000000012,0.005750000000000123,0.005675000000000121,0.005550000000000118,0.005500000000000117,0.005512500000000117,0.005500000000000117,0.005525000000000118
19.05,0.022300936314128945,0.023749404388949624,0.025560288015926046,0.027608420568272934,0.030007239246467782,0.033855882459576866,0.037780100313541794,0.042503825344280384,0.046402146099256435,0.051350898640725486,0.0534255342553418,0.05883786773667252,0.06351257939072334,0.06558749999999908,0.06797499999999904,0.07133749999999899,0.070649999999999,0.070524999999999,0.070374999999999,0.06869999999999903,0.06492499999999908,0.06401249999999908,0.06217499999999912,0.05982499999999916,0.05732499999999918,0.05418749999999923,0.05067499999999928,0.04759999999999933,0.04467499999999936,0.04186249999999941,0.03854999999999945,0.03632499999999948,0.03404999999999952,0.03163749999999955,0.029662499999999578,0.026674999999999623,0.025699999999999636,0.023437499999999667,0.02184999999999969,0.020149999999999713,0.01894999999999973,0.018312499999999742,0.01593749999999977,0.01556249999999978,0.0140374999999998,0.01257499999999982,0.012349999999999825,0.01202499999999983,0.01056249999999985,0.010937499999999845,0.010187499999999856,0.009762499999999862,0.009124999999999871,0.008749999999999876,0.00842499999999988,0.008549999999999879,0.007499999999999893,0.007549999999999893,0.006849999999999902,0.0062374999999999115,0.006587499999999907,0.006174999999999912,0.00631249999999991,0.006937499999999901,0.006899999999999902,0.00628749999999991,0.006212499999999912,0.006199999999999912,0.005874999999999917,0.005587499999999921,0.00562499999999992,0.005537499999999922,0.005749999999999918,0.005662499999999919,0.0057249999999999185,0.005874999999999917,0.005812499999999917,0.005837499999999917,0.005862499999999917,0.005812499999999917,0.005812499999999917,0.005812499999999917,0.005812499999999917
19.150000000000002,0.022013262990951736,0.02447476797744835,0.02633560007903144,0.027358344295009593,0.03130755294714806,0.03494357144553817,0.03788011381536454,0.04330389735076095,0.047289687148029926,0.05163840367206352,0.05438804388043803,0.05950037187732339,0.06456258070322496,0.06574999999999906,0.06859999999999902,0.06936249999999902,0.069799999999999,0.07169999999999899,0.070024999999999,0.06819999999999903,0.06656249999999905,0.06408749999999909,0.06126249999999913,0.059387499999999156,0.05747499999999918,0.05306249999999924,0.04983749999999929,0.04737499999999933,0.04354999999999938,0.040837499999999416,0.03859999999999945,0.03603749999999949,0.03339999999999953,0.029862499999999577,0.027974999999999604,0.02606249999999963,0.02392499999999966,0.022537499999999683,0.021537499999999696,0.020187499999999713,0.017399999999999752,0.016037499999999774,0.015724999999999777,0.014649999999999792,0.0140749999999998,0.012349999999999825,0.011599999999999836,0.010899999999999846,0.010887499999999845,0.010399999999999852,0.009649999999999862,0.009024999999999872,0.008737499999999876,0.008174999999999884,0.008537499999999879,0.007637499999999892,0.007549999999999893,0.0066624999999999055,0.0064624999999999076,0.00633749999999991,0.006099999999999914,0.006412499999999909,0.0067499999999999045,0.006524999999999907,0.006224999999999911,0.0060624999999999134,0.005537499999999922,0.005462499999999922,0.005587499999999921,0.005824999999999917,0.005812499999999917,0.00567499999999992,0.005649999999999919,0.005799999999999918,0.005874999999999917,0.0057249999999999185,0.00557499999999992,0.00559999999999992,0.005562499999999921,0.005549999999999921,0.005549999999999921,0.00557499999999992,0.005562499999999921
19.25,0.02351416728579019,0.025062562609508548,0.02704838697575832,0.029046359139538177,0.03255785458241871,0.035943745225733736,0.03976786866227025,0.042628836595294484,0.04721468367912117,0.05098839229686629,0.05512555125551373,0.05892536828355303,0.06292507865634965,0.06776250000000145,0.06715000000000143,0.06963750000000148,0.06998750000000149,0.06906250000000147,0.06986250000000149,0.06743750000000144,0.0658625000000014,0.061887500000001316,0.06197500000000132,0.057675000000001225,0.05595000000000119,0.05122500000000109,0.05003750000000107,0.045425000000000965,0.04170000000000089,0.040112500000000856,0.03798750000000081,0.035000000000000746,0.03151250000000067,0.029487500000000628,0.02665000000000057,0.026250000000000558,0.02381250000000051,0.022125000000000474,0.020562500000000438,0.019087500000000406,0.018300000000000392,0.015700000000000335,0.014912500000000318,0.014300000000000306,0.012750000000000273,0.01221250000000026,0.011937500000000255,0.010550000000000226,0.010400000000000223,0.009600000000000204,0.009000000000000192,0.008600000000000184,0.008250000000000176,0.008537500000000182,0.007900000000000169,0.007275000000000155,0.006700000000000143,0.00657500000000014,0.006162500000000132,0.006137500000000131,0.006700000000000143,0.006812500000000146,0.006225000000000133,0.00607500000000013,0.005400000000000115,0.005712500000000122,0.005787500000000124,0.0055625000000001186,0.005825000000000124,0.005550000000000118,0.005412500000000115,0.005550000000000118,0.005450000000000116,0.005462500000000116,0.005300000000000113,0.005350000000000113,0.005450000000000116,0.005400000000000115,0.005437500000000116,0.005412500000000115,0.005400000000000115,0.005400000000000115,0.005412500000000115
19.35,0.02352667482157967,0.02462484320265498,0.026860811476618958,0.029584023127053334,0.033295532547226545,0.03621879301528589,0.03950533321998414,0.042503825344280384,0.04635214378664948,0.05257592007860063,0.054725547255471775,0.05963787273670376,0.06437508046884967,0.06692499999999904,0.06682499999999905,0.06853749999999903,0.069649999999999,0.070749999999999,0.06941249999999902,0.06772499999999904,0.06523749999999907,0.062487499999999106,0.05888749999999916,0.05742499999999918,0.05552499999999921,0.05134999999999927,0.046624999999999334,0.04307499999999939,0.04078749999999942,0.038462499999999455,0.0355624999999995,0.03324999999999953,0.03171249999999955,0.029249999999999585,0.026074999999999633,0.02599999999999963,0.02317499999999967,0.021387499999999695,0.01951249999999972,0.017987499999999747,0.017374999999999752,0.01612499999999977,0.015249999999999785,0.013949999999999803,0.012537499999999823,0.011549999999999836,0.010824999999999845,0.011037499999999843,0.010112499999999856,0.009662499999999862,0.008999999999999873,0.00839999999999988,0.00837499999999988,0.008074999999999884,0.0070249999999999,0.006937499999999901,0.006412499999999909,0.006049999999999914,0.006187499999999913,0.006799999999999903,0.006424999999999909,0.006187499999999913,0.00562499999999992,0.005537499999999922,0.005774999999999918,0.0056124999999999205,0.005537499999999922,0.00559999999999992,0.005399999999999924,0.005387499999999924,0.005474999999999923,0.005224999999999926,0.005312499999999925,0.005312499999999925,0.005474999999999923,0.005424999999999923,0.005512499999999922,0.005512499999999922,0.005487499999999921,0.005499999999999922,0.005512499999999922,0.005462499999999922,0.005437499999999922
19.450000000000003,0.0241520516110962,0.026063064110886137,0.026860811476619912,0.02918390108983302,0.03305797523652652,0.036518845149345475,0.04050546823821302,0.04396645698112924,0.04858974727581254,0.05342593495386283,0.055900559005591245,0.06131288320552134,0.06348757935947555,0.06620000000000141,0.0661250000000014,0.06905000000000147,0.0699500000000015,0.06810000000000145,0.06803750000000144,0.0657750000000014,0.06502500000000139,0.061475000000001306,0.057850000000001234,0.05670000000000121,0.05353750000000114,0.04968750000000106,0.04645000000000099,0.04366250000000093,0.04110000000000087,0.0375750000000008,0.03503750000000075,0.03348750000000071,0.03042500000000065,0.027150000000000576,0.02628750000000056,0.02381250000000051,0.02197500000000047,0.02111250000000045,0.019937500000000424,0.017525000000000374,0.015712500000000334,0.014725000000000314,0.014250000000000304,0.012787500000000273,0.01171250000000025,0.011637500000000248,0.01037500000000022,0.009650000000000205,0.009312500000000199,0.008725000000000186,0.008600000000000184,0.008287500000000177,0.008237500000000175,0.007150000000000153,0.006875000000000147,0.006150000000000131,0.006112500000000131,0.006112500000000131,0.0067375000000001435,0.006412500000000137,0.006112500000000131,0.005337500000000114,0.00560000000000012,0.005587500000000119,0.005462500000000116,0.005337500000000114,0.005362500000000115,0.0052250000000001115,0.005300000000000113,0.005500000000000117,0.005212500000000111,0.005300000000000113,0.005162500000000111,0.005000000000000107,0.0046500000000000985,0.0046500000000000985,0.004587500000000098,0.004537500000000097,0.004612500000000098,0.0046500000000000985,0.0047125000000001,0.004762500000000102,0.004775000000000102
19.55,0.02465235304270788,0.02521263783471429,0.026960851742826107,0.02984660321397984,0.03325802349816846,0.03715645593421804,0.040955528996413935,0.04545409086817749,0.050989858280944766,0.05368843954769132,0.05772557725577174,0.06110038187738587,0.0649750812188506,0.06653749999999906,0.06747499999999905,0.06883749999999902,0.06893749999999901,0.06872499999999902,0.06612499999999906,0.0631874999999991,0.06287499999999911,0.060712499999999135,0.05864999999999916,0.0560249999999992,0.053174999999999244,0.04893749999999931,0.04557499999999935,0.043449999999999385,0.039587499999999436,0.03816249999999946,0.03581249999999949,0.03196249999999955,0.02889999999999959,0.027149999999999612,0.025649999999999635,0.023274999999999667,0.021762499999999692,0.020212499999999713,0.018549999999999737,0.018049999999999743,0.015237499999999784,0.015162499999999784,0.013637499999999806,0.012212499999999828,0.011299999999999838,0.010887499999999845,0.010962499999999844,0.010087499999999857,0.009474999999999865,0.008649999999999877,0.008149999999999885,0.008112499999999885,0.007262499999999897,0.006937499999999901,0.006387499999999909,0.0062374999999999115,0.006074999999999914,0.006724999999999905,0.006124999999999913,0.005999999999999915,0.005312499999999925,0.005687499999999919,0.005749999999999918,0.005387499999999924,0.005362499999999924,0.005337499999999924,0.005437499999999922,0.005224999999999926,0.00493749999999993,0.004524999999999936,0.004737499999999933,0.004699999999999933,0.004512499999999936,0.004549999999999935,0.004687499999999934,0.004799999999999932,0.004749999999999932,0.004774999999999932,0.004687499999999934,0.004662499999999933,0.004612499999999934,0.0045874999999999345,0.004612499999999934
19.650000000000002,0.024352172183740358,0.026800933968151155,0.02864903123507171,0.03208478585968675,0.035195991032836174,0.03739399720701419,0.04249323658693863,0.04550409536858253,0.04870225247917647,0.05266342160987743,0.05687556875568675,0.06218788867430333,0.06388757985947391,0.06549999999999907,0.06909999999999902,0.06822499999999902,0.06839999999999903,0.06886249999999902,0.06707499999999904,0.06369999999999909,0.06179999999999912,0.05996249999999915,0.05771249999999918,0.05582499999999921,0.05188749999999926,0.048699999999999306,0.045774999999999344,0.04054999999999942,0.039599999999999434,0.03681249999999948,0.03374999999999952,0.03108749999999956,0.028337499999999596,0.026012499999999633,0.025712499999999635,0.022974999999999673,0.0212624999999997,0.019374999999999726,0.01751249999999975,0.01629999999999977,0.015637499999999777,0.014399999999999795,0.013724999999999805,0.012087499999999828,0.01193749999999983,0.010262499999999855,0.009524999999999865,0.009374999999999868,0.008974999999999872,0.00842499999999988,0.008237499999999882,0.008012499999999886,0.007362499999999895,0.0064624999999999076,0.00633749999999991,0.005937499999999916,0.006612499999999906,0.006124999999999913,0.005949999999999916,0.005424999999999923,0.00562499999999992,0.005437499999999922,0.005287499999999925,0.005149999999999927,0.005474999999999923,0.005074999999999928,0.0045624999999999355,0.004749999999999932,0.004537499999999936,0.004699999999999933,0.0045874999999999345,0.004549999999999935,0.004749999999999932,0.0046749999999999335,0.004637499999999934,0.004512499999999936,0.004424999999999937,0.004487499999999936,0.004537499999999936,0.0045624999999999355,0.004524999999999936,0.004512499999999936,0.004499999999999936
19.75,0.025477850404869475,0.02650078351773883,0.028811596667659346,0.03243489264225658,0.03369562907051398,0.038494188365229276,0.041443094817801285,0.04521656949125518,0.05058983978009091,0.05417594807909254,0.057100571005711274,0.06172538578366247,0.06355007943760065,0.0662500000000014,0.06707500000000143,0.06850000000000146,0.06998750000000149,0.06787500000000145,0.06528750000000139,0.06517500000000138,0.06166250000000132,0.06018750000000128,0.0562500000000012,0.05436250000000115,0.04842500000000103,0.04775000000000102,0.04271250000000091,0.04015000000000085,0.0377625000000008,0.03481250000000074,0.0329125000000007,0.03060000000000065,0.0281625000000006,0.025675000000000545,0.02427500000000052,0.022112500000000472,0.020837500000000446,0.019562500000000416,0.01728750000000037,0.015550000000000333,0.014650000000000312,0.013937500000000299,0.01215000000000026,0.01173750000000025,0.010962500000000234,0.010575000000000225,0.009937500000000212,0.009312500000000199,0.008325000000000178,0.008025000000000171,0.008100000000000173,0.00705000000000015,0.0065375000000001396,0.006387500000000136,0.005887500000000125,0.006675000000000142,0.006275000000000134,0.005912500000000126,0.005487500000000117,0.005375000000000115,0.005350000000000113,0.005300000000000113,0.005162500000000111,0.005162500000000111,0.004487500000000096,0.004562500000000097,0.004675000000000099,0.0044500000000000945,0.004637500000000099,0.0044500000000000945,0.004525000000000097,0.004462500000000095,0.004387500000000094,0.004625000000000099,0.004600000000000098,0.004562500000000097,0.0047000000000001,0.004550000000000097,0.004562500000000097,0.004500000000000096,0.004550000000000097,0.004537500000000097,0.004537500000000097
19.85,0.024977548973256034,0.02690098411828891,0.028786586601106535,0.031872221027412904,0.037021431420329626,0.0385316948819852,0.04183064713736295,0.0463041673750631,0.049964810872502145,0.052488418547323834,0.05828808288082798,0.061587884924279905,0.06683758354697848,0.06518749999999907,0.06737499999999905,0.06772499999999904,0.06693749999999904,0.06746249999999905,0.06564999999999906,0.0633749999999991,0.060649999999999135,0.05828749999999917,0.05544999999999921,0.054087499999999226,0.05009999999999929,0.04481249999999937,0.0422624999999994,0.039837499999999436,0.036887499999999476,0.034337499999999514,0.03224999999999954,0.028999999999999585,0.027337499999999612,0.025087499999999645,0.022624999999999677,0.021437499999999696,0.020112499999999714,0.01823749999999974,0.017824999999999747,0.015262499999999783,0.01478749999999979,0.013524999999999806,0.01198749999999983,0.011299999999999838,0.010312499999999855,0.010087499999999857,0.009287499999999869,0.008649999999999877,0.008174999999999884,0.008124999999999884,0.007274999999999896,0.006799999999999903,0.006137499999999912,0.006087499999999913,0.006474999999999908,0.0063249999999999106,0.005912499999999916,0.005449999999999923,0.00557499999999992,0.005437499999999922,0.005287499999999925,0.005424999999999923,0.00486249999999993,0.004749999999999932,0.004649999999999934,0.004612499999999934,0.004374999999999938,0.004512499999999936,0.004599999999999935,0.004574999999999935,0.004487499999999936,0.004449999999999937,0.004549999999999935,0.004287499999999939,0.004374999999999938,0.004537499999999936,0.004449999999999937,0.004524999999999936,0.004524999999999936,0.004512499999999936,0.004487499999999936,0.0044749999999999365,0.004449999999999937
19.950000000000003,0.026503468339675217,0.027051059343496504,0.029111717466280797,0.03252241933789875,0.03484590657496195,0.03964438821245276,0.04254324333785152,0.0461916572491534,0.051164866375070936,0.053663439110185576,0.05826308263082756,0.06291289320558387,0.06438758048447697,0.06513750000000139,0.06652500000000142,0.06663750000000142,0.06762500000000143,0.06815000000000146,0.06602500000000142,0.06387500000000136,0.0608000000000013,0.0561125000000012,0.05585000000000119,0.052300000000001116,0.048862500000001044,0.045575000000000976,0.04385000000000094,0.03921250000000084,0.03688750000000079,0.03517500000000075,0.03133750000000067,0.028737500000000613,0.025525000000000547,0.02591250000000055,0.02303750000000049,0.02110000000000045,0.018937500000000405,0.017175000000000367,0.015812500000000337,0.014800000000000316,0.014000000000000299,0.012750000000000273,0.01177500000000025,0.011225000000000238,0.010125000000000215,0.009675000000000206,0.009225000000000197,0.008325000000000178,0.00801250000000017,0.008150000000000174,0.00703750000000015,0.006287500000000134,0.006050000000000128,0.005950000000000127,0.0064375000000001376,0.005837500000000124,0.005362500000000115,0.005550000000000118,0.00518750000000011,0.005050000000000107,0.005212500000000111,0.004462500000000095,0.004512500000000096,0.004362500000000093,0.004362500000000093,0.004287500000000092,0.0046500000000000985,0.004400000000000094,0.004262500000000091,0.004512500000000096,0.004462500000000095,0.004437500000000094,0.004312500000000092,0.004425000000000095,0.004512500000000096,0.0044500000000000945,0.004437500000000094,0.004425000000000095,0.004425000000000095,0.004475000000000095,0.004475000000000095,0.004500000000000096,0.004512500000000096
20.05,0.02594062922911017,0.028226648607614167,0.03157520902163076,0.03313510620739278,0.037196473649267356,0.03998194686326693,0.04394343236336843,0.048154333890049424,0.0531274571448922,0.05450095376669015,0.05950059500594922,0.06168788554928381,0.06401258001572412,0.06411249999999909,0.06701249999999905,0.06869999999999903,0.06658749999999905,0.06496249999999908,0.06274999999999911,0.06216249999999912,0.05883749999999916,0.05716249999999919,0.054474999999999225,0.051849999999999265,0.04788749999999932,0.04461249999999936,0.04092499999999942,0.03886249999999945,0.03672499999999948,0.03311249999999953,0.030324999999999568,0.027774999999999606,0.024974999999999647,0.024349999999999653,0.021962499999999687,0.02059999999999971,0.019287499999999725,0.017099999999999758,0.015199999999999783,0.01467499999999979,0.013324999999999811,0.011862499999999832,0.010762499999999847,0.010387499999999852,0.010274999999999854,0.009124999999999871,0.008762499999999875,0.008049999999999885,0.007974999999999887,0.006624999999999905,0.006737499999999904,0.0063249999999999106,0.005749999999999918,0.006587499999999907,0.005962499999999915,0.005174999999999926,0.005274999999999925,0.005199999999999926,0.005049999999999929,0.005149999999999927,0.0045624999999999355,0.004599999999999935,0.004549999999999935,0.004487499999999936,0.004637499999999934,0.004574999999999935,0.004412499999999937,0.004437499999999937,0.004412499999999937,0.004399999999999938,0.004349999999999938,0.0042749999999999394,0.00422499999999994,0.004087499999999942,0.003874999999999945,0.003787499999999946,0.003712499999999947,0.0037499999999999465,0.003637499999999948,0.003662499999999948,0.003624999999999948,0.0036499999999999484,0.003662499999999948
20.150000000000002,0.026678573840738667,0.028026548307338653,0.03165023922128612,0.034898143933899346,0.03624624440646255,0.04139469232779136,0.04386842223700137,0.04919192727345391,0.05017732070108172,0.05566347411079615,0.05920059200591922,0.06247539047118955,0.06421258026572442,0.06529999999999907,0.06716249999999904,0.06678749999999906,0.06652499999999906,0.06432499999999908,0.061737499999999126,0.06047499999999915,0.05834999999999917,0.0560374999999992,0.05477499999999922,0.050537499999999284,0.046987499999999335,0.04434999999999937,0.03962499999999944,0.03791249999999946,0.03437499999999951,0.03226249999999954,0.030024999999999573,0.027237499999999613,0.025487499999999635,0.02252499999999968,0.021199999999999698,0.019487499999999724,0.01823749999999974,0.01751249999999975,0.015187499999999785,0.014612499999999792,0.013612499999999807,0.011687499999999833,0.011687499999999833,0.009974999999999857,0.010024999999999859,0.009399999999999867,0.008212499999999883,0.008062499999999886,0.007899999999999888,0.0070249999999999,0.005849999999999917,0.005924999999999916,0.006649999999999906,0.005887499999999916,0.005137499999999927,0.005562499999999921,0.005362499999999924,0.005037499999999928,0.005112499999999927,0.004599999999999935,0.004499999999999936,0.004337499999999939,0.004462499999999936,0.004324999999999938,0.004374999999999938,0.0042749999999999394,0.004374999999999938,0.004337499999999939,0.004137499999999942,0.003737499999999947,0.003587499999999949,0.003424999999999951,0.003324999999999953,0.0033499999999999524,0.0034749999999999504,0.0034749999999999504,0.00353749999999995,0.0034749999999999504,0.00353749999999995,0.00352499999999995,0.0035749999999999493,0.0035624999999999494,0.0035499999999999495
20.25,0.026691081376529927,0.028251661145149605,0.031175047956803276,0.033885335027184015,0.037096449518447115,0.04063205982039466,0.04404344586519274,0.048479363142683876,0.051739892970050966,0.05570097476705962,0.06035060350603634,0.06227538922118396,0.06416258020322661,0.06708750000000142,0.0657125000000014,0.06637500000000142,0.06677500000000143,0.06511250000000139,0.06166250000000132,0.06056250000000129,0.05882500000000126,0.05508750000000117,0.05292500000000113,0.04737500000000101,0.046537500000000995,0.041000000000000876,0.038700000000000824,0.03638750000000078,0.03415000000000073,0.031787500000000676,0.0281875000000006,0.02622500000000056,0.024662500000000528,0.022775000000000486,0.02070000000000044,0.018925000000000403,0.017112500000000364,0.015725000000000336,0.014587500000000312,0.013700000000000292,0.012187500000000259,0.011550000000000246,0.010637500000000227,0.010437500000000223,0.009137500000000194,0.008350000000000178,0.00792500000000017,0.00793750000000017,0.0068375000000001455,0.006450000000000138,0.00610000000000013,0.005837500000000124,0.006200000000000132,0.005425000000000116,0.005487500000000117,0.005137500000000109,0.005012500000000107,0.005062500000000108,0.004550000000000097,0.004437500000000094,0.004400000000000094,0.004537500000000097,0.004275000000000091,0.004462500000000095,0.004375000000000093,0.00422500000000009,0.00376250000000008,0.0034125000000000726,0.0033125000000000706,0.003475000000000074,0.0036000000000000767,0.0036750000000000784,0.0036250000000000774,0.003462500000000074,0.003262500000000069,0.0032000000000000682,0.003325000000000071,0.0033500000000000717,0.0033125000000000706,0.0032500000000000692,0.003225000000000069,0.003225000000000069,0.003225000000000069
20.35,0.02784177466923782,0.02977742593474937,0.032112925452494175,0.03553583843072086,0.03795915764678175,0.040169479447053354,0.045306116325703326,0.048366853016770815,0.053239962348257855,0.05516346536064303,0.06013810138101296,0.0621128882055504,0.06413758017197431,0.06518749999999907,0.06658749999999905,0.06781249999999904,0.06598749999999906,0.0635499999999991,0.0632374999999991,0.058799999999999165,0.05752499999999918,0.05444999999999923,0.053237499999999244,0.04886249999999931,0.04369999999999938,0.041749999999999406,0.039199999999999444,0.036312499999999484,0.03381249999999952,0.03033749999999957,0.027874999999999605,0.025112499999999646,0.024999999999999644,0.022012499999999685,0.020724999999999705,0.018974999999999728,0.016624999999999765,0.015012499999999786,0.014374999999999796,0.013074999999999814,0.011787499999999831,0.010949999999999845,0.00987499999999986,0.009299999999999867,0.008987499999999872,0.008312499999999882,0.007924999999999887,0.007737499999999889,0.006674999999999906,0.0061499999999999125,0.005849999999999917,0.0065749999999999064,0.005737499999999918,0.0052999999999999246,0.005249999999999925,0.005174999999999926,0.005074999999999928,0.004487499999999936,0.004424999999999937,0.0043874999999999375,0.004424999999999937,0.004374999999999938,0.004299999999999939,0.0042749999999999394,0.0037624999999999464,0.0033624999999999523,0.003449999999999951,0.003624999999999948,0.003424999999999951,0.0032874999999999532,0.0032124999999999545,0.003137499999999956,0.0033874999999999517,0.003424999999999951,0.0034624999999999504,0.003437499999999951,0.003337499999999953,0.003324999999999953,0.0033124999999999526,0.0032999999999999536,0.0032999999999999536,0.0032999999999999536,0.0032874999999999532
20.450000000000003,0.027604131489222843,0.030752914898593574,0.03220046068542657,0.035235746902806106,0.03893439292229333,0.042144822662938584,0.044330984682933144,0.04949195427588588,0.0508398513431257,0.05681349423615034,0.05990059900599133,0.06483790523690912,0.06323757904697515,0.0655375000000014,0.0657000000000014,0.06496250000000138,0.06536250000000139,0.06343750000000135,0.06178750000000132,0.05900000000000125,0.05520000000000117,0.05487500000000117,0.05137500000000109,0.04791250000000102,0.044537500000000944,0.04188750000000089,0.03793750000000081,0.036312500000000775,0.03307500000000071,0.03006250000000064,0.027850000000000597,0.024875000000000532,0.023337500000000497,0.02107500000000045,0.018975000000000405,0.018087500000000388,0.01727500000000037,0.014912500000000318,0.014362500000000307,0.013200000000000283,0.011250000000000239,0.011175000000000239,0.009937500000000212,0.009575000000000205,0.00848750000000018,0.008137500000000174,0.007875000000000168,0.006750000000000145,0.006387500000000136,0.005712500000000122,0.006262500000000133,0.005775000000000123,0.005100000000000109,0.005387500000000114,0.005200000000000112,0.00517500000000011,0.0044500000000000945,0.004437500000000094,0.004325000000000092,0.0043500000000000925,0.004375000000000093,0.0043500000000000925,0.00418750000000009,0.003425000000000073,0.0034500000000000732,0.0036500000000000777,0.0031875000000000683,0.0031500000000000672,0.003425000000000073,0.0033500000000000717,0.0033125000000000706,0.003512500000000075,0.0033750000000000724,0.0034375000000000733,0.0035750000000000764,0.0035875000000000767,0.0035500000000000757,0.0035875000000000767,0.0036125000000000766,0.0036500000000000777,0.0036250000000000774,0.0036250000000000774,0.0036375000000000773
20.55,0.02784177466923782,0.031078077886540188,0.03372607474508442,0.0355233346170577,0.03972208295251173,0.04220733352419923,0.04685632560395587,0.050142012781149596,0.0527149380658848,0.05670099226736387,0.06125061250612419,0.06237538984618566,0.06307507884384765,0.06471249999999908,0.06557499999999908,0.06604999999999907,0.06618749999999907,0.06431249999999909,0.06197499999999912,0.05807499999999917,0.05468749999999923,0.053299999999999244,0.05012499999999929,0.046399999999999345,0.04343749999999938,0.03994999999999943,0.03792499999999946,0.03469999999999951,0.031074999999999558,0.02934999999999958,0.026299999999999626,0.024387499999999656,0.022212499999999687,0.020762499999999705,0.019462499999999723,0.017387499999999754,0.015774999999999775,0.014287499999999797,0.01339999999999981,0.011824999999999832,0.011074999999999844,0.010099999999999857,0.010074999999999857,0.008899999999999873,0.00837499999999988,0.007687499999999891,0.0077124999999998905,0.006537499999999907,0.005924999999999916,0.005812499999999917,0.006224999999999911,0.005349999999999924,0.005437499999999922,0.005062499999999928,0.005074999999999928,0.004399999999999938,0.0044749999999999365,0.004312499999999939,0.004349999999999938,0.004374999999999938,0.004299999999999939,0.0037624999999999464,0.0031999999999999546,0.00353749999999995,0.003149999999999955,0.003149999999999955,0.0033999999999999517,0.0034874999999999507,0.0033874999999999517,0.0035499999999999495,0.00351249999999995,0.0033749999999999523,0.0032999999999999536,0.0032124999999999545,0.003024999999999957,0.0030624999999999563,0.0031124999999999556,0.0029999999999999576,0.003037499999999957,0.0029999999999999576,0.003024999999999957,0.0029999999999999576,0.002987499999999957
20.650000000000002,0.029142558391430422,0.03087797758626468,0.033463469046290654,0.03636109013248989,0.040134682492150665,0.04285744648132552,0.047518915053531556,0.0512046084147566,0.05330246523901655,0.05770100976767011,0.059813098130980465,0.06212538828367589,0.06243757804697167,0.06474999999999909,0.06579999999999907,0.06438749999999908,0.0635499999999991,0.06069999999999914,0.06049999999999914,0.05757499999999918,0.05504999999999922,0.052512499999999254,0.0491374999999993,0.046199999999999346,0.04347499999999938,0.03864999999999945,0.036174999999999485,0.032962499999999534,0.03168749999999955,0.0280749999999996,0.025674999999999636,0.02451249999999965,0.022049999999999688,0.020174999999999714,0.018737499999999734,0.01618749999999977,0.014749999999999791,0.0141124999999998,0.012937499999999815,0.011812499999999832,0.01113749999999984,0.009687499999999863,0.00972499999999986,0.008924999999999872,0.007924999999999887,0.007812499999999889,0.006637499999999906,0.00631249999999991,0.005787499999999919,0.00628749999999991,0.005712499999999919,0.005249999999999925,0.005024999999999928,0.005037499999999928,0.0044749999999999365,0.004424999999999937,0.004399999999999938,0.004337499999999939,0.004299999999999939,0.004262499999999939,0.0035999999999999487,0.0033499999999999524,0.0035499999999999495,0.0032124999999999545,0.0033999999999999517,0.0034624999999999504,0.003587499999999949,0.0033624999999999523,0.003224999999999954,0.0030749999999999562,0.003037499999999957,0.002899999999999959,0.002899999999999959,0.0029374999999999584,0.0029124999999999585,0.002974999999999958,0.0028624999999999593,0.0028624999999999593,0.0028249999999999595,0.002874999999999959,0.0028624999999999593,0.0028624999999999593,0.002874999999999959
20.75,0.030568417471527245,0.03112810296161017,0.03446387170836335,0.036723700728723045,0.039547040723575407,0.04360757681647279,0.04689383066714106,0.04959196327669596,0.05387749183399847,0.05740100451758028,0.060775607756078855,0.06272539203370155,0.06323757904697515,0.06490000000000139,0.06537500000000139,0.06490000000000139,0.062112500000001326,0.05977500000000127,0.058212500000001235,0.05656250000000121,0.055650000000001185,0.05305000000000113,0.04748750000000101,0.045525000000000974,0.03996250000000085,0.037500000000000804,0.03511250000000075,0.033162500000000705,0.03098750000000066,0.027425000000000588,0.024762500000000527,0.024050000000000515,0.02106250000000045,0.020100000000000427,0.018187500000000387,0.017112500000000364,0.014562500000000311,0.014312500000000304,0.012987500000000277,0.010937500000000233,0.010700000000000227,0.010200000000000218,0.008812500000000188,0.00841250000000018,0.007725000000000165,0.007737500000000165,0.006625000000000141,0.005962500000000127,0.005737500000000123,0.006087500000000129,0.005025000000000107,0.005287500000000112,0.005075000000000108,0.0048875000000001044,0.004387500000000094,0.0042125000000000894,0.00423750000000009,0.004275000000000091,0.004262500000000091,0.0035375000000000757,0.0033875000000000723,0.0032500000000000692,0.003237500000000069,0.003337500000000071,0.0035500000000000757,0.0033500000000000717,0.0029750000000000635,0.003025000000000064,0.0029875000000000635,0.0028625000000000607,0.002762500000000059,0.00280000000000006,0.00278750000000006,0.002850000000000061,0.0029375000000000625,0.0028750000000000615,0.0028750000000000615,0.0028750000000000615,0.0028875000000000615,0.0028375000000000605,0.0028625000000000607,0.0028750000000000615,0.0028625000000000607
20.85,0.030430834577832713,0.032341211032029346,0.034351326408879085,0.0374989371758381,0.039547040723574,0.043970139811791674,0.04768143699399351,0.050017001530137,0.05469002941385962,0.058801029018006976,0.06063810638106295,0.06185038656491515,0.0653000816251011,0.06502499999999907,0.06396249999999909,0.06441249999999908,0.0631374999999991,0.06022499999999915,0.058924999999999166,0.057749999999999184,0.05279999999999926,0.05111249999999927,0.04753749999999933,0.04296249999999939,0.040912499999999415,0.03809999999999946,0.0353124999999995,0.03368749999999952,0.02879999999999959,0.02677499999999962,0.024162499999999653,0.022962499999999674,0.020762499999999705,0.018937499999999732,0.01766249999999975,0.01613749999999977,0.014699999999999791,0.013162499999999813,0.011612499999999835,0.01063749999999985,0.010062499999999856,0.009574999999999863,0.008899999999999873,0.007912499999999887,0.00772499999999989,0.006637499999999906,0.0062374999999999115,0.005712499999999919,0.00633749999999991,0.005549999999999921,0.005349999999999924,0.005112499999999927,0.005199999999999926,0.004412499999999937,0.004424999999999937,0.004412499999999937,0.004312499999999939,0.004299999999999939,0.0035499999999999495,0.0033999999999999517,0.0032124999999999545,0.0033124999999999526,0.0034124999999999516,0.0033999999999999517,0.002987499999999957,0.0028624999999999593,0.002887499999999959,0.0027749999999999607,0.0027749999999999607,0.0028499999999999598,0.0029374999999999584,0.0028624999999999593,0.002949999999999958,0.00283749999999996,0.0028249999999999595,0.002674999999999962,0.0026624999999999618,0.0027124999999999615,0.002687499999999962,0.002687499999999962,0.0026374999999999624,0.0026249999999999624,0.0026374999999999624
20.950000000000003,0.030418327042043482,0.03295401820162427,0.035501789470262536,0.03792406684038713,0.040809845375197634,0.04256989651952118,0.04748140999034971,0.05090458141232819,0.05377748720878455,0.05841352223664039,0.06011310113101259,0.0626753917211996,0.06325007906260018,0.06357500000000135,0.0653500000000014,0.06430000000000137,0.06167500000000132,0.06126250000000131,0.05702500000000122,0.05571250000000119,0.05251250000000112,0.05113750000000109,0.04588750000000098,0.04302500000000092,0.04090000000000087,0.0375750000000008,0.03513750000000075,0.031125000000000663,0.02926250000000062,0.026087500000000555,0.024100000000000513,0.02147500000000046,0.02025000000000043,0.018162500000000387,0.01596250000000034,0.01448750000000031,0.013775000000000294,0.012850000000000273,0.011537500000000245,0.011212500000000238,0.009562500000000203,0.009262500000000198,0.008287500000000177,0.007825000000000167,0.007825000000000167,0.006887500000000147,0.005962500000000127,0.0056250000000001195,0.00565000000000012,0.004950000000000105,0.005237500000000111,0.004812500000000102,0.004137500000000088,0.004262500000000091,0.004175000000000089,0.00422500000000009,0.00420000000000009,0.003462500000000074,0.0033875000000000723,0.0032000000000000682,0.00328750000000007,0.0034500000000000732,0.003262500000000069,0.0029875000000000635,0.002850000000000061,0.0028125000000000597,0.002900000000000062,0.0028125000000000597,0.0028875000000000615,0.0026375000000000565,0.0026250000000000557,0.0027000000000000574,0.002487500000000053,0.0026750000000000567,0.0025625000000000548,0.002775000000000059,0.0027375000000000585,0.0027000000000000574,0.0026500000000000564,0.0026500000000000564,0.0027000000000000574,0.002725000000000058,0.002712500000000058
21.05,0.030618447614687412,0.0328289555139509,0.03471397237387999,0.03968710456689234,0.04143499619283093,0.04475777666369468,0.04833152475584135,0.050142012781149596,0.055415062946660494,0.05823851917408472,0.06231312313123043,0.06143788398677404,0.06377507971884874,0.06477499999999908,0.0636374999999991,0.06399999999999909,0.062087499999999116,0.060249999999999145,0.057312499999999184,0.053224999999999245,0.05299999999999924,0.04967499999999929,0.04622499999999934,0.0425249999999994,0.038999999999999445,0.03668749999999948,0.03357499999999952,0.030849999999999562,0.028437499999999595,0.025762499999999633,0.02388749999999966,0.02184999999999969,0.01984999999999972,0.018499999999999735,0.01623749999999977,0.014262499999999798,0.013924999999999802,0.012812499999999819,0.010824999999999845,0.010324999999999852,0.010224999999999854,0.008799999999999876,0.008162499999999883,0.007499999999999893,0.006974999999999901,0.006087499999999913,0.005549999999999921,0.006249999999999911,0.0056999999999999195,0.005287499999999925,0.004949999999999929,0.00486249999999993,0.004499999999999936,0.00418749999999994,0.004287499999999939,0.00421249999999994,0.0035999999999999487,0.0033749999999999523,0.003149999999999955,0.0032624999999999534,0.0034749999999999504,0.003087499999999956,0.00283749999999996,0.0027624999999999607,0.002899999999999959,0.002749999999999961,0.0027624999999999607,0.002699999999999962,0.0024499999999999652,0.00279999999999996,0.002537499999999964,0.002537499999999964,0.0024749999999999646,0.0023374999999999668,0.002374999999999966,0.0022874999999999675,0.002399999999999966,0.002387499999999966,0.002424999999999966,0.002424999999999966,0.0023624999999999666,0.0023624999999999666,0.002374999999999966
21.150000000000002,0.03141892990526748,0.03420464507834503,0.03616455623388362,0.038211654554638624,0.041747571601648305,0.047258211114180416,0.050044255974555855,0.05104209378844023,0.05472753114831483,0.05982604695582088,0.06117561175611669,0.061262882893017206,0.06288757860947237,0.06302499999999911,0.06488749999999908,0.0634499999999991,0.06197499999999912,0.059512499999999156,0.05667499999999919,0.05307499999999925,0.051524999999999266,0.04828749999999932,0.04479999999999936,0.0425374999999994,0.037737499999999466,0.0352999999999995,0.03229999999999954,0.03037499999999957,0.02643749999999962,0.024149999999999658,0.02397499999999966,0.020612499999999707,0.019399999999999726,0.017437499999999752,0.01682499999999976,0.014974999999999787,0.01331249999999981,0.011762499999999832,0.010674999999999848,0.009899999999999859,0.008724999999999875,0.008849999999999874,0.008012499999999886,0.00772499999999989,0.006537499999999907,0.0057249999999999185,0.00559999999999992,0.005712499999999919,0.004874999999999931,0.004999999999999929,0.004849999999999932,0.004324999999999938,0.004287499999999939,0.004262499999999939,0.004012499999999943,0.0037749999999999464,0.0033499999999999524,0.0031999999999999546,0.003237499999999954,0.0033874999999999517,0.0029249999999999584,0.0028624999999999593,0.00279999999999996,0.002899999999999959,0.0027249999999999614,0.002749999999999961,0.0026374999999999624,0.0024374999999999653,0.0024749999999999646,0.0022749999999999676,0.0024499999999999652,0.002424999999999966,0.0024374999999999653,0.0023624999999999666,0.0022874999999999675,0.002262499999999968,0.002174999999999969,0.0022124999999999684,0.0022249999999999683,0.002249999999999968,0.002262499999999968,0.0022374999999999682,0.0022249999999999683
21.25,0.03310744723696098,0.03412960746574293,0.036089526034229547,0.03913693676571438,0.04263528576269116,0.04552040917109445,0.0483690298190266,0.052767249052415845,0.05614009647946338,0.057963514361502565,0.060900609006091365,0.060875380471129246,0.06261257826572417,0.06327500000000134,0.06216250000000133,0.06320000000000135,0.06036250000000128,0.059275000000001264,0.0561125000000012,0.05390000000000115,0.05242500000000112,0.04730000000000101,0.04562500000000097,0.03982500000000085,0.03677500000000078,0.034350000000000734,0.032800000000000704,0.029362500000000628,0.026462500000000565,0.02382500000000051,0.022512500000000484,0.020350000000000434,0.018637500000000397,0.017237500000000367,0.014850000000000316,0.01360000000000029,0.012837500000000272,0.011162500000000238,0.010975000000000235,0.009550000000000204,0.009300000000000197,0.007862500000000168,0.007425000000000158,0.0075750000000001615,0.006275000000000134,0.005750000000000123,0.006162500000000132,0.005612500000000119,0.00517500000000011,0.004962500000000106,0.004600000000000098,0.00420000000000009,0.004275000000000091,0.004162500000000089,0.004075000000000087,0.0031750000000000675,0.003037500000000065,0.0032000000000000682,0.0034000000000000727,0.003025000000000064,0.0028125000000000597,0.00278750000000006,0.0027500000000000584,0.0025125000000000533,0.0026250000000000557,0.0024500000000000524,0.002250000000000048,0.0025125000000000533,0.002387500000000051,0.0022750000000000487,0.0022625000000000483,0.0023625000000000503,0.0024750000000000527,0.0024750000000000527,0.002487500000000053,0.0025000000000000534,0.0025125000000000533,0.0024625000000000528,0.0024500000000000524,0.002387500000000051,0.0024250000000000517,0.0024250000000000517,0.0024250000000000517
21.35,0.03201929162320252,0.033979532240535085,0.03711493876285152,0.03862428040552313,0.042947861171507014,0.04602049606118998,0.049094127707239775,0.05251722655038879,0.05581508144751616,0.059013532736822055,0.060125601256011706,0.060887880549252565,0.06332507915634805,0.06382499999999909,0.06289999999999911,0.05962499999999915,0.058149999999999175,0.05753749999999918,0.05509999999999922,0.053937499999999236,0.04998749999999929,0.045162499999999356,0.0422624999999994,0.03927499999999944,0.03749999999999947,0.03444999999999951,0.03202499999999955,0.028499999999999595,0.02656249999999962,0.02392499999999966,0.0211624999999997,0.019837499999999716,0.01777499999999975,0.015324999999999782,0.014399999999999795,0.013837499999999805,0.012587499999999821,0.010987499999999843,0.010324999999999852,0.010087499999999857,0.008574999999999878,0.008162499999999883,0.0074874999999998935,0.00628749999999991,0.005974999999999914,0.005487499999999921,0.005874999999999917,0.004787499999999932,0.00492499999999993,0.00493749999999993,0.004149999999999941,0.004287499999999939,0.004012499999999943,0.00421249999999994,0.003249999999999954,0.003337499999999953,0.003324999999999953,0.0033874999999999517,0.0029999999999999576,0.002749999999999961,0.0028624999999999593,0.00281249999999996,0.002599999999999963,0.0026624999999999618,0.0023374999999999668,0.002462499999999965,0.0022999999999999674,0.0023499999999999667,0.0024874999999999646,0.0024499999999999652,0.002399999999999966,0.0023499999999999667,0.002399999999999966,0.002387499999999966,0.0024124999999999655,0.0023499999999999667,0.0024999999999999645,0.002587499999999963,0.0025749999999999636,0.002599999999999963,0.0025749999999999636,0.0025749999999999636,0.0025749999999999636
21.450000000000003,0.033570226061202586,0.03489248986054334,0.038277906857510965,0.03967460075323058,0.041660050487180925,0.0461455177837159,0.05008176103774116,0.053292296306668735,0.05727764909127169,0.058563524861686325,0.0606381063810651,0.06291289320558387,0.06316257895322504,0.06226250000000133,0.06273750000000133,0.0609875000000013,0.05752500000000123,0.05672500000000121,0.05566250000000118,0.051112500000001095,0.05050000000000107,0.04627500000000098,0.0421375000000009,0.04008750000000085,0.03611250000000077,0.034587500000000736,0.031062500000000662,0.0280875000000006,0.02468750000000053,0.023312500000000496,0.021312500000000456,0.019450000000000415,0.018087500000000388,0.016637500000000353,0.0140375000000003,0.013362500000000284,0.011862500000000253,0.010875000000000232,0.009737500000000208,0.008575000000000183,0.00888750000000019,0.007687500000000164,0.007700000000000163,0.006762500000000144,0.005850000000000125,0.005925000000000126,0.005425000000000116,0.0052250000000001115,0.004900000000000105,0.0042500000000000905,0.004375000000000093,0.004125000000000088,0.004075000000000087,0.003425000000000073,0.0034375000000000733,0.0032500000000000692,0.003337500000000071,0.0029250000000000625,0.002725000000000058,0.00278750000000006,0.0026875000000000575,0.0024250000000000517,0.0025125000000000533,0.0023250000000000492,0.0023250000000000492,0.0024250000000000517,0.0024500000000000524,0.0023125000000000493,0.0023750000000000507,0.0023625000000000503,0.0024625000000000528,0.002400000000000051,0.0022750000000000487,0.002162500000000046,0.002150000000000046,0.0020875000000000446,0.001987500000000042,0.0019250000000000408,0.0019000000000000405,0.0019000000000000405,0.0018625000000000397,0.0018625000000000397,0.0018625000000000397
21.55,0.03325753766644356,0.035255171654791466,0.03844047229009622,0.0415251651753779,0.043548005956436375,0.04734572631994742,0.04826901631720214,0.0526047344260976,0.05680262712150356,0.058801029018006976,0.060838108381082945,0.0617003856274093,0.06171257714072055,0.06369999999999909,0.0625499999999991,0.061087499999999136,0.05981249999999915,0.0562999999999992,0.05418749999999923,0.05092499999999927,0.04893749999999931,0.04526249999999935,0.041562499999999405,0.038462499999999455,0.03547499999999949,0.032899999999999534,0.029799999999999577,0.027299999999999613,0.024387499999999656,0.023762499999999662,0.020287499999999712,0.01894999999999973,0.01702499999999976,0.015974999999999774,0.014274999999999798,0.01267499999999982,0.010999999999999843,0.010299999999999854,0.009374999999999868,0.00913749999999987,0.007887499999999888,0.0073749999999998955,0.007124999999999899,0.005962499999999915,0.00557499999999992,0.006099999999999914,0.004874999999999931,0.004824999999999931,0.005074999999999928,0.0042749999999999394,0.003987499999999943,0.004137499999999942,0.003949999999999944,0.0032749999999999533,0.003049999999999957,0.0031999999999999546,0.003037499999999957,0.002749999999999961,0.0027624999999999607,0.0027124999999999615,0.002599999999999963,0.002424999999999966,0.0023624999999999666,0.0022249999999999683,0.002387499999999966,0.0022874999999999675,0.002374999999999966,0.002387499999999966,0.0022124999999999684,0.0020874999999999705,0.0019499999999999724,0.0017874999999999747,0.0016749999999999762,0.0016374999999999766,0.0016999999999999758,0.0016749999999999762,0.0015999999999999773,0.0015624999999999778,0.0015374999999999781,0.0015749999999999775,0.001624999999999977,0.001612499999999977,0.001612499999999977
21.650000000000002,0.03449578370968459,0.03608058539342794,0.037602635060611365,0.04102501262885122,0.0459360820798011,0.04789582189905428,0.04914413445815115,0.05384234581112224,0.05680262712150356,0.060638561174819694,0.05951309513095046,0.061875386721166124,0.06207507759384611,0.06238749999999912,0.06247499999999911,0.06033749999999914,0.058737499999999165,0.05522499999999922,0.052624999999999256,0.05187499999999926,0.04822499999999932,0.04419999999999937,0.0420749999999994,0.03737499999999947,0.0353624999999995,0.03148749999999956,0.02936249999999958,0.026124999999999628,0.023737499999999665,0.022474999999999683,0.019999999999999716,0.01826249999999974,0.016612499999999763,0.014349999999999795,0.01331249999999981,0.012337499999999824,0.010924999999999845,0.01057499999999985,0.009899999999999859,0.008524999999999878,0.007924999999999887,0.007424999999999894,0.006449999999999908,0.00559999999999992,0.00559999999999992,0.005412499999999923,0.005174999999999926,0.00491249999999993,0.004024999999999943,0.00424999999999994,0.004074999999999942,0.004149999999999941,0.003174999999999955,0.002987499999999957,0.003174999999999955,0.0031999999999999546,0.0028249999999999595,0.00281249999999996,0.0027374999999999613,0.0025249999999999643,0.0022749999999999676,0.002324999999999967,0.002387499999999966,0.002387499999999966,0.002399999999999966,0.0022999999999999674,0.002162499999999969,0.0019499999999999724,0.0016499999999999768,0.0016624999999999765,0.0015624999999999778,0.001612499999999977,0.0017374999999999752,0.0018499999999999738,0.0018624999999999736,0.0018624999999999736,0.0018624999999999736,0.0018499999999999738,0.001837499999999974,0.0018249999999999742,0.0017874999999999747,0.0017874999999999747,0.0018249999999999742
21.75,0.03332007534539631,0.03629319196247196,0.03782772565957879,0.04079994398291566,0.04477330155900206,0.04843341530591043,0.04976921884454508,0.052854756928124656,0.0578776768425552,0.05886353011177821,0.05955059550595633,0.06140038375239976,0.06190007737509804,0.06273750000000133,0.06156250000000131,0.05985000000000127,0.057800000000001225,0.05557500000000118,0.05127500000000109,0.05023750000000107,0.046762500000001,0.04382500000000094,0.03986250000000085,0.03622500000000077,0.03382500000000072,0.03182500000000068,0.028800000000000613,0.025475000000000542,0.023725000000000506,0.020937500000000445,0.01957500000000042,0.017575000000000375,0.015337500000000327,0.013900000000000296,0.013450000000000286,0.012562500000000268,0.01082500000000023,0.009437500000000201,0.008687500000000185,0.008687500000000185,0.007587500000000162,0.007462500000000159,0.006237500000000133,0.0057250000000001215,0.005950000000000127,0.0048875000000001044,0.004975000000000106,0.004875000000000104,0.00422500000000009,0.0039500000000000845,0.004162500000000089,0.0035000000000000747,0.0034000000000000727,0.00328750000000007,0.0033500000000000717,0.0027000000000000574,0.002600000000000056,0.002725000000000058,0.0025250000000000537,0.002287500000000049,0.002300000000000049,0.002437500000000052,0.002250000000000048,0.002537500000000054,0.0021250000000000453,0.0019000000000000405,0.001637500000000035,0.0014875000000000318,0.001737500000000037,0.0018375000000000392,0.0018000000000000383,0.0019125000000000407,0.0018875000000000404,0.0019375000000000412,0.0018125000000000387,0.0018625000000000397,0.0018375000000000392,0.0018500000000000395,0.0018875000000000404,0.0018500000000000395,0.0018500000000000395,0.0018500000000000395,0.0018125000000000387
21.85,0.034896024854974624,0.037493793764123734,0.039340834685960537,0.042350416877146926,0.044898331722527426,0.04707067853039398,0.05178199056872604,0.05466742006780533,0.05637760746434443,0.05965104389326729,0.059100591005909225,0.06081288008049964,0.06128757660946989,0.061037499999999134,0.06207499999999912,0.059512499999999156,0.058337499999999175,0.054099999999999225,0.052624999999999256,0.05046249999999928,0.04636249999999934,0.043587499999999384,0.038412499999999454,0.03626249999999949,0.033824999999999515,0.03188749999999955,0.027937499999999605,0.02577499999999963,0.022799999999999678,0.020949999999999705,0.019174999999999727,0.017724999999999748,0.01616249999999977,0.0140999999999998,0.013049999999999813,0.010912499999999846,0.009962499999999859,0.009249999999999868,0.00911249999999987,0.00782499999999989,0.007162499999999898,0.006962499999999901,0.005899999999999916,0.0052999999999999246,0.005424999999999923,0.005049999999999929,0.004812499999999931,0.004174999999999941,0.00424999999999994,0.0041624999999999406,0.004087499999999942,0.0031124999999999556,0.002962499999999958,0.0032624999999999534,0.0028249999999999595,0.002699999999999962,0.00281249999999996,0.0024874999999999646,0.0022874999999999675,0.0022999999999999674,0.002424999999999966,0.002324999999999967,0.002312499999999967,0.0019124999999999728,0.0016374999999999766,0.0015249999999999784,0.0018499999999999738,0.0018499999999999738,0.0019374999999999724,0.0018624999999999736,0.0018249999999999742,0.0016499999999999768,0.0016374999999999766,0.001624999999999977,0.0017124999999999755,0.0016749999999999762,0.0017249999999999755,0.0017749999999999747,0.0017874999999999747,0.0017874999999999747,0.0017874999999999747,0.001812499999999974,0.001812499999999974
21.950000000000003,0.034833487176024296,0.037881488095908876,0.039453379985444986,0.040937485933210505,0.044898331722529015,0.047183198080667524,0.05099438424187375,0.054717424568212304,0.0578151739517965,0.058951031643055006,0.058950589505896316,0.06106288164301157,0.0625625782032241,0.06066250000000129,0.05870000000000126,0.05680000000000121,0.0561750000000012,0.053862500000001146,0.05132500000000109,0.04906250000000104,0.04366250000000093,0.04103750000000087,0.03841250000000082,0.03568750000000076,0.03397500000000072,0.029850000000000636,0.02726250000000058,0.024225000000000517,0.023150000000000497,0.020425000000000436,0.019025000000000406,0.01680000000000036,0.015737500000000338,0.013362500000000284,0.012425000000000264,0.011025000000000234,0.010675000000000228,0.009487500000000202,0.008350000000000178,0.007887500000000169,0.007375000000000157,0.006200000000000132,0.005637500000000121,0.005712500000000122,0.005525000000000118,0.005062500000000108,0.0047000000000001,0.0041500000000000885,0.003937500000000084,0.003975000000000084,0.0033000000000000707,0.0031625000000000676,0.0031250000000000665,0.0029875000000000635,0.0026625000000000567,0.0026750000000000567,0.002437500000000052,0.0022625000000000483,0.002250000000000048,0.0023750000000000507,0.0023375000000000496,0.002287500000000049,0.0018625000000000397,0.0015000000000000321,0.0018250000000000388,0.00187500000000004,0.0018625000000000397,0.0017875000000000382,0.001637500000000035,0.0016500000000000353,0.0018000000000000383,0.0019000000000000405,0.0018500000000000395,0.0017875000000000382,0.0017000000000000363,0.0018625000000000397,0.0019000000000000405,0.0018375000000000392,0.00187500000000004,0.00187500000000004,0.00187500000000004,0.00187500000000004,0.00187500000000004
22.05,0.03639692914981224,0.0369560242071333,0.039828530983720384,0.043013119001294786,0.04579854889992145,0.04872096526771457,0.05124441799642879,0.0554674920742859,0.056902631746717475,0.05891353098679143,0.06106311063110545,0.06140038375239758,0.06113757642196965,0.060962499999999135,0.05876249999999916,0.05674999999999919,0.05477499999999922,0.05337499999999924,0.050724999999999285,0.04883749999999931,0.044837499999999364,0.040849999999999415,0.03891249999999945,0.03574999999999949,0.03237499999999954,0.02947499999999958,0.026712499999999622,0.023612499999999665,0.02257499999999968,0.019974999999999715,0.01751249999999975,0.016462499999999766,0.013912499999999802,0.013087499999999813,0.01203749999999983,0.010437499999999851,0.009674999999999863,0.00914999999999987,0.00846249999999988,0.007349999999999896,0.007424999999999894,0.006249999999999911,0.005312499999999925,0.0060624999999999134,0.0045874999999999345,0.004837499999999931,0.004462499999999936,0.00424999999999994,0.004149999999999941,0.003974999999999944,0.003224999999999954,0.003224999999999954,0.0033874999999999517,0.0027624999999999607,0.0027749999999999607,0.0026249999999999624,0.002324999999999967,0.002312499999999967,0.002374999999999966,0.0023374999999999668,0.002162499999999969,0.0015749999999999775,0.001549999999999978,0.0018624999999999736,0.001837499999999974,0.0016624999999999765,0.001612499999999977,0.0017999999999999744,0.0017999999999999744,0.0018749999999999733,0.0018624999999999736,0.001762499999999975,0.0017499999999999753,0.0017749999999999747,0.0017874999999999747,0.0015999999999999773,0.001612499999999977,0.0015999999999999773,0.0015999999999999773,0.001612499999999977,0.001612499999999977,0.0015874999999999776,0.0015874999999999776
22.150000000000002,0.03613427089821566,0.03713111196987437,0.04082893364579185,0.04511375969670686,0.04694882640436939,0.047358228492199846,0.0518570006950931,0.05522997069736198,0.056490112667710084,0.05860102551794573,0.060688106881067946,0.06035037718985658,0.060350075437593444,0.06039999999999914,0.05948749999999915,0.0564874999999992,0.05533749999999922,0.05373749999999924,0.05002499999999929,0.04808749999999932,0.044174999999999374,0.040499999999999425,0.03724999999999947,0.03464999999999951,0.03108749999999956,0.02892499999999959,0.02533749999999964,0.023062499999999674,0.02171249999999969,0.019249999999999726,0.01751249999999975,0.014824999999999788,0.013699999999999804,0.013437499999999809,0.011774999999999832,0.010437499999999851,0.009487499999999864,0.009049999999999872,0.007812499999999889,0.007212499999999898,0.0067749999999999035,0.005849999999999917,0.005362499999999924,0.005274999999999925,0.00491249999999993,0.004524999999999936,0.004112499999999942,0.003862499999999945,0.003887499999999945,0.0033124999999999526,0.002899999999999959,0.0031124999999999556,0.00278749999999996,0.002587499999999963,0.0024874999999999646,0.002387499999999966,0.0024124999999999655,0.002374999999999966,0.002324999999999967,0.0021374999999999697,0.001624999999999977,0.0017499999999999753,0.0018249999999999742,0.0017749999999999747,0.0015999999999999773,0.0018749999999999733,0.0017874999999999747,0.001837499999999974,0.0017374999999999752,0.0015999999999999773,0.0015624999999999778,0.001549999999999978,0.001487499999999979,0.0014374999999999796,0.0014374999999999796,0.001549999999999978,0.0014374999999999796,0.0015249999999999784,0.001474999999999979,0.0014624999999999792,0.0014999999999999788,0.0015374999999999781,0.0015374999999999781
22.25,0.03739753201303865,0.03859434541564041,0.04017867191544682,0.043513271547823015,0.04762398928741661,0.049046021746279464,0.05223205132693025,0.055279975197768984,0.05875271731317699,0.05847602333040953,0.059400594005941325,0.06076287976799984,0.06176257720322282,0.0608250000000013,0.057912500000001234,0.05756250000000123,0.053750000000001144,0.05255000000000112,0.050412500000001075,0.047050000000001,0.04281250000000091,0.040775000000000866,0.035775000000000765,0.033700000000000715,0.03057500000000065,0.0281250000000006,0.025237500000000537,0.02296250000000049,0.020412500000000434,0.0187625000000004,0.017650000000000374,0.016062500000000344,0.013800000000000293,0.012537500000000269,0.01073750000000023,0.010087500000000214,0.009050000000000193,0.008287500000000177,0.007700000000000163,0.007225000000000153,0.00612500000000013,0.005487500000000117,0.005837500000000124,0.004962500000000106,0.004962500000000106,0.004675000000000099,0.003962500000000085,0.004000000000000085,0.003937500000000084,0.003212500000000068,0.003212500000000068,0.003087500000000066,0.0026500000000000564,0.002725000000000058,0.0026500000000000564,0.002287500000000049,0.0022625000000000483,0.002287500000000049,0.002162500000000046,0.0015750000000000336,0.0017125000000000365,0.0018375000000000392,0.0016875000000000362,0.0017250000000000366,0.0018375000000000392,0.0018375000000000392,0.0017500000000000373,0.001550000000000033,0.0014750000000000316,0.0015375000000000328,0.0015375000000000328,0.0016250000000000346,0.0017250000000000366,0.0018000000000000383,0.0018000000000000383,0.0017125000000000365,0.0017125000000000365,0.0016250000000000346,0.001637500000000035,0.0016875000000000362,0.0016500000000000353,0.0016625000000000355,0.0016750000000000358
22.35,0.03693475318879573,0.03861935795317348,0.04116656954424097,0.04398841646702181,0.045148392049581314,0.04913353695204472,0.05215704120056134,0.056067546079146324,0.05812768840558793,0.05757600758013184,0.05997559975599671,0.0605378783617389,0.05977507471884255,0.060424999999999146,0.05848749999999917,0.05689999999999919,0.054062499999999236,0.05006249999999929,0.0489999999999993,0.045662499999999356,0.0424499999999994,0.03854999999999945,0.0351874999999995,0.032587499999999534,0.031112499999999557,0.027337499999999612,0.025362499999999642,0.022324999999999682,0.02056249999999971,0.01888749999999973,0.01681249999999976,0.01551249999999978,0.013137499999999814,0.012199999999999827,0.010712499999999847,0.010287499999999854,0.009562499999999863,0.008349999999999882,0.007499999999999893,0.007312499999999896,0.006124999999999913,0.005249999999999925,0.005762499999999918,0.004987499999999929,0.004699999999999933,0.004149999999999941,0.004037499999999942,0.004062499999999942,0.0032874999999999532,0.002974999999999958,0.0031624999999999553,0.0027124999999999615,0.002674999999999962,0.0024374999999999653,0.0021374999999999697,0.002162499999999969,0.0022249999999999683,0.002262499999999968,0.001612499999999977,0.0017124999999999755,0.001812499999999974,0.0015624999999999778,0.0018249999999999742,0.001837499999999974,0.0016874999999999761,0.001474999999999979,0.0014624999999999792,0.0015749999999999775,0.001762499999999975,0.0017124999999999755,0.0016624999999999765,0.001487499999999979,0.0014999999999999788,0.0013624999999999807,0.0014374999999999796,0.0015249999999999784,0.001549999999999978,0.001612499999999977,0.001612499999999977,0.0015999999999999773,0.001612499999999977,0.0015624999999999778,0.0015624999999999778
22.450000000000003,0.03639692914981354,0.03945727796057858,0.04095398397855224,0.04407594316266555,0.046398693684852464,0.050058697698726215,0.053532226850625975,0.05489244031962994,0.0580651855148313,0.05746350561134943,0.059538095380955086,0.05966287289295685,0.06160007700009756,0.059800000000001276,0.058325000000001244,0.05557500000000118,0.05360000000000115,0.04983750000000106,0.048700000000001034,0.04568750000000097,0.042450000000000904,0.03720000000000079,0.03520000000000075,0.032925000000000704,0.03010000000000064,0.026987500000000577,0.023312500000000496,0.022500000000000478,0.019487500000000418,0.01736250000000037,0.016212500000000345,0.013787500000000293,0.012962500000000278,0.012075000000000257,0.01033750000000022,0.009250000000000197,0.008250000000000176,0.007862500000000168,0.007087500000000151,0.006762500000000144,0.005737500000000123,0.005075000000000108,0.005237500000000111,0.0047000000000001,0.004600000000000098,0.0040500000000000865,0.003975000000000084,0.003937500000000084,0.0031625000000000676,0.0029875000000000635,0.0029250000000000625,0.0026250000000000557,0.002575000000000055,0.0023625000000000503,0.0022375000000000476,0.0023125000000000493,0.0022625000000000483,0.0016000000000000341,0.0016875000000000362,0.0018125000000000387,0.0015625000000000333,0.0018625000000000397,0.0018000000000000383,0.0015375000000000328,0.0015000000000000321,0.0016125000000000345,0.0017625000000000375,0.0016250000000000346,0.001450000000000031,0.0015000000000000321,0.0015625000000000333,0.0017500000000000373,0.001737500000000037,0.0016875000000000362,0.0015375000000000328,0.0015000000000000321,0.001512500000000032,0.0015250000000000324,0.0015625000000000333,0.0015250000000000324,0.001550000000000033,0.0015750000000000336,0.0015750000000000336
22.55,0.03707233608248917,0.039794947217292105,0.04304232453562498,0.044801164355127675,0.048274146137755054,0.05013371073223902,0.05295714921514329,0.05660509445850046,0.05622760052652355,0.05713849992374786,0.059100591005909225,0.05963787273670376,0.058637573296965784,0.05988749999999914,0.05733749999999918,0.056249999999999196,0.053099999999999245,0.050349999999999284,0.0489874999999993,0.04271249999999939,0.04016249999999943,0.03758749999999947,0.03446249999999951,0.03242499999999954,0.0282999999999996,0.02639999999999963,0.023362499999999668,0.02227499999999968,0.019212499999999726,0.017862499999999747,0.014924999999999789,0.013562499999999807,0.013137499999999814,0.011312499999999838,0.009799999999999861,0.008874999999999874,0.008624999999999878,0.007562499999999892,0.0070124999999999,0.006199999999999912,0.0055249999999999215,0.005987499999999915,0.004687499999999934,0.004662499999999933,0.004374999999999938,0.003924999999999944,0.003974999999999944,0.0032749999999999533,0.0029249999999999584,0.0032999999999999536,0.0027249999999999614,0.0026624999999999618,0.0024499999999999652,0.0023624999999999666,0.002312499999999967,0.0024749999999999646,0.0018624999999999736,0.0016499999999999768,0.0018249999999999742,0.0015874999999999776,0.0019124999999999728,0.0017499999999999753,0.0015374999999999781,0.001487499999999979,0.0017124999999999755,0.0016374999999999766,0.001349999999999981,0.0015749999999999775,0.0017374999999999752,0.0015124999999999785,0.0015749999999999775,0.0014624999999999792,0.001474999999999979,0.0015249999999999784,0.0015874999999999776,0.0015874999999999776,0.001549999999999978,0.0014999999999999788,0.0014499999999999795,0.001474999999999979,0.0014374999999999796,0.0014124999999999797,0.00139999999999998
22.650000000000002,0.03823553691098833,0.03963236572331825,0.04311735473528034,0.04593901139847588,0.04594858509615379,0.04970863687565644,0.05424482305111113,0.055292476322868274,0.05736515313833183,0.057713509986423946,0.059575595755956716,0.06003787523671938,0.05816257270321505,0.05713749999999919,0.05483749999999922,0.05396249999999923,0.051249999999999275,0.05127499999999927,0.04691249999999934,0.04413749999999937,0.039724999999999434,0.03766249999999946,0.034212499999999514,0.03153749999999955,0.029037499999999584,0.02478749999999965,0.022312499999999683,0.020912499999999706,0.018974999999999728,0.016737499999999763,0.015099999999999785,0.013412499999999808,0.012362499999999825,0.01054999999999985,0.010462499999999852,0.009049999999999872,0.008212499999999883,0.007474999999999894,0.007099999999999899,0.005937499999999916,0.005149999999999927,0.00562499999999992,0.0048999999999999305,0.0045874999999999345,0.003999999999999943,0.004087499999999942,0.003924999999999944,0.0030749999999999562,0.0030124999999999575,0.00279999999999996,0.0026249999999999624,0.002387499999999966,0.002174999999999969,0.00209999999999997,0.0022749999999999676,0.001762499999999975,0.0014499999999999795,0.0017374999999999752,0.0015624999999999778,0.0018999999999999729,0.0017124999999999755,0.001487499999999979,0.0015249999999999784,0.0017124999999999755,0.0014249999999999799,0.0015124999999999785,0.0016624999999999765,0.0015749999999999775,0.001474999999999979,0.001549999999999978,0.00139999999999998,0.0014249999999999799,0.0014499999999999795,0.0015749999999999775,0.001612499999999977,0.001549999999999978,0.0015624999999999778,0.0015249999999999784,0.0015124999999999785,0.0014999999999999788,0.0015124999999999785,0.0015374999999999781,0.001549999999999978
22.75,0.03896097398682789,0.04064537349346446,0.04307983963545419,0.04681427835489924,0.04713637164966148,0.05037125200503695,0.05379476229291069,0.05486743806942742,0.05680262712150558,0.05997604958086895,0.059413094130942576,0.05888786804917656,0.05955007443759432,0.05657500000000121,0.05471250000000116,0.05290000000000113,0.05232500000000112,0.048212500000001025,0.04771250000000102,0.04180000000000089,0.03925000000000084,0.03605000000000077,0.03373750000000072,0.029950000000000636,0.0281750000000006,0.024837500000000526,0.022850000000000488,0.020025000000000428,0.018487500000000393,0.017137500000000368,0.015612500000000333,0.013375000000000284,0.011987500000000255,0.010450000000000223,0.009700000000000207,0.009100000000000195,0.008350000000000178,0.007300000000000155,0.007112500000000151,0.005750000000000123,0.005112500000000109,0.005275000000000113,0.004900000000000105,0.004862500000000104,0.003925000000000084,0.0038125000000000814,0.003425000000000073,0.002912500000000062,0.0031750000000000675,0.0027000000000000574,0.0024750000000000527,0.0025125000000000533,0.002200000000000047,0.002200000000000047,0.002162500000000046,0.0015750000000000336,0.0017625000000000375,0.0016875000000000362,0.00187500000000004,0.0016750000000000358,0.0014625000000000313,0.0015250000000000324,0.0016500000000000353,0.0014875000000000318,0.0017250000000000366,0.0015750000000000336,0.001512500000000032,0.001362500000000029,0.0014250000000000304,0.0015750000000000336,0.0015250000000000324,0.0015750000000000336,0.0015625000000000333,0.00141250000000003,0.001362500000000029,0.0013250000000000282,0.001300000000000028,0.0012875000000000276,0.0013125000000000278,0.0013125000000000278,0.001300000000000028,0.0012875000000000276,0.0012750000000000272
22.85,0.03919861716684247,0.039382240347973864,0.0433799604340741,0.04352577536148464,0.04752396515659336,0.05110888016792845,0.05380726398063662,0.05705513496214579,0.05716514388790401,0.05830102026785386,0.058575585755856724,0.05997537484609193,0.059700074625092435,0.05753749999999918,0.05551249999999921,0.05419999999999923,0.051837499999999266,0.048449999999999306,0.045949999999999346,0.0425124999999994,0.04021249999999943,0.03503749999999951,0.03244999999999954,0.030062499999999572,0.026849999999999617,0.02466249999999965,0.021887499999999692,0.020112499999999714,0.018149999999999743,0.01593749999999977,0.014362499999999796,0.012524999999999823,0.011837499999999833,0.010137499999999855,0.009162499999999869,0.008549999999999879,0.007387499999999895,0.006874999999999902,0.005862499999999917,0.005399999999999924,0.005762499999999918,0.004499999999999936,0.004599999999999935,0.0038374999999999456,0.003874999999999945,0.003737499999999947,0.0029124999999999585,0.003099999999999956,0.0028624999999999593,0.0024999999999999645,0.0025499999999999638,0.002199999999999969,0.002312499999999967,0.0024374999999999653,0.0015249999999999784,0.0017874999999999747,0.0017749999999999747,0.0017749999999999747,0.0016499999999999768,0.001474999999999979,0.0015999999999999773,0.001612499999999977,0.0015374999999999781,0.001487499999999979,0.0014624999999999792,0.0013749999999999804,0.0015749999999999775,0.001549999999999978,0.0015749999999999775,0.0013624999999999807,0.0012999999999999815,0.0011749999999999833,0.0010874999999999845,0.0010749999999999848,0.001124999999999984,0.0011624999999999834,0.001199999999999983,0.0012499999999999822,0.0012499999999999822,0.0012499999999999822,0.0012749999999999819,0.0012624999999999822,0.0012624999999999822
22.950000000000003,0.03872333080681193,0.04233371977703914,0.04311735473528187,0.04597652283946702,0.04909934521703466,0.051821503986318726,0.05453236186885346,0.057155143962957886,0.05682762827780906,0.05833852092411742,0.0583505835058363,0.059737873361709784,0.058087572609467,0.0564125000000012,0.05571250000000119,0.05253750000000112,0.050050000000001066,0.04861250000000104,0.045050000000000964,0.04146250000000088,0.037812500000000804,0.034187500000000724,0.032087500000000685,0.030675000000000653,0.026837500000000573,0.023687500000000503,0.021825000000000466,0.019112500000000407,0.01681250000000036,0.015712500000000334,0.013200000000000283,0.012900000000000276,0.011250000000000239,0.009662500000000206,0.008662500000000184,0.008312500000000177,0.007550000000000162,0.006975000000000149,0.006387500000000136,0.00518750000000011,0.00560000000000012,0.004812500000000102,0.004437500000000094,0.0039500000000000845,0.0039500000000000845,0.0038500000000000817,0.0031500000000000672,0.003037500000000065,0.0026625000000000567,0.0025625000000000548,0.0023375000000000496,0.002050000000000044,0.0021875000000000466,0.0017750000000000378,0.0016625000000000355,0.0017500000000000373,0.0017125000000000365,0.001737500000000037,0.0014875000000000318,0.0015875000000000338,0.0014625000000000313,0.0016000000000000341,0.001512500000000032,0.0015250000000000324,0.00141250000000003,0.0015375000000000328,0.00140000000000003,0.0012750000000000272,0.001075000000000023,0.0011000000000000235,0.0012625000000000268,0.0012625000000000268,0.0012750000000000272,0.0013250000000000282,0.0012875000000000276,0.0012750000000000272,0.0012375000000000263,0.0011875000000000253,0.0011875000000000253,0.0011500000000000245,0.0011375000000000243,0.0011375000000000243,0.0011500000000000245
23.05,0.0402492501732288,0.043021564559234705,0.04455543356200807,0.04702684318717142,0.04817412200693349,0.051596464885773165,0.053469718411984855,0.055842525827323665,0.056140096479461374,0.05778851129894691,0.05846308463084548,0.05736285851786492,0.05826257282821521,0.0565999999999992,0.05439999999999923,0.05199999999999926,0.04858749999999931,0.04766249999999933,0.044499999999999366,0.041687499999999406,0.036062499999999484,0.03434999999999951,0.03226249999999954,0.028374999999999595,0.02599999999999963,0.02317499999999967,0.022024999999999687,0.01892499999999973,0.017462499999999753,0.014312499999999798,0.012812499999999819,0.012212499999999828,0.010324999999999852,0.010112499999999856,0.009124999999999871,0.008049999999999885,0.007224999999999897,0.006974999999999901,0.005662499999999919,0.005074999999999928,0.005062499999999928,0.004849999999999932,0.004624999999999934,0.004074999999999942,0.003887499999999945,0.0031249999999999555,0.0028249999999999595,0.003024999999999957,0.0025624999999999637,0.0024374999999999653,0.0022249999999999683,0.0022749999999999676,0.002174999999999969,0.0015124999999999785,0.001762499999999975,0.0015624999999999778,0.0017874999999999747,0.0014624999999999792,0.001487499999999979,0.0014624999999999792,0.0016499999999999768,0.0014999999999999788,0.0014124999999999797,0.0015874999999999776,0.001549999999999978,0.0012624999999999822,0.0010749999999999848,0.0012374999999999823,0.0012499999999999822,0.0012874999999999818,0.0011374999999999838,0.0011124999999999842,0.001062499999999985,0.0011124999999999842,0.0010999999999999845,0.001124999999999984,0.0011124999999999842,0.0011374999999999838,0.0011124999999999842,0.0011124999999999842,0.0010999999999999845,0.0011124999999999842,0.0010999999999999845
23.150000000000002,0.03889843630787494,0.04180845648881443,0.04505563489304382,0.044938706305422516,0.04962447190384609,0.05220907132614217,0.05513244287978799,0.05499244932043806,0.055902585494578334,0.05767600933016246,0.05817558175581673,0.059025368908554844,0.057987572484464775,0.0564999999999992,0.054874999999999216,0.051499999999999276,0.04886249999999931,0.046487499999999335,0.043512499999999385,0.03994999999999943,0.036837499999999475,0.033412499999999526,0.03172499999999955,0.027849999999999604,0.02512499999999964,0.02189999999999969,0.020712499999999703,0.018512499999999737,0.016437499999999765,0.015387499999999782,0.013799999999999804,0.011799999999999831,0.010387499999999852,0.009662499999999862,0.008612499999999877,0.007737499999999889,0.0068624999999999025,0.006387499999999909,0.005062499999999928,0.005424999999999923,0.004762499999999933,0.004537499999999936,0.0037624999999999464,0.0037499999999999465,0.0037499999999999465,0.003099999999999956,0.0031249999999999555,0.0025624999999999637,0.002462499999999965,0.0022749999999999676,0.002049999999999971,0.0022999999999999674,0.0016749999999999762,0.0017249999999999755,0.001549999999999978,0.0017249999999999755,0.001474999999999979,0.0015124999999999785,0.001612499999999977,0.0016374999999999766,0.0014499999999999795,0.001349999999999981,0.0014999999999999788,0.001337499999999981,0.0010749999999999848,0.0012374999999999823,0.0012999999999999815,0.0011374999999999838,0.0010999999999999845,0.0011124999999999842,0.0010874999999999845,0.001062499999999985,0.001062499999999985,0.0009999999999999857,0.000987499999999986,0.0009499999999999864,0.0009749999999999862,0.0009749999999999862,0.0009999999999999857,0.001049999999999985,0.001062499999999985,0.001062499999999985,0.0010749999999999848
23.25,0.04057444610377839,0.04264637649621964,0.04525571542545971,0.04561391224323516,0.04911184823338735,0.0529717038335422,0.05374475554199932,0.05611755057955336,0.055215053696234626,0.05746350561134943,0.0585255852558538,0.05686285539284742,0.058200072750092174,0.05512500000000117,0.05388750000000114,0.05128750000000109,0.04867500000000104,0.04806250000000103,0.04110000000000087,0.03842500000000082,0.037400000000000794,0.03353750000000071,0.029787500000000636,0.02780000000000059,0.02433750000000052,0.021687500000000463,0.01968750000000042,0.018012500000000386,0.016675000000000356,0.01498750000000032,0.012437500000000266,0.011512500000000245,0.009950000000000212,0.008975000000000191,0.008625000000000185,0.007450000000000159,0.006862500000000146,0.005825000000000124,0.005425000000000116,0.005825000000000124,0.0047000000000001,0.004375000000000093,0.004025000000000086,0.0038375000000000817,0.0035375000000000757,0.00280000000000006,0.0031125000000000666,0.002575000000000055,0.0024500000000000524,0.0022625000000000483,0.002300000000000049,0.002012500000000043,0.0014625000000000313,0.0017750000000000378,0.0017875000000000382,0.0016250000000000346,0.001450000000000031,0.0015750000000000336,0.0015250000000000324,0.0014375000000000308,0.001362500000000029,0.0015375000000000328,0.0012625000000000268,0.0010875000000000231,0.0012625000000000268,0.0011500000000000245,0.001075000000000023,0.0011125000000000236,0.0010500000000000225,0.0009750000000000208,0.0010625000000000226,0.0011000000000000235,0.0011125000000000236,0.0010875000000000231,0.0011375000000000243,0.0011000000000000235,0.0011125000000000236,0.0011625000000000246,0.0011500000000000245,0.001125000000000024,0.0011125000000000236,0.0011000000000000235,0.0010875000000000231
23.35,0.04221293329230801,0.042296200970735984,0.04383014163200626,0.04642666013133939,0.04996205334536886,0.05182150398631689,0.053594735289263284,0.05507995719614687,0.05781517395179445,0.057713509986423946,0.05783807838078299,0.05753785961162176,0.0549625687032101,0.05366249999999924,0.052637499999999254,0.05054999999999928,0.0490249999999993,0.04546249999999936,0.0425374999999994,0.03908749999999944,0.034812499999999504,0.03298749999999953,0.029374999999999582,0.02746249999999961,0.02388749999999966,0.022037499999999686,0.019587499999999723,0.01781249999999975,0.01556249999999978,0.013262499999999811,0.01261249999999982,0.011737499999999835,0.009687499999999863,0.00849999999999988,0.007912499999999887,0.0072874999999998965,0.006949999999999901,0.005962499999999915,0.005262499999999925,0.005037499999999928,0.004662499999999933,0.004624999999999934,0.003974999999999944,0.0038499999999999455,0.002699999999999962,0.002974999999999958,0.002612499999999963,0.002587499999999963,0.0023624999999999666,0.002049999999999971,0.0021499999999999696,0.001549999999999978,0.0017124999999999755,0.0015124999999999785,0.0017249999999999755,0.0014374999999999796,0.0016499999999999768,0.0015124999999999785,0.0015249999999999784,0.0013749999999999804,0.0015249999999999784,0.0012249999999999826,0.0012249999999999826,0.0012749999999999819,0.0010874999999999845,0.0011124999999999842,0.0010249999999999856,0.0010249999999999856,0.0010999999999999845,0.001124999999999984,0.0011124999999999842,0.0011499999999999837,0.0011124999999999842,0.001062499999999985,0.001049999999999985,0.0010999999999999845,0.001049999999999985,0.000987499999999986,0.0009749999999999862,0.0009749999999999862,0.0009999999999999857,0.0010124999999999856,0.0010124999999999856
23.450000000000003,0.041987797648083865,0.043784446954036646,0.044192787597008745,0.048164690230521334,0.0489993210862131,0.052209071326144024,0.0553199681957076,0.05601754157874328,0.05744015660724431,0.05768850954891833,0.05706307063070753,0.05743785898661989,0.05533756917196265,0.05247500000000112,0.05128750000000109,0.05066250000000108,0.04746250000000101,0.04588750000000098,0.04158750000000088,0.03800000000000081,0.03396250000000072,0.03191250000000068,0.029525000000000627,0.02571250000000055,0.024212500000000515,0.020975000000000445,0.019037500000000405,0.01656250000000035,0.015137500000000323,0.01313750000000028,0.012400000000000263,0.010325000000000221,0.009762500000000209,0.00896250000000019,0.007912500000000168,0.0070750000000001515,0.006962500000000149,0.005525000000000118,0.0051250000000001095,0.004750000000000101,0.004437500000000094,0.0037375000000000797,0.0037250000000000794,0.003800000000000081,0.0033000000000000707,0.003037500000000065,0.002587500000000055,0.0023125000000000493,0.002200000000000047,0.0022125000000000473,0.002012500000000043,0.0016000000000000341,0.0016750000000000358,0.0017125000000000365,0.001450000000000031,0.0015875000000000338,0.0013750000000000292,0.001450000000000031,0.0013375000000000283,0.0015250000000000324,0.0012250000000000262,0.0012500000000000267,0.0012000000000000255,0.001075000000000023,0.001025000000000022,0.0010000000000000213,0.0011125000000000236,0.001125000000000024,0.001125000000000024,0.0010625000000000226,0.0009750000000000208,0.0008875000000000189,0.0009250000000000198,0.0009500000000000203,0.00093750000000002,0.00093750000000002,0.0009625000000000204,0.0009250000000000198,0.00093750000000002,0.00093750000000002,0.0009125000000000194,0.0009125000000000194,0.0009125000000000194
23.55,0.04163758664595359,0.04357184038499236,0.04624361305425368,0.04746447666538227,0.050724737342883255,0.05397187761373462,0.05555750026253465,0.055154963946754426,0.056202599370220076,0.056938496423686605,0.05821308213082048,0.05792536203351188,0.05570006962508624,0.054237499999999224,0.05236249999999926,0.04983749999999929,0.046499999999999334,0.044774999999999364,0.040687499999999426,0.03812499999999946,0.033612499999999525,0.03097499999999956,0.029812499999999575,0.026249999999999628,0.022199999999999685,0.022049999999999688,0.018512499999999737,0.017099999999999758,0.014162499999999797,0.01263749999999982,0.011662499999999834,0.010037499999999857,0.009712499999999862,0.008549999999999879,0.007687499999999891,0.006724999999999905,0.00562499999999992,0.005249999999999925,0.005449999999999923,0.004637499999999934,0.004437499999999937,0.0039374999999999445,0.0036999999999999477,0.003237499999999954,0.00279999999999996,0.0028499999999999598,0.0024999999999999645,0.0024749999999999646,0.001987499999999972,0.002199999999999969,0.001487499999999979,0.0017499999999999753,0.0017374999999999752,0.001612499999999977,0.0014249999999999799,0.0014499999999999795,0.0015249999999999784,0.0014624999999999792,0.0014999999999999788,0.001199999999999983,0.0012499999999999822,0.0011124999999999842,0.0010999999999999845,0.0009749999999999862,0.0010874999999999845,0.0011374999999999838,0.0010749999999999848,0.0009749999999999862,0.0008874999999999874,0.0009124999999999871,0.0009374999999999866,0.0010249999999999856,0.0010124999999999856,0.0010374999999999853,0.0010249999999999856,0.0010374999999999853,0.0010374999999999853,0.0010249999999999856,0.0010124999999999856,0.0010374999999999853,0.0010374999999999853,0.001062499999999985,0.0010874999999999845
23.650000000000002,0.041049732463808865,0.045247680399799754,0.04396769699804108,0.048202201671509126,0.05046217399947665,0.05198403222559846,0.05416981292474407,0.054192377313957485,0.05671512307444138,0.05656348986107177,0.05756307563075549,0.056212851330320016,0.05480006850008484,0.05396249999999923,0.050887499999999274,0.04849999999999931,0.04743749999999933,0.04354999999999938,0.040199999999999424,0.03647499999999948,0.033674999999999525,0.03112499999999956,0.027749999999999605,0.02533749999999964,0.022537499999999683,0.0209999999999997,0.018249999999999742,0.01608749999999977,0.015099999999999785,0.013024999999999816,0.011474999999999836,0.009899999999999859,0.008799999999999876,0.008324999999999881,0.007362499999999895,0.006699999999999905,0.006049999999999914,0.004874999999999931,0.005287499999999925,0.004599999999999935,0.004537499999999936,0.003924999999999944,0.0038249999999999456,0.00283749999999996,0.00281249999999996,0.002512499999999964,0.0024999999999999645,0.0020124999999999713,0.0022249999999999683,0.001962499999999972,0.0016374999999999766,0.0015124999999999785,0.0017124999999999755,0.0014124999999999797,0.0015624999999999778,0.0016749999999999762,0.001487499999999979,0.0014999999999999788,0.0012249999999999826,0.0012374999999999823,0.0011124999999999842,0.0010999999999999845,0.0009374999999999866,0.0011124999999999842,0.0011124999999999842,0.0009624999999999864,0.0008874999999999874,0.0009249999999999869,0.0010374999999999853,0.0010249999999999856,0.0009999999999999857,0.001062499999999985,0.001062499999999985,0.001062499999999985,0.0010124999999999856,0.000987499999999986,0.0009999999999999857,0.001049999999999985,0.0010249999999999856,0.000987499999999986,0.000987499999999986,0.0009499999999999864,0.0009249999999999869
23.75,0.04278827993866396,0.042046075595393084,0.0454933110577017,0.04743946903805762,0.05162495452027912,0.05379684720220253,0.054582368619764836,0.05474242681841482,0.05626510226098077,0.05668849204861206,0.056563065630657515,0.056287851799074945,0.055050068812587186,0.05295000000000113,0.050562500000001086,0.04730000000000101,0.04630000000000099,0.04315000000000092,0.04043750000000086,0.035062500000000746,0.032975000000000705,0.031162500000000665,0.027087500000000576,0.024112500000000515,0.02160000000000046,0.019350000000000412,0.017737500000000378,0.016350000000000347,0.014562500000000311,0.01216250000000026,0.011437500000000243,0.009987500000000213,0.008425000000000179,0.00798750000000017,0.006975000000000149,0.006862500000000146,0.005525000000000118,0.004950000000000105,0.004775000000000102,0.004500000000000096,0.003975000000000084,0.003662500000000078,0.00376250000000008,0.003062500000000065,0.0031750000000000675,0.0025125000000000533,0.002200000000000047,0.002112500000000045,0.0021875000000000466,0.0014875000000000318,0.001737500000000037,0.0017625000000000375,0.001450000000000031,0.0015750000000000336,0.0014875000000000318,0.0013375000000000283,0.0015375000000000328,0.0012875000000000276,0.0012125000000000258,0.0011000000000000235,0.0010500000000000225,0.0009750000000000208,0.0010625000000000226,0.0010375000000000221,0.0008875000000000189,0.0009000000000000192,0.0010000000000000213,0.001025000000000022,0.0010375000000000221,0.0010375000000000221,0.0010125000000000216,0.0008250000000000177,0.0007875000000000168,0.0008250000000000177,0.0008375000000000179,0.0008250000000000177,0.0008125000000000173,0.0008500000000000182,0.0008750000000000187,0.0009125000000000194,0.0009000000000000192,0.0009000000000000192,0.0009000000000000192
23.85,0.0426632045807593,0.04427219143595665,0.04555583622407955,0.04850229319942513,0.051887517863683875,0.05238410173767617,0.05390727748245937,0.05412987168845119,0.055602571618936586,0.05612598220468778,0.056738067380672996,0.0562253514084455,0.05456256820320948,0.052849999999999245,0.05026249999999928,0.047074999999999326,0.04493749999999936,0.0421124999999994,0.03851249999999946,0.03568749999999949,0.03309999999999953,0.029924999999999573,0.027099999999999614,0.024149999999999658,0.021137499999999698,0.019137499999999728,0.017399999999999752,0.015337499999999782,0.013074999999999814,0.012587499999999821,0.010749999999999848,0.009174999999999869,0.00836249999999988,0.00776249999999989,0.0070249999999999,0.006637499999999906,0.005212499999999926,0.0053249999999999235,0.004412499999999937,0.004412499999999937,0.0037624999999999464,0.003737499999999947,0.0032124999999999545,0.002749999999999961,0.0025749999999999636,0.002599999999999963,0.0022374999999999682,0.0022249999999999683,0.0020124999999999713,0.001612499999999977,0.0014999999999999788,0.0016499999999999768,0.00139999999999998,0.0014624999999999792,0.0014124999999999797,0.0013624999999999807,0.0013624999999999807,0.0010874999999999845,0.0011624999999999834,0.0011124999999999842,0.0009999999999999857,0.0011124999999999842,0.0010874999999999845,0.0009374999999999866,0.0009749999999999862,0.0010374999999999853,0.0010874999999999845,0.0010249999999999856,0.0007874999999999887,0.0008249999999999884,0.0008999999999999872,0.0009124999999999871,0.0008999999999999872,0.0009124999999999871,0.0009624999999999864,0.0009999999999999857,0.0010124999999999856,0.0010124999999999856,0.0009999999999999857,0.0009749999999999862,0.000987499999999986,0.0009999999999999857,0.0010124999999999856
23.950000000000003,0.0441766164113888,0.045360236818706344,0.04694389491770538,0.04837725506279518,0.0500495744598395,0.052446612598940186,0.05438234161611933,0.0544423998159846,0.05610259474500815,0.05750100626761091,0.05532555325553374,0.056350352189702385,0.05387506734383533,0.05280000000000113,0.050112500000001066,0.047250000000001006,0.04666250000000099,0.03993750000000085,0.037312500000000796,0.03561250000000076,0.03235000000000069,0.028337500000000605,0.02665000000000057,0.023200000000000495,0.021287500000000455,0.01917500000000041,0.017175000000000367,0.015275000000000325,0.012762500000000274,0.012125000000000259,0.009912500000000211,0.009600000000000204,0.009162500000000195,0.0075750000000001615,0.006587500000000141,0.005550000000000118,0.0053250000000001135,0.00560000000000012,0.0047000000000001,0.00423750000000009,0.00375000000000008,0.00376250000000008,0.002775000000000059,0.002912500000000062,0.0026125000000000557,0.0022375000000000476,0.002200000000000047,0.0020875000000000446,0.0015000000000000321,0.001737500000000037,0.001737500000000037,0.001512500000000032,0.0016625000000000355,0.0016125000000000345,0.0014750000000000316,0.0014375000000000308,0.001025000000000022,0.0012625000000000268,0.0010875000000000231,0.0009500000000000203,0.0011375000000000243,0.0009750000000000208,0.0008875000000000189,0.0010000000000000213,0.0010875000000000231,0.0010375000000000221,0.0007875000000000168,0.0008375000000000179,0.0009250000000000198,0.0009500000000000203,0.0009750000000000208,0.0009750000000000208,0.0010875000000000231,0.0010125000000000216,0.0009625000000000204,0.0009625000000000204,0.0009875000000000211,0.0009625000000000204,0.00093750000000002,0.00093750000000002,0.0009500000000000203,0.00093750000000002,0.0009500000000000203
24.05,0.0435887622292425,0.04332171500964797,0.0462186029877019,0.04986520888871035,0.051487421340397646,0.053821851546705476,0.054132307861560536,0.05653008770789291,0.056327605151737466,0.056313485485995206,0.05575055750557426,0.05373783586147337,0.05153756442195479,0.050787499999999285,0.04806249999999932,0.048699999999999306,0.04419999999999937,0.04129999999999941,0.03777499999999946,0.03434999999999951,0.03103749999999956,0.028399999999999596,0.025637499999999636,0.023599999999999663,0.020787499999999706,0.018137499999999744,0.01627499999999977,0.013524999999999806,0.012387499999999826,0.01126249999999984,0.010074999999999857,0.008899999999999873,0.00777499999999989,0.007137499999999899,0.006587499999999907,0.006099999999999914,0.004799999999999932,0.00491249999999993,0.004549999999999935,0.00422499999999994,0.0037499999999999465,0.003712499999999947,0.003049999999999957,0.0031249999999999555,0.002374999999999966,0.002462499999999965,0.001962499999999972,0.0020624999999999706,0.0015749999999999775,0.0014499999999999795,0.0016749999999999762,0.0013624999999999807,0.0012999999999999815,0.0013249999999999811,0.0015249999999999784,0.001187499999999983,0.001212499999999983,0.0010249999999999856,0.0009374999999999866,0.0011124999999999842,0.0009499999999999864,0.0009374999999999866,0.001062499999999985,0.0010124999999999856,0.0007999999999999887,0.0007999999999999887,0.0008624999999999877,0.0010124999999999856,0.001062499999999985,0.0009624999999999864,0.0009374999999999866,0.0009374999999999866,0.0008624999999999877,0.0007999999999999887,0.0007624999999999892,0.0007374999999999895,0.0007249999999999898,0.0006874999999999902,0.0007374999999999895,0.0007374999999999895,0.0007124999999999899,0.0007374999999999895,0.0007124999999999899
24.150000000000002,0.042325501114420835,0.04338424635348406,0.04779423718046445,0.049377560155846836,0.052325123436028194,0.05427192974779291,0.05371975216654172,0.055454990949184636,0.05505254618026006,0.055075963829366234,0.055950559505594265,0.05355033468959105,0.05190006487508036,0.05036249999999928,0.0491749999999993,0.04487499999999937,0.044949999999999365,0.040237499999999427,0.03667499999999948,0.03293749999999953,0.030449999999999568,0.02883749999999959,0.025462499999999635,0.021487499999999694,0.021324999999999695,0.01819999999999974,0.01571249999999978,0.014612499999999792,0.012812499999999819,0.010949999999999845,0.009437499999999866,0.008524999999999878,0.007987499999999887,0.007124999999999899,0.006762499999999903,0.005424999999999923,0.0048999999999999305,0.004637499999999934,0.0043874999999999375,0.003737499999999947,0.003724999999999947,0.0032999999999999536,0.002687499999999962,0.0024999999999999645,0.002387499999999966,0.001962499999999972,0.00212499999999997,0.0016874999999999761,0.0016374999999999766,0.0017374999999999752,0.00139999999999998,0.001549999999999978,0.0015999999999999773,0.0013249999999999811,0.0012874999999999818,0.0012249999999999826,0.001062499999999985,0.0009624999999999864,0.001062499999999985,0.0009749999999999862,0.0009124999999999871,0.0009999999999999857,0.000987499999999986,0.0008374999999999881,0.0009124999999999871,0.0010124999999999856,0.001124999999999984,0.0009624999999999864,0.0008749999999999877,0.0007624999999999892,0.0007374999999999895,0.0007374999999999895,0.0006249999999999911,0.0006749999999999905,0.0006499999999999908,0.0006499999999999908,0.0005999999999999915,0.0005999999999999915,0.000562499999999992,0.000562499999999992,0.0006124999999999913,0.0005999999999999915,0.0006124999999999913
24.25,0.04280078747445427,0.04494752994938809,0.04635615835373837,0.049940231770691124,0.05057470114665271,0.052771669077503344,0.053357203222436166,0.055004950445541274,0.05579008029121466,0.056775993579888856,0.05610056100561125,0.054212838830243845,0.05118756398445607,0.050525000000001076,0.049050000000001044,0.04596250000000098,0.043225000000000915,0.039650000000000844,0.037312500000000796,0.03223750000000069,0.03046250000000065,0.0280750000000006,0.024725000000000528,0.022100000000000473,0.02016250000000043,0.017862500000000378,0.01633750000000035,0.014525000000000308,0.011937500000000255,0.011525000000000245,0.009437500000000201,0.008337500000000178,0.007725000000000165,0.006775000000000145,0.006512500000000139,0.004900000000000105,0.005412500000000115,0.004300000000000092,0.0042125000000000894,0.0037375000000000797,0.0035750000000000764,0.002575000000000055,0.0029500000000000632,0.002587500000000055,0.0023750000000000507,0.002062500000000044,0.002250000000000048,0.0013875000000000296,0.0015000000000000321,0.0016625000000000355,0.00140000000000003,0.0013875000000000296,0.0013875000000000296,0.0014750000000000316,0.0010375000000000221,0.001075000000000023,0.0009750000000000208,0.0010625000000000226,0.0010500000000000225,0.0009125000000000194,0.0010375000000000221,0.0009750000000000208,0.0008125000000000173,0.0008625000000000183,0.0009625000000000204,0.0009500000000000203,0.0008250000000000177,0.0006875000000000146,0.000650000000000014,0.000650000000000014,0.000562500000000012,0.0005750000000000122,0.0006250000000000133,0.0006125000000000131,0.0007250000000000155,0.0007750000000000165,0.0007625000000000162,0.0007875000000000168,0.0008000000000000171,0.0008125000000000173,0.0007875000000000168,0.0007750000000000165,0.0007625000000000162
24.35,0.04460187262825789,0.045960537719531264,0.047581651614774276,0.0504153766898897,0.052262608354264724,0.05338427551787048,0.05329469478379506,0.05517996619695694,0.055540068728177884,0.055288467548181314,0.05455054550545428,0.05323783273645385,0.05312506640633225,0.0492374999999993,0.04791249999999932,0.04612499999999935,0.04282499999999939,0.039049999999999446,0.0352499999999995,0.03237499999999954,0.030737499999999564,0.02621249999999963,0.02392499999999966,0.021074999999999698,0.01911249999999973,0.01701249999999976,0.015399999999999782,0.013237499999999812,0.012112499999999827,0.010374999999999851,0.009412499999999865,0.008649999999999877,0.007737499999999889,0.006537499999999907,0.005537499999999922,0.005337499999999924,0.005237499999999926,0.004537499999999936,0.004362499999999938,0.003662499999999948,0.0035999999999999487,0.0031874999999999547,0.003037499999999957,0.0022749999999999676,0.002312499999999967,0.0021499999999999696,0.0017499999999999753,0.0016374999999999766,0.0016874999999999761,0.0014499999999999795,0.0015124999999999785,0.0014124999999999797,0.0013249999999999811,0.001199999999999983,0.0012374999999999823,0.0010874999999999845,0.001062499999999985,0.001049999999999985,0.0008999999999999872,0.0010124999999999856,0.0009374999999999866,0.0008124999999999885,0.0009124999999999871,0.0010874999999999845,0.0009374999999999866,0.0007124999999999899,0.0006249999999999911,0.0005999999999999915,0.0005874999999999917,0.00069999999999999,0.0007999999999999887,0.0008499999999999879,0.0008374999999999881,0.0008749999999999877,0.0008124999999999885,0.0008124999999999885,0.0008374999999999881,0.0008249999999999884,0.0008499999999999879,0.0008249999999999884,0.0007999999999999887,0.0007999999999999887,0.0007999999999999887
24.450000000000003,0.04278827993866396,0.04579795622555904,0.04719399558322326,0.04947759066515393,0.05164996055298451,0.052809175594260634,0.05325718972061342,0.054017361562541784,0.05442751727267502,0.05540096951696773,0.05458804588045997,0.053175332345828295,0.05237506546883296,0.04943750000000106,0.045650000000000975,0.04458750000000095,0.04167500000000089,0.03921250000000084,0.034187500000000724,0.03193750000000068,0.02947500000000063,0.02685000000000057,0.023212500000000497,0.020437500000000438,0.018412500000000394,0.017200000000000368,0.014887500000000319,0.012425000000000264,0.011850000000000253,0.009712500000000207,0.009287500000000198,0.008137500000000174,0.006962500000000149,0.006587500000000141,0.005925000000000126,0.004825000000000103,0.004825000000000103,0.004575000000000098,0.0036375000000000773,0.0037250000000000794,0.0034875000000000743,0.0026500000000000564,0.002487500000000053,0.0024625000000000528,0.002062500000000044,0.0020250000000000433,0.0014625000000000313,0.0016875000000000362,0.0017125000000000365,0.0013500000000000287,0.0014375000000000308,0.0014750000000000316,0.0014250000000000304,0.0011625000000000246,0.0010125000000000216,0.0009500000000000203,0.0011000000000000235,0.0008750000000000187,0.0010125000000000216,0.0009625000000000204,0.0008125000000000173,0.0009875000000000211,0.0009875000000000211,0.0007875000000000168,0.0007250000000000155,0.0006000000000000127,0.0006125000000000131,0.0007500000000000161,0.0008500000000000182,0.0008375000000000179,0.0008375000000000179,0.0008125000000000173,0.0007625000000000162,0.0007500000000000161,0.0007625000000000162,0.000650000000000014,0.0006125000000000131,0.0006625000000000141,0.0006250000000000133,0.0006250000000000133,0.0006625000000000141,0.0006625000000000141,0.0006625000000000141
24.55,0.0440515410534841,0.04619815682610843,0.049007225408226114,0.05027783473959486,0.05091228258817367,0.0526966560439869,0.052207047951472706,0.054729925693311615,0.05469002941385962,0.05508846404812006,0.05517555175551677,0.05353783461146556,0.05051256314070321,0.04974999999999929,0.04557499999999935,0.04428749999999937,0.04107499999999942,0.037949999999999456,0.03458749999999951,0.03236249999999954,0.0280999999999996,0.026199999999999626,0.022474999999999683,0.020924999999999704,0.018687499999999736,0.016074999999999773,0.013912499999999802,0.012174999999999827,0.011337499999999839,0.009649999999999862,0.008774999999999875,0.008212499999999883,0.006987499999999901,0.006637499999999906,0.0053249999999999235,0.004724999999999933,0.0044749999999999365,0.0042749999999999394,0.0036999999999999477,0.0035999999999999487,0.002887499999999959,0.0028624999999999593,0.0024874999999999646,0.002262499999999968,0.0018624999999999736,0.0020874999999999705,0.001549999999999978,0.001549999999999978,0.0013874999999999803,0.001549999999999978,0.0013874999999999803,0.0014624999999999792,0.0010999999999999845,0.001124999999999984,0.0009749999999999862,0.0009999999999999857,0.0008749999999999877,0.000987499999999986,0.0009624999999999864,0.0008249999999999884,0.000987499999999986,0.0009249999999999869,0.0007249999999999898,0.0006374999999999909,0.0005749999999999919,0.0007624999999999892,0.0008249999999999884,0.0008249999999999884,0.000774999999999989,0.0007624999999999892,0.0006374999999999909,0.0005749999999999919,0.0006499999999999908,0.0007374999999999895,0.0007499999999999894,0.0008249999999999884,0.0008124999999999885,0.000774999999999989,0.0008124999999999885,0.0008124999999999885,0.000774999999999989,0.000774999999999989,0.000774999999999989
24.650000000000002,0.04397649583874221,0.045510312043911365,0.04831944857805198,0.05110308644136389,0.05290026218825216,0.052471616943443176,0.054969920939326025,0.054617415567400296,0.056165097635764855,0.05343843517261477,0.05486304863048552,0.052462827892673584,0.051775064718830165,0.04731249999999933,0.046487499999999335,0.044774999999999364,0.03916249999999945,0.03616249999999949,0.034724999999999506,0.03148749999999956,0.027899999999999606,0.02534999999999964,0.023274999999999667,0.020249999999999713,0.01774999999999975,0.01621249999999977,0.013999999999999803,0.012912499999999816,0.010949999999999845,0.009387499999999866,0.008274999999999883,0.007362499999999895,0.006724999999999905,0.006474999999999908,0.004999999999999929,0.0053249999999999235,0.004499999999999936,0.004037499999999942,0.003724999999999947,0.0035499999999999495,0.002974999999999958,0.002949999999999958,0.0023374999999999668,0.0022374999999999682,0.002249999999999968,0.0016499999999999768,0.0017249999999999755,0.0015374999999999781,0.001337499999999981,0.001337499999999981,0.0014249999999999799,0.0013749999999999804,0.0011749999999999833,0.001062499999999985,0.0010374999999999853,0.001049999999999985,0.0008999999999999872,0.0010374999999999853,0.0008249999999999884,0.0009374999999999866,0.0009249999999999869,0.0007374999999999895,0.0006874999999999902,0.0005999999999999915,0.0008624999999999877,0.0008124999999999885,0.000774999999999989,0.0006374999999999909,0.0005874999999999917,0.0006874999999999902,0.0007624999999999892,0.0007874999999999887,0.0008624999999999877,0.0007124999999999899,0.0007124999999999899,0.0007249999999999898,0.0007624999999999892,0.000774999999999989,0.000774999999999989,0.000774999999999989,0.000774999999999989,0.000774999999999989,0.0007874999999999887
24.75,0.045514922740952396,0.046373244588851156,0.04886967004219302,0.04959012498812243,0.05311281346624986,0.05247161694344504,0.054369839928391485,0.054717424568212304,0.054390015538219795,0.054488453547938256,0.05198801988019991,0.05023781398633849,0.049612562015703576,0.048025000000001025,0.04572500000000097,0.04382500000000094,0.04038750000000086,0.03670000000000078,0.03331250000000071,0.030112500000000642,0.027987500000000595,0.02475000000000053,0.021712500000000464,0.020800000000000447,0.01783750000000038,0.015400000000000327,0.014150000000000303,0.01175000000000025,0.011050000000000237,0.009162500000000195,0.008162500000000173,0.007637500000000162,0.006775000000000145,0.005512500000000117,0.00518750000000011,0.005162500000000111,0.004362500000000093,0.0041125000000000874,0.0036500000000000777,0.0036750000000000784,0.002537500000000054,0.0025625000000000548,0.0023250000000000492,0.002100000000000045,0.002062500000000044,0.0013875000000000296,0.0013875000000000296,0.001550000000000033,0.0016750000000000358,0.0014375000000000308,0.0015000000000000321,0.0009750000000000208,0.0010875000000000231,0.0009125000000000194,0.0010875000000000231,0.0008750000000000187,0.0010500000000000225,0.0007375000000000158,0.0008875000000000189,0.0009500000000000203,0.0007250000000000155,0.0006250000000000133,0.0006000000000000127,0.0008250000000000177,0.0007500000000000161,0.0006375000000000136,0.0006375000000000136,0.0007875000000000168,0.0008750000000000187,0.0007250000000000155,0.0008000000000000171,0.0007625000000000162,0.0006875000000000146,0.0007500000000000161,0.0007250000000000155,0.0007250000000000155,0.0007125000000000152,0.0006750000000000143,0.0006375000000000136,0.000650000000000014,0.0006875000000000146,0.000700000000000015,0.000700000000000015
24.85,0.044664410307209454,0.04677344518940052,0.04953243680581364,0.05087801779542689,0.051712475634746145,0.052259080015151886,0.05309466778014957,0.05376733906051468,0.05367748258356873,0.054213448735352096,0.05206302063020556,0.050087813048830844,0.049350061687576406,0.04704999999999933,0.045174999999999355,0.04307499999999939,0.03871249999999945,0.03588749999999949,0.031849999999999545,0.02928749999999958,0.0282499999999996,0.024287499999999653,0.021387499999999695,0.01987499999999972,0.017299999999999753,0.015737499999999776,0.0140999999999998,0.011637499999999834,0.010262499999999855,0.009262499999999868,0.008624999999999878,0.007112499999999898,0.006262499999999911,0.005749999999999918,0.0046749999999999335,0.004699999999999933,0.004262499999999939,0.0036999999999999477,0.0035624999999999494,0.0029249999999999584,0.002887499999999959,0.0024499999999999652,0.002374999999999966,0.0018624999999999736,0.0019999999999999714,0.0016499999999999768,0.0016874999999999761,0.0013749999999999804,0.001212499999999983,0.0014249999999999799,0.0013249999999999811,0.0011499999999999837,0.000987499999999986,0.0010749999999999848,0.0008249999999999884,0.0010124999999999856,0.0008499999999999879,0.0009124999999999871,0.0009999999999999857,0.0007374999999999895,0.0006249999999999911,0.00069999999999999,0.0008874999999999874,0.0007624999999999892,0.0006374999999999909,0.0008249999999999884,0.0008499999999999879,0.0007499999999999894,0.0006749999999999905,0.0007499999999999894,0.0006624999999999906,0.0007124999999999899,0.0006499999999999908,0.0006124999999999913,0.0006374999999999909,0.0005999999999999915,0.0006124999999999913,0.0006624999999999906,0.0007124999999999899,0.0006874999999999902,0.0006499999999999908,0.0006499999999999908,0.0006374999999999909
24.950000000000003,0.04600271663677464,0.04726118967132376,0.04838197374443316,0.050465391944544156,0.051537433405810254,0.052259080015153746,0.053907277482461276,0.05389235031152918,0.05510254849286897,0.05416344786033871,0.05261302613026242,0.05001281258007969,0.0494375617969533,0.04828750000000103,0.04408750000000094,0.04271250000000091,0.038875000000000826,0.036912500000000785,0.03157500000000067,0.029850000000000636,0.026437500000000565,0.024150000000000515,0.020400000000000435,0.018837500000000403,0.016625000000000355,0.014925000000000318,0.012337500000000263,0.011850000000000253,0.009712500000000207,0.009150000000000196,0.00752500000000016,0.006925000000000148,0.00655000000000014,0.005425000000000116,0.004537500000000097,0.004412500000000093,0.004262500000000091,0.003700000000000079,0.003512500000000075,0.0026625000000000567,0.00282500000000006,0.00235000000000005,0.0022125000000000473,0.0021750000000000463,0.0015625000000000333,0.0016625000000000355,0.0016125000000000345,0.0015000000000000321,0.0016125000000000345,0.0013375000000000283,0.0009875000000000211,0.0010625000000000226,0.0009750000000000208,0.0009625000000000204,0.0009250000000000198,0.0009500000000000203,0.0008750000000000187,0.0009625000000000204,0.0007875000000000168,0.000650000000000014,0.000700000000000015,0.0008375000000000179,0.0007250000000000155,0.0006375000000000136,0.0007500000000000161,0.0007250000000000155,0.0006750000000000143,0.0007250000000000155,0.000700000000000015,0.0006250000000000133,0.0006750000000000143,0.000650000000000014,0.0007125000000000152,0.0007500000000000161,0.0007500000000000161,0.0007500000000000161,0.0007875000000000168,0.0007875000000000168,0.0007500000000000161,0.0007625000000000162,0.0007750000000000165,0.0007625000000000162,0.0007625000000000162
25.05,0.044927068558806044,0.04782397176584695,0.049407386473054704,0.0504528881308792,0.051487421340397646,0.051083875823423594,0.05309466778014957,0.05404236381274238,0.0538274895213896,0.0533634338600918,0.05142551425514182,0.051787823673897226,0.047487559359448525,0.046624999999999334,0.04544999999999935,0.041499999999999405,0.03844999999999946,0.034274999999999514,0.03159999999999955,0.029787499999999578,0.025087499999999645,0.022512499999999682,0.02041249999999971,0.018112499999999743,0.016512499999999767,0.014599999999999794,0.012212499999999828,0.011237499999999841,0.009562499999999863,0.00849999999999988,0.008012499999999886,0.0068624999999999025,0.006449999999999908,0.005149999999999927,0.0053249999999999235,0.004449999999999937,0.004024999999999943,0.0036499999999999484,0.00352499999999995,0.0029124999999999585,0.0027249999999999614,0.0024499999999999652,0.0019374999999999724,0.002049999999999971,0.001337499999999981,0.0013874999999999803,0.0014249999999999799,0.0013874999999999803,0.0012624999999999822,0.0013874999999999803,0.001124999999999984,0.0009499999999999864,0.0010249999999999856,0.0008624999999999877,0.0010374999999999853,0.0007999999999999887,0.0009499999999999864,0.0008874999999999874,0.0006124999999999913,0.0006124999999999913,0.0008249999999999884,0.0007499999999999894,0.0007124999999999899,0.0008374999999999881,0.0007374999999999895,0.0007124999999999899,0.0006749999999999905,0.0006124999999999913,0.00069999999999999,0.0007249999999999898,0.0007624999999999892,0.000774999999999989,0.0007374999999999895,0.0007499999999999894,0.0006624999999999906,0.0006874999999999902,0.0006499999999999908,0.0006124999999999913,0.0006124999999999913,0.0006249999999999911,0.0006124999999999913,0.0006499999999999908,0.0006499999999999908
25.150000000000002,0.04582761113570861,0.04722367086502042,0.04977003243805561,0.049927727957026186,0.052000045010858136,0.05122139971820031,0.05285713571332054,0.05267974117670516,0.053939994724755254,0.05370093976644515,0.051763017630175566,0.05021281383008573,0.04801256001569934,0.04473749999999936,0.04328749999999938,0.04087499999999942,0.03804999999999946,0.03299999999999953,0.031449999999999555,0.028637499999999594,0.026349999999999627,0.022774999999999677,0.020312499999999713,0.01823749999999974,0.016312499999999768,0.013612499999999807,0.011724999999999835,0.010824999999999845,0.00919999999999987,0.008112499999999885,0.007262499999999897,0.006549999999999907,0.006024999999999915,0.00492499999999993,0.005187499999999926,0.004287499999999939,0.004037499999999942,0.003449999999999951,0.0034124999999999516,0.0025624999999999637,0.002462499999999965,0.0021499999999999696,0.0020124999999999713,0.001962499999999972,0.0016499999999999768,0.0016749999999999762,0.0012999999999999815,0.0014374999999999796,0.0012749999999999819,0.0010249999999999856,0.001062499999999985,0.001049999999999985,0.0009624999999999864,0.0009624999999999864,0.0008499999999999879,0.0008499999999999879,0.0009249999999999869,0.0006874999999999902,0.0005999999999999915,0.0008374999999999881,0.0007499999999999894,0.0006624999999999906,0.0007374999999999895,0.0006749999999999905,0.0007124999999999899,0.0005749999999999919,0.00069999999999999,0.0007624999999999892,0.0007499999999999894,0.0007249999999999898,0.0006124999999999913,0.0006249999999999911,0.0006499999999999908,0.0006124999999999913,0.0006374999999999909,0.0005999999999999915,0.0005874999999999917,0.0005874999999999917,0.0006124999999999913,0.0005999999999999915,0.0005999999999999915,0.000562499999999992,0.000562499999999992
25.25,0.04631540503153248,0.04922467386777727,0.04878213480926177,0.05270357459025114,0.05098730068629165,0.05263414518272662,0.05296965090287301,0.05360482443420023,0.053464972754991055,0.053388434297601345,0.05226302263022741,0.049562809767562103,0.047862559828200806,0.044762500000000954,0.04360000000000093,0.03992500000000085,0.0374500000000008,0.03325000000000071,0.031100000000000665,0.02732500000000058,0.025350000000000542,0.02163750000000046,0.019787500000000423,0.01777500000000038,0.01543750000000033,0.013475000000000287,0.012675000000000271,0.01072500000000023,0.0093250000000002,0.008075000000000172,0.007312500000000156,0.006275000000000134,0.005362500000000115,0.0046625000000001,0.0047125000000001,0.004162500000000089,0.0037375000000000797,0.0035375000000000757,0.0028625000000000607,0.002775000000000059,0.002387500000000051,0.0022750000000000487,0.002100000000000045,0.0015750000000000336,0.001637500000000035,0.0015250000000000324,0.0015750000000000336,0.0013375000000000283,0.0013875000000000296,0.0011625000000000246,0.00093750000000002,0.0010125000000000216,0.0008625000000000183,0.0010125000000000216,0.0008500000000000182,0.001025000000000022,0.0006750000000000143,0.0005500000000000117,0.0008000000000000171,0.0007375000000000158,0.0006750000000000143,0.0007250000000000155,0.0007125000000000152,0.0006625000000000141,0.0006250000000000133,0.0007750000000000165,0.0007250000000000155,0.000650000000000014,0.000650000000000014,0.0006375000000000136,0.0005875000000000125,0.000562500000000012,0.0006125000000000131,0.000562500000000012,0.0005500000000000117,0.0006125000000000131,0.0006250000000000133,0.0006125000000000131,0.0006000000000000127,0.0006000000000000127,0.0006000000000000127,0.0006125000000000131,0.0006125000000000131
25.35,0.0467406612484015,0.0488870046110606,0.049607467005469,0.05092803305007955,0.051337385144165304,0.05387186023571519,0.05318217959424447,0.053904851436628536,0.05217741320536,0.05325093189130734,0.051450514505144325,0.050475315470720976,0.046650058312572226,0.044824999999999365,0.04298749999999939,0.039649999999999436,0.0352249999999995,0.034087499999999514,0.030049999999999574,0.027262499999999613,0.02458749999999965,0.02227499999999968,0.019962499999999717,0.017124999999999755,0.015099999999999785,0.013824999999999804,0.011324999999999839,0.010599999999999849,0.008687499999999876,0.00843749999999988,0.007162499999999898,0.006412499999999909,0.00563749999999992,0.004574999999999935,0.004449999999999937,0.00422499999999994,0.0034999999999999506,0.0035624999999999494,0.00279999999999996,0.002949999999999958,0.0023499999999999667,0.0019249999999999727,0.001974999999999972,0.0013249999999999811,0.00139999999999998,0.0012874999999999818,0.001212499999999983,0.0013874999999999803,0.0011499999999999837,0.0010749999999999848,0.0010249999999999856,0.0008999999999999872,0.0009999999999999857,0.0007249999999999898,0.0009374999999999866,0.0007999999999999887,0.0005749999999999919,0.0007874999999999887,0.0007624999999999892,0.0006749999999999905,0.00069999999999999,0.0007124999999999899,0.0006124999999999913,0.0006874999999999902,0.000774999999999989,0.0006624999999999906,0.0006624999999999906,0.0005999999999999915,0.000562499999999992,0.0005499999999999922,0.0006124999999999913,0.0006124999999999913,0.0005249999999999925,0.0005499999999999922,0.0005499999999999922,0.0004874999999999931,0.0004499999999999936,0.0004499999999999936,0.00042499999999999396,0.00042499999999999396,0.00043749999999999383,0.00043749999999999383,0.0004499999999999936
25.450000000000003,0.047128394857902885,0.04679845772693663,0.049457406606160034,0.05120311695067105,0.051174845931582086,0.05205904525911488,0.053232186345157737,0.053292296306668735,0.052477427081003614,0.050413382234190174,0.049087990879909844,0.04886280539253475,0.04682505853132417,0.04415000000000094,0.04347500000000093,0.038337500000000815,0.03580000000000076,0.032925000000000704,0.03003750000000064,0.02710000000000058,0.02397500000000051,0.02063750000000044,0.019950000000000426,0.01681250000000036,0.015487500000000329,0.013725000000000293,0.01130000000000024,0.009750000000000208,0.00895000000000019,0.007625000000000163,0.006725000000000143,0.0063000000000001345,0.00517500000000011,0.004937500000000105,0.004100000000000088,0.003962500000000085,0.0035750000000000764,0.003425000000000073,0.002587500000000055,0.0024500000000000524,0.0023375000000000496,0.0020250000000000433,0.001962500000000042,0.0016125000000000345,0.0015625000000000333,0.0013750000000000292,0.0015875000000000338,0.00141250000000003,0.0011125000000000236,0.0009750000000000208,0.0010375000000000221,0.0008875000000000189,0.0009500000000000203,0.0009000000000000192,0.0009000000000000192,0.0006000000000000127,0.0007375000000000158,0.0007500000000000161,0.0005750000000000122,0.0007750000000000165,0.0007375000000000158,0.0006000000000000127,0.0007250000000000155,0.0007500000000000161,0.0006125000000000131,0.0006000000000000127,0.0005750000000000122,0.0006000000000000127,0.0005875000000000125,0.000512500000000011,0.0004500000000000096,0.00041250000000000883,0.00040000000000000853,0.00043750000000000933,0.00047500000000001014,0.00043750000000000933,0.00043750000000000933,0.0004250000000000091,0.0004500000000000096,0.0004625000000000099,0.0004500000000000096,0.0004500000000000096,0.0004625000000000099
25.55,0.04682821399893369,0.048149134753794655,0.049607467005469,0.04952760591980484,0.050649719244767084,0.052184066981637314,0.05210703444964997,0.05211719054714851,0.05257743170621567,0.050625885953003456,0.048612986129860605,0.04801280007999982,0.046175057718821494,0.04518749999999935,0.04146249999999941,0.03842499999999945,0.0350124999999995,0.03177499999999955,0.028812499999999592,0.02739999999999961,0.023587499999999664,0.0209999999999997,0.01898749999999973,0.016462499999999766,0.014762499999999791,0.012074999999999829,0.011524999999999836,0.009299999999999867,0.00837499999999988,0.007812499999999889,0.0067749999999999035,0.00628749999999991,0.004612499999999934,0.005212499999999926,0.004349999999999938,0.0039624999999999435,0.003437499999999951,0.0031999999999999546,0.00279999999999996,0.0024124999999999655,0.002037499999999971,0.0020749999999999705,0.0016624999999999765,0.0015874999999999776,0.001549999999999978,0.001487499999999979,0.0012374999999999823,0.0012249999999999826,0.0011124999999999842,0.0009249999999999869,0.0008874999999999874,0.0009749999999999862,0.000774999999999989,0.0008874999999999874,0.0006624999999999906,0.0005749999999999919,0.0007499999999999894,0.0005999999999999915,0.0008499999999999879,0.00069999999999999,0.0005999999999999915,0.000774999999999989,0.0007374999999999895,0.0006499999999999908,0.000562499999999992,0.0005749999999999919,0.0005749999999999919,0.0004749999999999932,0.0004124999999999942,0.0004874999999999931,0.0004124999999999942,0.00042499999999999396,0.0004749999999999932,0.0004749999999999932,0.00043749999999999383,0.0004499999999999936,0.0004749999999999932,0.0004749999999999932,0.0004749999999999932,0.0004499999999999936,0.0004499999999999936,0.00043749999999999383,0.0004124999999999942
25.650000000000002,0.04754114353898156,0.0497249246184643,0.049194800907364514,0.05086551398176372,0.0503496468523024,0.05245911477119075,0.05269461377285859,0.053729835685210905,0.05296494962891958,0.05115089514066423,0.04825048250482437,0.046662791642447105,0.045887557359446045,0.0424374999999994,0.0421624999999994,0.037949999999999456,0.0351124999999995,0.03129999999999956,0.02888749999999959,0.02599999999999963,0.02338749999999967,0.019974999999999715,0.01759999999999975,0.01606249999999977,0.014224999999999797,0.011899999999999833,0.011012499999999844,0.00913749999999987,0.008274999999999883,0.0070499999999999,0.00629999999999991,0.005749999999999918,0.005012499999999929,0.004824999999999931,0.004337499999999939,0.0035499999999999495,0.003449999999999951,0.0026624999999999618,0.002587499999999963,0.002249999999999968,0.002037499999999971,0.001812499999999974,0.001349999999999981,0.0013874999999999803,0.0012999999999999815,0.0013249999999999811,0.0012374999999999823,0.0009624999999999864,0.0010124999999999856,0.0009624999999999864,0.0008749999999999877,0.0009374999999999866,0.0007624999999999892,0.0008874999999999874,0.0005999999999999915,0.0007999999999999887,0.0007249999999999898,0.000774999999999989,0.0006874999999999902,0.0005999999999999915,0.0007374999999999895,0.0007124999999999899,0.0005999999999999915,0.0005499999999999922,0.0005999999999999915,0.0005249999999999925,0.0003874999999999945,0.00043749999999999383,0.0003874999999999945,0.00043749999999999383,0.0004874999999999931,0.0004124999999999942,0.0003624999999999949,0.0003249999999999954,0.00033749999999999525,0.000349999999999995,0.0003249999999999954,0.0003249999999999954,0.0003249999999999954,0.00033749999999999525,0.000349999999999995,0.000349999999999995,0.000349999999999995
25.75,0.04827908815061177,0.04811161594749471,0.05090799046616371,0.05019030804395448,0.04989953826360716,0.05135892361297885,0.052469583393759275,0.0524422197997831,0.0521899137835136,0.05097589207811245,0.050150501505016126,0.04801280008000153,0.046000057500072855,0.04320000000000092,0.04070000000000087,0.03703750000000079,0.034600000000000734,0.03010000000000064,0.02863750000000061,0.024725000000000528,0.021900000000000468,0.01930000000000041,0.01781250000000038,0.01633750000000035,0.013487500000000286,0.011500000000000246,0.010675000000000228,0.009137500000000194,0.007725000000000165,0.007300000000000155,0.006225000000000133,0.005412500000000115,0.004550000000000097,0.0044500000000000945,0.0040500000000000865,0.0035750000000000764,0.003525000000000075,0.0029500000000000632,0.00280000000000006,0.002437500000000052,0.002100000000000045,0.002162500000000046,0.0015250000000000324,0.0016125000000000345,0.0013750000000000292,0.0013875000000000296,0.00140000000000003,0.0011500000000000245,0.0008750000000000187,0.0010125000000000216,0.0009625000000000204,0.0007750000000000165,0.0010625000000000226,0.000700000000000015,0.0007125000000000152,0.0008000000000000171,0.0006875000000000146,0.0007500000000000161,0.000700000000000015,0.000700000000000015,0.0007125000000000152,0.0006000000000000127,0.0006000000000000127,0.0005750000000000122,0.0004250000000000091,0.0004625000000000099,0.0004250000000000091,0.0004500000000000096,0.00041250000000000883,0.0003625000000000077,0.0003125000000000067,0.0004500000000000096,0.0005000000000000106,0.0004875000000000104,0.000512500000000011,0.0005500000000000117,0.0005875000000000125,0.0006125000000000131,0.0005875000000000125,0.0005875000000000125,0.0005750000000000122,0.0005750000000000122,0.0005750000000000122
25.85,0.047303500358965606,0.049062092373801665,0.05012017336978063,0.05069046059047938,0.051224857996991044,0.051946525708841174,0.05231956314102329,0.05217969617265479,0.05180239586080783,0.05053838442172666,0.049087990879908096,0.04587528672054135,0.04503755629694473,0.04353749999999938,0.040374999999999425,0.03684999999999948,0.033224999999999526,0.030687499999999562,0.02883749999999959,0.025524999999999635,0.022049999999999688,0.020149999999999713,0.017762499999999747,0.014762499999999791,0.013049999999999813,0.012262499999999826,0.010137499999999855,0.008637499999999878,0.007962499999999886,0.006962499999999901,0.006224999999999911,0.005224999999999926,0.0043874999999999375,0.004037499999999942,0.0038999999999999447,0.003624999999999948,0.0033749999999999523,0.0023624999999999666,0.0024749999999999646,0.0020749999999999705,0.0017874999999999747,0.0016624999999999765,0.0015749999999999775,0.0014999999999999788,0.00139999999999998,0.001337499999999981,0.0010999999999999845,0.0009374999999999866,0.0010124999999999856,0.0008749999999999877,0.0009374999999999866,0.0007999999999999887,0.0008124999999999885,0.0005499999999999922,0.0007624999999999892,0.0005749999999999919,0.0006749999999999905,0.0006624999999999906,0.0006124999999999913,0.0007124999999999899,0.0005999999999999915,0.0005749999999999919,0.0005249999999999925,0.00042499999999999396,0.0004499999999999936,0.00042499999999999396,0.00039999999999999433,0.000349999999999995,0.00046249999999999346,0.00046249999999999346,0.0006124999999999913,0.0005124999999999928,0.0005249999999999925,0.0005249999999999925,0.0004874999999999931,0.0004499999999999936,0.0004124999999999942,0.0003874999999999945,0.0003874999999999945,0.0003874999999999945,0.0004124999999999942,0.0004124999999999942,0.0004124999999999942
25.950000000000003,0.047491113395821995,0.048049084603658615,0.05034526396874849,0.05026533092593348,0.052312620419677366,0.05147144316325072,0.05151945512644317,0.0523797141742768,0.052477427081003614,0.049813371734006406,0.04866298662986734,0.04668779179869973,0.042950053687568025,0.0420625000000009,0.03931250000000084,0.03712500000000079,0.032162500000000684,0.029962500000000638,0.027500000000000586,0.024762500000000527,0.02113750000000045,0.019037500000000405,0.016575000000000353,0.015537500000000332,0.013675000000000291,0.011112500000000237,0.010487500000000222,0.00885000000000019,0.008037500000000171,0.0065375000000001396,0.006200000000000132,0.005025000000000107,0.005162500000000111,0.004300000000000092,0.004162500000000089,0.00328750000000007,0.0031250000000000665,0.00280000000000006,0.002300000000000049,0.0022125000000000473,0.0020875000000000446,0.001362500000000029,0.0013500000000000287,0.0012625000000000268,0.001362500000000029,0.0012625000000000268,0.0011000000000000235,0.0009625000000000204,0.0010000000000000213,0.0009000000000000192,0.0007500000000000161,0.0010375000000000221,0.0006250000000000133,0.0007250000000000155,0.000700000000000015,0.0007125000000000152,0.0007375000000000158,0.0006000000000000127,0.0007375000000000158,0.0006625000000000141,0.0006000000000000127,0.0005250000000000112,0.0003875000000000082,0.00040000000000000853,0.0004625000000000099,0.0003500000000000075,0.00047500000000001014,0.0005375000000000115,0.0005000000000000106,0.0005000000000000106,0.0003875000000000082,0.00040000000000000853,0.0004500000000000096,0.0004625000000000099,0.000512500000000011,0.0005750000000000122,0.0005750000000000122,0.0005875000000000125,0.0005750000000000122,0.0005750000000000122,0.000562500000000012,0.000562500000000012,0.0005750000000000122
26.05,0.04830410322219069,0.04828670371023407,0.04858205427684574,0.04930253727386783,0.05126236704604913,0.052646647354977184,0.052332064828751135,0.05056705103459239,0.05147738082886261,0.05058838529674198,0.048137981379813115,0.04696279351745882,0.043025053781316616,0.0420374999999994,0.03931249999999944,0.036237499999999485,0.032649999999999534,0.030462499999999566,0.02627499999999963,0.02407499999999966,0.021937499999999686,0.019549999999999724,0.01679999999999976,0.014474999999999795,0.013337499999999811,0.010987499999999843,0.009412499999999865,0.008812499999999874,0.007324999999999896,0.006712499999999904,0.006162499999999913,0.004599999999999935,0.005087499999999928,0.004124999999999941,0.003437499999999951,0.0034999999999999506,0.0026624999999999618,0.002749999999999961,0.002162499999999969,0.001837499999999974,0.0019999999999999714,0.001487499999999979,0.001612499999999977,0.0013749999999999804,0.001337499999999981,0.00139999999999998,0.001124999999999984,0.0010374999999999853,0.0007874999999999887,0.0009624999999999864,0.000774999999999989,0.000774999999999989,0.0005499999999999922,0.000774999999999989,0.0006749999999999905,0.0007499999999999894,0.0005874999999999917,0.00069999999999999,0.0006249999999999911,0.0005374999999999924,0.0005249999999999925,0.0003874999999999945,0.0004499999999999936,0.00039999999999999433,0.00028749999999999593,0.0005124999999999928,0.0004999999999999929,0.00043749999999999383,0.00043749999999999383,0.0004874999999999931,0.0005749999999999919,0.0005499999999999922,0.0004749999999999932,0.00046249999999999346,0.00043749999999999383,0.00039999999999999433,0.00042499999999999396,0.0004124999999999942,0.00042499999999999396,0.00043749999999999383,0.00042499999999999396,0.0004499999999999936,0.00043749999999999383
26.150000000000002,0.04709087225053027,0.048836979535991726,0.04970750727167614,0.049565117360794345,0.051124833866169485,0.05055878458882159,0.051907007446004474,0.0507170645358075,0.04985230566913649,0.04862585095239098,0.04905049050490435,0.044787779923623885,0.04452505565631893,0.042674999999999394,0.036899999999999475,0.03411249999999951,0.03331249999999953,0.029587499999999583,0.02633749999999963,0.022999999999999673,0.019937499999999716,0.019237499999999727,0.016612499999999763,0.014937499999999788,0.012287499999999825,0.011374999999999838,0.008937499999999873,0.008012499999999886,0.007337499999999895,0.006424999999999909,0.005712499999999919,0.00491249999999993,0.0043874999999999375,0.004037499999999942,0.00353749999999995,0.0033499999999999524,0.0028499999999999598,0.002599999999999963,0.0022374999999999682,0.002037499999999971,0.0018499999999999738,0.001487499999999979,0.0015374999999999781,0.0014499999999999795,0.001349999999999981,0.0009999999999999857,0.0009749999999999862,0.0009749999999999862,0.0008999999999999872,0.0006874999999999902,0.0010249999999999856,0.0006124999999999913,0.0007624999999999892,0.0005874999999999917,0.0007249999999999898,0.0006374999999999909,0.00069999999999999,0.0006749999999999905,0.0005374999999999924,0.0005749999999999919,0.0003874999999999945,0.00043749999999999383,0.0003749999999999947,0.00043749999999999383,0.0006124999999999913,0.0004499999999999936,0.00039999999999999433,0.000562499999999992,0.0005374999999999924,0.00046249999999999346,0.00042499999999999396,0.0004499999999999936,0.0004124999999999942,0.00043749999999999383,0.00039999999999999433,0.0003749999999999947,0.0003874999999999945,0.00042499999999999396,0.00043749999999999383,0.00043749999999999383,0.0004499999999999936,0.00042499999999999396,0.00042499999999999396
26.25,0.04836664090114397,0.049975049993810465,0.04998261800374757,0.049340048714859086,0.05073724035923775,0.05132141709622156,0.05075685217504471,0.05155463991759368,0.04897726519851648,0.047225826451963916,0.046587965879659785,0.044787779923625474,0.04292505365631799,0.041000000000000876,0.03805000000000081,0.03415000000000073,0.03090000000000066,0.028400000000000605,0.02626250000000056,0.023325000000000495,0.02066250000000044,0.01838750000000039,0.015787500000000336,0.0140375000000003,0.011412500000000244,0.01076250000000023,0.008975000000000191,0.007812500000000167,0.007275000000000155,0.0060000000000001285,0.005312500000000114,0.004637500000000099,0.004587500000000098,0.004162500000000089,0.0034125000000000726,0.003325000000000071,0.0023750000000000507,0.0023625000000000503,0.002162500000000046,0.0018250000000000388,0.0015625000000000333,0.0015000000000000321,0.0013500000000000287,0.0012250000000000262,0.0012375000000000263,0.0011125000000000236,0.0008500000000000182,0.0008875000000000189,0.0009875000000000211,0.0008625000000000183,0.0008125000000000173,0.0005375000000000115,0.0007250000000000155,0.0008000000000000171,0.0006625000000000141,0.0006375000000000136,0.0006750000000000143,0.0005750000000000122,0.0005875000000000125,0.00041250000000000883,0.0004250000000000091,0.00040000000000000853,0.0004875000000000104,0.0005250000000000112,0.00037500000000000803,0.0005250000000000112,0.0005375000000000115,0.0004250000000000091,0.00043750000000000933,0.0004250000000000091,0.0004250000000000091,0.00043750000000000933,0.00047500000000001014,0.0004250000000000091,0.0004875000000000104,0.00047500000000001014,0.0004500000000000096,0.0004250000000000091,0.00041250000000000883,0.0003875000000000082,0.00037500000000000803,0.00037500000000000803,0.00037500000000000803
26.35,0.0477662791832072,0.04934973655544772,0.048919690175294864,0.04883989616833065,0.05052468908124013,0.051471443163248885,0.05206952938646644,0.051317118540667936,0.04982730451283301,0.0475633323583156,0.04626296262962564,0.04451277820486314,0.04242505303131569,0.040199999999999424,0.03646249999999948,0.03417499999999951,0.030237499999999574,0.027799999999999603,0.026112499999999626,0.022974999999999673,0.019174999999999727,0.017174999999999756,0.015812499999999775,0.013837499999999805,0.011574999999999837,0.010387499999999852,0.008824999999999875,0.00777499999999989,0.006974999999999901,0.006112499999999914,0.005124999999999927,0.004312499999999939,0.003787499999999946,0.0038374999999999456,0.0032999999999999536,0.003337499999999953,0.00281249999999996,0.0022124999999999684,0.002262499999999968,0.0019999999999999714,0.0012499999999999822,0.0015124999999999785,0.0011749999999999833,0.001474999999999979,0.0013749999999999804,0.001062499999999985,0.000987499999999986,0.0008249999999999884,0.0008124999999999885,0.0008874999999999874,0.0006499999999999908,0.000774999999999989,0.0006124999999999913,0.0006499999999999908,0.0006124999999999913,0.0007374999999999895,0.0006499999999999908,0.0005374999999999924,0.0004124999999999942,0.00039999999999999433,0.0003874999999999945,0.0004874999999999931,0.0004874999999999931,0.00039999999999999433,0.0005874999999999917,0.00042499999999999396,0.0004499999999999936,0.0003624999999999949,0.0004499999999999936,0.00043749999999999383,0.0004124999999999942,0.0003874999999999945,0.00029999999999999575,0.0003874999999999945,0.0003624999999999949,0.0003874999999999945,0.00039999999999999433,0.0004124999999999942,0.0004124999999999942,0.0004124999999999942,0.0004124999999999942,0.0004124999999999942,0.0004124999999999942
26.450000000000003,0.047128394857902885,0.049299711480380586,0.049107265674435005,0.050152796602964976,0.05024962272148263,0.05054628241657095,0.051269421371886295,0.050692062285606784,0.04968979815316564,0.04703832317065649,0.04666296662966729,0.04587528672054299,0.04213755267194174,0.04085000000000087,0.03711250000000079,0.033862500000000725,0.03016250000000064,0.027875000000000597,0.024925000000000534,0.021737500000000465,0.019012500000000404,0.01725000000000037,0.015525000000000332,0.012750000000000273,0.011787500000000253,0.010150000000000216,0.008525000000000182,0.007950000000000169,0.006587500000000141,0.006112500000000131,0.005025000000000107,0.004937500000000105,0.0042125000000000894,0.0038125000000000814,0.0036125000000000766,0.0027375000000000585,0.002487500000000053,0.0022125000000000473,0.0018000000000000383,0.0019250000000000408,0.001637500000000035,0.0014375000000000308,0.0015625000000000333,0.001300000000000028,0.0010000000000000213,0.0009750000000000208,0.0010125000000000216,0.0009750000000000208,0.0007625000000000162,0.0009125000000000194,0.0005250000000000112,0.0007125000000000152,0.0007375000000000158,0.0006875000000000146,0.0006625000000000141,0.0005875000000000125,0.0005375000000000115,0.000512500000000011,0.00041250000000000883,0.00040000000000000853,0.0004500000000000096,0.00047500000000001014,0.0003875000000000082,0.0005375000000000115,0.00041250000000000883,0.0004250000000000091,0.0004500000000000096,0.00047500000000001014,0.00037500000000000803,0.00037500000000000803,0.0004250000000000091,0.0003875000000000082,0.0004625000000000099,0.00037500000000000803,0.0003500000000000075,0.0003500000000000075,0.000325000000000007,0.000325000000000007,0.000325000000000007,0.000325000000000007,0.000325000000000007,0.000325000000000007,0.000325000000000007
26.55,0.04842917858009382,0.04762387146557145,0.049019730441502006,0.05164075042888007,0.05096229465358445,0.050321243316025444,0.0511319028068782,0.05109209828884527,0.0489022617296043,0.04905085839002112,0.04551295512955065,0.04377527359545935,0.041912552390689896,0.039787499999999434,0.03602499999999949,0.033762499999999515,0.02959999999999958,0.027999999999999605,0.02412499999999966,0.021412499999999696,0.019199999999999728,0.017237499999999753,0.014487499999999794,0.01269999999999982,0.011424999999999838,0.010312499999999855,0.008737499999999876,0.007437499999999894,0.006724999999999905,0.006074999999999914,0.0044749999999999365,0.00492499999999993,0.0041624999999999406,0.0034874999999999507,0.0032624999999999534,0.0026374999999999624,0.00278749999999996,0.002199999999999969,0.0018749999999999733,0.001837499999999974,0.0014374999999999796,0.0014374999999999796,0.0011624999999999834,0.0011499999999999837,0.0010749999999999848,0.0008499999999999879,0.0008124999999999885,0.0008874999999999874,0.0008999999999999872,0.0006249999999999911,0.0007124999999999899,0.0006124999999999913,0.0006874999999999902,0.0005749999999999919,0.0007249999999999898,0.000562499999999992,0.000562499999999992,0.0004749999999999932,0.0004749999999999932,0.00033749999999999525,0.0004749999999999932,0.0003874999999999945,0.0005374999999999924,0.00043749999999999383,0.00039999999999999433,0.0004499999999999936,0.0003624999999999949,0.0003749999999999947,0.0003874999999999945,0.0003749999999999947,0.00031249999999999556,0.00033749999999999525,0.0002749999999999961,0.00026249999999999624,0.00029999999999999575,0.00031249999999999556,0.0003249999999999954,0.00031249999999999556,0.00031249999999999556,0.00031249999999999556,0.00031249999999999556,0.0003249999999999954,0.00033749999999999525
26.650000000000002,0.04867932929590009,0.04901206729873279,0.04858205427684574,0.04967765168376284,0.05057470114665091,0.05164647357478288,0.050506818420486044,0.0502920262823647,0.04867725132287299,0.046875820326855056,0.044912949129490655,0.04323777023606336,0.042062552578190124,0.038999999999999445,0.035574999999999496,0.03187499999999954,0.030124999999999572,0.02736249999999961,0.024149999999999658,0.020862499999999704,0.01894999999999973,0.01609999999999977,0.014687499999999791,0.013474999999999808,0.01061249999999985,0.009274999999999868,0.00842499999999988,0.007349999999999896,0.006124999999999913,0.005787499999999919,0.004837499999999931,0.004374999999999938,0.003924999999999944,0.003337499999999953,0.0032749999999999533,0.0025624999999999637,0.0023499999999999667,0.002162499999999969,0.0019999999999999714,0.0013749999999999804,0.001337499999999981,0.0012999999999999815,0.0014374999999999796,0.001337499999999981,0.001062499999999985,0.000987499999999986,0.0008124999999999885,0.0007124999999999899,0.0008624999999999877,0.000562499999999992,0.0007624999999999892,0.0007124999999999899,0.0006874999999999902,0.0007249999999999898,0.0005749999999999919,0.0005749999999999919,0.00039999999999999433,0.0004499999999999936,0.0003249999999999954,0.0005749999999999919,0.0004124999999999942,0.0005249999999999925,0.00042499999999999396,0.0004124999999999942,0.00043749999999999383,0.0003624999999999949,0.0003874999999999945,0.000349999999999995,0.0003249999999999954,0.00026249999999999624,0.00031249999999999556,0.0003624999999999949,0.0003874999999999945,0.0004124999999999942,0.00043749999999999383,0.00043749999999999383,0.00046249999999999346,0.0004874999999999931,0.0004749999999999932,0.0004874999999999931,0.0004999999999999929,0.0004874999999999931,0.0004749999999999932
26.75,0.04910458551277249,0.047974046991055286,0.04828193347822601,0.04987771270237529,0.05067472527747427,0.05052127807206609,0.049494181714532515,0.05045454090868286,0.04923977733970301,0.046913320983118206,0.044700447004471,0.04207526297039447,0.040650050812564384,0.03795000000000081,0.03616250000000077,0.031237500000000664,0.028725000000000615,0.02656250000000057,0.024150000000000515,0.02117500000000045,0.018875000000000402,0.01633750000000035,0.01451250000000031,0.012887500000000275,0.01120000000000024,0.00892500000000019,0.008050000000000172,0.007187500000000154,0.006187500000000132,0.004975000000000106,0.004375000000000093,0.004375000000000093,0.0038375000000000817,0.0035375000000000757,0.003325000000000071,0.0023625000000000503,0.002200000000000047,0.0022125000000000473,0.001737500000000037,0.0012625000000000268,0.0015750000000000336,0.0013125000000000278,0.0013125000000000278,0.0010625000000000226,0.0009625000000000204,0.0009625000000000204,0.0009625000000000204,0.0008000000000000171,0.000700000000000015,0.000700000000000015,0.000562500000000012,0.0007125000000000152,0.0005500000000000117,0.0006750000000000143,0.0005500000000000117,0.0004875000000000104,0.00041250000000000883,0.0002875000000000061,0.0005375000000000115,0.0003875000000000082,0.0005375000000000115,0.0004250000000000091,0.0004500000000000096,0.00037500000000000803,0.00040000000000000853,0.00037500000000000803,0.0003125000000000067,0.00030000000000000637,0.0003500000000000075,0.00043750000000000933,0.0004625000000000099,0.0004250000000000091,0.0004625000000000099,0.0004500000000000096,0.0003875000000000082,0.0003875000000000082,0.0003875000000000082,0.00037500000000000803,0.00040000000000000853,0.00040000000000000853,0.0003875000000000082,0.0003875000000000082,0.0003875000000000082
26.85,0.048629299152738836,0.049074598642568884,0.04801932777943054,0.05005276609365786,0.04971199301831496,0.049908671631695295,0.04930665639861311,0.049704473402605524,0.048614748432114295,0.048063341108468716,0.04485044850448441,0.04168776054850284,0.0405625507031878,0.03808749999999946,0.034987499999999505,0.03174999999999955,0.029312499999999582,0.025649999999999635,0.02328749999999967,0.020449999999999708,0.01884999999999973,0.01627499999999977,0.014362499999999796,0.011537499999999836,0.010812499999999845,0.008974999999999872,0.007624999999999892,0.006699999999999905,0.005949999999999916,0.005362499999999924,0.004312499999999939,0.0037999999999999458,0.003949999999999944,0.003137499999999956,0.002874999999999959,0.002674999999999962,0.002187499999999969,0.0017499999999999753,0.001962499999999972,0.001549999999999978,0.0015249999999999784,0.0013624999999999807,0.0011749999999999833,0.0010249999999999856,0.0008374999999999881,0.0007874999999999887,0.0008749999999999877,0.0008624999999999877,0.0006124999999999913,0.0007124999999999899,0.0007999999999999887,0.0006749999999999905,0.00069999999999999,0.0005874999999999917,0.0005499999999999922,0.0004499999999999936,0.0003874999999999945,0.0004999999999999929,0.00042499999999999396,0.000562499999999992,0.00042499999999999396,0.0004499999999999936,0.0003624999999999949,0.0004124999999999942,0.00031249999999999556,0.00026249999999999624,0.0003624999999999949,0.00046249999999999346,0.00042499999999999396,0.0004124999999999942,0.0003874999999999945,0.0003749999999999947,0.0003624999999999949,0.00042499999999999396,0.0004124999999999942,0.0004124999999999942,0.0003749999999999947,0.0003624999999999949,0.000349999999999995,0.00033749999999999525,0.00033749999999999525,0.0003624999999999949,0.0003624999999999949
26.950000000000003,0.04676567631998379,0.04813662848502915,0.04858205427684747,0.049502598292480264,0.05002456842713411,0.050496273727561235,0.050256784665930976,0.04806682601434232,0.04607713106731284,0.04593830392031959,0.04425044250442599,0.0428002675016728,0.041500051875065724,0.03591250000000076,0.033050000000000704,0.032262500000000686,0.029175000000000624,0.025100000000000535,0.022712500000000482,0.01975000000000042,0.018075000000000386,0.015287500000000325,0.013450000000000286,0.011325000000000241,0.010100000000000215,0.00847500000000018,0.00753750000000016,0.00706250000000015,0.0060000000000001285,0.004862500000000104,0.0047000000000001,0.004137500000000088,0.0036250000000000774,0.0033750000000000724,0.00235000000000005,0.00278750000000006,0.0022125000000000473,0.0018875000000000404,0.0017000000000000363,0.0015750000000000336,0.0012250000000000262,0.001300000000000028,0.0013750000000000292,0.0011125000000000236,0.0009625000000000204,0.0008375000000000179,0.0007625000000000162,0.0009250000000000198,0.0005375000000000115,0.000700000000000015,0.0006000000000000127,0.0005375000000000115,0.000700000000000015,0.0005500000000000117,0.00041250000000000883,0.00043750000000000933,0.0003500000000000075,0.00047500000000001014,0.0005375000000000115,0.0004250000000000091,0.00041250000000000883,0.0003625000000000077,0.0003875000000000082,0.000325000000000007,0.0003125000000000067,0.00041250000000000883,0.0004250000000000091,0.00037500000000000803,0.00037500000000000803,0.0004250000000000091,0.0003625000000000077,0.0003500000000000075,0.0003500000000000075,0.0002875000000000061,0.0003375000000000072,0.00030000000000000637,0.00030000000000000637,0.000325000000000007,0.0003375000000000072,0.0003375000000000072,0.0003375000000000072,0.0003125000000000067,0.0003125000000000067
27.05,0.048504223794835696,0.04796154072228637,0.050207708602711884,0.04882739235466748,0.04979951413278382,0.05033374548827787,0.05001925259910017,0.04787930913782172,0.04616463511437339,0.04538829429514952,0.043462934629345674,0.04187526172038516,0.039575049468811276,0.03673749999999948,0.03303749999999953,0.02991249999999958,0.027312499999999615,0.025762499999999633,0.022249999999999683,0.01907499999999973,0.017237499999999753,0.015399999999999782,0.013424999999999809,0.010799999999999848,0.010162499999999856,0.008724999999999875,0.0077124999999998905,0.0062374999999999115,0.005937499999999916,0.004774999999999932,0.005049999999999929,0.004062499999999942,0.0032999999999999536,0.0032624999999999534,0.0029249999999999584,0.002312499999999967,0.002049999999999971,0.0019499999999999724,0.0013749999999999804,0.0012999999999999815,0.0012624999999999822,0.0012999999999999815,0.0011749999999999833,0.0009249999999999869,0.0010124999999999856,0.0008999999999999872,0.0007624999999999892,0.0005999999999999915,0.0007999999999999887,0.0006124999999999913,0.0006749999999999905,0.0006874999999999902,0.0005749999999999919,0.0005374999999999924,0.0004124999999999942,0.00028749999999999593,0.000562499999999992,0.00046249999999999346,0.00039999999999999433,0.00039999999999999433,0.0003749999999999947,0.0003874999999999945,0.0003249999999999954,0.00031249999999999556,0.00043749999999999383,0.00043749999999999383,0.0003749999999999947,0.00039999999999999433,0.0003624999999999949,0.00029999999999999575,0.00031249999999999556,0.00031249999999999556,0.0003249999999999954,0.00033749999999999525,0.00029999999999999575,0.00029999999999999575,0.00031249999999999556,0.0002749999999999961,0.00028749999999999593,0.00028749999999999593,0.00028749999999999593,0.00029999999999999575,0.00029999999999999575
27.150000000000002,0.047240962680014036,0.047648884003105886,0.04950742673926185,0.04967765168376284,0.049636974920198786,0.04943358908610301,0.04961919859180919,0.04829184626616327,0.04552710562863468,0.04482578445122726,0.04295042950429443,0.041100256876604895,0.03916254895318564,0.035462499999999494,0.03306249999999953,0.029587499999999583,0.026949999999999617,0.02539999999999964,0.021937499999999686,0.01884999999999973,0.016437499999999765,0.015299999999999783,0.012312499999999825,0.011799999999999831,0.00972499999999986,0.008162499999999883,0.007499999999999893,0.0064624999999999076,0.005887499999999916,0.004612499999999934,0.00418749999999994,0.003787499999999946,0.003437499999999951,0.003149999999999955,0.0024124999999999655,0.0022249999999999683,0.0021374999999999697,0.0017124999999999755,0.0013124999999999812,0.0015374999999999781,0.0013874999999999803,0.0013124999999999812,0.0009374999999999866,0.0008624999999999877,0.0007874999999999887,0.0008999999999999872,0.0009749999999999862,0.0005499999999999922,0.0007374999999999895,0.0007374999999999895,0.0005874999999999917,0.0007249999999999898,0.000562499999999992,0.00039999999999999433,0.0004499999999999936,0.0004999999999999929,0.0003749999999999947,0.0004499999999999936,0.00039999999999999433,0.0004124999999999942,0.0004124999999999942,0.0003249999999999954,0.00031249999999999556,0.0004749999999999932,0.0003874999999999945,0.00042499999999999396,0.000349999999999995,0.0003249999999999954,0.00029999999999999575,0.0003249999999999954,0.00031249999999999556,0.00031249999999999556,0.00031249999999999556,0.0003249999999999954,0.00033749999999999525,0.000349999999999995,0.00033749999999999525,0.0003249999999999954,0.00029999999999999575,0.00029999999999999575,0.00029999999999999575,0.00028749999999999593,0.00028749999999999593
27.25,0.04834162582956334,0.04763637773434036,0.04869459957633051,0.049527605919806594,0.04907433918432927,0.050221225938007805,0.049719212093633704,0.047591783260494465,0.047064676741300285,0.04532579320138199,0.04463794637946475,0.040512753204708395,0.0396500495625628,0.03608750000000077,0.03318750000000071,0.029287500000000622,0.02703750000000058,0.024112500000000515,0.020875000000000445,0.018462500000000392,0.017062500000000362,0.013975000000000298,0.012587500000000269,0.010525000000000225,0.009962500000000213,0.00840000000000018,0.0069375000000001475,0.006200000000000132,0.005525000000000118,0.004325000000000092,0.004412500000000093,0.003887500000000083,0.0033125000000000706,0.0033000000000000707,0.0024625000000000528,0.002200000000000047,0.0017250000000000366,0.0019375000000000412,0.0014625000000000313,0.001450000000000031,0.0012125000000000258,0.0011625000000000246,0.0010375000000000221,0.0009875000000000211,0.0007750000000000165,0.0007500000000000161,0.0007500000000000161,0.000700000000000015,0.000562500000000012,0.0006000000000000127,0.0006750000000000143,0.0005500000000000117,0.000512500000000011,0.00040000000000000853,0.0003125000000000067,0.00047500000000001014,0.000562500000000012,0.00041250000000000883,0.0004500000000000096,0.00040000000000000853,0.000325000000000007,0.00030000000000000637,0.0004625000000000099,0.0003875000000000082,0.00040000000000000853,0.00027500000000000587,0.0003125000000000067,0.00030000000000000637,0.000325000000000007,0.000325000000000007,0.000325000000000007,0.0002875000000000061,0.00027500000000000587,0.0002625000000000056,0.00023750000000000507,0.00023750000000000507,0.0002625000000000056,0.0002875000000000061,0.00027500000000000587,0.00027500000000000587,0.0002875000000000061,0.0002875000000000061,0.0002875000000000061
27.35,0.04740356064528811,0.046948532952141596,0.04914478077426094,0.049652644056436504,0.04976200508372574,0.048695960923209713,0.048819090577227234,0.04789181026292298,0.046689659396746436,0.04392576870095164,0.042437924379243194,0.04090025562659708,0.038550048187559686,0.0349499999999995,0.03261249999999954,0.02878749999999959,0.027012499999999617,0.02344999999999967,0.0210499999999997,0.018749999999999736,0.01619999999999977,0.014537499999999794,0.013012499999999816,0.010862499999999846,0.008787499999999875,0.007912499999999887,0.007087499999999899,0.006124999999999913,0.005037499999999928,0.004324999999999938,0.003862499999999945,0.0038249999999999456,0.0031624999999999553,0.0027249999999999614,0.0026499999999999623,0.0022124999999999684,0.001987499999999972,0.0017499999999999753,0.0015749999999999775,0.0012999999999999815,0.0013749999999999804,0.0012624999999999822,0.000987499999999986,0.0009124999999999871,0.0009249999999999869,0.0007999999999999887,0.0006249999999999911,0.00069999999999999,0.0007124999999999899,0.0006624999999999906,0.0006749999999999905,0.0005499999999999922,0.0003874999999999945,0.0003874999999999945,0.0005374999999999924,0.00043749999999999383,0.0004124999999999942,0.00043749999999999383,0.000349999999999995,0.00031249999999999556,0.00031249999999999556,0.0004749999999999932,0.0003874999999999945,0.000349999999999995,0.00029999999999999575,0.0003249999999999954,0.00029999999999999575,0.00033749999999999525,0.0002749999999999961,0.00026249999999999624,0.00024999999999999643,0.0002749999999999961,0.0002374999999999966,0.00024999999999999643,0.00029999999999999575,0.00028749999999999593,0.00028749999999999593,0.00028749999999999593,0.00029999999999999575,0.00029999999999999575,0.00028749999999999593,0.00028749999999999593,0.00028749999999999593
27.450000000000003,0.0473160078947576,0.047723921615710894,0.048644579443226935,0.04841476650378468,0.049749502067374815,0.04829589141113371,0.04869407369995053,0.047016731505836525,0.04662715650598939,0.043638263669615145,0.04172541725417343,0.041050256564104395,0.03776254720318481,0.03456250000000074,0.031250000000000666,0.028775000000000613,0.02678750000000057,0.023575000000000505,0.019887500000000422,0.017887500000000382,0.015837500000000337,0.013975000000000298,0.012575000000000268,0.010775000000000229,0.008600000000000184,0.0076750000000001635,0.0069375000000001475,0.005712500000000122,0.005137500000000109,0.004575000000000098,0.003987500000000086,0.0035375000000000757,0.0033125000000000706,0.0024250000000000517,0.0025125000000000533,0.0021250000000000453,0.0016875000000000362,0.0013375000000000283,0.0013250000000000282,0.0011625000000000246,0.0012125000000000258,0.0010625000000000226,0.00093750000000002,0.0008500000000000182,0.0009000000000000192,0.0009500000000000203,0.0005000000000000106,0.000650000000000014,0.0006625000000000141,0.0005750000000000122,0.0006000000000000127,0.000512500000000011,0.00037500000000000803,0.000325000000000007,0.0004250000000000091,0.0004500000000000096,0.0003500000000000075,0.0003500000000000075,0.0003625000000000077,0.00030000000000000637,0.00047500000000001014,0.0003875000000000082,0.0003375000000000072,0.000325000000000007,0.0003125000000000067,0.0003375000000000072,0.00030000000000000637,0.00023750000000000507,0.00027500000000000587,0.0002500000000000053,0.0003125000000000067,0.0002875000000000061,0.0002875000000000061,0.00027500000000000587,0.00023750000000000507,0.00023750000000000507,0.00023750000000000507,0.0002500000000000053,0.0002500000000000053,0.0002500000000000053,0.0002500000000000053,0.0002625000000000056,0.0002625000000000056
27.55,0.046878244142094946,0.04952482431818879,0.04813187307891358,0.04895243049129915,0.04829915217046044,0.04878347612897672,0.04954418846544213,0.04794181476332802,0.045052083658868584,0.04381326673216719,0.04080040800407946,0.03935024593903656,0.0371375464219325,0.03469999999999951,0.03031249999999957,0.027937499999999605,0.02599999999999963,0.023362499999999668,0.0209624999999997,0.018774999999999733,0.015699999999999777,0.0140499999999998,0.011187499999999842,0.010437499999999851,0.00851249999999988,0.007312499999999896,0.006724999999999905,0.005887499999999916,0.004712499999999933,0.004612499999999934,0.003874999999999945,0.003449999999999951,0.003137499999999956,0.0027249999999999614,0.002312499999999967,0.0019124999999999728,0.0019249999999999727,0.0012249999999999826,0.001487499999999979,0.0014499999999999795,0.0012749999999999819,0.0010124999999999856,0.0007999999999999887,0.0008124999999999885,0.0007249999999999898,0.0007249999999999898,0.0006624999999999906,0.000562499999999992,0.0006624999999999906,0.0007124999999999899,0.0005124999999999928,0.0003624999999999949,0.0003874999999999945,0.000562499999999992,0.0004999999999999929,0.0004124999999999942,0.0004749999999999932,0.0003749999999999947,0.00026249999999999624,0.0004499999999999936,0.0003624999999999949,0.00033749999999999525,0.00033749999999999525,0.00026249999999999624,0.0003249999999999954,0.00024999999999999643,0.0002749999999999961,0.00029999999999999575,0.00028749999999999593,0.0002749999999999961,0.00021249999999999698,0.00028749999999999593,0.00024999999999999643,0.0002374999999999966,0.0002249999999999968,0.0002249999999999968,0.00019999999999999716,0.0001749999999999975,0.0001749999999999975,0.0001749999999999975,0.0001749999999999975,0.0001624999999999977,0.0001624999999999977
27.650000000000002,0.04686573660630464,0.048274197441466854,0.048632074409949315,0.04868985040437264,0.049774508100078434,0.048745969612219435,0.04633125471938646,0.046104149373442954,0.04627714031773904,0.043100754263198995,0.04043790437904322,0.03970024812655023,0.03695004618755721,0.03428749999999951,0.030799999999999564,0.02894999999999959,0.024812499999999644,0.02239999999999968,0.019524999999999723,0.018124999999999742,0.015049999999999786,0.013262499999999811,0.011062499999999843,0.009862499999999861,0.008487499999999879,0.007274999999999896,0.0064374999999999094,0.005787499999999919,0.004399999999999938,0.004624999999999934,0.003924999999999944,0.003149999999999955,0.003099999999999956,0.002324999999999967,0.0021499999999999696,0.001974999999999972,0.0019124999999999728,0.0015624999999999778,0.0014124999999999797,0.0011124999999999842,0.001337499999999981,0.001062499999999985,0.0009749999999999862,0.0008749999999999877,0.0007124999999999899,0.0006124999999999913,0.0007499999999999894,0.000774999999999989,0.0005249999999999925,0.000562499999999992,0.0005249999999999925,0.00042499999999999396,0.00033749999999999525,0.0003874999999999945,0.0004124999999999942,0.00043749999999999383,0.000349999999999995,0.00031249999999999556,0.0003874999999999945,0.0003749999999999947,0.0003624999999999949,0.00033749999999999525,0.0002749999999999961,0.00033749999999999525,0.0002374999999999966,0.00026249999999999624,0.00028749999999999593,0.0002374999999999966,0.00028749999999999593,0.0002374999999999966,0.0002249999999999968,0.0001749999999999975,0.0001749999999999975,0.0001749999999999975,0.00014999999999999787,0.00014999999999999787,0.00013749999999999806,0.00014999999999999787,0.00014999999999999787,0.0001624999999999977,0.0001749999999999975,0.00018749999999999735,0.00018749999999999735
27.75,0.04639045024627437,0.047861490572150306,0.048569549243571576,0.04861482752239537,0.04914935728244543,0.04859594354519201,0.046193736154381826,0.04492904361392621,0.044764570361380165,0.04286325010687778,0.04158791587915967,0.04007525047031629,0.035275044093805864,0.03218750000000069,0.03047500000000065,0.027887500000000596,0.02456250000000052,0.02203750000000047,0.019425000000000414,0.017462500000000374,0.015400000000000327,0.013475000000000287,0.010587500000000225,0.009750000000000208,0.008112500000000173,0.007900000000000169,0.006225000000000133,0.005850000000000125,0.004537500000000097,0.00422500000000009,0.0038500000000000817,0.0033875000000000723,0.00327500000000007,0.0024750000000000527,0.0020875000000000446,0.0018875000000000404,0.0018000000000000383,0.0014875000000000318,0.001300000000000028,0.00140000000000003,0.0011125000000000236,0.0009125000000000194,0.0009125000000000194,0.0009250000000000198,0.0009125000000000194,0.0005000000000000106,0.000650000000000014,0.0006250000000000133,0.0006625000000000141,0.0005500000000000117,0.0003875000000000082,0.00041250000000000883,0.000562500000000012,0.0005750000000000122,0.0003875000000000082,0.0003500000000000075,0.0003375000000000072,0.0003125000000000067,0.00047500000000001014,0.0003625000000000077,0.0002875000000000061,0.0002500000000000053,0.0003125000000000067,0.0002625000000000056,0.00030000000000000637,0.00027500000000000587,0.0002625000000000056,0.0002250000000000048,0.00017500000000000374,0.00017500000000000374,0.00013750000000000294,0.00017500000000000374,0.0002250000000000048,0.00023750000000000507,0.00030000000000000637,0.0003375000000000072,0.0003625000000000077,0.0003500000000000075,0.0003375000000000072,0.000325000000000007,0.0003125000000000067,0.00030000000000000637,0.00030000000000000637
27.85,0.04707836471473996,0.04839926012913904,0.04868209454305289,0.04801464446656162,0.047186383715070584,0.04835840227239414,0.047256379611246846,0.044691522237000694,0.04393953220336378,0.04233824091921549,0.04100041000409946,0.03877524234526411,0.03525004406255458,0.032837499999999534,0.03009999999999957,0.026849999999999617,0.024962499999999645,0.02183749999999969,0.01837499999999974,0.01617499999999977,0.014699999999999791,0.012087499999999828,0.011399999999999839,0.009599999999999864,0.008074999999999884,0.006974999999999901,0.006074999999999914,0.005462499999999922,0.00421249999999994,0.0040499999999999425,0.003624999999999948,0.0030624999999999563,0.002599999999999963,0.0025749999999999636,0.002162499999999969,0.0017249999999999755,0.00139999999999998,0.0012374999999999823,0.0011374999999999838,0.001199999999999983,0.0009499999999999864,0.0008374999999999881,0.0007624999999999892,0.0006374999999999909,0.0007999999999999887,0.0006499999999999908,0.0006374999999999909,0.0006249999999999911,0.00069999999999999,0.0005374999999999924,0.0004124999999999942,0.0002749999999999961,0.0003749999999999947,0.0003749999999999947,0.00042499999999999396,0.0003874999999999945,0.00024999999999999643,0.00046249999999999346,0.0003249999999999954,0.0003249999999999954,0.00028749999999999593,0.0003249999999999954,0.00026249999999999624,0.00028749999999999593,0.0002249999999999968,0.0002249999999999968,0.0001624999999999977,0.00014999999999999787,0.0001749999999999975,0.0002374999999999966,0.000349999999999995,0.0003249999999999954,0.00028749999999999593,0.00024999999999999643,0.00024999999999999643,0.0002374999999999966,0.00021249999999999698,0.00021249999999999698,0.0002249999999999968,0.0002249999999999968,0.0002374999999999966,0.0002374999999999966,0.0002374999999999966
27.950000000000003,0.04872935943906307,0.047698909078176456,0.047294035849430406,0.04932754490119592,0.05012459255795567,0.048608445717444444,0.0473063863621599,0.04440399635967331,0.042926985373074426,0.042075736325386595,0.03957539575395839,0.03802523765773617,0.035000043750055436,0.03211250000000069,0.02926250000000062,0.026125000000000554,0.024850000000000528,0.02151250000000046,0.018300000000000392,0.016312500000000348,0.013925000000000298,0.012087500000000258,0.010575000000000225,0.009612500000000204,0.008312500000000177,0.0071750000000001535,0.005950000000000127,0.004725000000000101,0.004175000000000089,0.0037375000000000797,0.00376250000000008,0.0033000000000000707,0.0024125000000000513,0.0024250000000000517,0.001962500000000042,0.00187500000000004,0.0012250000000000262,0.0014750000000000316,0.0014250000000000304,0.0012000000000000255,0.0010625000000000226,0.0009625000000000204,0.0008250000000000177,0.0008000000000000171,0.0006375000000000136,0.0007500000000000161,0.0006750000000000143,0.0006000000000000127,0.000562500000000012,0.0004625000000000099,0.00043750000000000933,0.0005750000000000122,0.0005750000000000122,0.0003500000000000075,0.0002875000000000061,0.0002875000000000061,0.0004250000000000091,0.00037500000000000803,0.0003500000000000075,0.00030000000000000637,0.0003500000000000075,0.0002625000000000056,0.00030000000000000637,0.00021250000000000454,0.0002250000000000048,0.00017500000000000374,0.00018750000000000402,0.00027500000000000587,0.000325000000000007,0.0002500000000000053,0.0002250000000000048,0.00018750000000000402,0.00021250000000000454,0.0002875000000000061,0.00027500000000000587,0.0002625000000000056,0.0003125000000000067,0.000325000000000007,0.0003125000000000067,0.0003375000000000072,0.000325000000000007,0.000325000000000007,0.000325000000000007
28.05,0.04796639975585222,0.04736123982145984,0.04820690327856894,0.04835224743546713,0.04707385656789633,0.047570765420491136,0.045968705775279006,0.045791621245911476,0.04406453798488117,0.04313825491946048,0.040175401754016966,0.03871274195463666,0.03428754285942809,0.031499999999999556,0.028562499999999595,0.026512499999999623,0.023574999999999662,0.020649999999999703,0.017974999999999745,0.016449999999999767,0.014362499999999796,0.01266249999999982,0.010262499999999855,0.008687499999999876,0.007549999999999893,0.006474999999999908,0.0055249999999999215,0.005162499999999926,0.004549999999999935,0.0039374999999999445,0.0031874999999999547,0.0030124999999999575,0.002699999999999962,0.002262499999999968,0.002049999999999971,0.0017499999999999753,0.0014249999999999799,0.0014499999999999795,0.0011124999999999842,0.0012624999999999822,0.0010124999999999856,0.0008999999999999872,0.0008374999999999881,0.0008874999999999874,0.0004999999999999929,0.0006374999999999909,0.0005874999999999917,0.0006499999999999908,0.0005124999999999928,0.00042499999999999396,0.00031249999999999556,0.0003874999999999945,0.0003749999999999947,0.0004499999999999936,0.0004499999999999936,0.00031249999999999556,0.0004124999999999942,0.00033749999999999525,0.00029999999999999575,0.0003249999999999954,0.0002374999999999966,0.00028749999999999593,0.00021249999999999698,0.0002249999999999968,0.00014999999999999787,0.00021249999999999698,0.00029999999999999575,0.00026249999999999624,0.00018749999999999735,0.00024999999999999643,0.00031249999999999556,0.0003249999999999954,0.00028749999999999593,0.00028749999999999593,0.00024999999999999643,0.0002374999999999966,0.0002249999999999968,0.00021249999999999698,0.00021249999999999698,0.00018749999999999735,0.00018749999999999735,0.00018749999999999735,0.00019999999999999716
28.150000000000002,0.04680319892735307,0.047861490572148606,0.04759415664805017,0.04707685844182408,0.047036347518838256,0.04742073935346199,0.04604371590164607,0.045391585242671194,0.04292698537307289,0.04117572057510948,0.03908789087890823,0.03725023281395456,0.03447504309380338,0.03254999999999954,0.02751249999999961,0.025824999999999633,0.022449999999999682,0.019999999999999716,0.018249999999999742,0.015724999999999777,0.01344999999999981,0.012199999999999827,0.010674999999999848,0.008299999999999882,0.007649999999999891,0.00633749999999991,0.005837499999999917,0.004574999999999935,0.004637499999999934,0.003924999999999944,0.003324999999999953,0.003149999999999955,0.002262499999999968,0.002037499999999971,0.0017499999999999753,0.0019999999999999714,0.0014499999999999795,0.001212499999999983,0.001349999999999981,0.0012499999999999822,0.0008874999999999874,0.0008499999999999879,0.0008749999999999877,0.0008249999999999884,0.0006624999999999906,0.0006249999999999911,0.0006499999999999908,0.0005874999999999917,0.0005249999999999925,0.00039999999999999433,0.0004999999999999929,0.0005124999999999928,0.000349999999999995,0.00033749999999999525,0.00026249999999999624,0.0004749999999999932,0.00039999999999999433,0.0003249999999999954,0.00028749999999999593,0.0002374999999999966,0.0002749999999999961,0.00021249999999999698,0.00019999999999999716,0.00013749999999999806,0.00029999999999999575,0.00028749999999999593,0.0002374999999999966,0.0002749999999999961,0.0003249999999999954,0.00031249999999999556,0.00021249999999999698,0.00019999999999999716,0.0002749999999999961,0.0002374999999999966,0.0002749999999999961,0.0002749999999999961,0.00026249999999999624,0.00026249999999999624,0.00026249999999999624,0.00026249999999999624,0.0002749999999999961,0.0002749999999999961,0.00026249999999999624
28.25,0.047803801790579845,0.04724868340255654,0.04806934791253582,0.04847728557210053,0.048211631055993284,0.04832089575563857,0.04661879353712851,0.044516506485584646,0.042439462825156565,0.040763213356234604,0.03967539675396838,0.03687523047019123,0.03415004268755409,0.03057500000000065,0.027950000000000596,0.027050000000000577,0.0235000000000005,0.01986250000000042,0.017550000000000374,0.01550000000000033,0.0140625000000003,0.011487500000000246,0.010250000000000219,0.008312500000000177,0.006987500000000149,0.006925000000000148,0.005700000000000122,0.0043500000000000925,0.004400000000000094,0.003662500000000078,0.0031750000000000675,0.003237500000000069,0.0024250000000000517,0.0020875000000000446,0.0018500000000000395,0.0014375000000000308,0.0012375000000000263,0.0011500000000000245,0.0012000000000000255,0.0008125000000000173,0.0008000000000000171,0.0008000000000000171,0.0007500000000000161,0.0005875000000000125,0.000700000000000015,0.0006750000000000143,0.000562500000000012,0.0005875000000000125,0.0003625000000000077,0.000325000000000007,0.0004625000000000099,0.0003875000000000082,0.00043750000000000933,0.0003625000000000077,0.0003500000000000075,0.0003375000000000072,0.0002875000000000061,0.0002625000000000056,0.0002500000000000053,0.0002500000000000053,0.00023750000000000507,0.0002250000000000048,0.00013750000000000294,0.0003375000000000072,0.00023750000000000507,0.0002250000000000048,0.000325000000000007,0.0002625000000000056,0.00020000000000000427,0.0002500000000000053,0.0002625000000000056,0.0002625000000000056,0.0002250000000000048,0.00021250000000000454,0.00017500000000000374,0.0001625000000000035,0.00015000000000000319,0.00013750000000000294,0.00018750000000000402,0.00020000000000000427,0.00018750000000000402,0.00018750000000000402,0.00018750000000000402
28.35,0.0469282742852562,0.04794903445351915,0.04754413651494659,0.048414766503782965,0.04702384450248556,0.04510783748676269,0.04610622434028528,0.04404146373173523,0.042639472075582885,0.03968819454340394,0.038237882378823244,0.03620022625141356,0.033587541984427004,0.029212499999999586,0.027899999999999606,0.025174999999999642,0.022812499999999677,0.020049999999999717,0.018062499999999742,0.015049999999999786,0.01338749999999981,0.01052499999999985,0.009587499999999863,0.008349999999999882,0.0070624999999999,0.005837499999999917,0.0057249999999999185,0.004524999999999936,0.004137499999999942,0.003724999999999947,0.003174999999999955,0.0026249999999999624,0.0025499999999999638,0.00212499999999997,0.0016624999999999765,0.0012874999999999818,0.001474999999999979,0.0013249999999999811,0.0011749999999999833,0.001049999999999985,0.0009249999999999869,0.0008249999999999884,0.0007374999999999895,0.0005874999999999917,0.0006374999999999909,0.0005749999999999919,0.0006874999999999902,0.0004999999999999929,0.0003749999999999947,0.0004499999999999936,0.0004124999999999942,0.0004124999999999942,0.00033749999999999525,0.00026249999999999624,0.00042499999999999396,0.0003624999999999949,0.0003249999999999954,0.0003249999999999954,0.00026249999999999624,0.00026249999999999624,0.00021249999999999698,0.00013749999999999806,0.000349999999999995,0.0002249999999999968,0.0002749999999999961,0.00029999999999999575,0.00018749999999999735,0.00024999999999999643,0.00026249999999999624,0.00019999999999999716,0.0001624999999999977,0.00018749999999999735,0.00021249999999999698,0.00018749999999999735,0.00019999999999999716,0.0002374999999999966,0.0002374999999999966,0.00026249999999999624,0.0002249999999999968,0.00021249999999999698,0.00021249999999999698,0.00021249999999999698,0.00021249999999999698
28.450000000000003,0.04649051053259688,0.0469735454896777,0.0470939553170161,0.04658920970896222,0.047674001352827386,0.04543289396532744,0.04360588679471821,0.04535408186736903,0.04160192408899001,0.03920068601200605,0.03867538675386836,0.03555022218888944,0.03360004200005322,0.02953750000000063,0.027562500000000587,0.024112500000000515,0.02192500000000047,0.019137500000000408,0.01778750000000038,0.014575000000000312,0.01270000000000027,0.010862500000000231,0.009650000000000205,0.008037500000000171,0.007775000000000166,0.006050000000000128,0.005537500000000118,0.004162500000000089,0.003937500000000084,0.0036250000000000774,0.003087500000000066,0.0022625000000000483,0.002437500000000052,0.0019750000000000423,0.0019250000000000408,0.0012500000000000267,0.0012875000000000276,0.0012625000000000268,0.0013125000000000278,0.0009750000000000208,0.00093750000000002,0.0008875000000000189,0.0009125000000000194,0.000512500000000011,0.000512500000000011,0.0006375000000000136,0.0005500000000000117,0.0005000000000000106,0.00043750000000000933,0.00043750000000000933,0.0004500000000000096,0.00040000000000000853,0.0003625000000000077,0.0003625000000000077,0.00037500000000000803,0.0002875000000000061,0.0002875000000000061,0.00023750000000000507,0.00030000000000000637,0.0002250000000000048,0.00015000000000000319,0.0003125000000000067,0.0002250000000000048,0.00027500000000000587,0.0002625000000000056,0.0002500000000000053,0.0002625000000000056,0.00018750000000000402,0.00018750000000000402,0.00020000000000000427,0.00023750000000000507,0.00021250000000000454,0.00018750000000000402,0.00018750000000000402,0.00020000000000000427,0.00015000000000000319,0.00013750000000000294,0.00013750000000000294,0.00012500000000000266,0.00012500000000000266,0.00013750000000000294,0.00013750000000000294,0.00013750000000000294
28.55,0.047003319499998086,0.047273695940089296,0.047581651614774276,0.048039652093887955,0.046673760044610095,0.04599549171668512,0.04349337160516608,0.04349141422727984,0.041789432761264615,0.04066321160620253,0.03846288462884574,0.03527522047012744,0.03197503996879951,0.030399999999999566,0.02689999999999962,0.02413749999999966,0.0211124999999997,0.018487499999999737,0.01693749999999976,0.014987499999999786,0.012749999999999819,0.010662499999999847,0.009262499999999868,0.0077124999999998905,0.006562499999999907,0.005987499999999915,0.004699999999999933,0.00419999999999994,0.0036874999999999478,0.0034999999999999506,0.003087499999999956,0.0027624999999999607,0.002174999999999969,0.0020124999999999713,0.0017749999999999747,0.0014249999999999799,0.0013749999999999804,0.0012874999999999818,0.001062499999999985,0.0008874999999999874,0.000774999999999989,0.00069999999999999,0.0007249999999999898,0.000774999999999989,0.0007124999999999899,0.0005749999999999919,0.0005374999999999924,0.0003749999999999947,0.00031249999999999556,0.0003749999999999947,0.0003874999999999945,0.00028749999999999593,0.0002749999999999961,0.0004499999999999936,0.000349999999999995,0.00031249999999999556,0.0002249999999999968,0.0002749999999999961,0.00028749999999999593,0.0001749999999999975,0.00028749999999999593,0.00024999999999999643,0.00026249999999999624,0.0002249999999999968,0.00024999999999999643,0.0002249999999999968,0.00018749999999999735,0.00019999999999999716,0.00021249999999999698,0.00018749999999999735,0.00013749999999999806,0.00013749999999999806,0.0001749999999999975,0.00021249999999999698,0.00019999999999999716,0.00021249999999999698,0.00026249999999999624,0.0002374999999999966,0.00024999999999999643,0.00026249999999999624,0.00024999999999999643,0.00024999999999999643,0.00024999999999999643
28.650000000000002,0.04685322907051432,0.046710913845564424,0.04764417678115374,0.04672675165925541,0.047086359584249025,0.04613301561146184,0.043180829411970004,0.04240381634347031,0.041064399228463735,0.039063183605712544,0.03867538675386699,0.033300208126300315,0.031012538765673017,0.02957499999999958,0.027062499999999615,0.023762499999999662,0.02163749999999969,0.018737499999999734,0.016049999999999773,0.014324999999999796,0.011574999999999837,0.01063749999999985,0.009387499999999866,0.008112499999999885,0.007149999999999899,0.005849999999999917,0.00493749999999993,0.0041624999999999406,0.0038999999999999447,0.0031624999999999553,0.0032874999999999532,0.0021374999999999697,0.0021499999999999696,0.0016624999999999765,0.0017499999999999753,0.001487499999999979,0.001212499999999983,0.001124999999999984,0.0009374999999999866,0.0007874999999999887,0.0007874999999999887,0.0007499999999999894,0.0005999999999999915,0.0006499999999999908,0.0006874999999999902,0.0006749999999999905,0.0005249999999999925,0.0003624999999999949,0.0004874999999999931,0.0005249999999999925,0.00042499999999999396,0.00042499999999999396,0.000349999999999995,0.00029999999999999575,0.00031249999999999556,0.00031249999999999556,0.00026249999999999624,0.0002249999999999968,0.00014999999999999787,0.00021249999999999698,0.00024999999999999643,0.00026249999999999624,0.0002374999999999966,0.0002749999999999961,0.00018749999999999735,0.00021249999999999698,0.0002249999999999968,0.00018749999999999735,0.00013749999999999806,0.00018749999999999735,0.0002249999999999968,0.00024999999999999643,0.00021249999999999698,0.0002249999999999968,0.0002249999999999968,0.0002249999999999968,0.0001749999999999975,0.00018749999999999735,0.0001749999999999975,0.0001749999999999975,0.0001749999999999975,0.0001749999999999975,0.0001749999999999975
28.75,0.04702833457158038,0.04699855802721214,0.04641868352011784,0.046239102926393535,0.04652372384837941,0.04467026145792927,0.0441184559915598,0.04171625446290255,0.04070188246206474,0.03951319148085176,0.03698786987869957,0.03500021875136794,0.031487539359424874,0.02862500000000061,0.02586250000000055,0.02432500000000052,0.020775000000000442,0.017750000000000377,0.015800000000000338,0.013675000000000291,0.011850000000000253,0.010125000000000215,0.008612500000000183,0.007462500000000159,0.006275000000000134,0.005412500000000115,0.004762500000000102,0.004562500000000097,0.0038500000000000817,0.0031625000000000676,0.0028750000000000615,0.002587500000000055,0.0019750000000000423,0.0018875000000000404,0.0014750000000000316,0.001175000000000025,0.0012375000000000263,0.0012750000000000272,0.0010125000000000216,0.0009000000000000192,0.0008375000000000179,0.0008000000000000171,0.0004875000000000104,0.000562500000000012,0.0006125000000000131,0.0005375000000000115,0.0004875000000000104,0.0003875000000000082,0.0004500000000000096,0.0003875000000000082,0.0003125000000000067,0.0002875000000000061,0.00043750000000000933,0.0003500000000000075,0.0002500000000000053,0.0002250000000000048,0.0002875000000000061,0.0002250000000000048,0.00015000000000000319,0.0002875000000000061,0.0002625000000000056,0.0002250000000000048,0.0002625000000000056,0.0001625000000000035,0.00020000000000000427,0.00018750000000000402,0.00012500000000000266,0.00020000000000000427,0.0002500000000000053,0.00023750000000000507,0.00021250000000000454,0.00018750000000000402,0.00020000000000000427,0.00020000000000000427,0.00018750000000000402,0.00020000000000000427,0.00021250000000000454,0.00020000000000000427,0.00021250000000000454,0.00020000000000000427,0.00020000000000000427,0.00020000000000000427,0.00020000000000000427
28.85,0.04695328935683683,0.04691101414583994,0.04754413651494659,0.0462766143673814,0.04677378417543166,0.045057828797752976,0.04494356738159588,0.04292886359772319,0.04196444085538896,0.0381506676366831,0.037512875128750754,0.03332520828255129,0.030737538421922592,0.02754999999999961,0.025237499999999642,0.023549999999999665,0.020837499999999703,0.01764999999999975,0.015987499999999773,0.013874999999999802,0.012387499999999826,0.010049999999999856,0.008199999999999884,0.007362499999999895,0.006262499999999911,0.00562499999999992,0.004549999999999935,0.0044749999999999365,0.00351249999999995,0.003174999999999955,0.003037499999999957,0.0023624999999999666,0.0021374999999999697,0.0015874999999999776,0.001212499999999983,0.0014624999999999792,0.0013124999999999812,0.0010999999999999845,0.0009999999999999857,0.0009374999999999866,0.0008874999999999874,0.0008249999999999884,0.0006499999999999908,0.0007124999999999899,0.0005124999999999928,0.0005749999999999919,0.000349999999999995,0.00028749999999999593,0.0004124999999999942,0.00033749999999999525,0.0003874999999999945,0.000349999999999995,0.0003249999999999954,0.00031249999999999556,0.0003249999999999954,0.0002749999999999961,0.00028749999999999593,0.00014999999999999787,0.00031249999999999556,0.00021249999999999698,0.00026249999999999624,0.0002749999999999961,0.0001749999999999975,0.00019999999999999716,0.0001749999999999975,0.00014999999999999787,0.00024999999999999643,0.0002374999999999966,0.0001749999999999975,0.0001749999999999975,0.00019999999999999716,0.00018749999999999735,0.0001749999999999975,0.0001749999999999975,0.0001624999999999977,0.00014999999999999787,0.0001624999999999977,0.0001749999999999975,0.0001749999999999975,0.0001749999999999975,0.00018749999999999735,0.00018749999999999735,0.00018749999999999735
28.950000000000003,0.045852626207290866,0.04588550010692957,0.047494116381844705,0.04632662962203571,0.04669876607731714,0.04559542220460902,0.04349337160516763,0.041316218459662254,0.04026436222675385,0.03836317135549954,0.03660036600366082,0.0336252101575642,0.03152503940629993,0.027400000000000584,0.02586250000000055,0.022825000000000487,0.019537500000000416,0.01782500000000038,0.015187500000000322,0.013200000000000283,0.012025000000000258,0.010237500000000219,0.008500000000000181,0.0069375000000001475,0.006675000000000142,0.005512500000000117,0.004125000000000088,0.003987500000000086,0.003700000000000079,0.003087500000000066,0.0025125000000000533,0.0025125000000000533,0.0018875000000000404,0.0019125000000000407,0.0013375000000000283,0.0014375000000000308,0.001075000000000023,0.0012125000000000258,0.0008625000000000183,0.0007750000000000165,0.0006750000000000143,0.0007250000000000155,0.0006750000000000143,0.000562500000000012,0.000650000000000014,0.0005000000000000106,0.00037500000000000803,0.0005750000000000122,0.00043750000000000933,0.0004500000000000096,0.0003125000000000067,0.00040000000000000853,0.0003500000000000075,0.0002875000000000061,0.00023750000000000507,0.0002250000000000048,0.00015000000000000319,0.00027500000000000587,0.0002250000000000048,0.0002875000000000061,0.00023750000000000507,0.00017500000000000374,0.00018750000000000402,0.00020000000000000427,0.00021250000000000454,0.0002250000000000048,0.00017500000000000374,0.00018750000000000402,0.00020000000000000427,0.00017500000000000374,0.0001625000000000035,0.00018750000000000402,0.00020000000000000427,0.0001625000000000035,0.00020000000000000427,0.00018750000000000402,0.00020000000000000427,0.00020000000000000427,0.00018750000000000402,0.00018750000000000402,0.00017500000000000374,0.00017500000000000374,0.00018750000000000402
29.05,0.0469282742852562,0.047598858928037,0.045193190259078635,0.04681427835489758,0.044198162806776506,0.0448953005584714,0.04311832097333079,0.04142872858557211,0.03990184546035197,0.03882567944938981,0.03558785587855828,0.033250207813798366,0.030625038281297416,0.027137499999999613,0.025449999999999636,0.022124999999999687,0.01957499999999972,0.017124999999999755,0.015349999999999782,0.013487499999999809,0.010899999999999846,0.009699999999999863,0.007849999999999888,0.0070124999999999,0.0057249999999999185,0.005649999999999919,0.004424999999999937,0.004112499999999942,0.0035624999999999494,0.0032624999999999534,0.0023624999999999666,0.0020874999999999705,0.0018249999999999742,0.0017499999999999753,0.0012874999999999818,0.0011749999999999833,0.0014499999999999795,0.0010374999999999853,0.000774999999999989,0.0007874999999999887,0.0007624999999999892,0.000562499999999992,0.0006249999999999911,0.0006624999999999906,0.0006749999999999905,0.0004999999999999929,0.00039999999999999433,0.0003624999999999949,0.0003874999999999945,0.00033749999999999525,0.0002749999999999961,0.0003749999999999947,0.00031249999999999556,0.00029999999999999575,0.00026249999999999624,0.0002249999999999968,0.00013749999999999806,0.0002374999999999966,0.00029999999999999575,0.00024999999999999643,0.00019999999999999716,0.00019999999999999716,0.00019999999999999716,0.00019999999999999716,0.0002249999999999968,0.00021249999999999698,0.00019999999999999716,0.0001749999999999975,0.0001749999999999975,0.00018749999999999735,0.00018749999999999735,0.00018749999999999735,0.0001624999999999977,0.0001749999999999975,0.00013749999999999806,0.00014999999999999787,0.00018749999999999735,0.00019999999999999716,0.00021249999999999698,0.00021249999999999698,0.00021249999999999698,0.00021249999999999698,0.00019999999999999716
29.150000000000002,0.046252867352579274,0.04627319443871175,0.04760666168132606,0.04633913343569723,0.04401061756148608,0.04325751599340324,0.044043445865191176,0.04169125221269855,0.038401776082143256,0.037575657574007014,0.03577535775357703,0.03232520203251225,0.02943753679692058,0.027349999999999614,0.024999999999999644,0.022049999999999688,0.018974999999999728,0.017049999999999756,0.014499999999999793,0.013137499999999814,0.010174999999999856,0.009474999999999865,0.008074999999999884,0.007524999999999893,0.0061499999999999125,0.005374999999999924,0.003949999999999944,0.0034874999999999507,0.0034124999999999516,0.00278749999999996,0.002424999999999966,0.002049999999999971,0.0018249999999999742,0.0017249999999999755,0.001487499999999979,0.001124999999999984,0.0010874999999999845,0.0009124999999999871,0.0009374999999999866,0.0007999999999999887,0.0008124999999999885,0.0004874999999999931,0.0005249999999999925,0.0005499999999999922,0.0005249999999999925,0.0003749999999999947,0.00029999999999999575,0.0004874999999999931,0.0003874999999999945,0.00033749999999999525,0.00042499999999999396,0.0003249999999999954,0.00024999999999999643,0.00024999999999999643,0.0002249999999999968,0.0001749999999999975,0.0003249999999999954,0.00021249999999999698,0.00021249999999999698,0.0002374999999999966,0.00019999999999999716,0.00018749999999999735,0.00019999999999999716,0.0002249999999999968,0.00019999999999999716,0.0001749999999999975,0.0001624999999999977,0.0001624999999999977,0.00018749999999999735,0.0001749999999999975,0.0001624999999999977,0.00019999999999999716,0.00019999999999999716,0.00019999999999999716,0.00021249999999999698,0.00021249999999999698,0.0001749999999999975,0.0001624999999999977,0.0001624999999999977,0.0001749999999999975,0.0001749999999999975,0.0001749999999999975,0.0001749999999999975
29.25,0.04521474188198486,0.04542276816254244,0.04564337145701242,0.045713942752540496,0.0446732774281805,0.04276993127556004,0.04254324333785152,0.040578652078687945,0.03825176914432374,0.0377756610740696,0.034812848128482024,0.03296270601691331,0.028612535765670317,0.026487500000000563,0.024537500000000524,0.022112500000000472,0.019550000000000418,0.017750000000000377,0.014675000000000315,0.012437500000000266,0.010475000000000222,0.009062500000000194,0.0071750000000001535,0.006487500000000139,0.005687500000000121,0.0044500000000000945,0.003975000000000084,0.0037875000000000807,0.003037500000000065,0.0031625000000000676,0.0022375000000000476,0.002100000000000045,0.0018375000000000392,0.0014250000000000304,0.0012125000000000258,0.0012500000000000267,0.0010875000000000231,0.0010375000000000221,0.0008500000000000182,0.0008875000000000189,0.0007750000000000165,0.0006250000000000133,0.000700000000000015,0.0005875000000000125,0.0004625000000000099,0.0003625000000000077,0.0005375000000000115,0.0003875000000000082,0.0003375000000000072,0.0002500000000000053,0.0003375000000000072,0.0002875000000000061,0.000325000000000007,0.0002625000000000056,0.0002250000000000048,0.00021250000000000454,0.00021250000000000454,0.0003125000000000067,0.0002625000000000056,0.0001625000000000035,0.00018750000000000402,0.00021250000000000454,0.0002250000000000048,0.00017500000000000374,0.0001625000000000035,0.00020000000000000427,0.00020000000000000427,0.00017500000000000374,0.00021250000000000454,0.00021250000000000454,0.00018750000000000402,0.00017500000000000374,0.0001625000000000035,0.00015000000000000319,0.00013750000000000294,0.00012500000000000266,0.00010000000000000213,0.0001125000000000024,0.0001125000000000024,0.00012500000000000266,0.00012500000000000266,0.00012500000000000266,0.00012500000000000266
29.35,0.04592767142203112,0.046986051758443254,0.04515567515925095,0.04567643131154938,0.04503586490240707,0.04220733352419923,0.04244322983602726,0.04050364532807895,0.03950182695949632,0.03678814379251585,0.03492534925349204,0.032125200782504436,0.02862503578129432,0.027087499999999612,0.02328749999999967,0.0212749999999997,0.01828749999999974,0.016737499999999763,0.014324999999999796,0.012499999999999822,0.010699999999999849,0.009424999999999866,0.008174999999999884,0.006674999999999906,0.00562499999999992,0.004949999999999929,0.004337499999999939,0.003637499999999948,0.0031874999999999547,0.002987499999999957,0.0023374999999999668,0.002037499999999971,0.001549999999999978,0.0012249999999999826,0.0014624999999999792,0.0012374999999999823,0.0012374999999999823,0.0008499999999999879,0.0008624999999999877,0.0006624999999999906,0.00069999999999999,0.0006874999999999902,0.0006624999999999906,0.0006499999999999908,0.0005124999999999928,0.00039999999999999433,0.0003624999999999949,0.0003874999999999945,0.00039999999999999433,0.0003624999999999949,0.0003749999999999947,0.00028749999999999593,0.0002249999999999968,0.00021249999999999698,0.00014999999999999787,0.0002749999999999961,0.00031249999999999556,0.00026249999999999624,0.00014999999999999787,0.00019999999999999716,0.00018749999999999735,0.00021249999999999698,0.00018749999999999735,0.0001749999999999975,0.0001624999999999977,0.00014999999999999787,0.00019999999999999716,0.00019999999999999716,0.0001624999999999977,0.00013749999999999806,0.00012499999999999821,0.00012499999999999821,0.00013749999999999806,0.00013749999999999806,0.00014999999999999787,0.00014999999999999787,0.00013749999999999806,0.0001124999999999984,9.999999999999858e-05,7.499999999999894e-05,7.499999999999894e-05,7.499999999999894e-05,7.499999999999894e-05
29.450000000000003,0.04689075167788693,0.04627319443871339,0.04511816005942488,0.046089057162435526,0.04379806628349183,0.04220733352420073,0.040868017182320485,0.0399160924483212,0.037789247752709365,0.03736315385519326,0.03257532575325823,0.030075187969925452,0.029050036312546008,0.025675000000000545,0.0233875000000005,0.020437500000000438,0.018112500000000385,0.016137500000000343,0.014000000000000299,0.011587500000000249,0.010162500000000216,0.008862500000000188,0.007625000000000163,0.0064000000000001365,0.005362500000000115,0.004562500000000097,0.004525000000000097,0.003700000000000079,0.0031500000000000672,0.002762500000000059,0.0024500000000000524,0.002012500000000043,0.00187500000000004,0.0012625000000000268,0.001300000000000028,0.001175000000000025,0.0011875000000000253,0.0008500000000000182,0.0006875000000000146,0.0007375000000000158,0.000562500000000012,0.0006000000000000127,0.0006000000000000127,0.0005375000000000115,0.00037500000000000803,0.00027500000000000587,0.0004875000000000104,0.0004250000000000091,0.00027500000000000587,0.00043750000000000933,0.00027500000000000587,0.0003125000000000067,0.00027500000000000587,0.00021250000000000454,0.00027500000000000587,0.0002250000000000048,0.00021250000000000454,0.00017500000000000374,0.0002250000000000048,0.00013750000000000294,0.00020000000000000427,0.00018750000000000402,0.0001625000000000035,0.00018750000000000402,0.00017500000000000374,0.00021250000000000454,0.00017500000000000374,0.00015000000000000319,0.0001125000000000024,0.00015000000000000319,0.00015000000000000319,7.500000000000159e-05,8.750000000000187e-05,8.750000000000187e-05,0.00012500000000000266,0.00013750000000000294,0.00015000000000000319,0.00015000000000000319,0.00015000000000000319,0.00015000000000000319,0.00015000000000000319,0.00015000000000000319,0.00015000000000000319
29.55,0.04566501317043454,0.04517264278719644,0.0454557959578724,0.04587649233016004,0.044060629626896865,0.043770105055752816,0.04163062013371746,0.03940354631916817,0.039226814240158045,0.03653813941743929,0.03360033600335956,0.03116269476684185,0.029125036406295095,0.02597499999999963,0.023312499999999667,0.020887499999999705,0.01758749999999975,0.01546249999999978,0.0141124999999998,0.011299999999999838,0.009799999999999861,0.008224999999999883,0.0070249999999999,0.006387499999999909,0.005562499999999921,0.004449999999999937,0.004149999999999941,0.0035999999999999487,0.002987499999999957,0.0024874999999999646,0.0023374999999999668,0.0018249999999999742,0.0016499999999999768,0.0013249999999999811,0.0011499999999999837,0.0012749999999999819,0.0007624999999999892,0.000774999999999989,0.000774999999999989,0.000774999999999989,0.0004749999999999932,0.0005249999999999925,0.0004749999999999932,0.0004999999999999929,0.00039999999999999433,0.0004999999999999929,0.0003874999999999945,0.0003249999999999954,0.00028749999999999593,0.00031249999999999556,0.0003249999999999954,0.00021249999999999698,0.0002249999999999968,0.00014999999999999787,0.00019999999999999716,0.0002749999999999961,0.0002374999999999966,0.00021249999999999698,0.00014999999999999787,0.00024999999999999643,0.00018749999999999735,0.0001749999999999975,0.00018749999999999735,0.00014999999999999787,0.00021249999999999698,0.0001624999999999977,8.749999999999875e-05,0.00013749999999999806,9.999999999999858e-05,6.249999999999911e-05,0.00013749999999999806,0.00014999999999999787,9.999999999999858e-05,9.999999999999858e-05,6.249999999999911e-05,6.249999999999911e-05,6.249999999999911e-05,8.749999999999875e-05,8.749999999999875e-05,8.749999999999875e-05,9.999999999999858e-05,9.999999999999858e-05,9.999999999999858e-05
29.650000000000002,0.04570253577780548,0.046373244588849505,0.04593098722235634,0.0435007677341583,0.044485732182888496,0.04285744648132552,0.040743000305040605,0.04082867458071168,0.03667669629720322,0.035988129792270854,0.03273782737827332,0.030212688829304755,0.027025033781291844,0.02539999999999964,0.023274999999999667,0.02029999999999971,0.017312499999999755,0.015362499999999783,0.012774999999999818,0.01193749999999983,0.009687499999999863,0.007974999999999887,0.006987499999999901,0.006274999999999912,0.005387499999999924,0.003949999999999944,0.004037499999999942,0.003437499999999951,0.0029999999999999576,0.002312499999999967,0.002174999999999969,0.0019124999999999728,0.0017999999999999744,0.001474999999999979,0.001124999999999984,0.0011124999999999842,0.0010249999999999856,0.0008999999999999872,0.0008999999999999872,0.0008249999999999884,0.0006249999999999911,0.0006749999999999905,0.0006499999999999908,0.0005249999999999925,0.0004124999999999942,0.0004124999999999942,0.0003749999999999947,0.000349999999999995,0.0003874999999999945,0.00033749999999999525,0.00028749999999999593,0.00024999999999999643,0.00021249999999999698,0.0002749999999999961,0.0002374999999999966,0.00019999999999999716,0.0001624999999999977,0.00018749999999999735,0.00019999999999999716,0.0001749999999999975,0.0001749999999999975,0.0001624999999999977,0.00014999999999999787,0.00019999999999999716,0.00013749999999999806,0.00012499999999999821,0.00013749999999999806,8.749999999999875e-05,0.00014999999999999787,0.00012499999999999821,6.249999999999911e-05,9.999999999999858e-05,9.999999999999858e-05,0.0001124999999999984,0.0001124999999999984,0.0001124999999999984,0.0001124999999999984,8.749999999999875e-05,9.999999999999858e-05,9.999999999999858e-05,8.749999999999875e-05,9.999999999999858e-05,9.999999999999858e-05
29.75,0.0447144404503723,0.045097605174594727,0.04525571542545971,0.04307563806961215,0.043910593430666084,0.042244840040958014,0.039955393978187904,0.03936604294386579,0.037251722892184556,0.03640063701114847,0.032450324503245725,0.029825186407415685,0.02667503334379225,0.024162500000000513,0.02296250000000049,0.019850000000000423,0.016962500000000363,0.015287500000000325,0.013587500000000289,0.01177500000000025,0.010025000000000214,0.00801250000000017,0.006787500000000144,0.005987500000000127,0.005462500000000116,0.004362500000000093,0.003800000000000081,0.003662500000000078,0.003012500000000064,0.00235000000000005,0.0020000000000000425,0.0016125000000000345,0.0015000000000000321,0.001125000000000024,0.0012875000000000276,0.0010625000000000226,0.0009500000000000203,0.0009125000000000194,0.0007500000000000161,0.000700000000000015,0.0006750000000000143,0.0006625000000000141,0.0006375000000000136,0.00047500000000001014,0.00027500000000000587,0.00041250000000000883,0.00041250000000000883,0.00030000000000000637,0.0003625000000000077,0.00030000000000000637,0.00020000000000000427,0.0002625000000000056,0.0001625000000000035,0.00020000000000000427,0.0002875000000000061,0.0002625000000000056,0.00018750000000000402,0.00012500000000000266,0.0002250000000000048,0.00020000000000000427,0.00020000000000000427,0.0001625000000000035,0.00020000000000000427,0.00015000000000000319,0.00015000000000000319,8.750000000000187e-05,0.00015000000000000319,0.00010000000000000213,8.750000000000187e-05,0.0001125000000000024,0.0001125000000000024,8.750000000000187e-05,0.00013750000000000294,0.00010000000000000213,0.00010000000000000213,0.00010000000000000213,8.750000000000187e-05,0.0001125000000000024,0.00010000000000000213,0.00010000000000000213,0.00010000000000000213,8.750000000000187e-05,8.750000000000187e-05
29.85,0.04602773170835363,0.044634873230206006,0.044918079527008985,0.04402592790801132,0.04202263796140759,0.041932285734645795,0.041230566126426484,0.03890350131511781,0.03781424890901151,0.03526311710454883,0.03251282512825082,0.030675191719947814,0.02646253307816597,0.025099999999999647,0.022074999999999685,0.018874999999999732,0.017137499999999757,0.015037499999999785,0.012724999999999818,0.010987499999999843,0.009287499999999869,0.00774999999999989,0.006849999999999902,0.005737499999999918,0.005362499999999924,0.003887499999999945,0.0034749999999999504,0.003149999999999955,0.003087499999999956,0.0022374999999999682,0.0018999999999999729,0.0017499999999999753,0.0012999999999999815,0.0014124999999999797,0.0012249999999999826,0.0012499999999999822,0.0008374999999999881,0.00069999999999999,0.0006749999999999905,0.000562499999999992,0.0005874999999999917,0.0005874999999999917,0.0005374999999999924,0.0003624999999999949,0.0004499999999999936,0.00043749999999999383,0.0003249999999999954,0.00026249999999999624,0.0003624999999999949,0.00026249999999999624,0.00026249999999999624,0.0002249999999999968,0.0002249999999999968,0.0002374999999999966,0.0002374999999999966,0.00018749999999999735,0.00019999999999999716,0.00024999999999999643,0.00018749999999999735,0.0001749999999999975,0.00014999999999999787,0.00021249999999999698,0.00014999999999999787,0.00013749999999999806,6.249999999999911e-05,0.0001124999999999984,6.249999999999911e-05,0.0001124999999999984,8.749999999999875e-05,9.999999999999858e-05,9.999999999999858e-05,9.999999999999858e-05,7.499999999999894e-05,8.749999999999875e-05,8.749999999999875e-05,8.749999999999875e-05,8.749999999999875e-05,8.749999999999875e-05,8.749999999999875e-05,8.749999999999875e-05,8.749999999999875e-05,8.749999999999875e-05,8.749999999999875e-05
29.950000000000003,0.045715043313597416,0.04420966009212212,0.04498060469339005,0.044100950789991884,0.04164754747082823,0.04293245951484162,0.0400679091677385,0.03725335280175295,0.03711421653251542,0.03512561469825797,0.032437824378244474,0.029437683985525535,0.026400033000041814,0.024850000000000528,0.021412500000000455,0.01918750000000041,0.016762500000000357,0.014412500000000307,0.013062500000000277,0.010250000000000219,0.009487500000000202,0.007912500000000168,0.007162500000000152,0.005712500000000122,0.004637500000000099,0.003887500000000083,0.0036500000000000777,0.0030000000000000642,0.0027500000000000584,0.002300000000000049,0.0020250000000000433,0.0015375000000000328,0.001125000000000024,0.0013750000000000292,0.0011375000000000243,0.0011125000000000236,0.0007625000000000162,0.0007125000000000152,0.0006625000000000141,0.00041250000000000883,0.0005250000000000112,0.0005000000000000106,0.0004625000000000099,0.0003625000000000077,0.00041250000000000883,0.00037500000000000803,0.0003500000000000075,0.0004250000000000091,0.0003125000000000067,0.0003125000000000067,0.0002875000000000061,0.0001625000000000035,0.0002500000000000053,0.0002875000000000061,0.0002250000000000048,0.00021250000000000454,0.00020000000000000427,0.00018750000000000402,0.0001625000000000035,0.00018750000000000402,0.00021250000000000454,0.00012500000000000266,0.00013750000000000294,8.750000000000187e-05,0.0001125000000000024,0.00010000000000000213,0.0001125000000000024,0.00010000000000000213,0.0001125000000000024,8.750000000000187e-05,8.750000000000187e-05,8.750000000000187e-05,0.00010000000000000213,0.00010000000000000213,8.750000000000187e-05,7.500000000000159e-05,7.500000000000159e-05,0.00010000000000000213,0.00010000000000000213,0.00010000000000000213,0.0001125000000000024,0.0001125000000000024,0.0001125000000000024
30.05,0.043851420480839086,0.04512261771212757,0.045030624826492026,0.04315066095158963,0.04173506858529561,0.04129467494977193,0.03914278427587669,0.03727835505195415,0.03625167664004409,0.03381309172910478,0.03100031000309959,0.027675172969830672,0.02651253314066605,0.02397499999999966,0.0210874999999997,0.018187499999999742,0.016487499999999766,0.014324999999999796,0.012587499999999821,0.010149999999999855,0.008924999999999872,0.006924999999999901,0.006124999999999913,0.005424999999999923,0.004549999999999935,0.00424999999999994,0.0037999999999999458,0.003037499999999957,0.002987499999999957,0.0024124999999999655,0.001987499999999972,0.001762499999999975,0.0014249999999999799,0.0011749999999999833,0.0012374999999999823,0.0008249999999999884,0.0008749999999999877,0.0008624999999999877,0.0008624999999999877,0.0006624999999999906,0.0006624999999999906,0.0006374999999999909,0.0005124999999999928,0.0003874999999999945,0.000349999999999995,0.0003624999999999949,0.00031249999999999556,0.0003249999999999954,0.00026249999999999624,0.00021249999999999698,0.00024999999999999643,0.00019999999999999716,0.00021249999999999698,0.00024999999999999643,0.0001624999999999977,0.00012499999999999821,0.0002249999999999968,0.00014999999999999787,0.00018749999999999735,0.00019999999999999716,0.0001624999999999977,0.0001624999999999977,8.749999999999875e-05,9.999999999999858e-05,0.0001124999999999984,0.0001124999999999984,8.749999999999875e-05,8.749999999999875e-05,8.749999999999875e-05,9.999999999999858e-05,7.499999999999894e-05,0.0001124999999999984,9.999999999999858e-05,9.999999999999858e-05,9.999999999999858e-05,9.999999999999858e-05,0.0001124999999999984,8.749999999999875e-05,8.749999999999875e-05,0.0001124999999999984,9.999999999999858e-05,9.999999999999858e-05,9.999999999999858e-05
30.150000000000002,0.04640295778206304,0.0443722415860944,0.045018119793216134,0.04383837070306382,0.04090986950601774,0.04054454461462621,0.04009291254319276,0.03814093268394101,0.03623917606189235,0.0336880895415665,0.032125321253212075,0.02780017375108555,0.025262531578164115,0.02393749999999966,0.021374999999999696,0.018787499999999735,0.017349999999999755,0.013999999999999803,0.011912499999999831,0.009699999999999863,0.008887499999999875,0.007962499999999886,0.006899999999999902,0.00557499999999992,0.0045624999999999355,0.004287499999999939,0.0033874999999999517,0.0030624999999999563,0.0024874999999999646,0.0022999999999999674,0.0017374999999999752,0.0017749999999999747,0.0012624999999999822,0.001062499999999985,0.0010874999999999845,0.0009749999999999862,0.000774999999999989,0.0008249999999999884,0.000774999999999989,0.0006374999999999909,0.0006749999999999905,0.0005749999999999919,0.00039999999999999433,0.0002749999999999961,0.0005124999999999928,0.0003624999999999949,0.00026249999999999624,0.0003874999999999945,0.0002749999999999961,0.00026249999999999624,0.0001624999999999977,0.00028749999999999593,0.00028749999999999593,0.00021249999999999698,0.00019999999999999716,0.0002374999999999966,0.0001749999999999975,0.00018749999999999735,0.00014999999999999787,0.00014999999999999787,0.0001124999999999984,6.249999999999911e-05,9.999999999999858e-05,0.0001124999999999984,0.0001124999999999984,8.749999999999875e-05,8.749999999999875e-05,9.999999999999858e-05,9.999999999999858e-05,8.749999999999875e-05,9.999999999999858e-05,9.999999999999858e-05,0.0001124999999999984,9.999999999999858e-05,0.00014999999999999787,0.00014999999999999787,0.00014999999999999787,0.00012499999999999821,0.00013749999999999806,0.0001124999999999984,0.00012499999999999821,0.00012499999999999821,0.00012499999999999821
30.25,0.04366380744398593,0.04532271801240468,0.042917274202867575,0.042337913063485264,0.0425227586155169,0.039769409934977046,0.03848019482630237,0.03690332129891769,0.03663919456274931,0.0335130864790141,0.030725307253073184,0.028037675235470818,0.02663753329691719,0.022637500000000484,0.02076250000000044,0.017887500000000382,0.016162500000000347,0.013887500000000295,0.012075000000000257,0.010637500000000227,0.009000000000000192,0.007487500000000159,0.006037500000000129,0.005162500000000111,0.004437500000000094,0.0042500000000000905,0.003562500000000076,0.00282500000000006,0.002100000000000045,0.0020000000000000425,0.0018625000000000397,0.0016000000000000341,0.0011875000000000253,0.0012125000000000258,0.001075000000000023,0.0009000000000000192,0.0008750000000000187,0.0006000000000000127,0.0005500000000000117,0.0006000000000000127,0.0005750000000000122,0.0005375000000000115,0.0003875000000000082,0.0005000000000000106,0.0003875000000000082,0.0003375000000000072,0.0003875000000000082,0.0002625000000000056,0.00027500000000000587,0.0002250000000000048,0.00012500000000000266,0.00018750000000000402,0.00018750000000000402,0.0001625000000000035,0.00013750000000000294,0.00017500000000000374,0.0001625000000000035,0.00017500000000000374,0.00020000000000000427,0.00010000000000000213,8.750000000000187e-05,0.00010000000000000213,0.0001125000000000024,0.00010000000000000213,7.500000000000159e-05,7.500000000000159e-05,7.500000000000159e-05,8.750000000000187e-05,8.750000000000187e-05,0.0001125000000000024,0.00015000000000000319,0.0001125000000000024,0.00012500000000000266,0.00013750000000000294,0.00010000000000000213,0.00010000000000000213,8.750000000000187e-05,8.750000000000187e-05,8.750000000000187e-05,8.750000000000187e-05,7.500000000000159e-05,7.500000000000159e-05,7.500000000000159e-05
30.35,0.04372634512293595,0.04367189053513012,0.04252961817131335,0.04312565332426329,0.042060147010465676,0.0408445967486845,0.03870522520540218,0.03800342030782716,0.03610166970222321,0.03121304622830855,0.02951279512795086,0.028025175157344335,0.02496253120316365,0.02252499999999968,0.019774999999999716,0.01757499999999975,0.015587499999999779,0.013774999999999805,0.010874999999999845,0.009449999999999866,0.007999999999999886,0.006987499999999901,0.005974999999999914,0.005287499999999925,0.003974999999999944,0.0038999999999999447,0.0032874999999999532,0.002987499999999957,0.0025624999999999637,0.0020624999999999706,0.001612499999999977,0.0014124999999999797,0.0013624999999999807,0.001199999999999983,0.001212499999999983,0.0008374999999999881,0.0007124999999999899,0.0007374999999999895,0.0004874999999999931,0.0005374999999999924,0.0004749999999999932,0.0004874999999999931,0.0003749999999999947,0.0004124999999999942,0.00031249999999999556,0.00029999999999999575,0.000349999999999995,0.00028749999999999593,0.00026249999999999624,0.0002249999999999968,0.00031249999999999556,0.00029999999999999575,0.00026249999999999624,0.00019999999999999716,0.00024999999999999643,0.00019999999999999716,0.0001624999999999977,0.00019999999999999716,0.00013749999999999806,0.00013749999999999806,0.00012499999999999821,9.999999999999858e-05,9.999999999999858e-05,8.749999999999875e-05,9.999999999999858e-05,0.00012499999999999821,0.0001124999999999984,0.0001124999999999984,0.00012499999999999821,0.00012499999999999821,9.999999999999858e-05,8.749999999999875e-05,3.749999999999947e-05,4.999999999999929e-05,3.749999999999947e-05,4.999999999999929e-05,4.999999999999929e-05,6.249999999999911e-05,6.249999999999911e-05,6.249999999999911e-05,6.249999999999911e-05,6.249999999999911e-05,6.249999999999911e-05
30.450000000000003,0.04410157119664691,0.04433472277979432,0.04289226413631578,0.043125653324264816,0.041935116846940214,0.039444353456413894,0.0395803433463526,0.03647828304547487,0.03470160494922964,0.03293807641633799,0.029625296252963163,0.02802517515734533,0.024987531234414575,0.022550000000000483,0.020412500000000434,0.016937500000000362,0.014937500000000319,0.013525000000000289,0.011162500000000238,0.009462500000000202,0.007775000000000166,0.006487500000000139,0.006237500000000133,0.005312500000000114,0.00423750000000009,0.0038250000000000814,0.0036375000000000773,0.0029250000000000625,0.0020000000000000425,0.0019250000000000408,0.0016500000000000353,0.0011500000000000245,0.0012500000000000267,0.0010500000000000225,0.0011125000000000236,0.0007500000000000161,0.0007500000000000161,0.0008125000000000173,0.0004875000000000104,0.0006625000000000141,0.0006125000000000131,0.0004875000000000104,0.000325000000000007,0.00040000000000000853,0.00040000000000000853,0.00023750000000000507,0.0003875000000000082,0.00027500000000000587,0.0002500000000000053,0.0001625000000000035,0.00020000000000000427,0.00020000000000000427,0.00017500000000000374,0.00013750000000000294,0.0001625000000000035,0.00013750000000000294,0.0001625000000000035,0.0001625000000000035,0.00015000000000000319,0.00015000000000000319,0.00010000000000000213,0.00013750000000000294,8.750000000000187e-05,0.00010000000000000213,0.00010000000000000213,0.00010000000000000213,0.00015000000000000319,0.00012500000000000266,8.750000000000187e-05,6.250000000000133e-05,5.0000000000001066e-05,6.250000000000133e-05,0.0001125000000000024,0.00012500000000000266,0.00012500000000000266,0.00012500000000000266,0.00013750000000000294,0.00013750000000000294,0.00013750000000000294,0.00013750000000000294,0.00013750000000000294,0.00013750000000000294,0.00013750000000000294
30.55,0.04372634512293595,0.04388449710417284,0.04256713327114103,0.04041232575935603,0.04080984537519619,0.03926932304487849,0.03826766613492767,0.036003240291625736,0.035564144841698425,0.031700554759707844,0.02947529475294711,0.026500165626034786,0.024662530828163186,0.02252499999999968,0.01957499999999972,0.01689999999999976,0.015012499999999786,0.012412499999999823,0.011812499999999832,0.009912499999999859,0.008024999999999886,0.0066874999999999045,0.005662499999999919,0.0053249999999999235,0.0038374999999999456,0.003249999999999954,0.002949999999999958,0.0028499999999999598,0.0024374999999999653,0.001987499999999972,0.001549999999999978,0.001199999999999983,0.001349999999999981,0.0013874999999999803,0.000774999999999989,0.0008624999999999877,0.0007999999999999887,0.0007499999999999894,0.0007249999999999898,0.0006124999999999913,0.0006374999999999909,0.0004124999999999942,0.00029999999999999575,0.00039999999999999433,0.00026249999999999624,0.0003749999999999947,0.0002749999999999961,0.00024999999999999643,0.00021249999999999698,0.00019999999999999716,0.00026249999999999624,0.0002374999999999966,0.00021249999999999698,0.0002374999999999966,0.00019999999999999716,0.00019999999999999716,0.00018749999999999735,8.749999999999875e-05,6.249999999999911e-05,4.999999999999929e-05,8.749999999999875e-05,6.249999999999911e-05,8.749999999999875e-05,8.749999999999875e-05,0.0001124999999999984,0.0001124999999999984,8.749999999999875e-05,6.249999999999911e-05,4.999999999999929e-05,0.0001124999999999984,0.00012499999999999821,0.00013749999999999806,8.749999999999875e-05,7.499999999999894e-05,9.999999999999858e-05,9.999999999999858e-05,9.999999999999858e-05,8.749999999999875e-05,7.499999999999894e-05,7.499999999999894e-05,7.499999999999894e-05,7.499999999999894e-05,7.499999999999894e-05
30.650000000000002,0.04411407873243566,0.04365938426636289,0.04294228426941783,0.040837455423903705,0.04183509271611717,0.03946935780091735,0.03790511719082022,0.036840815673410084,0.03440159107358667,0.03205056088481503,0.02865028650286462,0.02593766211038782,0.02353752942191144,0.022237499999999685,0.019374999999999726,0.016249999999999768,0.014874999999999788,0.013174999999999814,0.01119999999999984,0.009412499999999865,0.007337499999999895,0.006649999999999906,0.005787499999999919,0.004949999999999929,0.004012499999999943,0.0036124999999999487,0.002962499999999958,0.0029249999999999584,0.002187499999999969,0.0019374999999999724,0.0017374999999999752,0.0012999999999999815,0.0010999999999999845,0.001049999999999985,0.0009499999999999864,0.000774999999999989,0.0008249999999999884,0.0006874999999999902,0.0006124999999999913,0.0005749999999999919,0.0004999999999999929,0.0003749999999999947,0.0005249999999999925,0.0003749999999999947,0.00042499999999999396,0.00042499999999999396,0.00024999999999999643,0.00026249999999999624,0.00019999999999999716,0.00028749999999999593,0.00024999999999999643,0.0001624999999999977,0.0001124999999999984,0.0001749999999999975,0.00014999999999999787,0.00013749999999999806,0.0001624999999999977,0.00013749999999999806,0.0001124999999999984,0.0001124999999999984,9.999999999999858e-05,8.749999999999875e-05,9.999999999999858e-05,0.0001124999999999984,0.00012499999999999821,7.499999999999894e-05,4.999999999999929e-05,0.00012499999999999821,0.00014999999999999787,8.749999999999875e-05,8.749999999999875e-05,7.499999999999894e-05,0.0001124999999999984,0.0001124999999999984,9.999999999999858e-05,0.0001124999999999984,0.0001124999999999984,0.0001124999999999984,0.0001124999999999984,0.0001124999999999984,0.0001124999999999984,0.0001124999999999984,0.0001124999999999984
30.75,0.04422664655455006,0.04444727919869929,0.042091942006658584,0.040549867709652306,0.04020970059026826,0.03956937517893818,0.036367409600296816,0.03632826954425976,0.03406407546349091,0.030925541196971607,0.030450304503045682,0.02561266007912604,0.024337530421913545,0.02163750000000046,0.01833750000000039,0.01680000000000036,0.014587500000000312,0.012325000000000265,0.010550000000000226,0.009062500000000194,0.007700000000000163,0.00703750000000015,0.005462500000000116,0.0043500000000000925,0.0036875000000000783,0.003512500000000075,0.0029750000000000635,0.0026125000000000557,0.002387500000000051,0.0017000000000000363,0.001737500000000037,0.001450000000000031,0.0010875000000000231,0.0010625000000000226,0.0009125000000000194,0.0008375000000000179,0.0006000000000000127,0.0005375000000000115,0.0005000000000000106,0.0004875000000000104,0.0004500000000000096,0.0003625000000000077,0.00037500000000000803,0.0003500000000000075,0.0002625000000000056,0.0002875000000000061,0.00027500000000000587,0.0002625000000000056,0.0001625000000000035,0.00017500000000000374,0.0002500000000000053,0.00018750000000000402,0.00021250000000000454,0.00020000000000000427,0.00017500000000000374,0.00020000000000000427,0.00013750000000000294,0.00015000000000000319,8.750000000000187e-05,8.750000000000187e-05,8.750000000000187e-05,0.0001125000000000024,0.0001125000000000024,0.00012500000000000266,3.7500000000000796e-05,6.250000000000133e-05,0.00012500000000000266,7.500000000000159e-05,8.750000000000187e-05,0.00010000000000000213,0.00012500000000000266,0.0001125000000000024,0.00010000000000000213,0.0001125000000000024,0.00010000000000000213,0.00010000000000000213,8.750000000000187e-05,8.750000000000187e-05,8.750000000000187e-05,8.750000000000187e-05,8.750000000000187e-05,8.750000000000187e-05,8.750000000000187e-05
30.85,0.04337613412080717,0.04133321827566008,0.042054426906829395,0.040437333386682366,0.03963456183804286,0.03766904499656762,0.03632990453711199,0.03516566490984138,0.03375156100969622,0.031300547759585344,0.027975279752797132,0.025587659922874154,0.024025030031287198,0.020687499999999706,0.01846249999999974,0.01617499999999977,0.013962499999999801,0.01269999999999982,0.009862499999999861,0.008799999999999876,0.006849999999999902,0.006024999999999915,0.005399999999999924,0.004699999999999933,0.00423749999999994,0.003587499999999949,0.002962499999999958,0.0024124999999999655,0.0020874999999999705,0.0018874999999999732,0.0015874999999999776,0.0010249999999999856,0.0012749999999999819,0.001199999999999983,0.0008249999999999884,0.0006749999999999905,0.0007249999999999898,0.00039999999999999433,0.0006624999999999906,0.0005999999999999915,0.0004874999999999931,0.0003249999999999954,0.00042499999999999396,0.00039999999999999433,0.0002749999999999961,0.0003249999999999954,0.00028749999999999593,0.00019999999999999716,0.00019999999999999716,0.00029999999999999575,0.0001749999999999975,0.0001749999999999975,0.0002249999999999968,0.00013749999999999806,0.00013749999999999806,0.00014999999999999787,7.499999999999894e-05,4.999999999999929e-05,0.00013749999999999806,8.749999999999875e-05,9.999999999999858e-05,9.999999999999858e-05,0.00012499999999999821,3.749999999999947e-05,0.0001124999999999984,0.00013749999999999806,8.749999999999875e-05,9.999999999999858e-05,0.0001124999999999984,0.00012499999999999821,8.749999999999875e-05,8.749999999999875e-05,6.249999999999911e-05,4.999999999999929e-05,6.249999999999911e-05,3.749999999999947e-05,3.749999999999947e-05,3.749999999999947e-05,3.749999999999947e-05,3.749999999999947e-05,3.749999999999947e-05,3.749999999999947e-05,3.749999999999947e-05
30.950000000000003,0.04338864165659903,0.041658381263609275,0.042742203737005054,0.04185026433062173,0.039397004527343064,0.038419175331714704,0.03680496867077134,0.03567821103899427,0.032776515913861715,0.030713037478156523,0.026725267252673095,0.025637660235377016,0.0234250292812871,0.02105000000000045,0.017600000000000376,0.016287500000000347,0.013700000000000292,0.012287500000000262,0.009937500000000212,0.008662500000000184,0.007625000000000163,0.006725000000000143,0.005212500000000111,0.004287500000000092,0.004300000000000092,0.003337500000000071,0.0027500000000000584,0.0021875000000000466,0.0020250000000000433,0.0014875000000000318,0.0013375000000000283,0.001362500000000029,0.001025000000000022,0.0010375000000000221,0.0007375000000000158,0.0007500000000000161,0.0007875000000000168,0.000650000000000014,0.0006250000000000133,0.0006125000000000131,0.0004625000000000099,0.0002625000000000056,0.00040000000000000853,0.00030000000000000637,0.0004250000000000091,0.0003125000000000067,0.0002250000000000048,0.00020000000000000427,0.0002625000000000056,0.00021250000000000454,0.00015000000000000319,0.00020000000000000427,0.00017500000000000374,0.00018750000000000402,0.00021250000000000454,0.00013750000000000294,0.0001125000000000024,0.0001125000000000024,6.250000000000133e-05,8.750000000000187e-05,7.500000000000159e-05,0.00012500000000000266,3.7500000000000796e-05,0.0001125000000000024,8.750000000000187e-05,7.500000000000159e-05,0.00012500000000000266,0.00012500000000000266,8.750000000000187e-05,5.0000000000001066e-05,5.0000000000001066e-05,3.7500000000000796e-05,5.0000000000001066e-05,3.7500000000000796e-05,2.5000000000000533e-05,3.7500000000000796e-05,5.0000000000001066e-05,6.250000000000133e-05,7.500000000000159e-05,8.750000000000187e-05,8.750000000000187e-05,0.00010000000000000213,0.00010000000000000213
31.05,0.04388894308821002,0.04219615082059822,0.04200440677372583,0.040949989746872216,0.03987211914874406,0.03758152979080062,0.036517429853029644,0.034490604154373404,0.03267651128864663,0.03097554207198582,0.02723777237772339,0.024612653829086083,0.02323752904691098,0.02059999999999971,0.018449999999999737,0.01687499999999976,0.013949999999999803,0.011549999999999836,0.009449999999999866,0.008774999999999875,0.007412499999999894,0.005737499999999918,0.005024999999999928,0.004137499999999942,0.0038999999999999447,0.0032874999999999532,0.002974999999999958,0.0023624999999999666,0.0018874999999999732,0.0017249999999999755,0.0011374999999999838,0.0013249999999999811,0.001187499999999983,0.0008624999999999877,0.0007999999999999887,0.0007874999999999887,0.0007374999999999895,0.0006124999999999913,0.0005499999999999922,0.0005124999999999928,0.0003249999999999954,0.0005249999999999925,0.0003624999999999949,0.0003249999999999954,0.00031249999999999556,0.0002374999999999966,0.00026249999999999624,0.00014999999999999787,0.00021249999999999698,0.0002249999999999968,0.00019999999999999716,0.00018749999999999735,0.0001624999999999977,0.00013749999999999806,0.00013749999999999806,6.249999999999911e-05,9.999999999999858e-05,8.749999999999875e-05,8.749999999999875e-05,9.999999999999858e-05,0.00013749999999999806,6.249999999999911e-05,0.0001124999999999984,8.749999999999875e-05,8.749999999999875e-05,0.0001124999999999984,8.749999999999875e-05,4.999999999999929e-05,3.749999999999947e-05,3.749999999999947e-05,3.749999999999947e-05,7.499999999999894e-05,9.999999999999858e-05,0.00013749999999999806,0.00013749999999999806,0.00012499999999999821,0.0001124999999999984,9.999999999999858e-05,8.749999999999875e-05,9.999999999999858e-05,9.999999999999858e-05,8.749999999999875e-05,8.749999999999875e-05
31.150000000000002,0.043088460797629964,0.042558832614847594,0.040316227281480224,0.04036231050470336,0.03834675115371529,0.038169131886664764,0.03646742310211827,0.035903231290815664,0.03188897486508706,0.029038008165142477,0.02722527225272214,0.02581266132913294,0.02198752748440904,0.020174999999999714,0.017287499999999754,0.015474999999999779,0.01338749999999981,0.011649999999999834,0.010337499999999852,0.008187499999999884,0.0067499999999999045,0.005862499999999917,0.005149999999999927,0.003887499999999945,0.003787499999999946,0.0035499999999999495,0.0028249999999999595,0.002049999999999971,0.0017749999999999747,0.001474999999999979,0.001187499999999983,0.0011499999999999837,0.0010999999999999845,0.0008749999999999877,0.0008499999999999879,0.0008124999999999885,0.0006249999999999911,0.0006124999999999913,0.0005374999999999924,0.0005249999999999925,0.0003624999999999949,0.0003749999999999947,0.0003624999999999949,0.0002249999999999968,0.000349999999999995,0.00031249999999999556,0.0002249999999999968,0.00021249999999999698,0.00028749999999999593,0.0001624999999999977,0.00013749999999999806,0.0001749999999999975,0.0001624999999999977,0.00021249999999999698,0.00014999999999999787,0.0001124999999999984,8.749999999999875e-05,8.749999999999875e-05,0.0001124999999999984,0.0001124999999999984,8.749999999999875e-05,7.499999999999894e-05,8.749999999999875e-05,9.999999999999858e-05,0.0001124999999999984,8.749999999999875e-05,4.999999999999929e-05,3.749999999999947e-05,4.999999999999929e-05,9.999999999999858e-05,0.00012499999999999821,8.749999999999875e-05,8.749999999999875e-05,3.749999999999947e-05,4.999999999999929e-05,4.999999999999929e-05,4.999999999999929e-05,4.999999999999929e-05,6.249999999999911e-05,3.749999999999947e-05,3.749999999999947e-05,3.749999999999947e-05,3.749999999999947e-05
31.25,0.04187522982597104,0.04138324335073044,0.03979101588389412,0.04034980669104163,0.03819671495748431,0.038719227465773,0.03572982352617679,0.034603114280285965,0.030476409533941595,0.028813004227574598,0.02740027400274061,0.024375152344702673,0.021962527453159787,0.01922500000000041,0.017325000000000368,0.015687500000000333,0.013350000000000284,0.01075000000000023,0.009162500000000195,0.008025000000000171,0.006787500000000144,0.00612500000000013,0.005237500000000111,0.004175000000000089,0.0033500000000000717,0.0029875000000000635,0.00280000000000006,0.0022125000000000473,0.0019750000000000423,0.0017625000000000375,0.001300000000000028,0.0011125000000000236,0.0011875000000000253,0.0009750000000000208,0.0008375000000000179,0.0006000000000000127,0.0005375000000000115,0.0005375000000000115,0.000512500000000011,0.00047500000000001014,0.0003875000000000082,0.0004250000000000091,0.0003375000000000072,0.0003375000000000072,0.0002625000000000056,0.00021250000000000454,0.00018750000000000402,0.0002500000000000053,0.00018750000000000402,0.00018750000000000402,0.00023750000000000507,0.00017500000000000374,0.0001625000000000035,0.00013750000000000294,7.500000000000159e-05,8.750000000000187e-05,0.00010000000000000213,8.750000000000187e-05,0.00010000000000000213,0.00012500000000000266,5.0000000000001066e-05,0.00012500000000000266,8.750000000000187e-05,0.0001125000000000024,7.500000000000159e-05,3.7500000000000796e-05,3.7500000000000796e-05,0.00010000000000000213,0.0001125000000000024,7.500000000000159e-05,5.0000000000001066e-05,6.250000000000133e-05,2.5000000000000533e-05,6.250000000000133e-05,5.0000000000001066e-05,5.0000000000001066e-05,5.0000000000001066e-05,5.0000000000001066e-05,5.0000000000001066e-05,5.0000000000001066e-05,5.0000000000001066e-05,5.0000000000001066e-05,5.0000000000001066e-05
31.35,0.04177516953964704,0.04190850663895218,0.03985354105027217,0.04086246305123004,0.03920945928205124,0.037068940728451044,0.035917348842093175,0.033778040023601644,0.03250150319452228,0.028863005102588886,0.027000270002699646,0.024412652579078275,0.021750027187533674,0.01971249999999972,0.01702499999999976,0.014424999999999796,0.013274999999999811,0.010949999999999845,0.00918749999999987,0.007424999999999894,0.00633749999999991,0.005649999999999919,0.005187499999999926,0.003674999999999948,0.003337499999999953,0.002887499999999959,0.00278749999999996,0.002199999999999969,0.0017999999999999744,0.0015999999999999773,0.0013874999999999803,0.0010999999999999845,0.0009249999999999869,0.0007874999999999887,0.0006374999999999909,0.00069999999999999,0.0004499999999999936,0.0005999999999999915,0.0005874999999999917,0.00046249999999999346,0.00026249999999999624,0.00039999999999999433,0.0003249999999999954,0.00039999999999999433,0.00028749999999999593,0.00021249999999999698,0.0001624999999999977,0.00021249999999999698,0.00024999999999999643,0.0001749999999999975,0.0001624999999999977,0.0001624999999999977,0.0001749999999999975,0.00013749999999999806,9.999999999999858e-05,0.00012499999999999821,7.499999999999894e-05,9.999999999999858e-05,0.0001124999999999984,4.999999999999929e-05,0.00012499999999999821,7.499999999999894e-05,0.0001124999999999984,6.249999999999911e-05,4.999999999999929e-05,7.499999999999894e-05,0.00012499999999999821,7.499999999999894e-05,4.999999999999929e-05,4.999999999999929e-05,4.999999999999929e-05,4.999999999999929e-05,6.249999999999911e-05,3.749999999999947e-05,4.999999999999929e-05,6.249999999999911e-05,6.249999999999911e-05,6.249999999999911e-05,4.999999999999929e-05,6.249999999999911e-05,6.249999999999911e-05,6.249999999999911e-05,6.249999999999911e-05
31.450000000000003,0.040712028997471846,0.04068289229976613,0.03947839005199677,0.039487043548283064,0.03819671495748431,0.03669387556087948,0.034767193571132844,0.03474062665639982,0.030388905486879413,0.028588000290005685,0.025875258752588077,0.02383764898530667,0.02236252795316042,0.019362500000000414,0.016050000000000342,0.014462500000000308,0.012075000000000257,0.011137500000000236,0.009650000000000205,0.007587500000000162,0.00657500000000014,0.005437500000000116,0.004812500000000102,0.00376250000000008,0.0035750000000000764,0.0028625000000000607,0.002712500000000058,0.0023750000000000507,0.0016875000000000362,0.0017625000000000375,0.0010500000000000225,0.001300000000000028,0.0012125000000000258,0.0008375000000000179,0.0007125000000000152,0.0008000000000000171,0.0006000000000000127,0.000562500000000012,0.0006375000000000136,0.0003125000000000067,0.0004625000000000099,0.0003500000000000075,0.0003125000000000067,0.000325000000000007,0.0002500000000000053,0.00023750000000000507,0.00020000000000000427,0.0002875000000000061,0.00013750000000000294,0.00017500000000000374,0.00020000000000000427,0.0001625000000000035,0.0001625000000000035,6.250000000000133e-05,0.00010000000000000213,7.500000000000159e-05,8.750000000000187e-05,0.00010000000000000213,7.500000000000159e-05,0.00012500000000000266,0.00010000000000000213,0.0001125000000000024,7.500000000000159e-05,5.0000000000001066e-05,8.750000000000187e-05,8.750000000000187e-05,5.0000000000001066e-05,5.0000000000001066e-05,5.0000000000001066e-05,3.7500000000000796e-05,6.250000000000133e-05,5.0000000000001066e-05,5.0000000000001066e-05,5.0000000000001066e-05,3.7500000000000796e-05,2.5000000000000533e-05,3.7500000000000796e-05,3.7500000000000796e-05,3.7500000000000796e-05,2.5000000000000533e-05,2.5000000000000533e-05,2.5000000000000533e-05,2.5000000000000533e-05
31.55,0.04139994346593764,0.041595849919771694,0.04087895377889542,0.038399211759586126,0.037546558107142816,0.03528113009635374,0.036017362343915914,0.0334280085207664,0.031126439597830957,0.027900488258544128,0.02498774987749842,0.022987643672772628,0.021687527109408578,0.018837499999999733,0.015974999999999774,0.01471249999999979,0.013124999999999814,0.011074999999999844,0.009124999999999871,0.007274999999999896,0.006712499999999904,0.005362499999999924,0.00423749999999994,0.003862499999999945,0.0035999999999999487,0.0029374999999999584,0.0022999999999999674,0.0019374999999999724,0.0016999999999999758,0.0012499999999999822,0.0012874999999999818,0.0009749999999999862,0.001062499999999985,0.00069999999999999,0.0008124999999999885,0.00069999999999999,0.0006374999999999909,0.0005874999999999917,0.0004749999999999932,0.000349999999999995,0.0004124999999999942,0.0003624999999999949,0.0002374999999999966,0.00033749999999999525,0.00026249999999999624,0.0002749999999999961,0.0002749999999999961,0.00018749999999999735,0.00018749999999999735,0.00018749999999999735,0.00013749999999999806,0.00019999999999999716,0.00013749999999999806,9.999999999999858e-05,0.0001124999999999984,7.499999999999894e-05,8.749999999999875e-05,0.00012499999999999821,4.999999999999929e-05,7.499999999999894e-05,0.0001124999999999984,8.749999999999875e-05,3.749999999999947e-05,8.749999999999875e-05,8.749999999999875e-05,4.999999999999929e-05,4.999999999999929e-05,3.749999999999947e-05,6.249999999999911e-05,4.999999999999929e-05,2.4999999999999645e-05,3.749999999999947e-05,2.4999999999999645e-05,1.2499999999999823e-05,2.4999999999999645e-05,2.4999999999999645e-05,2.4999999999999645e-05,2.4999999999999645e-05,2.4999999999999645e-05,2.4999999999999645e-05,2.4999999999999645e-05,2.4999999999999645e-05,2.4999999999999645e-05
31.650000000000002,0.04208785793440488,0.041695900069909454,0.04034123734803201,0.03849924226889147,0.037509049058084734,0.0354811648523926,0.03439214293929632,0.03299046914222233,0.03015139450199529,0.0295380169152956,0.02483774837748342,0.0234376464852902,0.02090002612503236,0.017862499999999747,0.016487499999999766,0.013912499999999802,0.011637499999999834,0.010449999999999852,0.008899999999999873,0.007549999999999893,0.0062374999999999115,0.005337499999999924,0.004512499999999936,0.00421249999999994,0.0031249999999999555,0.00279999999999996,0.0020749999999999705,0.001974999999999972,0.0016624999999999765,0.0012374999999999823,0.001199999999999983,0.0011749999999999833,0.0007624999999999892,0.0008249999999999884,0.0008249999999999884,0.0006499999999999908,0.000562499999999992,0.0005249999999999925,0.0004499999999999936,0.00039999999999999433,0.0003249999999999954,0.0003624999999999949,0.00031249999999999556,0.00024999999999999643,0.00024999999999999643,0.00012499999999999821,0.0001749999999999975,0.00024999999999999643,0.00018749999999999735,0.00019999999999999716,0.00019999999999999716,0.00014999999999999787,6.249999999999911e-05,9.999999999999858e-05,6.249999999999911e-05,0.0001124999999999984,0.00014999999999999787,6.249999999999911e-05,0.00013749999999999806,9.999999999999858e-05,8.749999999999875e-05,3.749999999999947e-05,9.999999999999858e-05,9.999999999999858e-05,3.749999999999947e-05,4.999999999999929e-05,4.999999999999929e-05,4.999999999999929e-05,2.4999999999999645e-05,2.4999999999999645e-05,2.4999999999999645e-05,2.4999999999999645e-05,2.4999999999999645e-05,2.4999999999999645e-05,1.2499999999999823e-05,6.249999999999911e-05,6.249999999999911e-05,6.249999999999911e-05,7.499999999999894e-05,7.499999999999894e-05,7.499999999999894e-05,7.499999999999894e-05,8.749999999999875e-05
31.75,0.040461878281665566,0.03876943317838149,0.03990356118337716,0.03913693676571438,0.037396521910911806,0.03620629084303475,0.034854705385227745,0.03224040163614794,0.029701373688533726,0.027262977102099867,0.02506275062750681,0.02327514546965968,0.019775024718781318,0.018037500000000383,0.015750000000000337,0.013812500000000293,0.012475000000000265,0.009662500000000206,0.00848750000000018,0.00655000000000014,0.005987500000000127,0.0052250000000001115,0.00423750000000009,0.0041125000000000874,0.003462500000000074,0.00278750000000006,0.002400000000000051,0.0018375000000000392,0.0015250000000000324,0.0010000000000000213,0.0013125000000000278,0.001025000000000022,0.0009250000000000198,0.0008375000000000179,0.0005750000000000122,0.0005250000000000112,0.000512500000000011,0.0005250000000000112,0.00047500000000001014,0.0002500000000000053,0.0004625000000000099,0.0003125000000000067,0.00041250000000000883,0.00027500000000000587,0.00023750000000000507,0.0001125000000000024,0.00030000000000000637,0.00013750000000000294,0.00018750000000000402,0.00013750000000000294,0.00013750000000000294,8.750000000000187e-05,0.00012500000000000266,0.0001125000000000024,8.750000000000187e-05,8.750000000000187e-05,8.750000000000187e-05,0.00012500000000000266,8.750000000000187e-05,0.00012500000000000266,5.0000000000001066e-05,6.250000000000133e-05,8.750000000000187e-05,2.5000000000000533e-05,5.0000000000001066e-05,6.250000000000133e-05,3.7500000000000796e-05,2.5000000000000533e-05,3.7500000000000796e-05,2.5000000000000533e-05,2.5000000000000533e-05,7.500000000000159e-05,0.00010000000000000213,0.00010000000000000213,0.0001125000000000024,6.250000000000133e-05,8.750000000000187e-05,8.750000000000187e-05,7.500000000000159e-05,7.500000000000159e-05,7.500000000000159e-05,7.500000000000159e-05,6.250000000000133e-05
31.85,0.04058695363956726,0.0394072528855083,0.03910323905371857,0.03748643336217493,0.0363462685372841,0.035243623579596456,0.03391707880563828,0.03219039713574176,0.030488910112092253,0.02625045938303883,0.02496274962749592,0.02351264695404313,0.02110002637503267,0.01761249999999975,0.015537499999999779,0.013712499999999805,0.012087499999999828,0.009587499999999863,0.008224999999999883,0.007437499999999894,0.00633749999999991,0.004837499999999931,0.004124999999999941,0.0036499999999999484,0.0031124999999999556,0.0028624999999999593,0.0019374999999999724,0.0018249999999999742,0.0016499999999999768,0.001349999999999981,0.0010249999999999856,0.001187499999999983,0.0009249999999999869,0.00069999999999999,0.0007124999999999899,0.00039999999999999433,0.0006124999999999913,0.000562499999999992,0.00039999999999999433,0.00043749999999999383,0.000349999999999995,0.00031249999999999556,0.00033749999999999525,0.0002749999999999961,0.00019999999999999716,0.00031249999999999556,0.0001749999999999975,0.00018749999999999735,0.00018749999999999735,0.0001749999999999975,0.00019999999999999716,0.00013749999999999806,8.749999999999875e-05,8.749999999999875e-05,0.0001124999999999984,0.00012499999999999821,4.999999999999929e-05,6.249999999999911e-05,0.0001124999999999984,3.749999999999947e-05,2.4999999999999645e-05,9.999999999999858e-05,3.749999999999947e-05,4.999999999999929e-05,6.249999999999911e-05,3.749999999999947e-05,2.4999999999999645e-05,2.4999999999999645e-05,6.249999999999911e-05,9.999999999999858e-05,9.999999999999858e-05,7.499999999999894e-05,4.999999999999929e-05,6.249999999999911e-05,4.999999999999929e-05,4.999999999999929e-05,1.2499999999999823e-05,2.4999999999999645e-05,2.4999999999999645e-05,2.4999999999999645e-05,2.4999999999999645e-05,2.4999999999999645e-05,2.4999999999999645e-05
31.950000000000003,0.04126236057224566,0.03919464631646696,0.039991096416308415,0.03738640285287092,0.03770909731972919,0.03565619526392787,0.03494221719932265,0.03161534538108497,0.029813878891899386,0.02613795741425531,0.024275242752428042,0.0224876405477539,0.019962524953156615,0.017625000000000376,0.01602500000000034,0.013462500000000287,0.011350000000000242,0.009175000000000195,0.008675000000000186,0.007100000000000151,0.005737500000000123,0.005037500000000108,0.0036875000000000783,0.0037875000000000807,0.0035000000000000747,0.002712500000000058,0.0022750000000000487,0.0018375000000000392,0.0015750000000000336,0.001300000000000028,0.001075000000000023,0.0009250000000000198,0.0007250000000000155,0.0007250000000000155,0.000700000000000015,0.0006375000000000136,0.0005750000000000122,0.0006000000000000127,0.000325000000000007,0.00040000000000000853,0.0003125000000000067,0.00023750000000000507,0.0003125000000000067,0.00020000000000000427,0.00020000000000000427,0.00020000000000000427,0.0002500000000000053,0.0001625000000000035,0.00017500000000000374,0.00017500000000000374,0.00012500000000000266,0.00013750000000000294,8.750000000000187e-05,7.500000000000159e-05,8.750000000000187e-05,7.500000000000159e-05,0.00012500000000000266,0.00010000000000000213,8.750000000000187e-05,3.7500000000000796e-05,0.00013750000000000294,5.0000000000001066e-05,5.0000000000001066e-05,6.250000000000133e-05,2.5000000000000533e-05,2.5000000000000533e-05,1.2500000000000267e-05,0.00010000000000000213,8.750000000000187e-05,5.0000000000001066e-05,5.0000000000001066e-05,2.5000000000000533e-05,2.5000000000000533e-05,1.2500000000000267e-05,1.2500000000000267e-05,2.5000000000000533e-05,3.7500000000000796e-05,5.0000000000001066e-05,6.250000000000133e-05,6.250000000000133e-05,6.250000000000133e-05,6.250000000000133e-05,6.250000000000133e-05
32.05,0.04107474753538949,0.038644370490707916,0.039428369918891794,0.03814913548632279,0.036808880142333814,0.034968575790043026,0.03380456361608769,0.03019021711954033,0.02826380720108265,0.026650466383161327,0.024650246502464675,0.02138763367271015,0.019625024531280386,0.017762499999999747,0.015912499999999774,0.012887499999999816,0.011387499999999839,0.00992499999999986,0.008487499999999879,0.006824999999999903,0.00567499999999992,0.005087499999999928,0.004099999999999942,0.0032749999999999533,0.0029374999999999584,0.00279999999999996,0.0020624999999999706,0.001762499999999975,0.0016499999999999768,0.0011124999999999842,0.0012374999999999823,0.001187499999999983,0.0007374999999999895,0.0007124999999999899,0.0008124999999999885,0.0005874999999999917,0.0005499999999999922,0.0004874999999999931,0.000349999999999995,0.00031249999999999556,0.0003874999999999945,0.00029999999999999575,0.00024999999999999643,0.00026249999999999624,0.0001624999999999977,0.00019999999999999716,0.0001624999999999977,0.00018749999999999735,0.00013749999999999806,0.00013749999999999806,0.00013749999999999806,4.999999999999929e-05,8.749999999999875e-05,9.999999999999858e-05,0.0001124999999999984,4.999999999999929e-05,6.249999999999911e-05,9.999999999999858e-05,3.749999999999947e-05,9.999999999999858e-05,4.999999999999929e-05,4.999999999999929e-05,6.249999999999911e-05,2.4999999999999645e-05,2.4999999999999645e-05,6.249999999999911e-05,0.0001124999999999984,4.999999999999929e-05,1.2499999999999823e-05,2.4999999999999645e-05,2.4999999999999645e-05,6.249999999999911e-05,6.249999999999911e-05,6.249999999999911e-05,8.749999999999875e-05,8.749999999999875e-05,8.749999999999875e-05,6.249999999999911e-05,4.999999999999929e-05,6.249999999999911e-05,6.249999999999911e-05,6.249999999999911e-05,6.249999999999911e-05
32.150000000000006,0.03996157685005159,0.04000755378633483,0.03825289679095782,0.03759896768514344,0.03663383791339609,0.0350435888235576,0.032804428597860244,0.030602754247881874,0.02801379563804786,0.02640046200808477,0.023812738127380936,0.0213376333602082,0.019612524515655365,0.01616249999999977,0.015012499999999786,0.01324999999999981,0.010774999999999847,0.009349999999999867,0.007449999999999894,0.006424999999999909,0.0060374999999999145,0.005124999999999927,0.0036124999999999487,0.003237499999999954,0.002687499999999962,0.00281249999999996,0.002374999999999966,0.0016999999999999758,0.0015124999999999785,0.0012499999999999822,0.0010249999999999856,0.0010249999999999856,0.0007624999999999892,0.000774999999999989,0.0005999999999999915,0.0006374999999999909,0.0005499999999999922,0.00042499999999999396,0.0003874999999999945,0.0004999999999999929,0.00026249999999999624,0.00042499999999999396,0.0002749999999999961,0.00026249999999999624,0.00018749999999999735,0.00026249999999999624,0.00018749999999999735,0.00018749999999999735,0.0001749999999999975,0.0001749999999999975,7.499999999999894e-05,9.999999999999858e-05,8.749999999999875e-05,7.499999999999894e-05,7.499999999999894e-05,0.00012499999999999821,0.00012499999999999821,6.249999999999911e-05,4.999999999999929e-05,8.749999999999875e-05,4.999999999999929e-05,6.249999999999911e-05,2.4999999999999645e-05,2.4999999999999645e-05,7.499999999999894e-05,8.749999999999875e-05,4.999999999999929e-05,2.4999999999999645e-05,2.4999999999999645e-05,6.249999999999911e-05,8.749999999999875e-05,4.999999999999929e-05,6.249999999999911e-05,6.249999999999911e-05,4.999999999999929e-05,4.999999999999929e-05,3.749999999999947e-05,4.999999999999929e-05,4.999999999999929e-05,4.999999999999929e-05,4.999999999999929e-05,4.999999999999929e-05,4.999999999999929e-05
32.25,0.03829807458993989,0.03964487199208547,0.03811534142492299,0.036511135896447895,0.034683367362375685,0.03380587377056715,0.03409210243382808,0.03055274974747684,0.028063797950654817,0.026587965289392185,0.02427524275242718,0.02137513359458466,0.01856252320315374,0.01702499999999976,0.014687499999999791,0.013037499999999817,0.010249999999999855,0.008937499999999873,0.007274999999999896,0.006212499999999912,0.005037499999999928,0.0048999999999999305,0.003887499999999945,0.00352499999999995,0.00278749999999996,0.0024374999999999653,0.0020749999999999705,0.0016624999999999765,0.0012999999999999815,0.0012749999999999819,0.0010749999999999848,0.0007374999999999895,0.0008249999999999884,0.0007124999999999899,0.0005124999999999928,0.0004124999999999942,0.0004999999999999929,0.00046249999999999346,0.00026249999999999624,0.00031249999999999556,0.0003749999999999947,0.00028749999999999593,0.00024999999999999643,0.00018749999999999735,0.00024999999999999643,0.0002249999999999968,0.0001749999999999975,0.00018749999999999735,0.0001749999999999975,0.00013749999999999806,0.0001124999999999984,9.999999999999858e-05,7.499999999999894e-05,0.00013749999999999806,4.999999999999929e-05,8.749999999999875e-05,9.999999999999858e-05,4.999999999999929e-05,0.0001124999999999984,2.4999999999999645e-05,4.999999999999929e-05,2.4999999999999645e-05,2.4999999999999645e-05,7.499999999999894e-05,7.499999999999894e-05,1.2499999999999823e-05,1.2499999999999823e-05,6.249999999999911e-05,9.999999999999858e-05,6.249999999999911e-05,4.999999999999929e-05,4.999999999999929e-05,4.999999999999929e-05,8.749999999999875e-05,8.749999999999875e-05,7.499999999999894e-05,7.499999999999894e-05,6.249999999999911e-05,6.249999999999911e-05,4.999999999999929e-05,4.999999999999929e-05,4.999999999999929e-05,4.999999999999929e-05
32.35,0.03858574791311985,0.039519809304416086,0.036864838097336275,0.037111318952282556,0.03500844578754824,0.03504358882356009,0.03237937121511588,0.02964016761508704,0.02801379563804985,0.02527544232024204,0.023100231002311337,0.021562634766468518,0.018812523515655464,0.015575000000000885,0.014012500000000795,0.012300000000000701,0.010825000000000615,0.008887500000000504,0.0076250000000004335,0.0064750000000003685,0.005675000000000323,0.004237500000000241,0.003475000000000198,0.003475000000000198,0.0027875000000001588,0.0020500000000001164,0.0018500000000001052,0.0015500000000000882,0.0011375000000000647,0.0012000000000000682,0.0011375000000000647,0.0009125000000000518,0.0008500000000000483,0.0006250000000000356,0.0004500000000000256,0.0006750000000000384,0.0005625000000000319,0.00038750000000002205,0.00040000000000002273,0.0003750000000000213,0.00027500000000001563,0.00032500000000001847,0.0002250000000000128,0.00018750000000001066,0.00020000000000001137,0.00020000000000001137,0.0001125000000000064,0.00013750000000000781,0.00017500000000000995,0.00015000000000000852,8.750000000000497e-05,8.750000000000497e-05,0.00010000000000000568,8.750000000000497e-05,0.0001250000000000071,0.0001125000000000064,5.000000000000284e-05,8.750000000000497e-05,5.000000000000284e-05,5.000000000000284e-05,3.750000000000213e-05,3.750000000000213e-05,6.250000000000355e-05,7.500000000000426e-05,2.500000000000142e-05,3.750000000000213e-05,7.500000000000426e-05,6.250000000000355e-05,3.750000000000213e-05,6.250000000000355e-05,7.500000000000426e-05,6.250000000000355e-05,5.000000000000284e-05,2.500000000000142e-05,1.250000000000071e-05,1.250000000000071e-05,1.250000000000071e-05,1.250000000000071e-05,1.250000000000071e-05,1.250000000000071e-05,1.250000000000071e-05,1.250000000000071e-05,1.250000000000071e-05
32.45,0.03816049169624645,0.03814411974001914,0.03841546222354443,0.035960968095268546,0.0343957979862637,0.033893388976334156,0.032291859401018676,0.030327729495654175,0.027238759792640024,0.02430042525744166,0.022475224752247204,0.02151263445396503,0.018700023375028952,0.015924999999999773,0.0140749999999998,0.011587499999999836,0.011074999999999844,0.009324999999999866,0.006999999999999901,0.006412499999999909,0.005087499999999928,0.004374999999999938,0.003974999999999944,0.0031124999999999556,0.0027124999999999615,0.0022749999999999676,0.0018749999999999733,0.0015874999999999776,0.0010374999999999853,0.0010749999999999848,0.001062499999999985,0.0008999999999999872,0.0006499999999999908,0.0006374999999999909,0.0004874999999999931,0.0005249999999999925,0.0005999999999999915,0.000349999999999995,0.00046249999999999346,0.00033749999999999525,0.00024999999999999643,0.00026249999999999624,0.00026249999999999624,0.00014999999999999787,0.00026249999999999624,0.00014999999999999787,0.0002249999999999968,0.0001749999999999975,0.00013749999999999806,4.999999999999929e-05,8.749999999999875e-05,8.749999999999875e-05,0.00012499999999999821,4.999999999999929e-05,8.749999999999875e-05,8.749999999999875e-05,3.749999999999947e-05,8.749999999999875e-05,4.999999999999929e-05,6.249999999999911e-05,1.2499999999999823e-05,6.249999999999911e-05,8.749999999999875e-05,2.4999999999999645e-05,6.249999999999911e-05,8.749999999999875e-05,6.249999999999911e-05,4.999999999999929e-05,7.499999999999894e-05,3.749999999999947e-05,1.2499999999999823e-05,1.2499999999999823e-05,2.4999999999999645e-05,1.2499999999999823e-05,2.4999999999999645e-05,2.4999999999999645e-05,3.749999999999947e-05,3.749999999999947e-05,3.749999999999947e-05,3.749999999999947e-05,3.749999999999947e-05,3.749999999999947e-05,3.749999999999947e-05
32.55,0.03889843630787494,0.039669884529619906,0.03702740352992027,0.03642360920080573,0.03565860263788589,0.0336933542202953,0.03206682902191751,0.029415147363262274,0.02821380488847569,0.024712932476317985,0.0227502275022747,0.020375127344545614,0.01798752248440285,0.015324999999999782,0.0140874999999998,0.012474999999999823,0.010699999999999849,0.008887499999999875,0.007299999999999897,0.006087499999999913,0.005087499999999928,0.004324999999999938,0.004099999999999942,0.0033124999999999526,0.00278749999999996,0.002049999999999971,0.0016874999999999761,0.0014624999999999792,0.001337499999999981,0.0009749999999999862,0.0009999999999999857,0.0007249999999999898,0.0006749999999999905,0.0007874999999999887,0.0007124999999999899,0.0005374999999999924,0.0004749999999999932,0.0003249999999999954,0.00026249999999999624,0.00033749999999999525,0.0003624999999999949,0.0002749999999999961,0.0002249999999999968,0.00019999999999999716,0.00021249999999999698,0.00021249999999999698,0.0001624999999999977,0.0001749999999999975,0.00012499999999999821,9.999999999999858e-05,8.749999999999875e-05,9.999999999999858e-05,0.0001124999999999984,0.00012499999999999821,0.0001124999999999984,4.999999999999929e-05,0.0001124999999999984,3.749999999999947e-05,4.999999999999929e-05,2.4999999999999645e-05,2.4999999999999645e-05,4.999999999999929e-05,2.4999999999999645e-05,6.249999999999911e-05,4.999999999999929e-05,3.749999999999947e-05,7.499999999999894e-05,4.999999999999929e-05,1.2499999999999823e-05,2.4999999999999645e-05,2.4999999999999645e-05,3.749999999999947e-05,2.4999999999999645e-05,4.999999999999929e-05,6.249999999999911e-05,7.499999999999894e-05,6.249999999999911e-05,6.249999999999911e-05,6.249999999999911e-05,6.249999999999911e-05,6.249999999999911e-05,6.249999999999911e-05,6.249999999999911e-05
32.650000000000006,0.03968641106266469,0.037656375258097584,0.03681481796423008,0.03612351767288972,0.034120731626504405,0.03296822822965444,0.03104169062823437,0.028940104609414437,0.02706375169851567,0.02385041738230385,0.022362723627235955,0.02025012656329073,0.017337521671901845,0.015924999999999773,0.013812499999999804,0.011724999999999835,0.009599999999999864,0.008274999999999883,0.006674999999999906,0.005799999999999918,0.005012499999999929,0.0038374999999999456,0.0036874999999999478,0.0030624999999999563,0.0027624999999999607,0.0020624999999999706,0.0018874999999999732,0.0016624999999999765,0.0012499999999999822,0.0011624999999999834,0.0011124999999999842,0.0007374999999999895,0.0007374999999999895,0.0006874999999999902,0.000562499999999992,0.000562499999999992,0.0004124999999999942,0.0003249999999999954,0.0004874999999999931,0.00029999999999999575,0.0003624999999999949,0.0002374999999999966,0.00021249999999999698,0.0002749999999999961,0.0002249999999999968,0.00013749999999999806,0.00018749999999999735,0.0001124999999999984,0.00014999999999999787,9.999999999999858e-05,8.749999999999875e-05,8.749999999999875e-05,4.999999999999929e-05,6.249999999999911e-05,8.749999999999875e-05,3.749999999999947e-05,6.249999999999911e-05,4.999999999999929e-05,3.749999999999947e-05,2.4999999999999645e-05,9.999999999999858e-05,4.999999999999929e-05,3.749999999999947e-05,4.999999999999929e-05,4.999999999999929e-05,7.499999999999894e-05,2.4999999999999645e-05,2.4999999999999645e-05,2.4999999999999645e-05,3.749999999999947e-05,6.249999999999911e-05,6.249999999999911e-05,6.249999999999911e-05,3.749999999999947e-05,6.249999999999911e-05,4.999999999999929e-05,4.999999999999929e-05,6.249999999999911e-05,6.249999999999911e-05,6.249999999999911e-05,6.249999999999911e-05,6.249999999999911e-05,6.249999999999911e-05
32.75,0.03861076298469773,0.03796903197727807,0.03651469716560864,0.03671119691505857,0.035333524212715815,0.03451849758895559,0.03082916193686104,0.0293151383624522,0.02553868116400347,0.023950419132334474,0.02325023250232469,0.01932512078200461,0.01741252176565196,0.015324999999999782,0.013287499999999812,0.01197499999999983,0.009299999999999867,0.008487499999999879,0.006849999999999902,0.00633749999999991,0.004749999999999932,0.004024999999999943,0.003637499999999948,0.003337499999999953,0.0026624999999999618,0.00209999999999997,0.0018249999999999742,0.0015874999999999776,0.001049999999999985,0.0011624999999999834,0.0009624999999999864,0.0007249999999999898,0.0007624999999999892,0.0006124999999999913,0.0005374999999999924,0.0004499999999999936,0.00046249999999999346,0.0002749999999999961,0.000349999999999995,0.00029999999999999575,0.00029999999999999575,0.0002749999999999961,0.00018749999999999735,0.0001749999999999975,0.0001749999999999975,0.00019999999999999716,0.00013749999999999806,0.00019999999999999716,7.499999999999894e-05,0.0001124999999999984,7.499999999999894e-05,0.0001124999999999984,0.0001124999999999984,0.00012499999999999821,4.999999999999929e-05,0.00013749999999999806,2.4999999999999645e-05,4.999999999999929e-05,1.2499999999999823e-05,7.499999999999894e-05,6.249999999999911e-05,2.4999999999999645e-05,7.499999999999894e-05,4.999999999999929e-05,6.249999999999911e-05,1.2499999999999823e-05,2.4999999999999645e-05,2.4999999999999645e-05,7.499999999999894e-05,4.999999999999929e-05,6.249999999999911e-05,6.249999999999911e-05,6.249999999999911e-05,6.249999999999911e-05,3.749999999999947e-05,4.999999999999929e-05,4.999999999999929e-05,3.749999999999947e-05,3.749999999999947e-05,3.749999999999947e-05,3.749999999999947e-05,3.749999999999947e-05,3.749999999999947e-05
32.85,0.038723330806813304,0.037118605701109794,0.03706491862975058,0.03547331936240755,0.03370813208686787,0.03318076515794808,0.031004185565053046,0.02920262823654295,0.025601184054763988,0.02425042438242807,0.022012720127202522,0.019700123125770658,0.016762520953152144,0.015087500000000857,0.012762500000000725,0.011575000000000658,0.009362500000000532,0.007975000000000454,0.007150000000000407,0.005487500000000312,0.004962500000000282,0.003500000000000199,0.0034625000000001968,0.002875000000000164,0.0027000000000001537,0.0021125000000001204,0.001600000000000091,0.0016125000000000917,0.0012375000000000704,0.000950000000000054,0.0008375000000000476,0.0008375000000000476,0.0007000000000000398,0.0005125000000000291,0.0004500000000000256,0.0005625000000000319,0.0003750000000000213,0.0004625000000000263,0.00032500000000001847,0.0002250000000000128,0.00028750000000001637,0.0002250000000000128,0.00015000000000000852,0.00027500000000001563,0.00015000000000000852,0.00018750000000001066,0.00020000000000001137,0.00013750000000000781,8.750000000000497e-05,7.500000000000426e-05,0.00010000000000000568,7.500000000000426e-05,6.250000000000355e-05,0.00010000000000000568,3.750000000000213e-05,3.750000000000213e-05,5.000000000000284e-05,3.750000000000213e-05,2.500000000000142e-05,7.500000000000426e-05,1.250000000000071e-05,8.750000000000497e-05,3.750000000000213e-05,6.250000000000355e-05,1.250000000000071e-05,2.500000000000142e-05,3.750000000000213e-05,6.250000000000355e-05,5.000000000000284e-05,6.250000000000355e-05,3.750000000000213e-05,3.750000000000213e-05,3.750000000000213e-05,3.750000000000213e-05,1.250000000000071e-05,1.250000000000071e-05,1.250000000000071e-05,1.250000000000071e-05,1.250000000000071e-05,1.250000000000071e-05,1.250000000000071e-05,1.250000000000071e-05,1.250000000000071e-05
32.95,0.037822788229907985,0.03636822957507399,0.03568936496939968,0.03471058672895184,0.03308298126923073,0.03190554358819799,0.02885389527586183,0.027402466221959586,0.024963654569023462,0.023437910163427528,0.021487714877148466,0.019450121563259492,0.017537521921902152,0.01548749999999978,0.013274999999999811,0.011012499999999844,0.008924999999999872,0.008337499999999881,0.0066874999999999045,0.005499999999999922,0.004887499999999931,0.004037499999999942,0.0030624999999999563,0.0027124999999999615,0.0027749999999999607,0.0022874999999999675,0.0017874999999999747,0.0012374999999999823,0.001199999999999983,0.0011624999999999834,0.0008374999999999881,0.0008124999999999885,0.0006124999999999913,0.0003874999999999945,0.0005999999999999915,0.0005749999999999919,0.00033749999999999525,0.00039999999999999433,0.0003749999999999947,0.00033749999999999525,0.0002749999999999961,0.0002249999999999968,0.00018749999999999735,0.0001749999999999975,0.00019999999999999716,0.00014999999999999787,0.00012499999999999821,0.00013749999999999806,8.749999999999875e-05,8.749999999999875e-05,9.999999999999858e-05,3.749999999999947e-05,9.999999999999858e-05,4.999999999999929e-05,0.00013749999999999806,6.249999999999911e-05,6.249999999999911e-05,2.4999999999999645e-05,9.999999999999858e-05,2.4999999999999645e-05,6.249999999999911e-05,4.999999999999929e-05,7.499999999999894e-05,1.2499999999999823e-05,3.749999999999947e-05,7.499999999999894e-05,7.499999999999894e-05,6.249999999999911e-05,4.999999999999929e-05,3.749999999999947e-05,1.2499999999999823e-05,1.2499999999999823e-05,1.2499999999999823e-05,2.4999999999999645e-05,3.749999999999947e-05,3.749999999999947e-05,3.749999999999947e-05,4.999999999999929e-05,7.499999999999894e-05,7.499999999999894e-05,7.499999999999894e-05,7.499999999999894e-05,7.499999999999894e-05
33.05,0.03897348152261682,0.037768931677002564,0.036589727365264,0.034060388418467154,0.03407071956109363,0.032643171751091285,0.0304416096172979,0.027139942594833148,0.026526226837990878,0.024025420444857445,0.02060020600205973,0.019062619141369364,0.016325020406275276,0.01548749999999978,0.01259999999999982,0.011174999999999841,0.009637499999999863,0.007637499999999892,0.006449999999999908,0.005787499999999919,0.004987499999999929,0.0033999999999999517,0.0033999999999999517,0.002699999999999962,0.002374999999999966,0.0018499999999999738,0.0013249999999999811,0.001124999999999984,0.0012749999999999819,0.0009499999999999864,0.0008999999999999872,0.0006499999999999908,0.0006249999999999911,0.0005499999999999922,0.0006124999999999913,0.0004999999999999929,0.00031249999999999556,0.00028749999999999593,0.00026249999999999624,0.0003749999999999947,0.00024999999999999643,0.00019999999999999716,0.00024999999999999643,0.0002374999999999966,0.00012499999999999821,0.00013749999999999806,0.0001749999999999975,6.249999999999911e-05,0.0001124999999999984,4.999999999999929e-05,0.00012499999999999821,0.00012499999999999821,9.999999999999858e-05,3.749999999999947e-05,3.749999999999947e-05,2.4999999999999645e-05,2.4999999999999645e-05,6.249999999999911e-05,6.249999999999911e-05,4.999999999999929e-05,6.249999999999911e-05,7.499999999999894e-05,1.2499999999999823e-05,3.749999999999947e-05,6.249999999999911e-05,4.999999999999929e-05,3.749999999999947e-05,3.749999999999947e-05,1.2499999999999823e-05,1.2499999999999823e-05,3.749999999999947e-05,6.249999999999911e-05,8.749999999999875e-05,9.999999999999858e-05,9.999999999999858e-05,8.749999999999875e-05,8.749999999999875e-05,0.0001124999999999984,8.749999999999875e-05,8.749999999999875e-05,8.749999999999875e-05,8.749999999999875e-05,8.749999999999875e-05
33.150000000000006,0.037109858689860116,0.0362431668874018,0.03498908310594965,0.0336227549402563,0.033808156217687034,0.03180552621017857,0.029191440844513597,0.02737746397175707,0.025501179429548253,0.023212906225858622,0.020712707127070976,0.018525115781973373,0.015775019718774423,0.014499999999999793,0.012512499999999822,0.010037499999999857,0.009037499999999872,0.007537499999999893,0.005962499999999915,0.005262499999999925,0.004749999999999932,0.00351249999999995,0.003337499999999953,0.00281249999999996,0.0020249999999999713,0.0019124999999999728,0.0016624999999999765,0.0009999999999999857,0.000987499999999986,0.0010999999999999845,0.0007874999999999887,0.0006874999999999902,0.0007499999999999894,0.0005999999999999915,0.0004999999999999929,0.0004124999999999942,0.0003624999999999949,0.00046249999999999346,0.000349999999999995,0.00028749999999999593,0.00026249999999999624,0.0002374999999999966,0.00019999999999999716,0.0001624999999999977,0.00018749999999999735,0.0001749999999999975,0.0001624999999999977,9.999999999999858e-05,7.499999999999894e-05,9.999999999999858e-05,3.749999999999947e-05,8.749999999999875e-05,7.499999999999894e-05,8.749999999999875e-05,6.249999999999911e-05,4.999999999999929e-05,2.4999999999999645e-05,6.249999999999911e-05,1.2499999999999823e-05,6.249999999999911e-05,6.249999999999911e-05,1.2499999999999823e-05,2.4999999999999645e-05,6.249999999999911e-05,4.999999999999929e-05,4.999999999999929e-05,2.4999999999999645e-05,1.2499999999999823e-05,3.749999999999947e-05,8.749999999999875e-05,9.999999999999858e-05,9.999999999999858e-05,7.499999999999894e-05,4.999999999999929e-05,3.749999999999947e-05,3.749999999999947e-05,3.749999999999947e-05,0.0,0.0,1.2499999999999823e-05,1.2499999999999823e-05,1.2499999999999823e-05,1.2499999999999823e-05
33.25,0.03743505462040826,0.036305698231237894,0.034964073039397865,0.03462306003330967,0.032920442056645696,0.032130582688741714,0.02884139358813399,0.027089938094428112,0.024676141271533458,0.022512893975644255,0.02042520425204223,0.018212613828836172,0.01648752060940053,0.0140749999999998,0.01269999999999982,0.010049999999999856,0.00851249999999988,0.0070249999999999,0.006099999999999914,0.005199999999999926,0.004099999999999942,0.0038999999999999447,0.0033624999999999523,0.002674999999999962,0.002174999999999969,0.0017124999999999755,0.0013624999999999807,0.0012874999999999818,0.0009749999999999862,0.0009374999999999866,0.0007999999999999887,0.00069999999999999,0.0006749999999999905,0.0006124999999999913,0.00046249999999999346,0.00046249999999999346,0.00024999999999999643,0.000349999999999995,0.00024999999999999643,0.0003249999999999954,0.00021249999999999698,0.00012499999999999821,0.0002374999999999966,0.00014999999999999787,0.00021249999999999698,0.0001749999999999975,9.999999999999858e-05,9.999999999999858e-05,8.749999999999875e-05,0.00014999999999999787,0.0001124999999999984,0.0001124999999999984,3.749999999999947e-05,8.749999999999875e-05,2.4999999999999645e-05,2.4999999999999645e-05,7.499999999999894e-05,3.749999999999947e-05,6.249999999999911e-05,3.749999999999947e-05,3.749999999999947e-05,2.4999999999999645e-05,7.499999999999894e-05,4.999999999999929e-05,4.999999999999929e-05,1.2499999999999823e-05,2.4999999999999645e-05,8.749999999999875e-05,8.749999999999875e-05,7.499999999999894e-05,3.749999999999947e-05,0.0,1.2499999999999823e-05,3.749999999999947e-05,3.749999999999947e-05,4.999999999999929e-05,4.999999999999929e-05,4.999999999999929e-05,4.999999999999929e-05,3.749999999999947e-05,3.749999999999947e-05,3.749999999999947e-05,3.749999999999947e-05
33.35,0.0363719140782342,0.03594301643699108,0.03641465689940408,0.033897838840848384,0.03325802349817083,0.03140545669810308,0.02906642396723723,0.026589893090379645,0.024251121614376044,0.022475393319384366,0.020950209502096213,0.018325114531966866,0.015137518921899512,0.013475000000000766,0.01196250000000068,0.010462500000000596,0.008762500000000497,0.007025000000000399,0.005925000000000336,0.004975000000000283,0.004262500000000242,0.0038500000000002187,0.0030125000000001713,0.002687500000000153,0.0021125000000001204,0.0018000000000001023,0.001687500000000096,0.0012000000000000682,0.0011250000000000639,0.001162500000000066,0.0006750000000000384,0.0007375000000000419,0.0006125000000000348,0.00042500000000002415,0.0005500000000000313,0.0004500000000000256,0.0004375000000000249,0.0003125000000000178,0.00021250000000001208,0.00026250000000001495,0.00018750000000001066,0.0001125000000000064,0.0002250000000000128,0.00020000000000001137,0.00017500000000000995,0.0001250000000000071,7.500000000000426e-05,8.750000000000497e-05,5.000000000000284e-05,8.750000000000497e-05,8.750000000000497e-05,8.750000000000497e-05,6.250000000000355e-05,2.500000000000142e-05,5.000000000000284e-05,2.500000000000142e-05,7.500000000000426e-05,2.500000000000142e-05,6.250000000000355e-05,7.500000000000426e-05,2.500000000000142e-05,3.750000000000213e-05,5.000000000000284e-05,5.000000000000284e-05,1.250000000000071e-05,3.750000000000213e-05,0.00010000000000000568,7.500000000000426e-05,3.750000000000213e-05,1.250000000000071e-05,3.750000000000213e-05,5.000000000000284e-05,5.000000000000284e-05,5.000000000000284e-05,6.250000000000355e-05,5.000000000000284e-05,5.000000000000284e-05,5.000000000000284e-05,5.000000000000284e-05,6.250000000000355e-05,6.250000000000355e-05,6.250000000000355e-05,6.250000000000355e-05
33.45,0.03610925582663503,0.03635572330630677,0.035051608272329116,0.03392284646817231,0.03223277615724748,0.03054280681268327,0.02896641046541242,0.027514976347870916,0.02406361294209823,0.021662879100383947,0.020900209002089724,0.017937612110075433,0.015375019218773805,0.013699999999999804,0.011512499999999837,0.01063749999999985,0.008749999999999876,0.006987499999999901,0.006762499999999903,0.005124999999999927,0.0042749999999999394,0.0039374999999999445,0.0030749999999999562,0.0026499999999999623,0.001962499999999972,0.0017999999999999744,0.0013874999999999803,0.0011749999999999833,0.001187499999999983,0.000987499999999986,0.000774999999999989,0.00069999999999999,0.0004999999999999929,0.0006249999999999911,0.0005874999999999917,0.0002749999999999961,0.00039999999999999433,0.0003749999999999947,0.00033749999999999525,0.0002249999999999968,0.00028749999999999593,0.00031249999999999556,0.0002249999999999968,0.00012499999999999821,0.0001124999999999984,0.0001749999999999975,0.00014999999999999787,8.749999999999875e-05,9.999999999999858e-05,4.999999999999929e-05,7.499999999999894e-05,4.999999999999929e-05,9.999999999999858e-05,4.999999999999929e-05,2.4999999999999645e-05,9.999999999999858e-05,2.4999999999999645e-05,8.749999999999875e-05,6.249999999999911e-05,1.2499999999999823e-05,2.4999999999999645e-05,7.499999999999894e-05,4.999999999999929e-05,1.2499999999999823e-05,3.749999999999947e-05,8.749999999999875e-05,4.999999999999929e-05,1.2499999999999823e-05,4.999999999999929e-05,4.999999999999929e-05,6.249999999999911e-05,4.999999999999929e-05,4.999999999999929e-05,2.4999999999999645e-05,3.749999999999947e-05,4.999999999999929e-05,4.999999999999929e-05,4.999999999999929e-05,4.999999999999929e-05,3.749999999999947e-05,4.999999999999929e-05,4.999999999999929e-05,4.999999999999929e-05
33.55,0.036834692902473216,0.035017552548214294,0.03502659820577733,0.033385182480656125,0.03355809589063314,0.030417785090158984,0.0280912923244634,0.02620235821223873,0.022876058017682995,0.02216288785053707,0.01967519675196724,0.01742510890693042,0.015062518828148321,0.013524999999999806,0.011899999999999833,0.010437499999999851,0.008574999999999878,0.006987499999999901,0.0056999999999999195,0.00492499999999993,0.0036874999999999478,0.0034999999999999506,0.003087499999999956,0.0027249999999999614,0.0020874999999999705,0.001762499999999975,0.0016374999999999766,0.001124999999999984,0.0009124999999999871,0.00069999999999999,0.0007249999999999898,0.000562499999999992,0.0003749999999999947,0.0005499999999999922,0.0004749999999999932,0.00033749999999999525,0.0002749999999999961,0.00026249999999999624,0.0003874999999999945,0.0002749999999999961,0.0001749999999999975,0.0001749999999999975,0.0001749999999999975,0.00018749999999999735,0.00018749999999999735,0.00013749999999999806,4.999999999999929e-05,7.499999999999894e-05,0.00014999999999999787,0.00012499999999999821,0.0001124999999999984,3.749999999999947e-05,4.999999999999929e-05,6.249999999999911e-05,2.4999999999999645e-05,4.999999999999929e-05,3.749999999999947e-05,3.749999999999947e-05,3.749999999999947e-05,2.4999999999999645e-05,6.249999999999911e-05,3.749999999999947e-05,1.2499999999999823e-05,3.749999999999947e-05,8.749999999999875e-05,3.749999999999947e-05,3.749999999999947e-05,3.749999999999947e-05,4.999999999999929e-05,4.999999999999929e-05,3.749999999999947e-05,4.999999999999929e-05,6.249999999999911e-05,6.249999999999911e-05,3.749999999999947e-05,2.4999999999999645e-05,3.749999999999947e-05,3.749999999999947e-05,3.749999999999947e-05,3.749999999999947e-05,2.4999999999999645e-05,2.4999999999999645e-05,2.4999999999999645e-05
33.650000000000006,0.03583409003924814,0.03589299136191965,0.03345096401301476,0.03294754900244528,0.03215775805913131,0.030105230783848268,0.028591359833577128,0.025127261453530458,0.023851103113518658,0.021750380631660744,0.0189376893768935,0.01676260476627955,0.015275019093773651,0.01351249999999981,0.01126249999999984,0.009337499999999867,0.008212499999999883,0.00631249999999991,0.005749999999999918,0.0046749999999999335,0.003862499999999945,0.0036124999999999487,0.003099999999999956,0.0025749999999999636,0.002037499999999971,0.001549999999999978,0.001487499999999979,0.001187499999999983,0.0011374999999999838,0.0008749999999999877,0.0007374999999999895,0.0006499999999999908,0.0005374999999999924,0.0005499999999999922,0.0004999999999999929,0.00039999999999999433,0.0005124999999999928,0.000349999999999995,0.00029999999999999575,0.0002749999999999961,0.0001749999999999975,0.00018749999999999735,0.00014999999999999787,0.00021249999999999698,0.00013749999999999806,0.00013749999999999806,9.999999999999858e-05,7.499999999999894e-05,8.749999999999875e-05,6.249999999999911e-05,8.749999999999875e-05,0.0001124999999999984,4.999999999999929e-05,2.4999999999999645e-05,7.499999999999894e-05,2.4999999999999645e-05,7.499999999999894e-05,7.499999999999894e-05,2.4999999999999645e-05,7.499999999999894e-05,6.249999999999911e-05,2.4999999999999645e-05,3.749999999999947e-05,8.749999999999875e-05,3.749999999999947e-05,3.749999999999947e-05,4.999999999999929e-05,6.249999999999911e-05,3.749999999999947e-05,4.999999999999929e-05,3.749999999999947e-05,3.749999999999947e-05,1.2499999999999823e-05,3.749999999999947e-05,3.749999999999947e-05,4.999999999999929e-05,3.749999999999947e-05,3.749999999999947e-05,4.999999999999929e-05,4.999999999999929e-05,4.999999999999929e-05,4.999999999999929e-05,4.999999999999929e-05
33.75,0.03565898453818375,0.03445477045368942,0.03351348917939423,0.03308509095274012,0.031432583110675004,0.028642476630314113,0.028053787261279873,0.024839735576201505,0.023526088081573436,0.022625395944428705,0.01967519675196724,0.016875105469408944,0.014900018625023069,0.012887499999999816,0.011637499999999834,0.008937499999999873,0.008187499999999884,0.006874999999999902,0.005849999999999917,0.004824999999999931,0.0034624999999999504,0.003037499999999957,0.00278749999999996,0.0026499999999999623,0.0022124999999999684,0.0017374999999999752,0.001187499999999983,0.0012249999999999826,0.0009374999999999866,0.0008624999999999877,0.0006249999999999911,0.0007374999999999895,0.0005999999999999915,0.0005374999999999924,0.0003874999999999945,0.0002249999999999968,0.00028749999999999593,0.00024999999999999643,0.0003249999999999954,0.00018749999999999735,0.00013749999999999806,0.00026249999999999624,0.0001749999999999975,0.00014999999999999787,0.00018749999999999735,6.249999999999911e-05,8.749999999999875e-05,9.999999999999858e-05,4.999999999999929e-05,7.499999999999894e-05,3.749999999999947e-05,6.249999999999911e-05,4.999999999999929e-05,2.4999999999999645e-05,7.499999999999894e-05,4.999999999999929e-05,3.749999999999947e-05,2.4999999999999645e-05,2.4999999999999645e-05,4.999999999999929e-05,3.749999999999947e-05,2.4999999999999645e-05,8.749999999999875e-05,3.749999999999947e-05,4.999999999999929e-05,6.249999999999911e-05,2.4999999999999645e-05,4.999999999999929e-05,3.749999999999947e-05,2.4999999999999645e-05,3.749999999999947e-05,3.749999999999947e-05,4.999999999999929e-05,2.4999999999999645e-05,2.4999999999999645e-05,1.2499999999999823e-05,1.2499999999999823e-05,1.2499999999999823e-05,1.2499999999999823e-05,1.2499999999999823e-05,1.2499999999999823e-05,1.2499999999999823e-05,1.2499999999999823e-05
33.85,0.03550889410870251,0.03449228925999353,0.03283821738249832,0.03349771680362701,0.031770164552200025,0.02886751573085988,0.026903631990320222,0.024564710823975554,0.022688549345408517,0.0209753670689249,0.018600186001861075,0.01593759960999847,0.014737518421898865,0.012350000000000702,0.01125000000000064,0.009175000000000521,0.00773750000000044,0.006887500000000391,0.005412500000000308,0.004700000000000267,0.003962500000000225,0.0031750000000001807,0.0026500000000001505,0.0024375000000001388,0.0019250000000001093,0.0013250000000000752,0.0010000000000000568,0.0010000000000000568,0.0011375000000000647,0.0007000000000000398,0.0006750000000000384,0.0006875000000000391,0.0005875000000000334,0.00040000000000002273,0.000475000000000027,0.00036250000000002063,0.00032500000000001847,0.00021250000000001208,0.00021250000000001208,0.00021250000000001208,0.00020000000000001137,0.00018750000000001066,0.00013750000000000781,0.00013750000000000781,0.0001125000000000064,0.00010000000000000568,8.750000000000497e-05,0.00010000000000000568,0.0001125000000000064,0.0001125000000000064,3.750000000000213e-05,2.500000000000142e-05,3.750000000000213e-05,6.250000000000355e-05,2.500000000000142e-05,6.250000000000355e-05,7.500000000000426e-05,1.250000000000071e-05,6.250000000000355e-05,3.750000000000213e-05,1.250000000000071e-05,0.00010000000000000568,3.750000000000213e-05,5.000000000000284e-05,5.000000000000284e-05,3.750000000000213e-05,6.250000000000355e-05,2.500000000000142e-05,3.750000000000213e-05,5.000000000000284e-05,2.500000000000142e-05,1.250000000000071e-05,2.500000000000142e-05,2.500000000000142e-05,5.000000000000284e-05,6.250000000000355e-05,6.250000000000355e-05,6.250000000000355e-05,5.000000000000284e-05,5.000000000000284e-05,5.000000000000284e-05,5.000000000000284e-05,5.000000000000284e-05
33.95,0.035796567431877195,0.0354052468799981,0.034163750909740685,0.03237237357393959,0.03110750468550494,0.029530130860236547,0.026116025663464194,0.02526477382964431,0.023488586347118222,0.02070036225633919,0.019037690376903497,0.01707510671941675,0.015037518796898283,0.012999999999999816,0.01057499999999985,0.008537499999999879,0.008124999999999884,0.006549999999999907,0.005337499999999924,0.004849999999999932,0.0032749999999999533,0.003224999999999954,0.0026499999999999623,0.00211249999999997,0.0017749999999999747,0.0015874999999999776,0.001062499999999985,0.0010249999999999856,0.0008499999999999879,0.0008124999999999885,0.0007874999999999887,0.0006374999999999909,0.0004499999999999936,0.000562499999999992,0.00033749999999999525,0.00042499999999999396,0.000349999999999995,0.00029999999999999575,0.0002749999999999961,0.00021249999999999698,0.0002374999999999966,0.00024999999999999643,0.00019999999999999716,0.0001624999999999977,0.00012499999999999821,8.749999999999875e-05,8.749999999999875e-05,0.00012499999999999821,6.249999999999911e-05,7.499999999999894e-05,0.00012499999999999821,4.999999999999929e-05,1.2499999999999823e-05,4.999999999999929e-05,2.4999999999999645e-05,3.749999999999947e-05,1.2499999999999823e-05,4.999999999999929e-05,6.249999999999911e-05,1.2499999999999823e-05,7.499999999999894e-05,4.999999999999929e-05,3.749999999999947e-05,4.999999999999929e-05,4.999999999999929e-05,3.749999999999947e-05,3.749999999999947e-05,4.999999999999929e-05,2.4999999999999645e-05,1.2499999999999823e-05,4.999999999999929e-05,6.249999999999911e-05,3.749999999999947e-05,4.999999999999929e-05,2.4999999999999645e-05,1.2499999999999823e-05,1.2499999999999823e-05,1.2499999999999823e-05,1.2499999999999823e-05,1.2499999999999823e-05,1.2499999999999823e-05,1.2499999999999823e-05,1.2499999999999823e-05
34.05,0.03457082892442648,0.03490499612930932,0.032788197249392415,0.031984755350381415,0.03124503786538458,0.027892346295168388,0.026591089797122235,0.02561480533247956,0.02231353200085472,0.02002535044363248,0.018425184251842256,0.015900099375620872,0.014937518671898128,0.012124999999999827,0.011024999999999844,0.009424999999999866,0.007362499999999895,0.006137499999999912,0.0056124999999999205,0.004637499999999934,0.00353749999999995,0.003137499999999956,0.002674999999999962,0.0018999999999999729,0.0017374999999999752,0.0013249999999999811,0.0012624999999999822,0.0009749999999999862,0.0011499999999999837,0.0006499999999999908,0.0007374999999999895,0.0004749999999999932,0.0005874999999999917,0.000562499999999992,0.0003249999999999954,0.00033749999999999525,0.00029999999999999575,0.00039999999999999433,0.0002249999999999968,0.0002374999999999966,0.00018749999999999735,0.00012499999999999821,0.0001624999999999977,0.00014999999999999787,0.00014999999999999787,8.749999999999875e-05,8.749999999999875e-05,3.749999999999947e-05,7.499999999999894e-05,3.749999999999947e-05,3.749999999999947e-05,6.249999999999911e-05,2.4999999999999645e-05,4.999999999999929e-05,8.749999999999875e-05,7.499999999999894e-05,2.4999999999999645e-05,3.749999999999947e-05,3.749999999999947e-05,3.749999999999947e-05,8.749999999999875e-05,2.4999999999999645e-05,6.249999999999911e-05,3.749999999999947e-05,2.4999999999999645e-05,3.749999999999947e-05,2.4999999999999645e-05,1.2499999999999823e-05,4.999999999999929e-05,4.999999999999929e-05,2.4999999999999645e-05,1.2499999999999823e-05,1.2499999999999823e-05,1.2499999999999823e-05,1.2499999999999823e-05,1.2499999999999823e-05,1.2499999999999823e-05,1.2499999999999823e-05,1.2499999999999823e-05,1.2499999999999823e-05,1.2499999999999823e-05,1.2499999999999823e-05,1.2499999999999823e-05
34.150000000000006,0.03518369817815183,0.03436722657231889,0.033601024412325486,0.031872221027412904,0.030469850851517495,0.028892520075362686,0.02650357798302733,0.023564620815873093,0.022826055705076037,0.020150352631170758,0.01750017500174977,0.015412596328726836,0.014275017843772102,0.012499999999999822,0.009899999999999859,0.008724999999999875,0.007237499999999898,0.005849999999999917,0.004999999999999929,0.0044749999999999365,0.00351249999999995,0.0033874999999999517,0.002537499999999964,0.0023499999999999667,0.0016874999999999761,0.0015999999999999773,0.0011749999999999833,0.001212499999999983,0.0010249999999999856,0.0007499999999999894,0.0005749999999999919,0.0003874999999999945,0.000562499999999992,0.00046249999999999346,0.000349999999999995,0.0003749999999999947,0.00031249999999999556,0.00028749999999999593,0.0002749999999999961,0.00014999999999999787,0.00024999999999999643,0.00018749999999999735,0.0001749999999999975,0.0001749999999999975,4.999999999999929e-05,8.749999999999875e-05,8.749999999999875e-05,7.499999999999894e-05,0.0001124999999999984,4.999999999999929e-05,6.249999999999911e-05,2.4999999999999645e-05,9.999999999999858e-05,1.2499999999999823e-05,3.749999999999947e-05,1.2499999999999823e-05,6.249999999999911e-05,6.249999999999911e-05,1.2499999999999823e-05,9.999999999999858e-05,0.0,4.999999999999929e-05,3.749999999999947e-05,3.749999999999947e-05,3.749999999999947e-05,2.4999999999999645e-05,2.4999999999999645e-05,4.999999999999929e-05,2.4999999999999645e-05,1.2499999999999823e-05,1.2499999999999823e-05,1.2499999999999823e-05,2.4999999999999645e-05,2.4999999999999645e-05,3.749999999999947e-05,3.749999999999947e-05,3.749999999999947e-05,4.999999999999929e-05,4.999999999999929e-05,4.999999999999929e-05,4.999999999999929e-05,4.999999999999929e-05,4.999999999999929e-05
34.25,0.03434569328020083,0.033229156114501925,0.032575611683702224,0.031659656195139066,0.029857203050235447,0.027767324572644102,0.026053517224824983,0.024039663569720933,0.02177600714032993,0.019850347381078888,0.01821268212682101,0.0159750998443738,0.013600017000021057,0.012087499999999828,0.009524999999999865,0.00841249999999988,0.006887499999999902,0.005924999999999916,0.005074999999999928,0.0038999999999999447,0.0037749999999999464,0.002974999999999958,0.002599999999999963,0.001837499999999974,0.001837499999999974,0.0014624999999999792,0.0010124999999999856,0.0009499999999999864,0.0006499999999999908,0.0007874999999999887,0.0005999999999999915,0.0004749999999999932,0.0005499999999999922,0.0004874999999999931,0.00033749999999999525,0.0003749999999999947,0.00028749999999999593,0.0003249999999999954,0.00018749999999999735,0.0001124999999999984,0.00021249999999999698,0.0001749999999999975,0.00012499999999999821,0.00012499999999999821,9.999999999999858e-05,7.499999999999894e-05,9.999999999999858e-05,0.00012499999999999821,8.749999999999875e-05,0.0001124999999999984,3.749999999999947e-05,2.4999999999999645e-05,4.999999999999929e-05,6.249999999999911e-05,7.499999999999894e-05,2.4999999999999645e-05,4.999999999999929e-05,3.749999999999947e-05,7.499999999999894e-05,3.749999999999947e-05,4.999999999999929e-05,3.749999999999947e-05,3.749999999999947e-05,3.749999999999947e-05,2.4999999999999645e-05,4.999999999999929e-05,4.999999999999929e-05,1.2499999999999823e-05,1.2499999999999823e-05,2.4999999999999645e-05,3.749999999999947e-05,3.749999999999947e-05,3.749999999999947e-05,2.4999999999999645e-05,1.2499999999999823e-05,1.2499999999999823e-05,2.4999999999999645e-05,1.2499999999999823e-05,1.2499999999999823e-05,1.2499999999999823e-05,1.2499999999999823e-05,1.2499999999999823e-05,1.2499999999999823e-05
34.35,0.033945452134913214,0.032703892826281035,0.0326756519499117,0.0324849078969104,0.030019742262822613,0.028129887567966534,0.026816120176225314,0.023264593813444534,0.021138477654592727,0.020412857225002596,0.017562675626757267,0.014787592422453482,0.013125016406271254,0.011700000000000666,0.010300000000000586,0.00828750000000047,0.0071750000000004085,0.005875000000000334,0.004962500000000282,0.0040500000000002305,0.003900000000000222,0.00298750000000017,0.0026750000000001525,0.0019125000000001088,0.0016750000000000952,0.0015750000000000896,0.001212500000000069,0.0010125000000000576,0.0008000000000000455,0.0006750000000000384,0.0005750000000000327,0.0006500000000000369,0.0005000000000000284,0.00040000000000002273,0.00027500000000001563,0.00032500000000001847,0.0002375000000000135,0.0002375000000000135,0.00021250000000001208,0.0002250000000000128,0.00018750000000001066,0.00010000000000000568,0.00015000000000000852,0.00013750000000000781,0.00010000000000000568,8.750000000000497e-05,8.750000000000497e-05,7.500000000000426e-05,3.750000000000213e-05,5.000000000000284e-05,3.750000000000213e-05,6.250000000000355e-05,2.500000000000142e-05,6.250000000000355e-05,1.250000000000071e-05,6.250000000000355e-05,3.750000000000213e-05,1.250000000000071e-05,8.750000000000497e-05,3.750000000000213e-05,5.000000000000284e-05,6.250000000000355e-05,3.750000000000213e-05,2.500000000000142e-05,5.000000000000284e-05,2.500000000000142e-05,1.250000000000071e-05,1.250000000000071e-05,3.750000000000213e-05,3.750000000000213e-05,1.250000000000071e-05,2.500000000000142e-05,1.250000000000071e-05,1.250000000000071e-05,1.250000000000071e-05,1.250000000000071e-05,0.0,0.0,0.0,0.0,0.0,0.0,0.0
34.45,0.034533306317055534,0.032366223569563785,0.03193785498663167,0.03127203797158089,0.029469609543301904,0.027079705098760523,0.025490941277072042,0.022502025182266086,0.021500994420991668,0.019812846724817403,0.01725017250172477,0.014837592734954382,0.01335001668752067,0.010987499999999843,0.010274999999999854,0.008862499999999874,0.006549999999999907,0.006649999999999906,0.004874999999999931,0.004024999999999943,0.0034999999999999506,0.002974999999999958,0.002537499999999964,0.00209999999999997,0.0015124999999999785,0.00139999999999998,0.0011749999999999833,0.0011499999999999837,0.0009124999999999871,0.0006249999999999911,0.0007499999999999894,0.000562499999999992,0.00039999999999999433,0.00043749999999999383,0.0003749999999999947,0.00028749999999999593,0.00024999999999999643,0.0002249999999999968,0.00021249999999999698,0.0002374999999999966,0.00019999999999999716,0.0002249999999999968,0.0001624999999999977,0.00013749999999999806,7.499999999999894e-05,8.749999999999875e-05,4.999999999999929e-05,9.999999999999858e-05,3.749999999999947e-05,4.999999999999929e-05,2.4999999999999645e-05,4.999999999999929e-05,6.249999999999911e-05,8.749999999999875e-05,2.4999999999999645e-05,6.249999999999911e-05,2.4999999999999645e-05,8.749999999999875e-05,0.0,4.999999999999929e-05,4.999999999999929e-05,2.4999999999999645e-05,2.4999999999999645e-05,4.999999999999929e-05,2.4999999999999645e-05,1.2499999999999823e-05,2.4999999999999645e-05,4.999999999999929e-05,1.2499999999999823e-05,1.2499999999999823e-05,1.2499999999999823e-05,0.0,0.0,0.0,1.2499999999999823e-05,1.2499999999999823e-05,1.2499999999999823e-05,1.2499999999999823e-05,2.4999999999999645e-05,2.4999999999999645e-05,2.4999999999999645e-05,2.4999999999999645e-05,2.4999999999999645e-05
34.55,0.03457082892442648,0.03312910596436417,0.0330132878483585,0.031071976952970214,0.028181798858974327,0.028117385395712104,0.024440799507933226,0.02316458481263281,0.021600999046205584,0.019050333380833895,0.017037670376703527,0.014562591016193645,0.013312516640645613,0.011787499999999831,0.010049999999999856,0.008337499999999881,0.0068624999999999025,0.005362499999999924,0.004812499999999931,0.003874999999999945,0.003449999999999951,0.003037499999999957,0.0025624999999999637,0.0020874999999999705,0.0017249999999999755,0.001199999999999983,0.0011624999999999834,0.0009499999999999864,0.0007374999999999895,0.0006374999999999909,0.0007124999999999899,0.0004749999999999932,0.0005374999999999924,0.000349999999999995,0.0003874999999999945,0.0003624999999999949,0.0003749999999999947,0.00026249999999999624,0.0002374999999999966,0.0001749999999999975,0.00013749999999999806,0.00014999999999999787,0.00013749999999999806,6.249999999999911e-05,8.749999999999875e-05,0.0001124999999999984,0.0001124999999999984,7.499999999999894e-05,0.00012499999999999821,3.749999999999947e-05,2.4999999999999645e-05,4.999999999999929e-05,6.249999999999911e-05,2.4999999999999645e-05,3.749999999999947e-05,2.4999999999999645e-05,2.4999999999999645e-05,7.499999999999894e-05,4.999999999999929e-05,2.4999999999999645e-05,3.749999999999947e-05,3.749999999999947e-05,2.4999999999999645e-05,2.4999999999999645e-05,1.2499999999999823e-05,3.749999999999947e-05,2.4999999999999645e-05,1.2499999999999823e-05,1.2499999999999823e-05,0.0,1.2499999999999823e-05,1.2499999999999823e-05,2.4999999999999645e-05,2.4999999999999645e-05,2.4999999999999645e-05,2.4999999999999645e-05,2.4999999999999645e-05,2.4999999999999645e-05,1.2499999999999823e-05,1.2499999999999823e-05,1.2499999999999823e-05,1.2499999999999823e-05,1.2499999999999823e-05
34.650000000000006,0.033832884312797976,0.03272890536381315,0.031712764387665585,0.031834709586423406,0.027544145024986887,0.02704219858200324,0.023953233686547344,0.022689542058784967,0.02138848921762601,0.018262819599342728,0.016362663626636034,0.015050094063087681,0.012537515671894412,0.010724999999999848,0.009499999999999864,0.007837499999999888,0.006212499999999912,0.005537499999999922,0.004437499999999937,0.0035499999999999495,0.003424999999999951,0.002687499999999962,0.0026499999999999623,0.0020624999999999706,0.0013874999999999803,0.001049999999999985,0.0010249999999999856,0.0008874999999999874,0.0007499999999999894,0.000774999999999989,0.0005499999999999922,0.00043749999999999383,0.000562499999999992,0.0003249999999999954,0.00028749999999999593,0.00028749999999999593,0.00028749999999999593,0.00026249999999999624,0.00013749999999999806,0.0002749999999999961,0.00019999999999999716,0.0001749999999999975,0.00019999999999999716,9.999999999999858e-05,7.499999999999894e-05,9.999999999999858e-05,7.499999999999894e-05,4.999999999999929e-05,3.749999999999947e-05,3.749999999999947e-05,7.499999999999894e-05,1.2499999999999823e-05,3.749999999999947e-05,1.2499999999999823e-05,3.749999999999947e-05,2.4999999999999645e-05,8.749999999999875e-05,1.2499999999999823e-05,4.999999999999929e-05,6.249999999999911e-05,3.749999999999947e-05,2.4999999999999645e-05,4.999999999999929e-05,1.2499999999999823e-05,3.749999999999947e-05,1.2499999999999823e-05,1.2499999999999823e-05,0.0,1.2499999999999823e-05,2.4999999999999645e-05,2.4999999999999645e-05,2.4999999999999645e-05,1.2499999999999823e-05,1.2499999999999823e-05,0.0,0.0,0.0,0.0,0.0,0.0,0.0,0.0,0.0
34.75,0.032907326664314784,0.033079080889295294,0.0313000982895611,0.030046664232590514,0.029094519052721056,0.025279392294410796,0.02397823706200303,0.022714544308987485,0.021275984014260358,0.01920033600587983,0.016300163001629786,0.01438758992243681,0.012625015781269547,0.011449999999999837,0.008787499999999875,0.0077999999999998895,0.006637499999999906,0.005799999999999918,0.004699999999999933,0.003424999999999951,0.00283749999999996,0.0026374999999999624,0.002249999999999968,0.0017749999999999747,0.0014999999999999788,0.0009749999999999862,0.0009374999999999866,0.000987499999999986,0.0006249999999999911,0.0007124999999999899,0.0004874999999999931,0.0005999999999999915,0.0005124999999999928,0.0003249999999999954,0.00039999999999999433,0.0003249999999999954,0.0003249999999999954,0.00019999999999999716,0.0001124999999999984,0.0001624999999999977,0.00012499999999999821,0.0001624999999999977,0.00012499999999999821,8.749999999999875e-05,8.749999999999875e-05,6.249999999999911e-05,8.749999999999875e-05,3.749999999999947e-05,6.249999999999911e-05,2.4999999999999645e-05,7.499999999999894e-05,6.249999999999911e-05,6.249999999999911e-05,2.4999999999999645e-05,6.249999999999911e-05,2.4999999999999645e-05,6.249999999999911e-05,3.749999999999947e-05,4.999999999999929e-05,3.749999999999947e-05,1.2499999999999823e-05,3.749999999999947e-05,1.2499999999999823e-05,3.749999999999947e-05,1.2499999999999823e-05,1.2499999999999823e-05,0.0,2.4999999999999645e-05,2.4999999999999645e-05,1.2499999999999823e-05,0.0,0.0,0.0,0.0,0.0,0.0,0.0,0.0,0.0,0.0,0.0,0.0,0.0
34.85,0.032031799158995115,0.032191135806825,0.03127508822301154,0.030071671859918984,0.02764416915581041,0.025929505251538927,0.02472833832567537,0.022314508305748788,0.020388442965488314,0.01823781916183637,0.015450154501545892,0.014037587734924141,0.012600015750020404,0.010862500000000618,0.008700000000000494,0.007750000000000441,0.006575000000000374,0.0052375000000002975,0.004537500000000258,0.003725000000000212,0.0032125000000001827,0.002512500000000143,0.0020500000000001164,0.001775000000000101,0.0014500000000000825,0.0012625000000000717,0.0009750000000000555,0.0010000000000000568,0.0007875000000000448,0.0005750000000000327,0.00036250000000002063,0.0005125000000000291,0.0004500000000000256,0.0003375000000000192,0.00036250000000002063,0.00026250000000001495,0.00026250000000001495,0.00017500000000000995,0.0002250000000000128,0.0002250000000000128,0.00016250000000000924,0.00013750000000000781,0.00010000000000000568,8.750000000000497e-05,8.750000000000497e-05,3.750000000000213e-05,8.750000000000497e-05,0.00010000000000000568,3.750000000000213e-05,2.500000000000142e-05,1.250000000000071e-05,6.250000000000355e-05,1.250000000000071e-05,6.250000000000355e-05,3.750000000000213e-05,8.750000000000497e-05,1.250000000000071e-05,6.250000000000355e-05,2.500000000000142e-05,2.500000000000142e-05,6.250000000000355e-05,1.250000000000071e-05,2.500000000000142e-05,1.250000000000071e-05,1.250000000000071e-05,1.250000000000071e-05,2.500000000000142e-05,1.250000000000071e-05,0.0,0.0,0.0,0.0,0.0,1.250000000000071e-05,1.250000000000071e-05,1.250000000000071e-05,1.250000000000071e-05,1.250000000000071e-05,1.250000000000071e-05,1.250000000000071e-05,1.250000000000071e-05,1.250000000000071e-05,1.250000000000071e-05
34.95,0.0324570553758635,0.03161584744353062,0.030974967424387875,0.029546511686063832,0.02809427774450546,0.0261545443520808,0.025215904147059494,0.02243951955675979,0.01952590307301685,0.01832532069311187,0.016712667126671032,0.0149250932818328,0.012300015375019045,0.010824999999999845,0.00844999999999988,0.0077999999999998895,0.006587499999999907,0.005187499999999926,0.004724999999999933,0.003249999999999954,0.003087499999999956,0.0025749999999999636,0.0018499999999999738,0.001624999999999977,0.001337499999999981,0.0011374999999999838,0.001187499999999983,0.0009249999999999869,0.0006624999999999906,0.0005999999999999915,0.0004499999999999936,0.0005249999999999925,0.0003749999999999947,0.0002749999999999961,0.0003249999999999954,0.0001749999999999975,0.0002374999999999966,0.00024999999999999643,0.0002249999999999968,0.0001749999999999975,0.0001749999999999975,0.00013749999999999806,7.499999999999894e-05,7.499999999999894e-05,0.0001124999999999984,0.00012499999999999821,7.499999999999894e-05,7.499999999999894e-05,3.749999999999947e-05,7.499999999999894e-05,2.4999999999999645e-05,7.499999999999894e-05,2.4999999999999645e-05,6.249999999999911e-05,1.2499999999999823e-05,6.249999999999911e-05,4.999999999999929e-05,3.749999999999947e-05,3.749999999999947e-05,2.4999999999999645e-05,1.2499999999999823e-05,1.2499999999999823e-05,2.4999999999999645e-05,1.2499999999999823e-05,1.2499999999999823e-05,2.4999999999999645e-05,1.2499999999999823e-05,0.0,0.0,0.0,1.2499999999999823e-05,1.2499999999999823e-05,1.2499999999999823e-05,0.0,0.0,0.0,0.0,0.0,0.0,0.0,0.0,0.0,0.0
35.05,0.031994276551621896,0.03144075968078955,0.031900339886803984,0.029383962108442657,0.02716905453440604,0.02551693356720694,0.02320313242287676,0.02208948805392454,0.019775914636051637,0.017987814786758514,0.01565015650156479,0.01452509078181718,0.011950014937518502,0.010274999999999854,0.009062499999999871,0.007624999999999892,0.005799999999999918,0.005412499999999923,0.0045624999999999355,0.0033124999999999526,0.003149999999999955,0.0025249999999999643,0.002262499999999968,0.0017249999999999755,0.0015374999999999781,0.0010874999999999845,0.0008874999999999874,0.0007124999999999899,0.000774999999999989,0.0005749999999999919,0.0006499999999999908,0.0005124999999999928,0.00042499999999999396,0.0003624999999999949,0.00029999999999999575,0.00031249999999999556,0.00024999999999999643,0.00019999999999999716,0.00018749999999999735,0.00014999999999999787,0.00014999999999999787,0.00018749999999999735,0.00014999999999999787,7.499999999999894e-05,9.999999999999858e-05,7.499999999999894e-05,3.749999999999947e-05,2.4999999999999645e-05,2.4999999999999645e-05,7.499999999999894e-05,8.749999999999875e-05,2.4999999999999645e-05,6.249999999999911e-05,3.749999999999947e-05,8.749999999999875e-05,1.2499999999999823e-05,4.999999999999929e-05,3.749999999999947e-05,2.4999999999999645e-05,3.749999999999947e-05,1.2499999999999823e-05,4.999999999999929e-05,1.2499999999999823e-05,1.2499999999999823e-05,2.4999999999999645e-05,0.0,0.0,0.0,1.2499999999999823e-05,1.2499999999999823e-05,0.0,0.0,0.0,1.2499999999999823e-05,2.4999999999999645e-05,2.4999999999999645e-05,2.4999999999999645e-05,2.4999999999999645e-05,2.4999999999999645e-05,2.4999999999999645e-05,2.4999999999999645e-05,2.4999999999999645e-05,2.4999999999999645e-05
35.150000000000006,0.032694698555879455,0.031503291024625645,0.03102498755749145,0.02894632863023181,0.02778170233568809,0.025391911844682653,0.023278142549243815,0.021414427298456558,0.01972591232344468,0.0170002975052061,0.014850148501484804,0.01400008750054668,0.011950014937518502,0.010374999999999851,0.008599999999999879,0.006787499999999903,0.0060374999999999145,0.005087499999999928,0.0043874999999999375,0.0035999999999999487,0.0028499999999999598,0.0024999999999999645,0.001762499999999975,0.0016999999999999758,0.001474999999999979,0.0010249999999999856,0.0009999999999999857,0.0008249999999999884,0.0005999999999999915,0.0007499999999999894,0.0005749999999999919,0.0004124999999999942,0.0004124999999999942,0.000349999999999995,0.000349999999999995,0.0003749999999999947,0.00024999999999999643,0.0001624999999999977,0.0002749999999999961,0.0001749999999999975,0.0001749999999999975,9.999999999999858e-05,3.749999999999947e-05,9.999999999999858e-05,6.249999999999911e-05,9.999999999999858e-05,4.999999999999929e-05,4.999999999999929e-05,2.4999999999999645e-05,1.2499999999999823e-05,3.749999999999947e-05,2.4999999999999645e-05,6.249999999999911e-05,1.2499999999999823e-05,7.499999999999894e-05,4.999999999999929e-05,4.999999999999929e-05,3.749999999999947e-05,4.999999999999929e-05,1.2499999999999823e-05,3.749999999999947e-05,1.2499999999999823e-05,0.0,2.4999999999999645e-05,0.0,0.0,1.2499999999999823e-05,1.2499999999999823e-05,0.0,0.0,2.4999999999999645e-05,2.4999999999999645e-05,2.4999999999999645e-05,1.2499999999999823e-05,0.0,0.0,0.0,0.0,0.0,0.0,0.0,0.0,0.0
35.25,0.032419532768492555,0.03231619849449491,0.030112120128351235,0.028421168456378793,0.026518897684065904,0.02627956607460509,0.022328014281927742,0.02137692392315278,0.01951340249486511,0.017675309317912814,0.015500155001549795,0.013175082344264465,0.011737514671893174,0.009237499999999869,0.008137499999999884,0.006874999999999902,0.00557499999999992,0.004724999999999933,0.0036499999999999484,0.003724999999999947,0.0031624999999999553,0.002699999999999962,0.001837499999999974,0.0016874999999999761,0.001549999999999978,0.001187499999999983,0.001124999999999984,0.0007999999999999887,0.0006124999999999913,0.0006374999999999909,0.0004874999999999931,0.0005749999999999919,0.00031249999999999556,0.00033749999999999525,0.0002249999999999968,0.0002749999999999961,0.0001749999999999975,0.00012499999999999821,0.0001624999999999977,0.00012499999999999821,0.00012499999999999821,0.00012499999999999821,9.999999999999858e-05,8.749999999999875e-05,3.749999999999947e-05,0.0001124999999999984,0.0001124999999999984,4.999999999999929e-05,6.249999999999911e-05,2.4999999999999645e-05,7.499999999999894e-05,2.4999999999999645e-05,2.4999999999999645e-05,3.749999999999947e-05,1.2499999999999823e-05,4.999999999999929e-05,2.4999999999999645e-05,1.2499999999999823e-05,2.4999999999999645e-05,2.4999999999999645e-05,1.2499999999999823e-05,0.0,2.4999999999999645e-05,0.0,0.0,1.2499999999999823e-05,0.0,0.0,2.4999999999999645e-05,2.4999999999999645e-05,0.0,0.0,0.0,0.0,0.0,0.0,0.0,0.0,0.0,0.0,0.0,0.0,0.0
35.35,0.032669683484301146,0.030677877285991344,0.031037492590769548,0.027520893872632717,0.027144048501702576,0.02472929671530569,0.022653058162853273,0.02056435079157241,0.019413397869652575,0.017050298380222623,0.014475144751448338,0.012850080313002686,0.011775014718769067,0.00967500000000055,0.008312500000000472,0.006700000000000381,0.005887500000000334,0.004975000000000283,0.004112500000000234,0.0036875000000002097,0.00281250000000016,0.00246250000000014,0.0020875000000001188,0.0014625000000000833,0.0013000000000000739,0.0011250000000000639,0.000950000000000054,0.0006500000000000369,0.0007250000000000413,0.0005750000000000327,0.00040000000000002273,0.0005375000000000306,0.00026250000000001495,0.0003750000000000213,0.0003500000000000199,0.00032500000000001847,0.0002500000000000142,0.00020000000000001137,0.0002250000000000128,0.00017500000000000995,0.00016250000000000924,0.00013750000000000781,0.00010000000000000568,8.750000000000497e-05,0.0001250000000000071,2.500000000000142e-05,5.000000000000284e-05,2.500000000000142e-05,8.750000000000497e-05,8.750000000000497e-05,2.500000000000142e-05,6.250000000000355e-05,2.500000000000142e-05,8.750000000000497e-05,3.750000000000213e-05,5.000000000000284e-05,5.000000000000284e-05,6.250000000000355e-05,1.250000000000071e-05,3.750000000000213e-05,1.250000000000071e-05,2.500000000000142e-05,1.250000000000071e-05,0.0,1.250000000000071e-05,0.0,1.250000000000071e-05,2.500000000000142e-05,0.0,0.0,0.0,0.0,0.0,0.0,0.0,0.0,1.250000000000071e-05,1.250000000000071e-05,1.250000000000071e-05,1.250000000000071e-05,1.250000000000071e-05,1.250000000000071e-05,1.250000000000071e-05
35.45,0.03051838732836491,0.03162835371229784,0.029611918797315503,0.0276584358229256,0.026731448962061716,0.023541590351323204,0.02206547883964304,0.02095188566970998,0.019238389775526846,0.016887795536421647,0.014700147001469805,0.012862580391127263,0.010800013500016723,0.00992499999999986,0.008349999999999882,0.0065749999999999064,0.005837499999999917,0.004699999999999933,0.003912499999999945,0.0033999999999999517,0.0031249999999999555,0.0024999999999999645,0.002037499999999971,0.0016749999999999762,0.001049999999999985,0.001062499999999985,0.0008749999999999877,0.0007874999999999887,0.00069999999999999,0.00046249999999999346,0.000562499999999992,0.0004124999999999942,0.0003874999999999945,0.00033749999999999525,0.0002374999999999966,0.00024999999999999643,0.0002249999999999968,0.0002249999999999968,0.0001624999999999977,0.0001624999999999977,0.00014999999999999787,6.249999999999911e-05,6.249999999999911e-05,8.749999999999875e-05,6.249999999999911e-05,3.749999999999947e-05,4.999999999999929e-05,2.4999999999999645e-05,1.2499999999999823e-05,3.749999999999947e-05,1.2499999999999823e-05,6.249999999999911e-05,2.4999999999999645e-05,3.749999999999947e-05,4.999999999999929e-05,2.4999999999999645e-05,1.2499999999999823e-05,1.2499999999999823e-05,3.749999999999947e-05,1.2499999999999823e-05,1.2499999999999823e-05,1.2499999999999823e-05,0.0,1.2499999999999823e-05,0.0,1.2499999999999823e-05,1.2499999999999823e-05,0.0,0.0,0.0,0.0,1.2499999999999823e-05,1.2499999999999823e-05,1.2499999999999823e-05,1.2499999999999823e-05,1.2499999999999823e-05,0.0,0.0,0.0,0.0,0.0,0.0,0.0
35.55,0.030693492829429295,0.030090082653929855,0.029724464096798537,0.028183595996778617,0.025743710670198823,0.02342907080105135,0.022365519345111273,0.020376833915052066,0.01877586838391249,0.016600290505083604,0.013925139251392316,0.013025081406758609,0.011300014125017495,0.009974999999999857,0.008099999999999885,0.006612499999999906,0.005937499999999916,0.004812499999999931,0.0036499999999999484,0.003337499999999953,0.0026374999999999624,0.0024499999999999652,0.0020249999999999713,0.0013249999999999811,0.0009249999999999869,0.0009624999999999864,0.0009374999999999866,0.0006374999999999909,0.0006374999999999909,0.0003749999999999947,0.0005249999999999925,0.00046249999999999346,0.0002374999999999966,0.0003249999999999954,0.00018749999999999735,0.0002249999999999968,0.0001749999999999975,0.00019999999999999716,0.00013749999999999806,0.0001624999999999977,0.0001749999999999975,9.999999999999858e-05,7.499999999999894e-05,8.749999999999875e-05,0.0001124999999999984,6.249999999999911e-05,3.749999999999947e-05,1.2499999999999823e-05,1.2499999999999823e-05,7.499999999999894e-05,2.4999999999999645e-05,3.749999999999947e-05,8.749999999999875e-05,4.999999999999929e-05,4.999999999999929e-05,4.999999999999929e-05,4.999999999999929e-05,1.2499999999999823e-05,1.2499999999999823e-05,0.0,2.4999999999999645e-05,0.0,1.2499999999999823e-05,0.0,1.2499999999999823e-05,1.2499999999999823e-05,0.0,0.0,0.0,1.2499999999999823e-05,1.2499999999999823e-05,0.0,0.0,0.0,0.0,0.0,0.0,0.0,0.0,0.0,0.0,0.0,0.0
35.650000000000006,0.031781648443186566,0.031665872518599494,0.02932430303196995,0.02683318412115657,0.024868499525510176,0.023529088179070776,0.022528041285573234,0.021526937424367888,0.017525810568738556,0.015625273442285016,0.014600146001459808,0.012875080469252752,0.01081251351564174,0.009537499999999866,0.007812499999999889,0.006762499999999903,0.005174999999999926,0.004524999999999936,0.003662499999999948,0.0032999999999999536,0.0024499999999999652,0.0024124999999999655,0.0017249999999999755,0.0015124999999999785,0.0010999999999999845,0.0008874999999999874,0.000987499999999986,0.0007249999999999898,0.0005249999999999925,0.00042499999999999396,0.0005249999999999925,0.00042499999999999396,0.00024999999999999643,0.0002749999999999961,0.0003249999999999954,0.00021249999999999698,0.00021249999999999698,0.00019999999999999716,0.00018749999999999735,0.00014999999999999787,0.00013749999999999806,8.749999999999875e-05,4.999999999999929e-05,3.749999999999947e-05,0.0001124999999999984,9.999999999999858e-05,3.749999999999947e-05,9.999999999999858e-05,6.249999999999911e-05,2.4999999999999645e-05,6.249999999999911e-05,1.2499999999999823e-05,6.249999999999911e-05,4.999999999999929e-05,3.749999999999947e-05,0.0,1.2499999999999823e-05,3.749999999999947e-05,1.2499999999999823e-05,2.4999999999999645e-05,0.0,0.0,0.0,1.2499999999999823e-05,1.2499999999999823e-05,0.0,0.0,1.2499999999999823e-05,1.2499999999999823e-05,0.0,0.0,0.0,0.0,0.0,0.0,0.0,0.0,0.0,0.0,0.0,0.0,0.0,0.0
35.75,0.03174412583581563,0.030352714298041462,0.028298890303346695,0.02744587099065176,0.02549365034314492,0.02399166855241064,0.02110284888459912,0.019951795661609262,0.01877586838391249,0.016075281317422828,0.013962639626396066,0.011775073594209795,0.010787513484391702,0.008637499999999878,0.007812499999999889,0.005774999999999918,0.005749999999999918,0.004287499999999939,0.003224999999999954,0.00278749999999996,0.0027124999999999615,0.0020749999999999705,0.0017999999999999744,0.0012999999999999815,0.0011374999999999838,0.0010874999999999845,0.0009249999999999869,0.0007249999999999898,0.0006124999999999913,0.00069999999999999,0.0004999999999999929,0.0003874999999999945,0.00046249999999999346,0.0003624999999999949,0.0003624999999999949,0.00028749999999999593,0.00012499999999999821,0.00019999999999999716,0.00012499999999999821,0.00012499999999999821,7.499999999999894e-05,7.499999999999894e-05,9.999999999999858e-05,0.00012499999999999821,2.4999999999999645e-05,4.999999999999929e-05,2.4999999999999645e-05,6.249999999999911e-05,6.249999999999911e-05,1.2499999999999823e-05,6.249999999999911e-05,3.749999999999947e-05,1.2499999999999823e-05,3.749999999999947e-05,3.749999999999947e-05,6.249999999999911e-05,1.2499999999999823e-05,1.2499999999999823e-05,0.0,1.2499999999999823e-05,0.0,1.2499999999999823e-05,1.2499999999999823e-05,1.2499999999999823e-05,0.0,0.0,1.2499999999999823e-05,0.0,0.0,0.0,0.0,0.0,0.0,0.0,0.0,0.0,0.0,0.0,0.0,0.0,0.0,0.0,0.0
35.85,0.030355789363092987,0.029402237871734876,0.0287490715012809,0.026420558270273935,0.025131062868918554,0.024591772820528962,0.022403024408296394,0.0199142922863069,0.017713319241015903,0.015262767098425091,0.013762637626377045,0.012425077656736061,0.010987513734392794,0.008425000000000479,0.007762500000000441,0.0066375000000003775,0.00510000000000029,0.004587500000000261,0.0037500000000002132,0.0031375000000001783,0.0024750000000001407,0.001812500000000103,0.0015000000000000852,0.0014125000000000804,0.0011375000000000647,0.0009625000000000547,0.0006875000000000391,0.0006625000000000376,0.0006875000000000391,0.0005000000000000284,0.00041250000000002347,0.0003375000000000192,0.00036250000000002063,0.00028750000000001637,0.00026250000000001495,0.00018750000000001066,0.0001125000000000064,0.00016250000000000924,0.00016250000000000924,0.00017500000000000995,0.00013750000000000781,8.750000000000497e-05,0.0001125000000000064,6.250000000000355e-05,3.750000000000213e-05,5.000000000000284e-05,2.500000000000142e-05,1.250000000000071e-05,7.500000000000426e-05,2.500000000000142e-05,3.750000000000213e-05,8.750000000000497e-05,3.750000000000213e-05,3.750000000000213e-05,1.250000000000071e-05,1.250000000000071e-05,3.750000000000213e-05,1.250000000000071e-05,2.500000000000142e-05,0.0,1.250000000000071e-05,0.0,1.250000000000071e-05,0.0,0.0,1.250000000000071e-05,0.0,0.0,0.0,0.0,0.0,0.0,0.0,0.0,0.0,0.0,0.0,0.0,0.0,0.0,0.0,0.0,0.0
35.95,0.030393311970461773,0.029864969816119906,0.028298890303346695,0.027058252767093578,0.02469345729657245,0.022328879642837626,0.02131537757597245,0.019214229280634983,0.017900827913290736,0.015837777161100096,0.014050140501404814,0.011650072812954914,0.010562513203141354,0.008649999999999877,0.007274999999999896,0.00631249999999991,0.005387499999999924,0.0043874999999999375,0.0031624999999999553,0.0029999999999999576,0.002599999999999963,0.00211249999999997,0.001624999999999977,0.0014249999999999799,0.0009499999999999864,0.0009499999999999864,0.0007999999999999887,0.0006124999999999913,0.00069999999999999,0.00046249999999999346,0.0005374999999999924,0.00029999999999999575,0.00026249999999999624,0.00031249999999999556,0.0003249999999999954,0.00018749999999999735,0.00024999999999999643,0.00024999999999999643,0.0001749999999999975,0.00013749999999999806,4.999999999999929e-05,7.499999999999894e-05,0.0001124999999999984,7.499999999999894e-05,4.999999999999929e-05,3.749999999999947e-05,6.249999999999911e-05,6.249999999999911e-05,2.4999999999999645e-05,6.249999999999911e-05,1.2499999999999823e-05,3.749999999999947e-05,6.249999999999911e-05,3.749999999999947e-05,4.999999999999929e-05,1.2499999999999823e-05,1.2499999999999823e-05,1.2499999999999823e-05,1.2499999999999823e-05,0.0,0.0,2.4999999999999645e-05,0.0,0.0,1.2499999999999823e-05,0.0,0.0,0.0,0.0,0.0,0.0,0.0,0.0,0.0,0.0,0.0,0.0,0.0,0.0,0.0,0.0,0.0,0.0
36.05,0.030305759219929576,0.030140107728998732,0.027023376909205574,0.025920405723745373,0.025306105097854498,0.022828966532934775,0.02125286913733324,0.01892670340330603,0.017463307677979857,0.015837777161100096,0.014487644876448557,0.012250076562978343,0.010025012531265523,0.007912499999999887,0.007649999999999891,0.006199999999999912,0.005087499999999928,0.004624999999999934,0.0034749999999999504,0.0030749999999999562,0.002374999999999966,0.0019124999999999728,0.0017749999999999747,0.0014374999999999796,0.0011624999999999834,0.0010874999999999845,0.0008124999999999885,0.0006499999999999908,0.0005749999999999919,0.00042499999999999396,0.0005374999999999924,0.00031249999999999556,0.00043749999999999383,0.0002249999999999968,0.00024999999999999643,0.00024999999999999643,0.00018749999999999735,0.00012499999999999821,0.00012499999999999821,0.0001749999999999975,9.999999999999858e-05,8.749999999999875e-05,3.749999999999947e-05,9.999999999999858e-05,0.0001124999999999984,3.749999999999947e-05,4.999999999999929e-05,4.999999999999929e-05,1.2499999999999823e-05,6.249999999999911e-05,3.749999999999947e-05,3.749999999999947e-05,3.749999999999947e-05,2.4999999999999645e-05,2.4999999999999645e-05,3.749999999999947e-05,1.2499999999999823e-05,2.4999999999999645e-05,0.0,1.2499999999999823e-05,1.2499999999999823e-05,0.0,0.0,1.2499999999999823e-05,0.0,0.0,0.0,0.0,0.0,0.0,0.0,0.0,0.0,0.0,0.0,1.2499999999999823e-05,1.2499999999999823e-05,1.2499999999999823e-05,1.2499999999999823e-05,1.2499999999999823e-05,1.2499999999999823e-05,1.2499999999999823e-05,1.2499999999999823e-05
36.150000000000006,0.030243221540978013,0.02932720025912947,0.026473155445066263,0.0266331231025459,0.024405887920460466,0.021741277546973477,0.020677791501852453,0.018864197777799734,0.01670077241072376,0.01460025550447112,0.013512635126351072,0.011537572109825523,0.010225012781265832,0.008887499999999875,0.007087499999999899,0.005887499999999916,0.005137499999999927,0.004362499999999938,0.0029999999999999576,0.00279999999999996,0.0024749999999999646,0.0018249999999999742,0.0016374999999999766,0.0015374999999999781,0.0011499999999999837,0.0008499999999999879,0.0006874999999999902,0.0006874999999999902,0.00042499999999999396,0.000562499999999992,0.00039999999999999433,0.0003249999999999954,0.00029999999999999575,0.00021249999999999698,0.0002249999999999968,0.0001749999999999975,0.0001749999999999975,0.0001624999999999977,0.00018749999999999735,0.00013749999999999806,9.999999999999858e-05,8.749999999999875e-05,6.249999999999911e-05,8.749999999999875e-05,4.999999999999929e-05,2.4999999999999645e-05,4.999999999999929e-05,4.999999999999929e-05,3.749999999999947e-05,3.749999999999947e-05,8.749999999999875e-05,4.999999999999929e-05,3.749999999999947e-05,2.4999999999999645e-05,1.2499999999999823e-05,1.2499999999999823e-05,1.2499999999999823e-05,0.0,1.2499999999999823e-05,0.0,1.2499999999999823e-05,0.0,1.2499999999999823e-05,0.0,0.0,0.0,0.0,0.0,0.0,0.0,0.0,1.2499999999999823e-05,1.2499999999999823e-05,1.2499999999999823e-05,1.2499999999999823e-05,0.0,0.0,0.0,0.0,0.0,0.0,0.0,0.0
36.25,0.030443342113623026,0.02815161099501085,0.027748668839207385,0.02614547436968238,0.024255851724228124,0.022141347059051197,0.020190225680466578,0.019414247282255128,0.01687578050484811,0.01461275572322495,0.013450134501344822,0.011412571328570643,0.009450011812514631,0.008324999999999881,0.006787499999999903,0.005474999999999923,0.004599999999999935,0.003974999999999944,0.003674999999999948,0.002949999999999958,0.0024749999999999646,0.0019124999999999728,0.0013874999999999803,0.0012624999999999822,0.0010749999999999848,0.0010874999999999845,0.0007374999999999895,0.0006499999999999908,0.00046249999999999346,0.0004999999999999929,0.00046249999999999346,0.0002374999999999966,0.00029999999999999575,0.00031249999999999556,0.00021249999999999698,0.0001749999999999975,0.0002749999999999961,0.0001749999999999975,0.00013749999999999806,6.249999999999911e-05,7.499999999999894e-05,6.249999999999911e-05,0.00012499999999999821,3.749999999999947e-05,4.999999999999929e-05,2.4999999999999645e-05,1.2499999999999823e-05,6.249999999999911e-05,6.249999999999911e-05,1.2499999999999823e-05,3.749999999999947e-05,2.4999999999999645e-05,3.749999999999947e-05,3.749999999999947e-05,3.749999999999947e-05,1.2499999999999823e-05,2.4999999999999645e-05,0.0,0.0,2.4999999999999645e-05,0.0,0.0,0.0,0.0,0.0,0.0,0.0,0.0,0.0,1.2499999999999823e-05,1.2499999999999823e-05,0.0,0.0,0.0,0.0,0.0,0.0,0.0,0.0,0.0,0.0,0.0,0.0
36.35,0.02961784475146444,0.028914493389813285,0.026548185644723513,0.025195184531283474,0.022455417369441656,0.021616255824450727,0.020240232431379387,0.019101719154725014,0.016763275301483645,0.014437752660672383,0.012500125001250724,0.011750073437959656,0.009125011406264776,0.008062500000000458,0.006450000000000367,0.005550000000000316,0.004812500000000273,0.0035625000000002022,0.003625000000000206,0.0027875000000001588,0.0023625000000001345,0.001862500000000106,0.001687500000000096,0.001037500000000059,0.0009375000000000533,0.0008125000000000461,0.0005875000000000334,0.0006375000000000363,0.00042500000000002415,0.0005125000000000291,0.00038750000000002205,0.00036250000000002063,0.00032500000000001847,0.00032500000000001847,0.00026250000000001495,0.00015000000000000852,0.00016250000000000924,8.750000000000497e-05,0.00015000000000000852,0.00015000000000000852,8.750000000000497e-05,0.0001125000000000064,6.250000000000355e-05,2.500000000000142e-05,3.750000000000213e-05,6.250000000000355e-05,6.250000000000355e-05,1.250000000000071e-05,5.000000000000284e-05,3.750000000000213e-05,3.750000000000213e-05,6.250000000000355e-05,1.250000000000071e-05,1.250000000000071e-05,1.250000000000071e-05,1.250000000000071e-05,0.0,1.250000000000071e-05,0.0,0.0,0.0,1.250000000000071e-05,0.0,0.0,0.0,0.0,0.0,1.250000000000071e-05,1.250000000000071e-05,0.0,0.0,0.0,0.0,1.250000000000071e-05,1.250000000000071e-05,1.250000000000071e-05,1.250000000000071e-05,1.250000000000071e-05,1.250000000000071e-05,1.250000000000071e-05,1.250000000000071e-05,1.250000000000071e-05,1.250000000000071e-05
36.45,0.029367694035656065,0.028001535769804218,0.026523175578169834,0.024332421388523155,0.023218101366954447,0.02152874061868219,0.020477764498206968,0.01817663589723049,0.01646326142584071,0.013850242379241439,0.012662626626266084,0.010900068125425629,0.009350011687514476,0.007924999999999887,0.006737499999999904,0.00559999999999992,0.004574999999999935,0.0040499999999999425,0.0034874999999999507,0.002949999999999958,0.0024874999999999646,0.00209999999999997,0.0012499999999999822,0.0008499999999999879,0.0009374999999999866,0.0010374999999999853,0.0007499999999999894,0.0005124999999999928,0.0005374999999999924,0.0004874999999999931,0.00039999999999999433,0.0003749999999999947,0.00031249999999999556,0.00026249999999999624,0.0001624999999999977,7.499999999999894e-05,0.0002249999999999968,0.00021249999999999698,0.00012499999999999821,4.999999999999929e-05,6.249999999999911e-05,8.749999999999875e-05,9.999999999999858e-05,0.00013749999999999806,3.749999999999947e-05,8.749999999999875e-05,6.249999999999911e-05,2.4999999999999645e-05,3.749999999999947e-05,8.749999999999875e-05,4.999999999999929e-05,1.2499999999999823e-05,4.999999999999929e-05,1.2499999999999823e-05,1.2499999999999823e-05,2.4999999999999645e-05,0.0,0.0,2.4999999999999645e-05,0.0,1.2499999999999823e-05,0.0,0.0,0.0,0.0,0.0,1.2499999999999823e-05,0.0,0.0,0.0,1.2499999999999823e-05,1.2499999999999823e-05,1.2499999999999823e-05,0.0,0.0,0.0,0.0,0.0,0.0,0.0,0.0,0.0,0.0
36.55,0.03016817632623613,0.02771389158815817,0.02667323597748056,0.024770054866734004,0.02328061644871792,0.022278870953827908,0.020090212178643832,0.01817663589723049,0.016188248706502446,0.013950244129272064,0.012425124251242335,0.0103000643754022,0.010000012500015483,0.008249999999999882,0.006137499999999912,0.005887499999999916,0.0045874999999999345,0.003637499999999948,0.003099999999999956,0.002687499999999962,0.0024749999999999646,0.0017124999999999755,0.0014124999999999797,0.0010374999999999853,0.0009124999999999871,0.0008999999999999872,0.0006749999999999905,0.0005999999999999915,0.0004999999999999929,0.0003874999999999945,0.0003249999999999954,0.00031249999999999556,0.00026249999999999624,0.00029999999999999575,0.0002249999999999968,0.0002749999999999961,0.00014999999999999787,0.0001749999999999975,0.0001749999999999975,9.999999999999858e-05,8.749999999999875e-05,4.999999999999929e-05,9.999999999999858e-05,3.749999999999947e-05,2.4999999999999645e-05,1.2499999999999823e-05,4.999999999999929e-05,3.749999999999947e-05,1.2499999999999823e-05,3.749999999999947e-05,2.4999999999999645e-05,4.999999999999929e-05,2.4999999999999645e-05,4.999999999999929e-05,0.0,0.0,1.2499999999999823e-05,1.2499999999999823e-05,0.0,0.0,0.0,0.0,0.0,0.0,0.0,1.2499999999999823e-05,0.0,0.0,1.2499999999999823e-05,1.2499999999999823e-05,0.0,0.0,0.0,0.0,1.2499999999999823e-05,1.2499999999999823e-05,1.2499999999999823e-05,1.2499999999999823e-05,1.2499999999999823e-05,1.2499999999999823e-05,1.2499999999999823e-05,1.2499999999999823e-05,1.2499999999999823e-05
36.650000000000006,0.02845464392296318,0.0275388038254171,0.026385620212135013,0.024795062494060337,0.023593191857535292,0.02031602991019661,0.020677791501852453,0.017089038013420963,0.015275706501425474,0.013775241066718472,0.012587625876258583,0.011337570859817712,0.009375011718764516,0.00776249999999989,0.006399999999999909,0.005474999999999923,0.004537499999999936,0.0036999999999999477,0.0033874999999999517,0.002537499999999964,0.002199999999999969,0.0017749999999999747,0.0014499999999999795,0.001199999999999983,0.001062499999999985,0.0007374999999999895,0.0007249999999999898,0.0006874999999999902,0.0005374999999999924,0.0005249999999999925,0.00028749999999999593,0.000349999999999995,0.00028749999999999593,0.00026249999999999624,0.0002249999999999968,0.0001749999999999975,0.0001124999999999984,0.00013749999999999806,0.0001124999999999984,8.749999999999875e-05,8.749999999999875e-05,8.749999999999875e-05,2.4999999999999645e-05,2.4999999999999645e-05,2.4999999999999645e-05,1.2499999999999823e-05,4.999999999999929e-05,3.749999999999947e-05,2.4999999999999645e-05,3.749999999999947e-05,6.249999999999911e-05,1.2499999999999823e-05,1.2499999999999823e-05,1.2499999999999823e-05,2.4999999999999645e-05,0.0,0.0,1.2499999999999823e-05,0.0,1.2499999999999823e-05,0.0,0.0,0.0,0.0,1.2499999999999823e-05,0.0,0.0,1.2499999999999823e-05,0.0,0.0,1.2499999999999823e-05,1.2499999999999823e-05,1.2499999999999823e-05,1.2499999999999823e-05,0.0,0.0,0.0,0.0,0.0,0.0,0.0,0.0,0.0
36.75,0.028729809710350076,0.026163114261022965,0.02557279304920194,0.024107352742586147,0.022868016909078994,0.022003823164274478,0.019327609227245402,0.018314148273344343,0.015525718064460261,0.014012745223041204,0.011862618626186094,0.01011256320351988,0.009237511546889303,0.007574999999999892,0.006562499999999907,0.005037499999999928,0.004374999999999938,0.003337499999999953,0.00278749999999996,0.0025249999999999643,0.002049999999999971,0.0015749999999999775,0.0012749999999999819,0.001049999999999985,0.0009499999999999864,0.0007249999999999898,0.000562499999999992,0.0006749999999999905,0.0004499999999999936,0.0005374999999999924,0.0003249999999999954,0.000349999999999995,0.0002249999999999968,0.0002249999999999968,0.0001749999999999975,0.00018749999999999735,0.0001749999999999975,0.0001124999999999984,0.00012499999999999821,8.749999999999875e-05,6.249999999999911e-05,8.749999999999875e-05,3.749999999999947e-05,4.999999999999929e-05,6.249999999999911e-05,6.249999999999911e-05,1.2499999999999823e-05,6.249999999999911e-05,9.999999999999858e-05,4.999999999999929e-05,1.2499999999999823e-05,4.999999999999929e-05,3.749999999999947e-05,0.0,1.2499999999999823e-05,1.2499999999999823e-05,1.2499999999999823e-05,0.0,1.2499999999999823e-05,0.0,0.0,0.0,0.0,1.2499999999999823e-05,0.0,0.0,1.2499999999999823e-05,0.0,1.2499999999999823e-05,1.2499999999999823e-05,0.0,0.0,0.0,0.0,0.0,0.0,0.0,0.0,0.0,0.0,0.0,0.0,0.0
36.85,0.02832956856506206,0.026875971580756382,0.026273074912653835,0.024394940456840722,0.022167847993329652,0.020516064666236924,0.019027568721778524,0.017176545889130996,0.015225704188819598,0.013687739535442648,0.011987619876199444,0.010512565703536245,0.00823751029688834,0.007475000000000425,0.005512500000000314,0.005700000000000324,0.004275000000000243,0.0032375000000001842,0.0029125000000001654,0.0024000000000001364,0.0017000000000000966,0.0016125000000000917,0.0015250000000000866,0.000987500000000056,0.0008750000000000498,0.0008250000000000469,0.0006375000000000363,0.0005750000000000327,0.00042500000000002415,0.0004375000000000249,0.00030000000000001705,0.0003125000000000178,0.00020000000000001137,0.0002375000000000135,0.00020000000000001137,0.00026250000000001495,0.00015000000000000852,0.00016250000000000924,0.00013750000000000781,7.500000000000426e-05,0.0001250000000000071,7.500000000000426e-05,6.250000000000355e-05,5.000000000000284e-05,5.000000000000284e-05,6.250000000000355e-05,2.500000000000142e-05,3.750000000000213e-05,5.000000000000284e-05,2.500000000000142e-05,5.000000000000284e-05,1.250000000000071e-05,1.250000000000071e-05,1.250000000000071e-05,0.0,0.0,1.250000000000071e-05,0.0,0.0,0.0,0.0,0.0,1.250000000000071e-05,0.0,0.0,1.250000000000071e-05,0.0,1.250000000000071e-05,0.0,0.0,0.0,0.0,0.0,0.0,0.0,0.0,0.0,0.0,0.0,0.0,1.250000000000071e-05,1.250000000000071e-05,1.250000000000071e-05
36.95,0.027466548595528415,0.027038553074728324,0.026060489346961785,0.024432451897828493,0.022317884189560412,0.021578749307691908,0.018464992774024233,0.017426568391154956,0.015013194360238947,0.01352523669164191,0.012037620376203591,0.010600066250413915,0.008212510265637714,0.007474999999999894,0.006474999999999908,0.004849999999999932,0.004412499999999937,0.00352499999999995,0.0029999999999999576,0.0024374999999999653,0.00209999999999997,0.001549999999999978,0.0012374999999999823,0.0010749999999999848,0.0011374999999999838,0.0007499999999999894,0.0005999999999999915,0.00039999999999999433,0.0005499999999999922,0.00046249999999999346,0.0002374999999999966,0.00026249999999999624,0.00029999999999999575,0.00021249999999999698,0.00012499999999999821,0.00014999999999999787,0.00012499999999999821,0.00013749999999999806,3.749999999999947e-05,7.499999999999894e-05,8.749999999999875e-05,9.999999999999858e-05,9.999999999999858e-05,2.4999999999999645e-05,4.999999999999929e-05,4.999999999999929e-05,6.249999999999911e-05,1.2499999999999823e-05,1.2499999999999823e-05,4.999999999999929e-05,1.2499999999999823e-05,1.2499999999999823e-05,1.2499999999999823e-05,2.4999999999999645e-05,0.0,1.2499999999999823e-05,0.0,1.2499999999999823e-05,0.0,0.0,0.0,1.2499999999999823e-05,0.0,0.0,1.2499999999999823e-05,0.0,1.2499999999999823e-05,0.0,0.0,0.0,0.0,0.0,1.2499999999999823e-05,3.749999999999947e-05,3.749999999999947e-05,3.749999999999947e-05,3.749999999999947e-05,3.749999999999947e-05,3.749999999999947e-05,3.749999999999947e-05,2.4999999999999645e-05,2.4999999999999645e-05,2.4999999999999645e-05
37.05,0.02770419177554437,0.025912988885678577,0.025060086684890313,0.023482162059427793,0.02134264891405021,0.019828445192351888,0.01841498602311286,0.016976527887509633,0.015400712282942867,0.013750240629210816,0.011500115001149848,0.01016256351602183,0.008462510578138103,0.0070624999999999,0.006112499999999914,0.005262499999999925,0.004349999999999938,0.003049999999999957,0.003024999999999957,0.002424999999999966,0.001837499999999974,0.0017374999999999752,0.001474999999999979,0.0010874999999999845,0.000774999999999989,0.0006499999999999908,0.0006499999999999908,0.0004749999999999932,0.0004999999999999929,0.0003624999999999949,0.00033749999999999525,0.0003749999999999947,0.00033749999999999525,0.0002249999999999968,0.0001124999999999984,0.0002249999999999968,0.00019999999999999716,0.00013749999999999806,0.00012499999999999821,6.249999999999911e-05,3.749999999999947e-05,7.499999999999894e-05,4.999999999999929e-05,1.2499999999999823e-05,1.2499999999999823e-05,4.999999999999929e-05,4.999999999999929e-05,3.749999999999947e-05,3.749999999999947e-05,2.4999999999999645e-05,4.999999999999929e-05,3.749999999999947e-05,0.0,0.0,1.2499999999999823e-05,1.2499999999999823e-05,0.0,0.0,0.0,0.0,0.0,0.0,0.0,1.2499999999999823e-05,0.0,1.2499999999999823e-05,0.0,0.0,0.0,0.0,3.749999999999947e-05,3.749999999999947e-05,2.4999999999999645e-05,0.0,0.0,0.0,0.0,0.0,0.0,0.0,0.0,0.0,0.0
37.150000000000006,0.0275415938102703,0.026400733367600137,0.023509462558679535,0.022331811202416417,0.02096755842346936,0.020228514704429608,0.018402484335385015,0.016426478383054242,0.014263159671134588,0.013825241941733785,0.011250112501124851,0.009787561172257188,0.00772500965626196,0.007449999999999894,0.0060374999999999145,0.004974999999999929,0.004412499999999937,0.0032624999999999534,0.002974999999999958,0.0024374999999999653,0.0017874999999999747,0.0015374999999999781,0.0012999999999999815,0.0010874999999999845,0.0010874999999999845,0.00069999999999999,0.0006874999999999902,0.0003749999999999947,0.0004999999999999929,0.0003624999999999949,0.0003874999999999945,0.0002374999999999966,0.00028749999999999593,0.00021249999999999698,0.00021249999999999698,0.0001624999999999977,0.00014999999999999787,0.0001624999999999977,4.999999999999929e-05,9.999999999999858e-05,8.749999999999875e-05,4.999999999999929e-05,4.999999999999929e-05,2.4999999999999645e-05,6.249999999999911e-05,1.2499999999999823e-05,2.4999999999999645e-05,8.749999999999875e-05,4.999999999999929e-05,4.999999999999929e-05,1.2499999999999823e-05,1.2499999999999823e-05,2.4999999999999645e-05,0.0,0.0,0.0,1.2499999999999823e-05,0.0,0.0,0.0,1.2499999999999823e-05,0.0,1.2499999999999823e-05,0.0,1.2499999999999823e-05,0.0,0.0,0.0,3.749999999999947e-05,3.749999999999947e-05,0.0,0.0,0.0,0.0,0.0,0.0,0.0,0.0,0.0,0.0,0.0,0.0,0.0
37.25,0.026203287480706754,0.025425244403757024,0.024197239388853667,0.022681917984985096,0.021405163995813686,0.019278349613245028,0.01894005690768227,0.016426478383054242,0.01421315735852763,0.0131627303477809,0.011150111501114852,0.009925062031637557,0.008600010750013315,0.006974999999999901,0.005737499999999918,0.004999999999999929,0.004312499999999939,0.0031624999999999553,0.0026249999999999624,0.002424999999999966,0.0019249999999999727,0.0013874999999999803,0.0011124999999999842,0.0010124999999999856,0.0007874999999999887,0.0006124999999999913,0.0005249999999999925,0.0004874999999999931,0.0004749999999999932,0.00043749999999999383,0.00033749999999999525,0.00028749999999999593,0.0002749999999999961,0.0001749999999999975,0.0002249999999999968,0.0001124999999999984,0.0001624999999999977,0.00014999999999999787,8.749999999999875e-05,4.999999999999929e-05,8.749999999999875e-05,2.4999999999999645e-05,2.4999999999999645e-05,9.999999999999858e-05,6.249999999999911e-05,2.4999999999999645e-05,3.749999999999947e-05,3.749999999999947e-05,4.999999999999929e-05,0.0,1.2499999999999823e-05,1.2499999999999823e-05,1.2499999999999823e-05,1.2499999999999823e-05,2.4999999999999645e-05,0.0,0.0,0.0,0.0,0.0,0.0,1.2499999999999823e-05,0.0,1.2499999999999823e-05,0.0,0.0,1.2499999999999823e-05,3.749999999999947e-05,0.0,0.0,0.0,0.0,0.0,0.0,0.0,0.0,0.0,0.0,0.0,0.0,0.0,0.0,0.0
37.35,0.025240207224854407,0.026125595454723163,0.024634915553511688,0.022306803575091672,0.020967558423470853,0.019703423469829003,0.01880253834267733,0.016026442379815094,0.014838186266115652,0.01255021962884422,0.011100111001110644,0.009050056562854033,0.008050010062513036,0.0064750000000003685,0.0052875000000003,0.004475000000000255,0.0038375000000002183,0.003312500000000188,0.00298750000000017,0.0023500000000001337,0.0017000000000000966,0.0016125000000000917,0.0009375000000000533,0.000987500000000056,0.0010250000000000582,0.0007000000000000398,0.0005375000000000306,0.0005625000000000319,0.00040000000000002273,0.0002375000000000135,0.0002500000000000142,0.00027500000000001563,0.0002500000000000142,0.00020000000000001137,0.00016250000000000924,0.00016250000000000924,0.0001125000000000064,5.000000000000284e-05,0.00010000000000000568,0.00013750000000000781,7.500000000000426e-05,7.500000000000426e-05,5.000000000000284e-05,5.000000000000284e-05,3.750000000000213e-05,6.250000000000355e-05,1.250000000000071e-05,3.750000000000213e-05,2.500000000000142e-05,6.250000000000355e-05,3.750000000000213e-05,1.250000000000071e-05,0.0,0.0,0.0,1.250000000000071e-05,0.0,0.0,0.0,1.250000000000071e-05,0.0,0.0,1.250000000000071e-05,0.0,0.0,3.750000000000213e-05,2.500000000000142e-05,0.0,0.0,0.0,0.0,0.0,0.0,0.0,0.0,0.0,0.0,0.0,0.0,0.0,0.0,0.0,0.0
37.45,0.027341473237625282,0.024924993653068245,0.023859603490404547,0.02321958197250128,0.021630218290162193,0.019590903919555744,0.017664884759442275,0.016101449130421507,0.013375618622361094,0.012325215691274422,0.011275112751127352,0.00877505484409265,0.007775009718762038,0.006274999999999912,0.005287499999999925,0.004624999999999934,0.003424999999999951,0.003674999999999948,0.0025749999999999636,0.002424999999999966,0.0019999999999999714,0.0012374999999999823,0.0009624999999999864,0.0007624999999999892,0.0008749999999999877,0.0006499999999999908,0.0005499999999999922,0.0005374999999999924,0.0004874999999999931,0.0003624999999999949,0.00043749999999999383,0.00021249999999999698,0.0002249999999999968,0.0002249999999999968,0.0002374999999999966,0.00014999999999999787,0.0001624999999999977,0.00013749999999999806,6.249999999999911e-05,7.499999999999894e-05,8.749999999999875e-05,7.499999999999894e-05,2.4999999999999645e-05,2.4999999999999645e-05,6.249999999999911e-05,4.999999999999929e-05,7.499999999999894e-05,4.999999999999929e-05,3.749999999999947e-05,1.2499999999999823e-05,1.2499999999999823e-05,1.2499999999999823e-05,0.0,1.2499999999999823e-05,0.0,0.0,0.0,0.0,1.2499999999999823e-05,0.0,1.2499999999999823e-05,1.2499999999999823e-05,0.0,0.0,3.749999999999947e-05,0.0,0.0,0.0,0.0,0.0,0.0,0.0,0.0,0.0,0.0,0.0,0.0,0.0,0.0,0.0,0.0,0.0,0.0
37.55,0.025627940834352332,0.025612838435265312,0.023571987725058998,0.02330710866814345,0.020067341246075333,0.02040354511596361,0.017427352692613255,0.016126451380624025,0.013838140013975452,0.012112711972459346,0.01062510625106236,0.009237557734735712,0.007737509671886979,0.006424999999999909,0.0056999999999999195,0.004524999999999936,0.0038249999999999456,0.0033624999999999523,0.002987499999999957,0.002199999999999969,0.0017999999999999744,0.0014374999999999796,0.0010874999999999845,0.000987499999999986,0.0007374999999999895,0.00069999999999999,0.0007374999999999895,0.0004874999999999931,0.0005374999999999924,0.00028749999999999593,0.0002749999999999961,0.0002249999999999968,0.00021249999999999698,0.00012499999999999821,0.00018749999999999735,0.0001124999999999984,0.00013749999999999806,7.499999999999894e-05,6.249999999999911e-05,3.749999999999947e-05,8.749999999999875e-05,4.999999999999929e-05,2.4999999999999645e-05,1.2499999999999823e-05,1.2499999999999823e-05,2.4999999999999645e-05,8.749999999999875e-05,2.4999999999999645e-05,2.4999999999999645e-05,1.2499999999999823e-05,1.2499999999999823e-05,1.2499999999999823e-05,1.2499999999999823e-05,1.2499999999999823e-05,0.0,0.0,0.0,0.0,0.0,1.2499999999999823e-05,0.0,0.0,0.0,1.2499999999999823e-05,0.0,0.0,0.0,0.0,0.0,0.0,0.0,0.0,0.0,1.2499999999999823e-05,1.2499999999999823e-05,1.2499999999999823e-05,1.2499999999999823e-05,1.2499999999999823e-05,1.2499999999999823e-05,1.2499999999999823e-05,1.2499999999999823e-05,1.2499999999999823e-05,1.2499999999999823e-05
37.650000000000006,0.025815553871207035,0.025587825897730874,0.024659925620061723,0.021419032805005223,0.02149268511028255,0.019040808340448884,0.016377210923474435,0.014738826494384285,0.013313115731602397,0.01202521044118255,0.010212602126021115,0.00957505984412389,0.007912509890637251,0.006099999999999914,0.005387499999999924,0.004437499999999937,0.003712499999999947,0.003037499999999957,0.0024749999999999646,0.0024749999999999646,0.001624999999999977,0.0012499999999999822,0.0010249999999999856,0.001062499999999985,0.00069999999999999,0.0005874999999999917,0.0006124999999999913,0.00031249999999999556,0.00039999999999999433,0.00024999999999999643,0.00031249999999999556,0.0002749999999999961,0.00024999999999999643,0.00012499999999999821,0.0001749999999999975,0.00021249999999999698,9.999999999999858e-05,7.499999999999894e-05,6.249999999999911e-05,6.249999999999911e-05,4.999999999999929e-05,4.999999999999929e-05,0.0,8.749999999999875e-05,2.4999999999999645e-05,3.749999999999947e-05,0.0,6.249999999999911e-05,2.4999999999999645e-05,3.749999999999947e-05,1.2499999999999823e-05,0.0,0.0,0.0,1.2499999999999823e-05,0.0,0.0,1.2499999999999823e-05,0.0,0.0,1.2499999999999823e-05,0.0,0.0,2.4999999999999645e-05,0.0,0.0,0.0,0.0,0.0,0.0,1.2499999999999823e-05,1.2499999999999823e-05,1.2499999999999823e-05,0.0,0.0,0.0,0.0,0.0,0.0,0.0,0.0,0.0,0.0
37.75,0.025853076478577975,0.024087073645664547,0.023059281360747374,0.021794147214900236,0.01996731711525377,0.01889078227341974,0.018052437079005407,0.015038853496814499,0.013775637123216753,0.012237714159997626,0.010900109001089855,0.009137557109731806,0.007650009562511844,0.00631249999999991,0.005662499999999919,0.004524999999999936,0.0034999999999999506,0.0032999999999999536,0.0023624999999999666,0.002037499999999971,0.001624999999999977,0.0012499999999999822,0.001187499999999983,0.0008374999999999881,0.0007874999999999887,0.0005874999999999917,0.000562499999999992,0.0005874999999999917,0.00046249999999999346,0.00024999999999999643,0.00029999999999999575,0.00033749999999999525,0.00014999999999999787,0.0001624999999999977,0.00018749999999999735,0.00014999999999999787,0.00019999999999999716,8.749999999999875e-05,9.999999999999858e-05,0.00012499999999999821,2.4999999999999645e-05,3.749999999999947e-05,9.999999999999858e-05,2.4999999999999645e-05,3.749999999999947e-05,1.2499999999999823e-05,4.999999999999929e-05,1.2499999999999823e-05,4.999999999999929e-05,1.2499999999999823e-05,1.2499999999999823e-05,0.0,2.4999999999999645e-05,0.0,0.0,0.0,0.0,0.0,1.2499999999999823e-05,0.0,0.0,0.0,3.749999999999947e-05,0.0,0.0,0.0,0.0,0.0,1.2499999999999823e-05,1.2499999999999823e-05,0.0,0.0,0.0,0.0,0.0,0.0,0.0,0.0,0.0,0.0,0.0,0.0,0.0
37.85,0.02530274490380598,0.023774416926485752,0.022896715928162385,0.02083135356283785,0.020830025243591198,0.01806563890476073,0.016577237927121104,0.01496384674620801,0.013238112262692902,0.011837707159875971,0.009662596625966809,0.008975056094101099,0.007187508984386639,0.006187500000000352,0.004987500000000283,0.004275000000000243,0.003387500000000193,0.0027250000000001552,0.002512500000000143,0.0018875000000001074,0.0016250000000000923,0.0015000000000000852,0.0008375000000000476,0.0010000000000000568,0.0007250000000000413,0.0006250000000000356,0.00041250000000002347,0.00048750000000002773,0.0003500000000000199,0.00036250000000002063,0.00030000000000001705,0.00026250000000001495,0.0002375000000000135,0.0002500000000000142,0.0001250000000000071,0.00016250000000000924,0.0001250000000000071,8.750000000000497e-05,0.00010000000000000568,6.250000000000355e-05,6.250000000000355e-05,3.750000000000213e-05,6.250000000000355e-05,7.500000000000426e-05,3.750000000000213e-05,7.500000000000426e-05,5.000000000000284e-05,5.000000000000284e-05,0.0,1.250000000000071e-05,1.250000000000071e-05,1.250000000000071e-05,0.0,1.250000000000071e-05,0.0,0.0,1.250000000000071e-05,0.0,0.0,1.250000000000071e-05,0.0,3.750000000000213e-05,0.0,0.0,0.0,0.0,0.0,1.250000000000071e-05,0.0,0.0,0.0,0.0,0.0,0.0,0.0,0.0,0.0,0.0,0.0,0.0,0.0,0.0,0.0
37.95,0.025440327797497633,0.023786923195251282,0.021383606901777662,0.021306498482036716,0.01945469344479328,0.018103145421516732,0.016989793622138746,0.014726325369283026,0.013113106481174568,0.01121269622218373,0.010287602876028614,0.008087550547190805,0.007500009375011612,0.005549999999999921,0.005137499999999927,0.004074999999999942,0.002987499999999957,0.0027374999999999613,0.0023624999999999666,0.0017124999999999755,0.0015124999999999785,0.0012749999999999819,0.0011374999999999838,0.0009624999999999864,0.0006499999999999908,0.0006124999999999913,0.0003874999999999945,0.0004874999999999931,0.0003874999999999945,0.0003749999999999947,0.0001749999999999975,0.00029999999999999575,0.00019999999999999716,0.00014999999999999787,0.0001624999999999977,0.0001124999999999984,7.499999999999894e-05,7.499999999999894e-05,8.749999999999875e-05,8.749999999999875e-05,8.749999999999875e-05,2.4999999999999645e-05,1.2499999999999823e-05,2.4999999999999645e-05,6.249999999999911e-05,6.249999999999911e-05,1.2499999999999823e-05,0.0,2.4999999999999645e-05,0.0,0.0,0.0,0.0,0.0,0.0,0.0,0.0,1.2499999999999823e-05,1.2499999999999823e-05,0.0,0.0,0.0,0.0,0.0,0.0,0.0,1.2499999999999823e-05,0.0,0.0,0.0,0.0,0.0,0.0,0.0,0.0,0.0,0.0,0.0,0.0,0.0,0.0,0.0,0.0
38.05,0.024414709862691925,0.023474266476070798,0.022546574996435746,0.02025617813433068,0.01970475377184718,0.01830318017755559,0.016564736239392083,0.014963846746206945,0.013113106481174568,0.011375199065983494,0.010250102501024864,0.007937549609684949,0.007262509078136244,0.006099999999999914,0.005062499999999928,0.004174999999999941,0.0034999999999999506,0.002962499999999958,0.0023624999999999666,0.002037499999999971,0.0015874999999999776,0.001337499999999981,0.001062499999999985,0.0008749999999999877,0.0007124999999999899,0.0007124999999999899,0.00039999999999999433,0.00046249999999999346,0.00039999999999999433,0.0002749999999999961,0.000349999999999995,0.00024999999999999643,0.0001624999999999977,0.00014999999999999787,0.00013749999999999806,0.00012499999999999821,9.999999999999858e-05,7.499999999999894e-05,6.249999999999911e-05,0.0001124999999999984,4.999999999999929e-05,2.4999999999999645e-05,6.249999999999911e-05,1.2499999999999823e-05,3.749999999999947e-05,2.4999999999999645e-05,6.249999999999911e-05,6.249999999999911e-05,3.749999999999947e-05,2.4999999999999645e-05,0.0,2.4999999999999645e-05,0.0,0.0,0.0,1.2499999999999823e-05,0.0,0.0,0.0,0.0,3.749999999999947e-05,0.0,0.0,0.0,0.0,1.2499999999999823e-05,0.0,0.0,0.0,0.0,0.0,0.0,0.0,0.0,0.0,0.0,0.0,0.0,0.0,0.0,0.0,0.0,0.0
38.150000000000006,0.025702986049094215,0.02359932916374299,0.022409019630400918,0.020931384072141707,0.01886705167621662,0.017915612837730303,0.015927150165272085,0.01445130061705533,0.013888142326582406,0.011300197753460525,0.009975099750997368,0.00812505078156727,0.006937508671885741,0.006162499999999913,0.004887499999999931,0.004287499999999939,0.0030124999999999575,0.0028499999999999598,0.0023499999999999667,0.0016374999999999766,0.0015749999999999775,0.0013124999999999812,0.0010749999999999848,0.0008374999999999881,0.000562499999999992,0.00046249999999999346,0.0004999999999999929,0.0003624999999999949,0.00024999999999999643,0.000349999999999995,0.0002374999999999966,0.0002249999999999968,0.00021249999999999698,0.0002749999999999961,0.0001124999999999984,0.00014999999999999787,9.999999999999858e-05,6.249999999999911e-05,4.999999999999929e-05,2.4999999999999645e-05,4.999999999999929e-05,1.2499999999999823e-05,4.999999999999929e-05,3.749999999999947e-05,1.2499999999999823e-05,3.749999999999947e-05,2.4999999999999645e-05,1.2499999999999823e-05,1.2499999999999823e-05,1.2499999999999823e-05,1.2499999999999823e-05,0.0,1.2499999999999823e-05,0.0,0.0,0.0,1.2499999999999823e-05,1.2499999999999823e-05,0.0,3.749999999999947e-05,0.0,0.0,0.0,0.0,1.2499999999999823e-05,0.0,0.0,0.0,0.0,0.0,0.0,0.0,0.0,0.0,0.0,0.0,0.0,0.0,0.0,0.0,0.0,0.0,0.0
38.25,0.024452232470062868,0.023349203788398602,0.022446534730228597,0.0207438268671942,0.01922963915044477,0.018265673660798305,0.015977156916183458,0.013713734236081052,0.012663085667711953,0.010875190315830372,0.009375093750937376,0.0075250470315438404,0.007125008906261032,0.005962499999999915,0.004599999999999935,0.004137499999999942,0.003324999999999953,0.0029374999999999584,0.0023374999999999668,0.0017999999999999744,0.001337499999999981,0.001049999999999985,0.0008374999999999881,0.0008499999999999879,0.0007124999999999899,0.0005499999999999922,0.0005249999999999925,0.0005124999999999928,0.00033749999999999525,0.0003249999999999954,0.0001749999999999975,0.00019999999999999716,0.00013749999999999806,0.0001624999999999977,0.0001749999999999975,0.00012499999999999821,4.999999999999929e-05,8.749999999999875e-05,0.0001124999999999984,3.749999999999947e-05,2.4999999999999645e-05,8.749999999999875e-05,3.749999999999947e-05,6.249999999999911e-05,3.749999999999947e-05,4.999999999999929e-05,3.749999999999947e-05,1.2499999999999823e-05,0.0,0.0,0.0,0.0,0.0,0.0,0.0,0.0,0.0,0.0,0.0,0.0,0.0,0.0,0.0,1.2499999999999823e-05,0.0,0.0,0.0,0.0,0.0,0.0,0.0,0.0,0.0,0.0,0.0,0.0,0.0,0.0,0.0,0.0,0.0,0.0,0.0
38.35000000000001,0.02377682553738594,0.02411208618319899,0.021996353532296436,0.02019365906601485,0.018967075807038176,0.017878106320973013,0.015639611347531696,0.014338790491143998,0.012913097230746738,0.011050193378383965,0.00985009850098487,0.008462552890955448,0.006875008593760644,0.005312499999999925,0.005049999999999929,0.00422499999999994,0.00281249999999996,0.002587499999999963,0.0023624999999999666,0.0017874999999999747,0.0014499999999999795,0.0009374999999999866,0.0008749999999999877,0.0009749999999999862,0.0006874999999999902,0.0005249999999999925,0.0005499999999999922,0.0004749999999999932,0.0002749999999999961,0.0003249999999999954,0.00029999999999999575,0.0002374999999999966,0.0001124999999999984,0.00019999999999999716,0.00018749999999999735,0.0001624999999999977,9.999999999999858e-05,4.999999999999929e-05,4.999999999999929e-05,3.749999999999947e-05,4.999999999999929e-05,6.249999999999911e-05,6.249999999999911e-05,4.999999999999929e-05,8.749999999999875e-05,2.4999999999999645e-05,1.2499999999999823e-05,3.749999999999947e-05,1.2499999999999823e-05,0.0,2.4999999999999645e-05,0.0,0.0,0.0,1.2499999999999823e-05,1.2499999999999823e-05,1.2499999999999823e-05,0.0,3.749999999999947e-05,0.0,0.0,0.0,1.2499999999999823e-05,0.0,0.0,0.0,0.0,0.0,0.0,0.0,0.0,0.0,0.0,0.0,0.0,0.0,0.0,0.0,0.0,0.0,0.0,0.0,0.0
38.45,0.023201478891033165,0.02277391542510813,0.020983445836950564,0.020631292544227162,0.02026738950771989,0.0171654825025858,0.01583963835117831,0.013026172355512738,0.012200564276098462,0.010637686159508396,0.008612586125861748,0.007800048750305133,0.006337507921885263,0.005412500000000308,0.0046250000000002634,0.004037500000000229,0.0034000000000001932,0.002850000000000162,0.0022750000000001293,0.0018375000000001047,0.0014000000000000796,0.000950000000000054,0.000862500000000049,0.0009250000000000526,0.0006875000000000391,0.0007125000000000405,0.0003375000000000192,0.0005125000000000291,0.00026250000000001495,0.0002500000000000142,0.00032500000000001847,0.00016250000000000924,0.00017500000000000995,0.00013750000000000781,0.00013750000000000781,0.00013750000000000781,7.500000000000426e-05,0.00010000000000000568,7.500000000000426e-05,0.0001250000000000071,2.500000000000142e-05,1.250000000000071e-05,2.500000000000142e-05,1.250000000000071e-05,3.750000000000213e-05,6.250000000000355e-05,5.000000000000284e-05,1.250000000000071e-05,2.500000000000142e-05,1.250000000000071e-05,0.0,1.250000000000071e-05,0.0,0.0,0.0,0.0,0.0,0.0,0.0,0.0,0.0,1.250000000000071e-05,0.0,0.0,0.0,0.0,0.0,0.0,0.0,0.0,0.0,0.0,0.0,0.0,0.0,0.0,0.0,0.0,0.0,0.0,0.0,0.0,0.0
38.55,0.023601720036321546,0.022098576911676663,0.021596192467467853,0.019981094233741007,0.018241900858581874,0.017040460780060294,0.01562710965980385,0.013526217359562167,0.011663039415572804,0.011050193378383965,0.008687586875868635,0.007550047187794817,0.006400008000009909,0.005424999999999923,0.004449999999999937,0.0033749999999999523,0.0034124999999999516,0.002612499999999963,0.0024124999999999655,0.0019499999999999724,0.001337499999999981,0.0010249999999999856,0.001049999999999985,0.000562499999999992,0.0005249999999999925,0.0005999999999999915,0.0004999999999999929,0.0003874999999999945,0.0002249999999999968,0.000349999999999995,0.0002374999999999966,0.00021249999999999698,0.0002249999999999968,0.00013749999999999806,0.00012499999999999821,6.249999999999911e-05,7.499999999999894e-05,0.00012499999999999821,0.0001124999999999984,3.749999999999947e-05,1.2499999999999823e-05,6.249999999999911e-05,1.2499999999999823e-05,3.749999999999947e-05,1.2499999999999823e-05,1.2499999999999823e-05,1.2499999999999823e-05,1.2499999999999823e-05,0.0,0.0,0.0,0.0,0.0,1.2499999999999823e-05,0.0,0.0,0.0,3.749999999999947e-05,0.0,0.0,0.0,0.0,0.0,0.0,0.0,0.0,0.0,0.0,0.0,0.0,0.0,0.0,0.0,0.0,0.0,0.0,0.0,0.0,0.0,0.0,0.0,0.0,0.0
38.650000000000006,0.023314046713144337,0.021060556603997454,0.020383204239706194,0.020056117115720012,0.018854548659863923,0.01631533478941943,0.014439449325658759,0.012988668980208035,0.011775544618938458,0.010237679159385144,0.008925089250892382,0.007387546172163471,0.005950007437509213,0.005124999999999927,0.004624999999999934,0.003787499999999946,0.0034624999999999504,0.0027374999999999613,0.0020874999999999705,0.0016624999999999765,0.001349999999999981,0.000987499999999986,0.0009124999999999871,0.0007249999999999898,0.000562499999999992,0.000562499999999992,0.0004874999999999931,0.00033749999999999525,0.0003749999999999947,0.00024999999999999643,0.00029999999999999575,0.0001749999999999975,0.0001749999999999975,0.00014999999999999787,0.00012499999999999821,0.00013749999999999806,7.499999999999894e-05,3.749999999999947e-05,6.249999999999911e-05,2.4999999999999645e-05,1.2499999999999823e-05,4.999999999999929e-05,2.4999999999999645e-05,1.2499999999999823e-05,3.749999999999947e-05,3.749999999999947e-05,1.2499999999999823e-05,0.0,0.0,2.4999999999999645e-05,0.0,0.0,0.0,0.0,1.2499999999999823e-05,1.2499999999999823e-05,0.0,0.0,0.0,0.0,1.2499999999999823e-05,0.0,0.0,0.0,0.0,0.0,0.0,0.0,0.0,0.0,0.0,0.0,0.0,0.0,0.0,0.0,0.0,0.0,0.0,0.0,0.0,0.0,0.0
38.75,0.022463534279403022,0.022236145868116078,0.02059578980539638,0.01949344550087749,0.017441707812009398,0.01677791516275929,0.01448945607657013,0.013113680231220623,0.011863048666000634,0.009900173253031786,0.009262592625926127,0.007787548672179091,0.006150007687509522,0.004999999999999929,0.004299999999999939,0.0036874999999999478,0.003024999999999957,0.002687499999999962,0.002424999999999966,0.0015874999999999776,0.0011124999999999842,0.0012249999999999826,0.0008624999999999877,0.0007624999999999892,0.000562499999999992,0.00039999999999999433,0.0004749999999999932,0.00043749999999999383,0.0003249999999999954,0.00024999999999999643,0.00024999999999999643,0.00018749999999999735,0.00012499999999999821,0.00013749999999999806,0.00014999999999999787,4.999999999999929e-05,4.999999999999929e-05,3.749999999999947e-05,4.999999999999929e-05,3.749999999999947e-05,9.999999999999858e-05,3.749999999999947e-05,6.249999999999911e-05,7.499999999999894e-05,4.999999999999929e-05,1.2499999999999823e-05,3.749999999999947e-05,2.4999999999999645e-05,1.2499999999999823e-05,0.0,1.2499999999999823e-05,0.0,0.0,0.0,0.0,0.0,3.749999999999947e-05,0.0,0.0,0.0,0.0,0.0,0.0,0.0,0.0,0.0,0.0,0.0,0.0,0.0,0.0,0.0,0.0,0.0,0.0,0.0,0.0,0.0,0.0,0.0,0.0,0.0,0.0
38.85000000000001,0.023764318001595626,0.021973514224004467,0.020283163973499045,0.01950594931454066,0.01815437974411301,0.01677791516275929,0.014952018522500327,0.013338700483043284,0.011763044040786718,0.010675186815769124,0.00905009050090488,0.007425046406539935,0.006050007562509367,0.0060624999999999134,0.004174999999999941,0.003249999999999954,0.002962499999999958,0.002424999999999966,0.001987499999999972,0.001474999999999979,0.0014624999999999792,0.0007874999999999887,0.0009999999999999857,0.0007249999999999898,0.00069999999999999,0.00039999999999999433,0.00046249999999999346,0.000349999999999995,0.00029999999999999575,0.00028749999999999593,0.00021249999999999698,0.0002249999999999968,0.00026249999999999624,9.999999999999858e-05,0.00013749999999999806,9.999999999999858e-05,8.749999999999875e-05,0.0001124999999999984,2.4999999999999645e-05,6.249999999999911e-05,4.999999999999929e-05,6.249999999999911e-05,4.999999999999929e-05,4.999999999999929e-05,4.999999999999929e-05,4.999999999999929e-05,1.2499999999999823e-05,1.2499999999999823e-05,0.0,0.0,0.0,0.0,1.2499999999999823e-05,1.2499999999999823e-05,1.2499999999999823e-05,0.0,0.0,0.0,0.0,1.2499999999999823e-05,0.0,0.0,0.0,0.0,0.0,0.0,0.0,0.0,0.0,0.0,0.0,0.0,0.0,0.0,0.0,0.0,0.0,0.0,0.0,0.0,0.0,0.0,0.0
38.95,0.023414106999468512,0.022086070642911015,0.02005807337453439,0.01858066710346761,0.017416701779305245,0.016040286999867138,0.013739354812900522,0.012963666730006438,0.011313023227324907,0.009500166252909966,0.00881258812588176,0.007637547734673776,0.006112507640634899,0.004712500000000268,0.004312500000000245,0.0033500000000001905,0.00298750000000017,0.002337500000000133,0.001900000000000108,0.001600000000000091,0.0012625000000000717,0.0010750000000000611,0.000862500000000049,0.0006250000000000356,0.0006500000000000369,0.00038750000000002205,0.0004500000000000256,0.00030000000000001705,0.0003500000000000199,0.0002250000000000128,0.00021250000000001208,0.0001250000000000071,0.00017500000000000995,0.00020000000000001137,0.00016250000000000924,6.250000000000355e-05,6.250000000000355e-05,7.500000000000426e-05,7.500000000000426e-05,2.500000000000142e-05,2.500000000000142e-05,2.500000000000142e-05,2.500000000000142e-05,3.750000000000213e-05,2.500000000000142e-05,2.500000000000142e-05,1.250000000000071e-05,0.0,0.0,0.0,0.0,0.0,0.0,0.0,0.0,3.750000000000213e-05,0.0,0.0,0.0,0.0,0.0,0.0,0.0,0.0,0.0,0.0,0.0,0.0,0.0,0.0,0.0,0.0,0.0,0.0,0.0,0.0,0.0,0.0,0.0,0.0,0.0,0.0,0.0
39.05,0.02261362470888678,0.021560807354686233,0.020670820005051736,0.0188057357494033,0.017616750040947128,0.016077793516623286,0.014864506708405422,0.0124511206008539,0.011138015133199751,0.009812671721754991,0.007875078750787396,0.006775042344014553,0.0058625073281340775,0.004849999999999932,0.0039624999999999435,0.0031124999999999556,0.002512499999999964,0.002174999999999969,0.001549999999999978,0.001474999999999979,0.001337499999999981,0.0010374999999999853,0.0008749999999999877,0.0006374999999999909,0.000562499999999992,0.0004999999999999929,0.0003874999999999945,0.0002749999999999961,0.0003249999999999954,0.00013749999999999806,0.00021249999999999698,0.0001124999999999984,0.00018749999999999735,0.0001624999999999977,9.999999999999858e-05,8.749999999999875e-05,9.999999999999858e-05,7.499999999999894e-05,7.499999999999894e-05,1.2499999999999823e-05,1.2499999999999823e-05,0.0,2.4999999999999645e-05,3.749999999999947e-05,3.749999999999947e-05,1.2499999999999823e-05,0.0,0.0,2.4999999999999645e-05,1.2499999999999823e-05,0.0,0.0,0.0,0.0,0.0,0.0,0.0,0.0,1.2499999999999823e-05,0.0,0.0,0.0,0.0,0.0,0.0,0.0,0.0,0.0,0.0,0.0,0.0,0.0,0.0,0.0,0.0,0.0,0.0,0.0,0.0,0.0,0.0,0.0,0.0
39.150000000000006,0.021300333450903864,0.02071038107851531,0.019507851910393656,0.019105827277319312,0.017616750040947128,0.015115126253186277,0.0143644391992917,0.013101179106119364,0.010813000101254529,0.010175178065616004,0.007850078500784896,0.007025043906524316,0.005087506359382877,0.005424999999999923,0.004099999999999942,0.0031999999999999546,0.00278749999999996,0.002399999999999966,0.002049999999999971,0.001549999999999978,0.0014249999999999799,0.0010874999999999845,0.0008499999999999879,0.0005874999999999917,0.00046249999999999346,0.0004749999999999932,0.0004874999999999931,0.0002749999999999961,0.00029999999999999575,0.00028749999999999593,0.00024999999999999643,0.00013749999999999806,0.00014999999999999787,0.00013749999999999806,0.00012499999999999821,8.749999999999875e-05,0.00012499999999999821,8.749999999999875e-05,4.999999999999929e-05,2.4999999999999645e-05,7.499999999999894e-05,3.749999999999947e-05,1.2499999999999823e-05,4.999999999999929e-05,2.4999999999999645e-05,2.4999999999999645e-05,2.4999999999999645e-05,1.2499999999999823e-05,0.0,0.0,0.0,1.2499999999999823e-05,1.2499999999999823e-05,1.2499999999999823e-05,0.0,0.0,0.0,1.2499999999999823e-05,0.0,0.0,0.0,0.0,0.0,0.0,0.0,0.0,0.0,0.0,0.0,0.0,0.0,0.0,0.0,0.0,0.0,0.0,0.0,0.0,0.0,0.0,0.0,0.0,0.0
39.25,0.02088758476982352,0.02117311302290243,0.02033318410660262,0.0187307128674243,0.018116870695054924,0.016015282655361143,0.013514324433798372,0.01326369373243573,0.011113013976896275,0.009600168002939915,0.007750077500774897,0.006775042344014553,0.006212507765634618,0.004537499999999936,0.004037499999999942,0.003174999999999955,0.0029124999999999585,0.002374999999999966,0.0017249999999999755,0.0015374999999999781,0.0011124999999999842,0.0008874999999999874,0.0008124999999999885,0.0006874999999999902,0.0005374999999999924,0.0005124999999999928,0.0004999999999999929,0.00033749999999999525,0.00026249999999999624,0.0003749999999999947,0.0001624999999999977,0.0002374999999999966,0.00012499999999999821,9.999999999999858e-05,9.999999999999858e-05,6.249999999999911e-05,3.749999999999947e-05,8.749999999999875e-05,4.999999999999929e-05,7.499999999999894e-05,3.749999999999947e-05,6.249999999999911e-05,7.499999999999894e-05,2.4999999999999645e-05,2.4999999999999645e-05,2.4999999999999645e-05,1.2499999999999823e-05,0.0,0.0,0.0,0.0,0.0,0.0,0.0,3.749999999999947e-05,0.0,0.0,0.0,0.0,0.0,0.0,0.0,0.0,0.0,0.0,0.0,0.0,0.0,0.0,0.0,0.0,0.0,0.0,0.0,0.0,0.0,0.0,0.0,0.0,0.0,0.0,0.0,0.0
39.35000000000001,0.02167555952461327,0.019972511221249368,0.019670417342980268,0.019193353972961482,0.016578999683673448,0.015402676214992136,0.013426812619703469,0.012313608224740051,0.010587989694523221,0.009212661221571246,0.007550075500754901,0.0069125432033949235,0.0058625073281340775,0.004874999999999931,0.00423749999999994,0.002887499999999959,0.0026624999999999618,0.0022124999999999684,0.0016749999999999762,0.0012999999999999815,0.0009374999999999866,0.0009249999999999869,0.0009749999999999862,0.0005874999999999917,0.0006249999999999911,0.00046249999999999346,0.00043749999999999383,0.00021249999999999698,0.00031249999999999556,0.0002249999999999968,0.0001749999999999975,0.00013749999999999806,0.00013749999999999806,0.00014999999999999787,6.249999999999911e-05,4.999999999999929e-05,3.749999999999947e-05,2.4999999999999645e-05,1.2499999999999823e-05,4.999999999999929e-05,6.249999999999911e-05,4.999999999999929e-05,7.499999999999894e-05,4.999999999999929e-05,3.749999999999947e-05,1.2499999999999823e-05,0.0,1.2499999999999823e-05,0.0,0.0,0.0,0.0,1.2499999999999823e-05,0.0,0.0,0.0,0.0,0.0,0.0,0.0,0.0,0.0,0.0,0.0,0.0,0.0,0.0,0.0,0.0,0.0,0.0,0.0,0.0,0.0,0.0,0.0,0.0,0.0,0.0,0.0,0.0,0.0,0.0
39.45,0.021500454023550414,0.020610330928379023,0.019607892176602196,0.018155537438919903,0.016791550961670457,0.015315161009226225,0.01366434468653346,0.012426118350652266,0.010725496054193116,0.009287662534094875,0.007737577375774198,0.006987543672148348,0.0055625069531340075,0.004612500000000262,0.004150000000000236,0.003062500000000174,0.003025000000000172,0.0022750000000001293,0.0018250000000001037,0.0013500000000000768,0.000862500000000049,0.0007250000000000413,0.0009125000000000518,0.0007375000000000419,0.0006125000000000348,0.0003125000000000178,0.0003750000000000213,0.0002250000000000128,0.00028750000000001637,0.00028750000000001637,0.00021250000000001208,0.00018750000000001066,0.00015000000000000852,0.00016250000000000924,0.0001250000000000071,7.500000000000426e-05,0.0001125000000000064,3.750000000000213e-05,6.250000000000355e-05,3.750000000000213e-05,3.750000000000213e-05,1.250000000000071e-05,1.250000000000071e-05,2.500000000000142e-05,1.250000000000071e-05,0.0,0.0,1.250000000000071e-05,1.250000000000071e-05,0.0,1.250000000000071e-05,1.250000000000071e-05,0.0,3.750000000000213e-05,0.0,0.0,1.250000000000071e-05,0.0,0.0,0.0,0.0,0.0,0.0,0.0,0.0,0.0,0.0,0.0,0.0,0.0,0.0,0.0,0.0,0.0,0.0,0.0,0.0,0.0,0.0,0.0,0.0,0.0,0.0
39.55,0.021663051988822957,0.01952228554562947,0.01914520594539275,0.017980484047634273,0.015491237260988992,0.01489008715264256,0.012351667475108965,0.011688551969677104,0.010387980444095392,0.009000157502756172,0.008175081750817392,0.006300039375246006,0.0054250067812583996,0.004662499999999933,0.0039624999999999435,0.002962499999999958,0.002374999999999966,0.002249999999999968,0.0015624999999999778,0.0014374999999999796,0.0008874999999999874,0.0009624999999999864,0.0005499999999999922,0.0005249999999999925,0.0005999999999999915,0.0005749999999999919,0.000349999999999995,0.0004124999999999942,0.0001749999999999975,0.0002374999999999966,0.0001624999999999977,0.00026249999999999624,9.999999999999858e-05,9.999999999999858e-05,4.999999999999929e-05,8.749999999999875e-05,6.249999999999911e-05,7.499999999999894e-05,1.2499999999999823e-05,1.2499999999999823e-05,1.2499999999999823e-05,3.749999999999947e-05,3.749999999999947e-05,3.749999999999947e-05,1.2499999999999823e-05,1.2499999999999823e-05,1.2499999999999823e-05,0.0,0.0,0.0,0.0,0.0,0.0,0.0,0.0,0.0,0.0,0.0,0.0,0.0,0.0,0.0,0.0,0.0,0.0,0.0,0.0,0.0,0.0,0.0,0.0,0.0,0.0,0.0,0.0,0.0,0.0,0.0,0.0,0.0,0.0,0.0,0.0
39.650000000000006,0.021512961559339197,0.020047548833852683,0.019057670712461495,0.017167736159528414,0.017204150501308198,0.014102450300739554,0.013151775489690922,0.011338520466841855,0.010750497210495834,0.00831264547129563,0.007350073500734903,0.006262539140869542,0.005100006375007897,0.004424999999999937,0.003787499999999946,0.003249999999999954,0.00281249999999996,0.0021499999999999696,0.0018874999999999732,0.0012499999999999822,0.0010749999999999848,0.0010249999999999856,0.00069999999999999,0.0005374999999999924,0.00042499999999999396,0.0004749999999999932,0.00042499999999999396,0.000349999999999995,0.0003249999999999954,0.00021249999999999698,0.00021249999999999698,0.00014999999999999787,0.00019999999999999716,0.0001624999999999977,7.499999999999894e-05,8.749999999999875e-05,6.249999999999911e-05,6.249999999999911e-05,2.4999999999999645e-05,6.249999999999911e-05,2.4999999999999645e-05,1.2499999999999823e-05,4.999999999999929e-05,1.2499999999999823e-05,3.749999999999947e-05,2.4999999999999645e-05,0.0,0.0,0.0,0.0,0.0,1.2499999999999823e-05,0.0,0.0,0.0,1.2499999999999823e-05,0.0,0.0,0.0,0.0,0.0,0.0,0.0,0.0,0.0,0.0,0.0,0.0,0.0,0.0,0.0,0.0,0.0,0.0,0.0,0.0,0.0,0.0,0.0,0.0,0.0,0.0,0.0
39.75,0.02054988130348506,0.01996000495248215,0.018132298250045385,0.017130224718538912,0.015853824735217147,0.014314987229030842,0.012689213043760727,0.011413527217449409,0.010137968881060605,0.008487648533849222,0.007150071500714906,0.005937537109606851,0.004925006156257626,0.00419999999999994,0.003249999999999954,0.0033124999999999526,0.0024749999999999646,0.0022874999999999675,0.001837499999999974,0.001337499999999981,0.000987499999999986,0.0007249999999999898,0.0007374999999999895,0.0005874999999999917,0.0004499999999999936,0.00043749999999999383,0.000349999999999995,0.00019999999999999716,0.0002249999999999968,0.00019999999999999716,9.999999999999858e-05,0.0001749999999999975,0.0001624999999999977,9.999999999999858e-05,7.499999999999894e-05,8.749999999999875e-05,0.0001124999999999984,4.999999999999929e-05,1.2499999999999823e-05,4.999999999999929e-05,3.749999999999947e-05,6.249999999999911e-05,2.4999999999999645e-05,2.4999999999999645e-05,1.2499999999999823e-05,0.0,1.2499999999999823e-05,1.2499999999999823e-05,0.0,0.0,1.2499999999999823e-05,0.0,3.749999999999947e-05,0.0,0.0,0.0,0.0,0.0,0.0,0.0,0.0,0.0,0.0,0.0,0.0,0.0,0.0,0.0,0.0,0.0,0.0,0.0,0.0,0.0,0.0,0.0,0.0,0.0,0.0,0.0,0.0,0.0,0.0
39.85000000000001,0.020612418982436626,0.01949727300809503,0.018544964348149867,0.017580362010412926,0.016166400144034518,0.014327489401283268,0.01310176873877955,0.011726055344980882,0.009425435926411463,0.008662651596402815,0.007212572125721155,0.006000037500234291,0.005175006468758012,0.0043874999999999375,0.003587499999999949,0.003337499999999953,0.0027124999999999615,0.00211249999999997,0.0015249999999999784,0.0011749999999999833,0.0010874999999999845,0.0009374999999999866,0.0007124999999999899,0.0006624999999999906,0.0003249999999999954,0.0004749999999999932,0.00029999999999999575,0.0003874999999999945,0.00018749999999999735,0.00021249999999999698,0.0001124999999999984,0.0001624999999999977,0.0001124999999999984,0.00012499999999999821,7.499999999999894e-05,8.749999999999875e-05,6.249999999999911e-05,4.999999999999929e-05,9.999999999999858e-05,3.749999999999947e-05,3.749999999999947e-05,6.249999999999911e-05,4.999999999999929e-05,4.999999999999929e-05,1.2499999999999823e-05,0.0,1.2499999999999823e-05,0.0,0.0,1.2499999999999823e-05,0.0,0.0,0.0,0.0,1.2499999999999823e-05,0.0,0.0,0.0,0.0,0.0,0.0,0.0,0.0,0.0,0.0,0.0,0.0,0.0,0.0,0.0,0.0,0.0,0.0,0.0,0.0,0.0,0.0,0.0,0.0,0.0,0.0,0.0,0.0
39.95,0.01963683119079357,0.019522285545630857,0.018845085146772647,0.01706770565022429,0.01562877044086975,0.013602363410643373,0.012464182664660439,0.011438529467652739,0.01035047870964091,0.009062658596525955,0.0076375763757641916,0.005800036250226894,0.00513750642188332,0.00440000000000025,0.003625000000000206,0.002937500000000167,0.0024000000000001364,0.0023125000000001317,0.001562500000000089,0.001387500000000079,0.0007750000000000441,0.001037500000000059,0.0005875000000000334,0.0006250000000000356,0.00036250000000002063,0.0003500000000000199,0.0002500000000000142,0.0003125000000000178,0.0002250000000000128,0.0002500000000000142,0.00017500000000000995,0.0001250000000000071,0.0001250000000000071,0.0001125000000000064,7.500000000000426e-05,3.750000000000213e-05,5.000000000000284e-05,2.500000000000142e-05,5.000000000000284e-05,7.500000000000426e-05,6.250000000000355e-05,3.750000000000213e-05,2.500000000000142e-05,0.0,0.0,1.250000000000071e-05,0.0,0.0,0.0,0.0,1.250000000000071e-05,0.0,0.0,0.0,0.0,0.0,0.0,0.0,0.0,0.0,0.0,0.0,0.0,0.0,0.0,0.0,0.0,0.0,0.0,0.0,0.0,0.0,0.0,0.0,0.0,0.0,0.0,0.0,0.0,0.0,0.0,0.0,0.0
40.05,0.02002456480029189,0.019897473608646053,0.017944722750906986,0.01725526285517058,0.015278685982993182,0.014552528501826985,0.012489186040115239,0.010863477712994014,0.009325431301197548,0.00856264984637219,0.007125071250712406,0.005800036250226482,0.005475006843758477,0.003999999999999943,0.003049999999999957,0.002874999999999959,0.0023499999999999667,0.0019374999999999724,0.001474999999999979,0.0011624999999999834,0.0010874999999999845,0.00069999999999999,0.0006874999999999902,0.0005249999999999925,0.0005374999999999924,0.00046249999999999346,0.00028749999999999593,0.00028749999999999593,0.0003249999999999954,0.0001624999999999977,0.0002249999999999968,0.0001624999999999977,0.0001124999999999984,3.749999999999947e-05,6.249999999999911e-05,8.749999999999875e-05,2.4999999999999645e-05,4.999999999999929e-05,1.2499999999999823e-05,1.2499999999999823e-05,3.749999999999947e-05,3.749999999999947e-05,3.749999999999947e-05,1.2499999999999823e-05,2.4999999999999645e-05,0.0,0.0,0.0,0.0,0.0,0.0,3.749999999999947e-05,0.0,0.0,0.0,0.0,0.0,0.0,0.0,0.0,0.0,0.0,0.0,0.0,0.0,0.0,0.0,0.0,0.0,0.0,0.0,0.0,0.0,0.0,0.0,0.0,0.0,0.0,0.0,0.0,0.0,0.0,0.0
40.150000000000006,0.019574293511840608,0.01872188434452743,0.01914520594539275,0.017467827687444423,0.015166158835818925,0.013977428578215267,0.012351667475108965,0.010825974337690237,0.009575442864232335,0.008150142627495865,0.006925069250692408,0.005925037031481363,0.004750005937507355,0.00421249999999994,0.0033749999999999523,0.002987499999999957,0.002199999999999969,0.0017499999999999753,0.0014499999999999795,0.0012999999999999815,0.0010249999999999856,0.0008999999999999872,0.0005499999999999922,0.0004874999999999931,0.0005124999999999928,0.00043749999999999383,0.0003249999999999954,0.0002749999999999961,0.00029999999999999575,0.0001749999999999975,0.00014999999999999787,0.00012499999999999821,0.0001624999999999977,0.00013749999999999806,6.249999999999911e-05,7.499999999999894e-05,4.999999999999929e-05,1.2499999999999823e-05,1.2499999999999823e-05,1.2499999999999823e-05,1.2499999999999823e-05,2.4999999999999645e-05,1.2499999999999823e-05,3.749999999999947e-05,1.2499999999999823e-05,0.0,1.2499999999999823e-05,0.0,1.2499999999999823e-05,1.2499999999999823e-05,0.0,0.0,0.0,1.2499999999999823e-05,0.0,0.0,0.0,0.0,0.0,0.0,0.0,0.0,0.0,0.0,0.0,0.0,0.0,0.0,0.0,0.0,0.0,0.0,0.0,0.0,0.0,0.0,0.0,0.0,0.0,0.0,0.0,0.0,0.0
40.25,0.019561785976050294,0.01930967897658674,0.0179197126843552,0.016304973016769884,0.01530369201569857,0.013227298243069544,0.012926745110589746,0.010550949585462542,0.009750450958356685,0.007712634971111886,0.006912569125691159,0.005387533672085374,0.004612505765632141,0.0037499999999999465,0.0029374999999999584,0.002312499999999967,0.0022999999999999674,0.0015874999999999776,0.0015124999999999785,0.0012624999999999822,0.0009999999999999857,0.0007624999999999892,0.0006624999999999906,0.0004999999999999929,0.0004999999999999929,0.0004874999999999931,0.00019999999999999716,0.00031249999999999556,0.00026249999999999624,0.00019999999999999716,0.00013749999999999806,9.999999999999858e-05,0.00012499999999999821,3.749999999999947e-05,7.499999999999894e-05,6.249999999999911e-05,9.999999999999858e-05,2.4999999999999645e-05,6.249999999999911e-05,2.4999999999999645e-05,2.4999999999999645e-05,4.999999999999929e-05,2.4999999999999645e-05,1.2499999999999823e-05,0.0,2.4999999999999645e-05,0.0,0.0,0.0,0.0,0.0,0.0,0.0,0.0,0.0,0.0,0.0,0.0,0.0,0.0,0.0,0.0,0.0,0.0,0.0,0.0,0.0,0.0,0.0,0.0,0.0,0.0,0.0,0.0,0.0,0.0,0.0,0.0,0.0,0.0,0.0,0.0,0.0
40.35000000000001,0.01973689147711468,0.018546796581786356,0.017419511353319463,0.016379995898748886,0.014816074377943467,0.013014761314778259,0.012389172538292494,0.010750967587082685,0.009575442864232335,0.007337628408497044,0.00676256762567616,0.005712535703348065,0.005150006437507974,0.003974999999999944,0.003174999999999955,0.0028624999999999593,0.002262499999999968,0.0019499999999999724,0.0014249999999999799,0.0012874999999999818,0.0008249999999999884,0.0009749999999999862,0.0005999999999999915,0.0006124999999999913,0.00033749999999999525,0.0003624999999999949,0.00021249999999999698,0.00024999999999999643,0.0002374999999999966,0.0001624999999999977,0.0002749999999999961,0.0001749999999999975,0.0001624999999999977,7.499999999999894e-05,9.999999999999858e-05,8.749999999999875e-05,3.749999999999947e-05,1.2499999999999823e-05,6.249999999999911e-05,6.249999999999911e-05,8.749999999999875e-05,3.749999999999947e-05,4.999999999999929e-05,1.2499999999999823e-05,0.0,0.0,0.0,0.0,0.0,1.2499999999999823e-05,1.2499999999999823e-05,0.0,0.0,0.0,0.0,0.0,0.0,0.0,0.0,0.0,0.0,0.0,0.0,0.0,0.0,0.0,0.0,0.0,0.0,0.0,0.0,0.0,0.0,0.0,0.0,0.0,0.0,0.0,0.0,0.0,0.0,0.0,0.0
40.45,0.01904897700864879,0.018021533293564422,0.016831774789353673,0.015292164110054435,0.01472855326347565,0.01333981779334235,0.012389172538293374,0.010225920332830535,0.009037918003708185,0.007725135189866262,0.0066375663756641345,0.005712535703348471,0.004575005718757409,0.003962500000000225,0.0030500000000001732,0.0027000000000001537,0.0022750000000001293,0.0015375000000000876,0.0014500000000000825,0.0009250000000000526,0.0009250000000000526,0.0007000000000000398,0.0006875000000000391,0.0005625000000000319,0.00041250000000002347,0.0004500000000000256,0.00038750000000002205,0.0002250000000000128,0.00021250000000001208,0.00020000000000001137,0.0001250000000000071,0.00015000000000000852,0.00010000000000000568,7.500000000000426e-05,0.00010000000000000568,7.500000000000426e-05,2.500000000000142e-05,0.00010000000000000568,3.750000000000213e-05,5.000000000000284e-05,5.000000000000284e-05,2.500000000000142e-05,0.0,1.250000000000071e-05,1.250000000000071e-05,0.0,0.0,0.0,1.250000000000071e-05,0.0,2.500000000000142e-05,0.0,1.250000000000071e-05,0.0,0.0,0.0,0.0,0.0,0.0,0.0,0.0,0.0,0.0,0.0,0.0,0.0,0.0,0.0,0.0,0.0,0.0,0.0,0.0,0.0,0.0,0.0,0.0,0.0,0.0,0.0,0.0,0.0,0.0
40.55,0.019386680474985905,0.01804654583109758,0.017281955987284638,0.016555049290033225,0.014528505001831485,0.012314639668642251,0.011589064523710536,0.01047594283485499,0.009025417425555803,0.0070376231584051725,0.006487564875648664,0.005600035000218672,0.004675005843757238,0.004024999999999943,0.0027749999999999607,0.002587499999999963,0.0021499999999999696,0.0016624999999999765,0.001337499999999981,0.0008499999999999879,0.0007374999999999895,0.0008624999999999877,0.0005249999999999925,0.0006249999999999911,0.0005374999999999924,0.00031249999999999556,0.0003249999999999954,0.00026249999999999624,0.0002249999999999968,0.0001124999999999984,0.00021249999999999698,0.00012499999999999821,0.0001124999999999984,7.499999999999894e-05,4.999999999999929e-05,6.249999999999911e-05,4.999999999999929e-05,4.999999999999929e-05,6.249999999999911e-05,1.2499999999999823e-05,1.2499999999999823e-05,3.749999999999947e-05,1.2499999999999823e-05,1.2499999999999823e-05,0.0,0.0,0.0,1.2499999999999823e-05,0.0,0.0,0.0,0.0,0.0,0.0,0.0,0.0,0.0,0.0,0.0,0.0,0.0,0.0,0.0,0.0,0.0,0.0,0.0,0.0,0.0,0.0,0.0,0.0,0.0,0.0,0.0,0.0,0.0,0.0,0.0,0.0,0.0,0.0,0.0
40.650000000000006,0.01958680104763092,0.018221633593838653,0.016781754656248902,0.01545471368767452,0.01377832402066979,0.012677202663962684,0.011226515579603087,0.010188416957526033,0.008787906440672757,0.00806264109621907,0.006700067000669911,0.005162532265826587,0.004512505640631987,0.004037499999999942,0.003087499999999956,0.0029374999999999584,0.002262499999999968,0.0017749999999999747,0.0014249999999999799,0.0008874999999999874,0.0009249999999999869,0.0005749999999999919,0.0005124999999999928,0.00043749999999999383,0.00042499999999999396,0.0003624999999999949,0.00028749999999999593,0.0002249999999999968,0.00019999999999999716,9.999999999999858e-05,0.00012499999999999821,0.0001624999999999977,9.999999999999858e-05,7.499999999999894e-05,3.749999999999947e-05,3.749999999999947e-05,4.999999999999929e-05,1.2499999999999823e-05,1.2499999999999823e-05,3.749999999999947e-05,3.749999999999947e-05,2.4999999999999645e-05,3.749999999999947e-05,1.2499999999999823e-05,1.2499999999999823e-05,1.2499999999999823e-05,0.0,0.0,0.0,0.0,0.0,0.0,0.0,0.0,0.0,0.0,0.0,0.0,0.0,0.0,0.0,0.0,0.0,0.0,0.0,0.0,0.0,0.0,0.0,0.0,0.0,0.0,0.0,0.0,0.0,0.0,0.0,0.0,0.0,0.0,0.0,0.0,0.0
40.75,0.018461122826502707,0.018146595981235338,0.016856784855904264,0.01589234716588537,0.013965869265960214,0.012402154874409254,0.011389037520065048,0.010300927083437364,0.008287883314603181,0.007362628846004701,0.006187561875618669,0.005300033125206958,0.004475005593756929,0.003987499999999943,0.0026499999999999623,0.0022874999999999675,0.002162499999999969,0.0016499999999999768,0.001124999999999984,0.0010124999999999856,0.0010249999999999856,0.00069999999999999,0.0005499999999999922,0.0004124999999999942,0.00046249999999999346,0.0003749999999999947,0.0003249999999999954,0.0001624999999999977,0.0002249999999999968,0.0001624999999999977,0.00012499999999999821,9.999999999999858e-05,7.499999999999894e-05,4.999999999999929e-05,0.0001124999999999984,2.4999999999999645e-05,2.4999999999999645e-05,1.2499999999999823e-05,1.2499999999999823e-05,1.2499999999999823e-05,4.999999999999929e-05,2.4999999999999645e-05,1.2499999999999823e-05,0.0,1.2499999999999823e-05,0.0,0.0,0.0,1.2499999999999823e-05,3.749999999999947e-05,0.0,1.2499999999999823e-05,0.0,0.0,0.0,0.0,0.0,0.0,0.0,0.0,0.0,0.0,0.0,0.0,0.0,0.0,0.0,0.0,0.0,0.0,0.0,0.0,0.0,0.0,0.0,0.0,0.0,0.0,0.0,0.0,0.0,0.0,0.0
40.85000000000001,0.019124022223389322,0.01869687180699299,0.017094380488146235,0.01532967555104285,0.013703305922553621,0.012614691802700539,0.010851464947767795,0.009963396705703372,0.007987869438961438,0.00711262447092814,0.006075060750607419,0.004937530859567802,0.0043250054062566965,0.0035624999999999494,0.0033124999999999526,0.002699999999999962,0.0021374999999999697,0.0017499999999999753,0.0012624999999999822,0.0008999999999999872,0.00069999999999999,0.0007249999999999898,0.0006249999999999911,0.0003249999999999954,0.0004499999999999936,0.00019999999999999716,0.0003249999999999954,0.00026249999999999624,0.0001624999999999977,0.0002249999999999968,0.00014999999999999787,0.00013749999999999806,9.999999999999858e-05,6.249999999999911e-05,6.249999999999911e-05,8.749999999999875e-05,1.2499999999999823e-05,6.249999999999911e-05,2.4999999999999645e-05,3.749999999999947e-05,2.4999999999999645e-05,3.749999999999947e-05,1.2499999999999823e-05,0.0,0.0,0.0,0.0,1.2499999999999823e-05,0.0,0.0,0.0,0.0,0.0,0.0,0.0,0.0,0.0,0.0,0.0,0.0,0.0,0.0,0.0,0.0,0.0,0.0,0.0,0.0,0.0,0.0,0.0,0.0,0.0,0.0,0.0,0.0,0.0,0.0,0.0,0.0,0.0,0.0,0.0
40.95,0.01823598718227836,0.01747125746780673,0.0172069257876305,0.015092103091443747,0.013553269726322247,0.012427159218914994,0.0114015392077937,0.009113320198818413,0.008587897190245537,0.00706262359591333,0.005612556125561575,0.004887530547066197,0.004100005125006639,0.0031125000000001768,0.0032125000000001827,0.002450000000000139,0.002162500000000123,0.0017500000000000996,0.0013375000000000763,0.0011125000000000633,0.0008750000000000498,0.0006250000000000356,0.0006375000000000363,0.00038750000000002205,0.00032500000000001847,0.0003500000000000199,0.00028750000000001637,0.00032500000000001847,0.00017500000000000995,0.0001125000000000064,0.00013750000000000781,0.0001250000000000071,5.000000000000284e-05,8.750000000000497e-05,7.500000000000426e-05,7.500000000000426e-05,2.500000000000142e-05,6.250000000000355e-05,6.250000000000355e-05,8.750000000000497e-05,5.000000000000284e-05,1.250000000000071e-05,0.0,1.250000000000071e-05,0.0,0.0,1.250000000000071e-05,0.0,0.0,0.0,0.0,0.0,0.0,0.0,0.0,0.0,0.0,0.0,0.0,0.0,0.0,0.0,0.0,0.0,0.0,0.0,0.0,0.0,0.0,0.0,0.0,0.0,0.0,0.0,0.0,0.0,0.0,0.0,0.0,0.0,0.0,0.0,0.0
41.05,0.017860761108567658,0.017733889111917096,0.016093977826074767,0.014729492495210831,0.013915857200549435,0.012089600568098534,0.01071394638276152,0.009925893330399595,0.008825408175127974,0.007087624033420484,0.0059625596255961704,0.005075031718948172,0.0041125051406313675,0.003662499999999948,0.003237499999999954,0.0026249999999999624,0.0020749999999999705,0.001487499999999979,0.0010874999999999845,0.0008249999999999884,0.0010124999999999856,0.0006374999999999909,0.000562499999999992,0.0004874999999999931,0.0004499999999999936,0.00021249999999999698,0.00024999999999999643,0.00028749999999999593,0.0001624999999999977,0.00018749999999999735,9.999999999999858e-05,0.00013749999999999806,8.749999999999875e-05,9.999999999999858e-05,7.499999999999894e-05,2.4999999999999645e-05,6.249999999999911e-05,2.4999999999999645e-05,4.999999999999929e-05,3.749999999999947e-05,1.2499999999999823e-05,1.2499999999999823e-05,2.4999999999999645e-05,0.0,0.0,0.0,0.0,1.2499999999999823e-05,0.0,0.0,1.2499999999999823e-05,0.0,0.0,0.0,0.0,0.0,0.0,0.0,0.0,0.0,0.0,0.0,0.0,0.0,0.0,0.0,0.0,0.0,0.0,0.0,0.0,0.0,0.0,0.0,0.0,0.0,0.0,0.0,0.0,0.0,0.0,0.0,0.0
41.150000000000006,0.01768565560750327,0.01700852552341837,0.01578135199417743,0.01497956876847417,0.013278203366561995,0.012002085362331534,0.010363899126381913,0.00927583482513413,0.008600397768396667,0.007350128627250872,0.005487554875548677,0.004962531015818779,0.004262505328131599,0.003449999999999951,0.0028499999999999598,0.0024874999999999646,0.002324999999999967,0.001487499999999979,0.0013624999999999807,0.0009374999999999866,0.0006749999999999905,0.0005499999999999922,0.00039999999999999433,0.00046249999999999346,0.00043749999999999383,0.00031249999999999556,0.0002749999999999961,0.0002249999999999968,0.0002374999999999966,0.00024999999999999643,0.00018749999999999735,0.00014999999999999787,7.499999999999894e-05,8.749999999999875e-05,9.999999999999858e-05,4.999999999999929e-05,4.999999999999929e-05,7.499999999999894e-05,2.4999999999999645e-05,1.2499999999999823e-05,3.749999999999947e-05,3.749999999999947e-05,1.2499999999999823e-05,1.2499999999999823e-05,1.2499999999999823e-05,0.0,0.0,0.0,3.749999999999947e-05,0.0,0.0,0.0,0.0,0.0,0.0,0.0,0.0,0.0,0.0,0.0,0.0,0.0,0.0,0.0,0.0,0.0,0.0,0.0,0.0,0.0,0.0,0.0,0.0,0.0,0.0,0.0,0.0,0.0,0.0,0.0,0.0,0.0,0.0
41.25,0.01801085153805142,0.016483262235195157,0.015193615430210444,0.014504423849273822,0.012815591761512283,0.012564683113690824,0.010826461572312108,0.009388344951045461,0.00813787637678231,0.007025122939651344,0.005787557875578674,0.005300033125206958,0.003950004937506115,0.0030749999999999562,0.00283749999999996,0.002262499999999968,0.0017999999999999744,0.0015124999999999785,0.0011624999999999834,0.0009624999999999864,0.0009749999999999862,0.0005999999999999915,0.000562499999999992,0.0004874999999999931,0.0004874999999999931,0.00018749999999999735,0.00029999999999999575,0.00026249999999999624,0.00013749999999999806,0.00014999999999999787,0.00012499999999999821,0.0001124999999999984,7.499999999999894e-05,6.249999999999911e-05,2.4999999999999645e-05,2.4999999999999645e-05,4.999999999999929e-05,1.2499999999999823e-05,2.4999999999999645e-05,3.749999999999947e-05,1.2499999999999823e-05,1.2499999999999823e-05,0.0,1.2499999999999823e-05,0.0,0.0,1.2499999999999823e-05,0.0,0.0,0.0,0.0,0.0,0.0,0.0,0.0,0.0,0.0,0.0,0.0,0.0,0.0,0.0,0.0,0.0,0.0,0.0,0.0,0.0,0.0,0.0,0.0,0.0,0.0,0.0,0.0,0.0,0.0,0.0,0.0,0.0,0.0,0.0,0.0
41.35000000000001,0.01776070082224515,0.016470755966427938,0.016356583524868528,0.01442940096729482,0.01314067018668235,0.012314639668642251,0.010238882249103484,0.009588362952665604,0.007437844000284907,0.006637616158282676,0.005650056500564925,0.00455002843767767,0.00406250507813129,0.0032624999999999534,0.00283749999999996,0.002187499999999969,0.0016874999999999761,0.0013749999999999804,0.0012749999999999819,0.0009749999999999862,0.0007124999999999899,0.0006624999999999906,0.0004874999999999931,0.00046249999999999346,0.000349999999999995,0.0002249999999999968,0.00019999999999999716,0.00018749999999999735,0.0001624999999999977,0.0001624999999999977,0.00012499999999999821,8.749999999999875e-05,6.249999999999911e-05,3.749999999999947e-05,3.749999999999947e-05,4.999999999999929e-05,1.2499999999999823e-05,1.2499999999999823e-05,1.2499999999999823e-05,4.999999999999929e-05,4.999999999999929e-05,1.2499999999999823e-05,0.0,0.0,0.0,0.0,0.0,0.0,0.0,0.0,0.0,0.0,0.0,0.0,0.0,0.0,0.0,0.0,0.0,0.0,0.0,0.0,0.0,0.0,0.0,0.0,0.0,0.0,0.0,0.0,0.0,0.0,0.0,0.0,0.0,0.0,0.0,0.0,0.0,0.0,0.0,0.0,0.0
41.45,0.018361062540181505,0.016370705816291346,0.015143595297107945,0.014204332321358822,0.01259053746716467,0.011764544089536226,0.010576427817755998,0.009113320198818413,0.007450344578437177,0.006587615283267831,0.005225052250522802,0.004525028281427017,0.0036375045468808906,0.0028375000000001615,0.0024875000000001415,0.002062500000000117,0.001512500000000086,0.0014625000000000833,0.0011750000000000668,0.001037500000000059,0.0008500000000000483,0.0005750000000000327,0.0006500000000000369,0.00030000000000001705,0.00042500000000002415,0.00042500000000002415,0.00030000000000001705,0.0002250000000000128,0.0001250000000000071,0.00017500000000000995,0.00016250000000000924,0.0001125000000000064,5.000000000000284e-05,8.750000000000497e-05,2.500000000000142e-05,1.250000000000071e-05,5.000000000000284e-05,2.500000000000142e-05,5.000000000000284e-05,3.750000000000213e-05,2.500000000000142e-05,0.0,1.250000000000071e-05,0.0,0.0,1.250000000000071e-05,0.0,0.0,0.0,1.250000000000071e-05,0.0,0.0,0.0,0.0,0.0,0.0,0.0,0.0,0.0,0.0,0.0,0.0,0.0,0.0,0.0,0.0,0.0,0.0,0.0,0.0,0.0,0.0,0.0,0.0,0.0,0.0,0.0,0.0,0.0,0.0,0.0,0.0,0.0
41.55,0.01768565560750327,0.017146094479857786,0.015793857027453326,0.013366576805925616,0.011990392682234419,0.011702033228273246,0.010113865371825053,0.00905081457331147,0.007337839375070992,0.006700117252051815,0.005562555625556176,0.005175032343952076,0.0039000048750060384,0.0029124999999999585,0.0025499999999999638,0.002262499999999968,0.0019249999999999727,0.001487499999999979,0.0012874999999999818,0.0008374999999999881,0.0007874999999999887,0.0006624999999999906,0.000562499999999992,0.0005499999999999922,0.00031249999999999556,0.0003249999999999954,0.00019999999999999716,0.0001749999999999975,8.749999999999875e-05,0.0001124999999999984,9.999999999999858e-05,3.749999999999947e-05,7.499999999999894e-05,8.749999999999875e-05,9.999999999999858e-05,2.4999999999999645e-05,4.999999999999929e-05,6.249999999999911e-05,7.499999999999894e-05,3.749999999999947e-05,0.0,1.2499999999999823e-05,0.0,1.2499999999999823e-05,0.0,0.0,1.2499999999999823e-05,3.749999999999947e-05,0.0,0.0,0.0,0.0,0.0,0.0,0.0,0.0,0.0,0.0,0.0,0.0,0.0,0.0,0.0,0.0,0.0,0.0,0.0,0.0,0.0,0.0,0.0,0.0,0.0,0.0,0.0,0.0,0.0,0.0,0.0,0.0,0.0,0.0,0.0
41.650000000000006,0.017172846640100416,0.01623313685985077,0.015081070130727405,0.013904240793441802,0.012515519369047606,0.011089426787904241,0.010038855245457995,0.00868828194537496,0.007150330702794903,0.006300110251929319,0.005525055250552427,0.00422502640641498,0.004000005000006193,0.0031874999999999547,0.0026499999999999623,0.002199999999999969,0.0015874999999999776,0.001349999999999981,0.0008749999999999877,0.0007499999999999894,0.0008499999999999879,0.0005124999999999928,0.0004999999999999929,0.0004499999999999936,0.00033749999999999525,0.00018749999999999735,0.00019999999999999716,0.0002249999999999968,0.00018749999999999735,0.00012499999999999821,0.00012499999999999821,0.00013749999999999806,8.749999999999875e-05,4.999999999999929e-05,6.249999999999911e-05,1.2499999999999823e-05,2.4999999999999645e-05,4.999999999999929e-05,3.749999999999947e-05,3.749999999999947e-05,1.2499999999999823e-05,2.4999999999999645e-05,1.2499999999999823e-05,0.0,0.0,0.0,0.0,0.0,0.0,0.0,0.0,0.0,0.0,0.0,0.0,0.0,0.0,0.0,0.0,0.0,0.0,0.0,0.0,0.0,0.0,0.0,0.0,0.0,0.0,0.0,0.0,0.0,0.0,0.0,0.0,0.0,0.0,0.0,0.0,0.0,0.0,0.0,0.0
41.75,0.016747590423229756,0.01659581865410013,0.014605878866243456,0.013116500532662275,0.012040404747645199,0.010689357275826523,0.00977631980317329,0.008875798821893844,0.007175331859098381,0.006475113314482911,0.00531255312553118,0.004650029062681576,0.00386250482813098,0.0027124999999999615,0.0025499999999999638,0.001987499999999972,0.0016749999999999762,0.0012249999999999826,0.0008374999999999881,0.000774999999999989,0.0005374999999999924,0.0005374999999999924,0.0003874999999999945,0.00043749999999999383,0.00039999999999999433,0.0003624999999999949,0.00019999999999999716,0.00018749999999999735,0.00021249999999999698,0.0001749999999999975,0.00013749999999999806,3.749999999999947e-05,6.249999999999911e-05,8.749999999999875e-05,2.4999999999999645e-05,8.749999999999875e-05,6.249999999999911e-05,1.2499999999999823e-05,1.2499999999999823e-05,2.4999999999999645e-05,3.749999999999947e-05,0.0,1.2499999999999823e-05,0.0,0.0,1.2499999999999823e-05,0.0,0.0,1.2499999999999823e-05,0.0,0.0,0.0,0.0,0.0,0.0,0.0,0.0,0.0,0.0,0.0,0.0,0.0,0.0,0.0,0.0,0.0,0.0,0.0,0.0,0.0,0.0,0.0,0.0,0.0,0.0,0.0,0.0,0.0,0.0,0.0,0.0,0.0,0.0
41.85000000000001,0.016272304063197844,0.015920480140670285,0.0143307681341738,0.01344159968790462,0.0125280223854003,0.010926898548622669,0.010176373810464268,0.007963216689501942,0.0076253526725609975,0.006337610908190803,0.005237552375523681,0.004162526015787539,0.003775004718755845,0.003037499999999957,0.002749999999999961,0.0021499999999999696,0.0015249999999999784,0.00139999999999998,0.0008624999999999877,0.0009749999999999862,0.0006749999999999905,0.0004999999999999929,0.00043749999999999383,0.0003749999999999947,0.00021249999999999698,0.00028749999999999593,0.00024999999999999643,0.0001624999999999977,0.00014999999999999787,9.999999999999858e-05,0.00012499999999999821,7.499999999999894e-05,9.999999999999858e-05,7.499999999999894e-05,4.999999999999929e-05,6.249999999999911e-05,3.749999999999947e-05,3.749999999999947e-05,3.749999999999947e-05,0.0,1.2499999999999823e-05,0.0,0.0,0.0,1.2499999999999823e-05,0.0,0.0,0.0,0.0,0.0,0.0,0.0,0.0,0.0,0.0,0.0,0.0,0.0,0.0,0.0,0.0,0.0,0.0,0.0,0.0,0.0,0.0,0.0,0.0,0.0,0.0,0.0,0.0,0.0,0.0,0.0,0.0,0.0,0.0,0.0,0.0,0.0,0.0
41.95,0.016484932171634346,0.015795417452999214,0.014993534897797216,0.013891736979779622,0.01205290776399875,0.0110769246156526,0.009663804613623388,0.007988218939705027,0.007175331859098891,0.00603760565809936,0.0051750517505178,0.004575028593928972,0.003950004937506396,0.002550000000000145,0.002425000000000138,0.0022250000000001266,0.0016625000000000947,0.001212500000000069,0.000950000000000054,0.0008750000000000498,0.0007125000000000405,0.0006250000000000356,0.0003125000000000178,0.00042500000000002415,0.00028750000000001637,0.0003125000000000178,0.00032500000000001847,0.00016250000000000924,0.00013750000000000781,0.0001125000000000064,0.00015000000000000852,7.500000000000426e-05,7.500000000000426e-05,6.250000000000355e-05,2.500000000000142e-05,1.250000000000071e-05,1.250000000000071e-05,1.250000000000071e-05,5.000000000000284e-05,6.250000000000355e-05,1.250000000000071e-05,0.0,0.0,0.0,0.0,1.250000000000071e-05,3.750000000000213e-05,0.0,0.0,0.0,0.0,0.0,0.0,0.0,0.0,0.0,0.0,0.0,0.0,0.0,0.0,0.0,0.0,0.0,0.0,0.0,0.0,0.0,0.0,0.0,0.0,0.0,0.0,0.0,0.0,0.0,0.0,0.0,0.0,0.0,0.0,0.0,0.0
42.05,0.016234781455826908,0.014844941026689417,0.014393293300553268,0.013204027228304447,0.011727829338827826,0.01091439637637024,0.008801188160401529,0.00823824144172964,0.0068628174053048975,0.005900103251806822,0.004800048000479937,0.004162526015787539,0.00367500459375569,0.003137499999999956,0.0026374999999999624,0.0020124999999999713,0.001812499999999974,0.001187499999999983,0.0009749999999999862,0.0007624999999999892,0.0006624999999999906,0.0005999999999999915,0.0003624999999999949,0.00033749999999999525,0.00026249999999999624,0.0002374999999999966,0.0002374999999999966,0.0002374999999999966,0.00024999999999999643,0.0001749999999999975,9.999999999999858e-05,7.499999999999894e-05,3.749999999999947e-05,3.749999999999947e-05,4.999999999999929e-05,1.2499999999999823e-05,2.4999999999999645e-05,3.749999999999947e-05,3.749999999999947e-05,1.2499999999999823e-05,0.0,1.2499999999999823e-05,0.0,0.0,0.0,0.0,0.0,0.0,0.0,0.0,0.0,0.0,0.0,0.0,0.0,0.0,0.0,0.0,0.0,0.0,0.0,0.0,0.0,0.0,0.0,0.0,0.0,0.0,0.0,0.0,0.0,0.0,0.0,0.0,0.0,0.0,0.0,0.0,0.0,0.0,0.0,0.0,0.0
42.150000000000006,0.016509947243213804,0.015657848496558678,0.014405798333829161,0.012641355613461927,0.011777841404238605,0.010539331208797378,0.009726313052261917,0.008275744817033416,0.006762812780090982,0.005425094939161358,0.004700047000469938,0.004050025312658146,0.0032750040937550707,0.003037499999999957,0.002387499999999966,0.002262499999999968,0.0016624999999999765,0.0012499999999999822,0.0009499999999999864,0.0008499999999999879,0.0005374999999999924,0.000562499999999992,0.0005374999999999924,0.0004499999999999936,0.00029999999999999575,0.00028749999999999593,0.0002374999999999966,0.0001124999999999984,0.00013749999999999806,0.00014999999999999787,0.0001124999999999984,6.249999999999911e-05,3.749999999999947e-05,2.4999999999999645e-05,1.2499999999999823e-05,6.249999999999911e-05,3.749999999999947e-05,7.499999999999894e-05,3.749999999999947e-05,1.2499999999999823e-05,2.4999999999999645e-05,0.0,1.2499999999999823e-05,0.0,0.0,0.0,0.0,1.2499999999999823e-05,0.0,0.0,0.0,0.0,0.0,0.0,0.0,0.0,0.0,0.0,0.0,0.0,0.0,0.0,0.0,0.0,0.0,0.0,0.0,0.0,0.0,0.0,0.0,0.0,0.0,0.0,0.0,0.0,0.0,0.0,0.0,0.0,0.0,0.0,0.0
42.25,0.016334841742149414,0.014919978639292734,0.01418070773486308,0.012528821290493423,0.012265459041993707,0.009939226940680803,0.009188740479964664,0.008288245942134674,0.007100328390187945,0.005837602158037683,0.004812548125481187,0.004325027031418885,0.003150003937504877,0.003149999999999955,0.0023624999999999666,0.0019499999999999724,0.0015249999999999784,0.0011374999999999838,0.0009249999999999869,0.0009749999999999862,0.0006874999999999902,0.0003874999999999945,0.0004749999999999932,0.0004874999999999931,0.00021249999999999698,0.0002749999999999961,0.0002374999999999966,0.00019999999999999716,0.0001749999999999975,0.0001124999999999984,0.0001124999999999984,6.249999999999911e-05,0.0001124999999999984,7.499999999999894e-05,2.4999999999999645e-05,4.999999999999929e-05,3.749999999999947e-05,4.999999999999929e-05,3.749999999999947e-05,1.2499999999999823e-05,1.2499999999999823e-05,2.4999999999999645e-05,0.0,0.0,1.2499999999999823e-05,0.0,0.0,0.0,0.0,0.0,0.0,0.0,0.0,0.0,0.0,0.0,0.0,0.0,0.0,0.0,0.0,0.0,0.0,0.0,0.0,0.0,0.0,0.0,0.0,0.0,0.0,0.0,0.0,0.0,0.0,0.0,0.0,0.0,0.0,0.0,0.0,0.0,0.0
42.35000000000001,0.016772605494810383,0.015382710583679852,0.013417900705033585,0.01254132510415659,0.012040404747645199,0.010576837725554665,0.00901371685177486,0.00822574031662838,0.006937820874215334,0.005275092314115422,0.004775047750477437,0.003850024062650337,0.003400004250005264,0.0028624999999999593,0.0026374999999999624,0.0022374999999999682,0.001474999999999979,0.001124999999999984,0.0007999999999999887,0.0006749999999999905,0.0004999999999999929,0.0005249999999999925,0.0004749999999999932,0.00039999999999999433,0.0001749999999999975,0.00018749999999999735,0.00019999999999999716,9.999999999999858e-05,0.0001624999999999977,0.00012499999999999821,3.749999999999947e-05,4.999999999999929e-05,6.249999999999911e-05,6.249999999999911e-05,1.2499999999999823e-05,3.749999999999947e-05,6.249999999999911e-05,1.2499999999999823e-05,2.4999999999999645e-05,3.749999999999947e-05,0.0,0.0,0.0,1.2499999999999823e-05,0.0,3.749999999999947e-05,0.0,0.0,0.0,0.0,0.0,0.0,0.0,0.0,0.0,0.0,0.0,0.0,0.0,0.0,0.0,0.0,0.0,0.0,0.0,0.0,0.0,0.0,0.0,0.0,0.0,0.0,0.0,0.0,0.0,0.0,0.0,0.0,0.0,0.0,0.0,0.0,0.0
42.45,0.015284208735764167,0.014719878339018269,0.013380385605206855,0.011841111539020075,0.01142775694636396,0.009976733457438797,0.009376265795882978,0.007725695312578571,0.006862817405305385,0.005525096689192374,0.005375053750537811,0.0038375239845251214,0.0031750039687551417,0.0026625000000001513,0.002212500000000126,0.0019375000000001104,0.0013375000000000763,0.0013375000000000763,0.0010250000000000582,0.0008750000000000498,0.0005750000000000327,0.0005000000000000284,0.0003375000000000192,0.00036250000000002063,0.00038750000000002205,0.00030000000000001705,0.00020000000000001137,0.0001125000000000064,0.0001125000000000064,0.0001125000000000064,0.00010000000000000568,8.750000000000497e-05,6.250000000000355e-05,5.000000000000284e-05,7.500000000000426e-05,6.250000000000355e-05,2.500000000000142e-05,3.750000000000213e-05,0.0,0.0,0.0,0.0,0.0,0.0,1.250000000000071e-05,0.0,0.0,0.0,0.0,0.0,0.0,0.0,0.0,0.0,0.0,0.0,0.0,0.0,0.0,0.0,0.0,0.0,0.0,0.0,0.0,0.0,0.0,0.0,0.0,0.0,0.0,0.0,0.0,0.0,0.0,0.0,0.0,0.0,0.0,0.0,0.0,0.0,0.0
42.55,0.015409284093666216,0.014694865801482784,0.013430405738309479,0.012341264085545917,0.011440259962715844,0.01015176386897209,0.008826191535857215,0.007200648058325147,0.006500300638904458,0.0056125982204687785,0.004400044000439942,0.004037525234532658,0.0030500038125047223,0.002962499999999958,0.0020249999999999713,0.0017249999999999755,0.0014374999999999796,0.0010749999999999848,0.0008999999999999872,0.0007124999999999899,0.0006499999999999908,0.0006624999999999906,0.0003624999999999949,0.0003249999999999954,0.0003249999999999954,0.00019999999999999716,0.0001749999999999975,0.00014999999999999787,0.0001624999999999977,0.00014999999999999787,4.999999999999929e-05,8.749999999999875e-05,9.999999999999858e-05,3.749999999999947e-05,6.249999999999911e-05,1.2499999999999823e-05,1.2499999999999823e-05,4.999999999999929e-05,4.999999999999929e-05,1.2499999999999823e-05,1.2499999999999823e-05,0.0,0.0,0.0,0.0,0.0,0.0,0.0,0.0,0.0,0.0,0.0,0.0,0.0,0.0,0.0,0.0,0.0,0.0,0.0,0.0,0.0,0.0,0.0,0.0,0.0,0.0,0.0,0.0,0.0,0.0,0.0,0.0,0.0,0.0,0.0,0.0,0.0,0.0,0.0,0.0,0.0,0.0
42.650000000000006,0.014483726445183018,0.01374438937517411,0.01295521447382553,0.011516012383776888,0.010965145341313435,0.009651676978874943,0.008813689848129372,0.00705063455711004,0.006362794279235324,0.005125089689069486,0.004312543125431193,0.0037375233595209442,0.0031000038750048,0.002687499999999962,0.0022874999999999675,0.0015749999999999775,0.001349999999999981,0.001349999999999981,0.0009999999999999857,0.0009374999999999866,0.0005874999999999917,0.000562499999999992,0.0005124999999999928,0.0003874999999999945,0.0002374999999999966,0.00019999999999999716,0.0002374999999999966,0.00021249999999999698,0.00013749999999999806,9.999999999999858e-05,8.749999999999875e-05,8.749999999999875e-05,7.499999999999894e-05,2.4999999999999645e-05,2.4999999999999645e-05,1.2499999999999823e-05,1.2499999999999823e-05,1.2499999999999823e-05,2.4999999999999645e-05,0.0,0.0,1.2499999999999823e-05,0.0,0.0,0.0,0.0,1.2499999999999823e-05,0.0,0.0,0.0,0.0,0.0,0.0,0.0,0.0,0.0,0.0,0.0,0.0,0.0,0.0,0.0,0.0,0.0,0.0,0.0,0.0,0.0,0.0,0.0,0.0,0.0,0.0,0.0,0.0,0.0,0.0,0.0,0.0,0.0,0.0,0.0,0.0
42.75,0.01583454031053687,0.01456980311381059,0.01291769937399785,0.011891126793671901,0.010515036752616419,0.009926724768428373,0.00852615103038898,0.007313158184236478,0.006412796591842282,0.00497508706402355,0.004850048500484936,0.003600022500140575,0.002662503328129122,0.002199999999999969,0.002049999999999971,0.0015874999999999776,0.0014624999999999792,0.0011124999999999842,0.0007874999999999887,0.00069999999999999,0.000562499999999992,0.0004749999999999932,0.0004499999999999936,0.0003249999999999954,0.00033749999999999525,0.0001749999999999975,0.00013749999999999806,0.0001124999999999984,9.999999999999858e-05,8.749999999999875e-05,7.499999999999894e-05,7.499999999999894e-05,2.4999999999999645e-05,4.999999999999929e-05,1.2499999999999823e-05,2.4999999999999645e-05,7.499999999999894e-05,4.999999999999929e-05,0.0,2.4999999999999645e-05,0.0,0.0,0.0,1.2499999999999823e-05,0.0,0.0,0.0,0.0,0.0,0.0,0.0,0.0,0.0,0.0,0.0,0.0,0.0,0.0,0.0,0.0,0.0,0.0,0.0,0.0,0.0,0.0,0.0,0.0,0.0,0.0,0.0,0.0,0.0,0.0,0.0,0.0,0.0,0.0,0.0,0.0,0.0,0.0,0.0
42.85000000000001,0.014621309338876466,0.014082058631889034,0.013380385605205904,0.012091187812282573,0.010565048818027199,0.00956416177310794,0.00860116115675604,0.006725605304477307,0.006087781559897059,0.005600098001714951,0.004450044500444942,0.003912524453277777,0.003150003937504877,0.0026249999999999624,0.0021374999999999697,0.0018749999999999733,0.0012624999999999822,0.0010374999999999853,0.0008499999999999879,0.0007999999999999887,0.0005374999999999924,0.0003624999999999949,0.00042499999999999396,0.00031249999999999556,0.00031249999999999556,0.0002749999999999961,0.00018749999999999735,0.0001624999999999977,0.00012499999999999821,0.00018749999999999735,7.499999999999894e-05,2.4999999999999645e-05,3.749999999999947e-05,2.4999999999999645e-05,6.249999999999911e-05,3.749999999999947e-05,4.999999999999929e-05,2.4999999999999645e-05,1.2499999999999823e-05,1.2499999999999823e-05,2.4999999999999645e-05,0.0,0.0,0.0,3.749999999999947e-05,0.0,0.0,0.0,0.0,0.0,0.0,0.0,0.0,0.0,0.0,0.0,0.0,0.0,0.0,0.0,0.0,0.0,0.0,0.0,0.0,0.0,0.0,0.0,0.0,0.0,0.0,0.0,0.0,0.0,0.0,0.0,0.0,0.0,0.0,0.0,0.0,0.0,0.0
42.95,0.015359253950506054,0.014107071169424477,0.012680103741756777,0.01174108102971473,0.010777600096023777,0.00988921825167179,0.008138598710826424,0.007425668310148335,0.006362794279235777,0.005500096251684717,0.0042875428754289985,0.0036125225782663193,0.0028125035156295543,0.0025625000000001454,0.0021750000000001234,0.001437500000000082,0.0014750000000000839,0.0009375000000000533,0.0007125000000000405,0.0005125000000000291,0.0005375000000000306,0.0004625000000000263,0.00040000000000002273,0.00021250000000001208,0.0002500000000000142,0.00030000000000001705,0.00017500000000000995,0.0002250000000000128,0.00015000000000000852,0.0001125000000000064,5.000000000000284e-05,3.750000000000213e-05,2.500000000000142e-05,1.250000000000071e-05,5.000000000000284e-05,3.750000000000213e-05,3.750000000000213e-05,3.750000000000213e-05,3.750000000000213e-05,0.0,0.0,0.0,1.250000000000071e-05,1.250000000000071e-05,0.0,0.0,0.0,0.0,0.0,0.0,0.0,0.0,0.0,0.0,0.0,0.0,0.0,0.0,0.0,0.0,0.0,0.0,0.0,0.0,0.0,0.0,0.0,0.0,0.0,0.0,0.0,0.0,0.0,0.0,0.0,0.0,0.0,0.0,0.0,0.0,0.0,0.0,0.0
43.05,0.01459629426729584,0.013656845493803575,0.01224242757709961,0.011478500942787387,0.010690078981554147,0.009014066194001078,0.00762602951398428,0.007313158184236478,0.006100282138048798,0.005000087501531206,0.004225042250422444,0.0037625235157719202,0.002625003281254064,0.0025624999999999637,0.001987499999999972,0.0015749999999999775,0.001187499999999983,0.0007374999999999895,0.0008749999999999877,0.0006624999999999906,0.0005499999999999922,0.0002749999999999961,0.0003874999999999945,0.00031249999999999556,0.00026249999999999624,0.00021249999999999698,0.00018749999999999735,0.0001624999999999977,0.00014999999999999787,4.999999999999929e-05,6.249999999999911e-05,0.0001124999999999984,0.0001124999999999984,2.4999999999999645e-05,2.4999999999999645e-05,6.249999999999911e-05,1.2499999999999823e-05,1.2499999999999823e-05,1.2499999999999823e-05,0.0,0.0,0.0,0.0,0.0,0.0,1.2499999999999823e-05,0.0,0.0,0.0,0.0,0.0,0.0,0.0,0.0,0.0,0.0,0.0,0.0,0.0,0.0,0.0,0.0,0.0,0.0,0.0,0.0,0.0,0.0,0.0,0.0,0.0,0.0,0.0,0.0,0.0,0.0,0.0,0.0,0.0,0.0,0.0,0.0,0.0
43.150000000000006,0.01413351544305424,0.01293148190530485,0.012617578575376409,0.01160353907941906,0.010264976425562521,0.008801529265709792,0.007726043015807023,0.006850616555489897,0.005900272887620969,0.004812584220223785,0.004437544375443692,0.0039000243751522896,0.0029625037031295867,0.002587499999999963,0.0019999999999999714,0.0016999999999999758,0.001349999999999981,0.0008249999999999884,0.0009624999999999864,0.00069999999999999,0.000562499999999992,0.0003749999999999947,0.00033749999999999525,0.0002249999999999968,0.00019999999999999716,0.00026249999999999624,0.00014999999999999787,0.00013749999999999806,0.0001124999999999984,0.00013749999999999806,7.499999999999894e-05,6.249999999999911e-05,4.999999999999929e-05,3.749999999999947e-05,4.999999999999929e-05,3.749999999999947e-05,3.749999999999947e-05,2.4999999999999645e-05,1.2499999999999823e-05,1.2499999999999823e-05,0.0,0.0,0.0,0.0,0.0,0.0,0.0,0.0,0.0,0.0,0.0,0.0,0.0,0.0,0.0,0.0,0.0,0.0,0.0,0.0,0.0,0.0,0.0,0.0,0.0,0.0,0.0,0.0,0.0,0.0,0.0,0.0,0.0,0.0,0.0,0.0,0.0,0.0,0.0,0.0,0.0,0.0,0.0
43.25,0.013858349655667342,0.013169101011882019,0.012367477909858543,0.012416286967524918,0.009927394984039759,0.009689183495632228,0.008101093647642317,0.006513086177755906,0.005700263637193139,0.004875085313992926,0.004325043250432443,0.003637522734517039,0.0025250031562539096,0.002262499999999968,0.0021374999999999697,0.0014124999999999797,0.001049999999999985,0.0010249999999999856,0.0007499999999999894,0.0006749999999999905,0.0005874999999999917,0.0004749999999999932,0.00042499999999999396,0.0002749999999999961,0.000349999999999995,0.0002374999999999966,0.0001624999999999977,0.00019999999999999716,0.00012499999999999821,3.749999999999947e-05,7.499999999999894e-05,6.249999999999911e-05,2.4999999999999645e-05,6.249999999999911e-05,3.749999999999947e-05,0.0,4.999999999999929e-05,3.749999999999947e-05,0.0,0.0,1.2499999999999823e-05,0.0,1.2499999999999823e-05,0.0,0.0,0.0,0.0,0.0,0.0,0.0,0.0,0.0,0.0,0.0,0.0,0.0,0.0,0.0,0.0,0.0,0.0,0.0,0.0,0.0,0.0,0.0,0.0,0.0,0.0,0.0,0.0,0.0,0.0,0.0,0.0,0.0,0.0,0.0,0.0,0.0,0.0,0.0,0.0
43.35000000000001,0.014408681230441136,0.013319176237088653,0.011254529948304033,0.011340958992492548,0.010264976425562521,0.008501477131651504,0.008263615588104277,0.006750607554679826,0.005300245136337481,0.004837584657731441,0.0038500385003849493,0.0033875211720072766,0.003000003750004645,0.0025499999999999638,0.0020749999999999705,0.001762499999999975,0.0012624999999999822,0.0007874999999999887,0.0006874999999999902,0.0005249999999999925,0.00046249999999999346,0.00042499999999999396,0.0004874999999999931,0.00018749999999999735,0.00021249999999999698,0.0001624999999999977,0.0001124999999999984,0.0001124999999999984,0.0001124999999999984,0.00012499999999999821,3.749999999999947e-05,9.999999999999858e-05,4.999999999999929e-05,4.999999999999929e-05,1.2499999999999823e-05,1.2499999999999823e-05,3.749999999999947e-05,1.2499999999999823e-05,2.4999999999999645e-05,0.0,0.0,0.0,0.0,1.2499999999999823e-05,0.0,0.0,0.0,0.0,0.0,0.0,0.0,0.0,0.0,0.0,0.0,0.0,0.0,0.0,0.0,0.0,0.0,0.0,0.0,0.0,0.0,0.0,0.0,0.0,0.0,0.0,0.0,0.0,0.0,0.0,0.0,0.0,0.0,0.0,0.0,0.0,0.0,0.0,0.0
43.45,0.013883364727248956,0.012556293842289162,0.012054852077962063,0.011253432296851178,0.00946478337899072,0.008826533610215277,0.008013581833547985,0.006838115430389124,0.005562757277524402,0.004387576782593945,0.003962539625396479,0.0030125188282428476,0.003012503765629878,0.0023125000000001317,0.0020875000000001188,0.0017000000000000966,0.001212500000000069,0.0011125000000000633,0.0009250000000000526,0.0006375000000000363,0.0004375000000000249,0.0005000000000000284,0.00040000000000002273,0.0002250000000000128,0.0002250000000000128,0.00020000000000001137,8.750000000000497e-05,0.00013750000000000781,0.00013750000000000781,2.500000000000142e-05,0.00010000000000000568,7.500000000000426e-05,1.250000000000071e-05,2.500000000000142e-05,2.500000000000142e-05,7.500000000000426e-05,3.750000000000213e-05,1.250000000000071e-05,1.250000000000071e-05,2.500000000000142e-05,0.0,1.250000000000071e-05,0.0,2.500000000000142e-05,0.0,0.0,0.0,0.0,0.0,0.0,0.0,0.0,0.0,0.0,0.0,0.0,0.0,0.0,0.0,0.0,0.0,0.0,0.0,0.0,0.0,0.0,0.0,0.0,0.0,0.0,0.0,0.0,0.0,0.0,0.0,0.0,0.0,0.0,0.0,0.0,0.0,0.0,0.0
43.55,0.013795811976715776,0.012743887873796558,0.011404590347614754,0.010828302632302698,0.010227467376504436,0.009126585744272938,0.007926070019452513,0.0066130951785659765,0.00531274571448922,0.004687582032685505,0.0039500395003949475,0.0034000212501327652,0.0030250037812546834,0.002374999999999966,0.0019124999999999728,0.001474999999999979,0.0010749999999999848,0.00069999999999999,0.0007624999999999892,0.00046249999999999346,0.0005124999999999928,0.0003624999999999949,0.00033749999999999525,0.0003749999999999947,0.00024999999999999643,0.00021249999999999698,0.0001749999999999975,0.0001124999999999984,0.0001124999999999984,7.499999999999894e-05,0.0001124999999999984,2.4999999999999645e-05,4.999999999999929e-05,1.2499999999999823e-05,2.4999999999999645e-05,4.999999999999929e-05,1.2499999999999823e-05,3.749999999999947e-05,0.0,0.0,0.0,0.0,1.2499999999999823e-05,0.0,1.2499999999999823e-05,0.0,0.0,0.0,0.0,0.0,0.0,0.0,0.0,0.0,0.0,0.0,0.0,0.0,0.0,0.0,0.0,0.0,0.0,0.0,0.0,0.0,0.0,0.0,0.0,0.0,0.0,0.0,0.0,0.0,0.0,0.0,0.0,0.0,0.0,0.0,0.0,0.0,0.0
43.650000000000006,0.013883364727247969,0.013306669968321432,0.011867276578822809,0.010578226359039357,0.009364759248168488,0.008551485820661219,0.007063453566231341,0.006763108679781083,0.005362748027096177,0.004937586407762066,0.003962539625396198,0.0031750198438739792,0.002812503515629355,0.0025624999999999637,0.002162499999999969,0.0013874999999999803,0.001199999999999983,0.0009249999999999869,0.0008124999999999885,0.0005749999999999919,0.0004499999999999936,0.00039999999999999433,0.00033749999999999525,0.0002749999999999961,0.00019999999999999716,0.00021249999999999698,0.00021249999999999698,0.00014999999999999787,8.749999999999875e-05,7.499999999999894e-05,2.4999999999999645e-05,3.749999999999947e-05,2.4999999999999645e-05,4.999999999999929e-05,4.999999999999929e-05,3.749999999999947e-05,3.749999999999947e-05,1.2499999999999823e-05,0.0,0.0,0.0,0.0,0.0,0.0,0.0,0.0,0.0,0.0,0.0,0.0,0.0,0.0,0.0,0.0,0.0,0.0,0.0,0.0,0.0,0.0,0.0,0.0,0.0,0.0,0.0,0.0,0.0,0.0,0.0,0.0,0.0,0.0,0.0,0.0,0.0,0.0,0.0,0.0,0.0,0.0,0.0,0.0,0.0
43.75,0.013320525616683863,0.012368699810779978,0.011479620547270112,0.010253127203797013,0.00967733465698586,0.008714014059942791,0.007000945127592126,0.00622556030042695,0.0055002543867653094,0.00485008487648527,0.0036750367503674513,0.003050019062619098,0.002612503265629045,0.0020874999999999705,0.001837499999999974,0.0012874999999999818,0.0011749999999999833,0.0009124999999999871,0.000774999999999989,0.0006124999999999913,0.0006374999999999909,0.00043749999999999383,0.000349999999999995,0.0002749999999999961,0.0001624999999999977,0.0001624999999999977,0.00012499999999999821,7.499999999999894e-05,0.0001624999999999977,6.249999999999911e-05,3.749999999999947e-05,2.4999999999999645e-05,1.2499999999999823e-05,6.249999999999911e-05,4.999999999999929e-05,1.2499999999999823e-05,1.2499999999999823e-05,1.2499999999999823e-05,0.0,0.0,0.0,0.0,0.0,0.0,0.0,0.0,0.0,0.0,0.0,0.0,0.0,0.0,0.0,0.0,0.0,0.0,0.0,0.0,0.0,0.0,0.0,0.0,0.0,0.0,0.0,0.0,0.0,0.0,0.0,0.0,0.0,0.0,0.0,0.0,0.0,0.0,0.0,0.0,0.0,0.0,0.0,0.0,0.0
43.85000000000001,0.012795209113490696,0.011981005478996175,0.011717216179512088,0.010190608135481177,0.009277238133699623,0.0081514163085835,0.006963440064408596,0.006163054674920655,0.005250242823730523,0.004325075688824493,0.0037750377503774505,0.002950018437615193,0.0028500035625044127,0.001987499999999972,0.0016999999999999758,0.0014249999999999799,0.001124999999999984,0.0009249999999999869,0.0006874999999999902,0.0005874999999999917,0.0005249999999999925,0.00042499999999999396,0.0003249999999999954,0.00031249999999999556,0.00021249999999999698,0.0001624999999999977,0.00014999999999999787,0.0001749999999999975,0.00012499999999999821,6.249999999999911e-05,8.749999999999875e-05,8.749999999999875e-05,2.4999999999999645e-05,2.4999999999999645e-05,2.4999999999999645e-05,3.749999999999947e-05,2.4999999999999645e-05,0.0,1.2499999999999823e-05,1.2499999999999823e-05,0.0,1.2499999999999823e-05,0.0,0.0,0.0,0.0,0.0,0.0,0.0,0.0,0.0,0.0,0.0,0.0,0.0,0.0,0.0,0.0,0.0,0.0,0.0,0.0,0.0,0.0,0.0,0.0,0.0,0.0,0.0,0.0,0.0,0.0,0.0,0.0,0.0,0.0,0.0,0.0,0.0,0.0,0.0,0.0,0.0
43.95,0.012870254328233494,0.012418724885849736,0.011104469548994102,0.01075327975032446,0.009677334656986548,0.008551485820661826,0.006725907997580056,0.006213059175326133,0.004562711025385183,0.004287575032563314,0.003662536625366462,0.002925018281364425,0.0024875031093790283,0.002212500000000126,0.0015500000000000882,0.0012750000000000725,0.0012250000000000696,0.0009250000000000526,0.000950000000000054,0.0006125000000000348,0.0004625000000000263,0.00042500000000002415,0.00032500000000001847,0.00030000000000001705,0.00027500000000001563,0.00013750000000000781,0.0002250000000000128,0.0001250000000000071,6.250000000000355e-05,5.000000000000284e-05,8.750000000000497e-05,5.000000000000284e-05,6.250000000000355e-05,6.250000000000355e-05,2.500000000000142e-05,5.000000000000284e-05,3.750000000000213e-05,1.250000000000071e-05,0.0,0.0,0.0,0.0,3.750000000000213e-05,0.0,0.0,0.0,0.0,0.0,0.0,0.0,0.0,0.0,0.0,0.0,0.0,0.0,0.0,0.0,0.0,0.0,0.0,0.0,0.0,0.0,0.0,0.0,0.0,0.0,0.0,0.0,0.0,0.0,0.0,0.0,0.0,0.0,0.0,0.0,0.0,0.0,0.0,0.0,0.0
44.05,0.012632611148216621,0.011830930253789543,0.01154214571364958,0.010153096694491676,0.009352256231815792,0.007826359830020354,0.0067134063098517344,0.00598803892350303,0.005512754964917049,0.004662581595177849,0.0035875358753587024,0.0026125163282270146,0.0022125027656284255,0.001987499999999972,0.0015374999999999781,0.0014249999999999799,0.0011124999999999842,0.0008249999999999884,0.0007249999999999898,0.00046249999999999346,0.0003749999999999947,0.0003749999999999947,0.00019999999999999716,0.00024999999999999643,0.0002749999999999961,0.0002374999999999966,0.00014999999999999787,0.00012499999999999821,0.0001124999999999984,7.499999999999894e-05,4.999999999999929e-05,4.999999999999929e-05,4.999999999999929e-05,2.4999999999999645e-05,1.2499999999999823e-05,3.749999999999947e-05,1.2499999999999823e-05,1.2499999999999823e-05,2.4999999999999645e-05,0.0,1.2499999999999823e-05,1.2499999999999823e-05,0.0,0.0,0.0,0.0,0.0,0.0,0.0,0.0,0.0,0.0,0.0,0.0,0.0,0.0,0.0,0.0,0.0,0.0,0.0,0.0,0.0,0.0,0.0,0.0,0.0,0.0,0.0,0.0,0.0,0.0,0.0,0.0,0.0,0.0,0.0,0.0,0.0,0.0,0.0,0.0,0.0
44.150000000000006,0.01277019404191007,0.011193110546661354,0.012117377244340675,0.01009057762617584,0.008414530005363675,0.007438792490195066,0.007238477194421144,0.006263063675730727,0.005175239354820086,0.004175073063778557,0.0036750367503674513,0.0029875186719916574,0.0025000031250038707,0.0020749999999999705,0.0017999999999999744,0.0012374999999999823,0.0009999999999999857,0.0007374999999999895,0.0006874999999999902,0.0004999999999999929,0.00043749999999999383,0.0004124999999999942,0.00029999999999999575,0.00026249999999999624,0.00021249999999999698,0.00012499999999999821,0.00012499999999999821,0.00014999999999999787,3.749999999999947e-05,8.749999999999875e-05,7.499999999999894e-05,4.999999999999929e-05,3.749999999999947e-05,0.0,3.749999999999947e-05,3.749999999999947e-05,1.2499999999999823e-05,1.2499999999999823e-05,0.0,0.0,0.0,0.0,0.0,1.2499999999999823e-05,0.0,0.0,0.0,0.0,0.0,0.0,0.0,0.0,0.0,0.0,0.0,0.0,0.0,0.0,0.0,0.0,0.0,0.0,0.0,0.0,0.0,0.0,0.0,0.0,0.0,0.0,0.0,0.0,0.0,0.0,0.0,0.0,0.0,0.0,0.0,0.0,0.0,0.0,0.0
44.25,0.013157927651409789,0.011943486672694518,0.011066954449165632,0.00961543270697549,0.009264735117346929,0.007613822901729067,0.006850924874858008,0.005863027672490441,0.005125237042213129,0.004312575470070665,0.0036000360003599526,0.0027375171094818954,0.0024875031093788513,0.00212499999999997,0.0014624999999999792,0.0013624999999999807,0.0008874999999999874,0.0007374999999999895,0.0005124999999999928,0.0004874999999999931,0.00028749999999999593,0.0003249999999999954,0.0002374999999999966,0.00018749999999999735,0.00026249999999999624,0.00018749999999999735,0.00019999999999999716,7.499999999999894e-05,0.0001124999999999984,3.749999999999947e-05,6.249999999999911e-05,1.2499999999999823e-05,2.4999999999999645e-05,2.4999999999999645e-05,7.499999999999894e-05,1.2499999999999823e-05,3.749999999999947e-05,0.0,0.0,0.0,0.0,0.0,0.0,0.0,0.0,0.0,0.0,0.0,0.0,0.0,0.0,0.0,0.0,0.0,0.0,0.0,0.0,0.0,0.0,0.0,0.0,0.0,0.0,0.0,0.0,0.0,0.0,0.0,0.0,0.0,0.0,0.0,0.0,0.0,0.0,0.0,0.0,0.0,0.0,0.0,0.0,0.0,0.0
44.35000000000001,0.012532550861894113,0.011268148159264673,0.01099192424951027,0.010053066185186338,0.008764614463239132,0.007851364174525212,0.006475874243022716,0.005738016421477851,0.004575211603536598,0.0038625675949328564,0.0036875368753687015,0.002562516015725062,0.0025375031718789286,0.0018999999999999729,0.001474999999999979,0.001199999999999983,0.0007499999999999894,0.0008624999999999877,0.0006124999999999913,0.0005999999999999915,0.000349999999999995,0.00039999999999999433,0.0002749999999999961,0.000349999999999995,0.00019999999999999716,8.749999999999875e-05,0.0001124999999999984,0.00013749999999999806,3.749999999999947e-05,9.999999999999858e-05,8.749999999999875e-05,4.999999999999929e-05,1.2499999999999823e-05,3.749999999999947e-05,4.999999999999929e-05,3.749999999999947e-05,1.2499999999999823e-05,0.0,0.0,0.0,0.0,0.0,0.0,0.0,0.0,0.0,0.0,0.0,0.0,0.0,0.0,0.0,0.0,0.0,0.0,0.0,0.0,0.0,0.0,0.0,0.0,0.0,0.0,0.0,0.0,0.0,0.0,0.0,0.0,0.0,0.0,0.0,0.0,0.0,0.0,0.0,0.0,0.0,0.0,0.0,0.0,0.0,0.0
44.45,0.011707053499734256,0.011555792340911539,0.010666793384337804,0.009477890756681326,0.008352014923600794,0.008163918480836509,0.006600891120301616,0.005475492794351803,0.004825223166571729,0.004300075251317143,0.003662536625366462,0.002837517734486002,0.0024625030781289877,0.001900000000000108,0.0015250000000000866,0.0013375000000000763,0.0008000000000000455,0.0009250000000000526,0.0006750000000000384,0.0005750000000000327,0.000475000000000027,0.00042500000000002415,0.00018750000000001066,0.00021250000000001208,0.00021250000000001208,0.0001125000000000064,0.0001125000000000064,0.0001250000000000071,8.750000000000497e-05,0.00010000000000000568,2.500000000000142e-05,2.500000000000142e-05,5.000000000000284e-05,3.750000000000213e-05,0.0,1.250000000000071e-05,1.250000000000071e-05,1.250000000000071e-05,0.0,0.0,1.250000000000071e-05,0.0,0.0,0.0,0.0,0.0,0.0,0.0,0.0,0.0,0.0,0.0,0.0,0.0,0.0,0.0,0.0,0.0,0.0,0.0,0.0,0.0,0.0,0.0,0.0,0.0,0.0,0.0,0.0,0.0,0.0,0.0,0.0,0.0,0.0,0.0,0.0,0.0,0.0,0.0,0.0,0.0,0.0
44.55,0.011581978141830289,0.011280654428031892,0.010291642386060243,0.009853005166575666,0.00886463859406069,0.007863866346777642,0.006375860741199971,0.005250472542528753,0.004587712181688338,0.004075071313747933,0.0036000360003599526,0.002462515390721157,0.002262502828128503,0.0021499999999999696,0.0015249999999999784,0.0010999999999999845,0.0008999999999999872,0.0007374999999999895,0.0006499999999999908,0.0005374999999999924,0.00042499999999999396,0.00043749999999999383,0.00019999999999999716,0.00021249999999999698,0.00018749999999999735,9.999999999999858e-05,0.00013749999999999806,0.0001124999999999984,6.249999999999911e-05,3.749999999999947e-05,2.4999999999999645e-05,1.2499999999999823e-05,6.249999999999911e-05,6.249999999999911e-05,4.999999999999929e-05,2.4999999999999645e-05,0.0,0.0,1.2499999999999823e-05,0.0,0.0,3.749999999999947e-05,0.0,0.0,0.0,0.0,0.0,0.0,0.0,0.0,0.0,0.0,0.0,0.0,0.0,0.0,0.0,0.0,0.0,0.0,0.0,0.0,0.0,0.0,0.0,0.0,0.0,0.0,0.0,0.0,0.0,0.0,0.0,0.0,0.0,0.0,0.0,0.0,0.0,0.0,0.0,0.0,0.0
44.650000000000006,0.012507535790313487,0.011543286072143498,0.010079056820370056,0.009027753464806637,0.008814626528649911,0.007613822901729067,0.006988443439864283,0.005337980418237565,0.004400203509412248,0.0036875645323792643,0.003237532375323707,0.0029875186719916574,0.002462503078128813,0.0018749999999999733,0.0016499999999999768,0.0011124999999999842,0.0008749999999999877,0.0006249999999999911,0.0004999999999999929,0.0003874999999999945,0.0004749999999999932,0.00033749999999999525,0.00033749999999999525,0.0002374999999999966,0.0001624999999999977,0.00021249999999999698,0.00013749999999999806,0.00013749999999999806,8.749999999999875e-05,2.4999999999999645e-05,3.749999999999947e-05,2.4999999999999645e-05,3.749999999999947e-05,3.749999999999947e-05,3.749999999999947e-05,3.749999999999947e-05,1.2499999999999823e-05,0.0,0.0,0.0,1.2499999999999823e-05,0.0,1.2499999999999823e-05,0.0,0.0,0.0,0.0,0.0,0.0,0.0,0.0,0.0,0.0,0.0,0.0,0.0,0.0,0.0,0.0,0.0,0.0,0.0,0.0,0.0,0.0,0.0,0.0,0.0,0.0,0.0,0.0,0.0,0.0,0.0,0.0,0.0,0.0,0.0,0.0,0.0,0.0,0.0,0.0
44.75,0.011319319890233704,0.01089296009624809,0.009966511520887015,0.009427875502027984,0.00850205111983254,0.006988714289107634,0.006300850614832912,0.005337980418237565,0.004700217385053993,0.004012570219978793,0.0028250282502824626,0.0028375177344858,0.002262502828128503,0.0020624999999999706,0.0016624999999999765,0.001187499999999983,0.000987499999999986,0.0008999999999999872,0.0006374999999999909,0.0005124999999999928,0.000349999999999995,0.0004124999999999942,0.00031249999999999556,0.00018749999999999735,0.0002374999999999966,0.0001749999999999975,7.499999999999894e-05,0.00012499999999999821,4.999999999999929e-05,9.999999999999858e-05,0.0001124999999999984,0.0,6.249999999999911e-05,0.0,2.4999999999999645e-05,1.2499999999999823e-05,1.2499999999999823e-05,2.4999999999999645e-05,0.0,1.2499999999999823e-05,0.0,0.0,0.0,0.0,0.0,0.0,0.0,0.0,0.0,0.0,0.0,0.0,0.0,0.0,0.0,0.0,0.0,0.0,0.0,0.0,0.0,0.0,0.0,0.0,0.0,0.0,0.0,0.0,0.0,0.0,0.0,0.0,0.0,0.0,0.0,0.0,0.0,0.0,0.0,0.0,0.0,0.0,0.0
44.85000000000001,0.011531947998669034,0.011355692040635208,0.010454207818646857,0.00915279160143831,0.008039439514782828,0.006713666499554202,0.006200837113010169,0.0052254702923262356,0.004500208134626163,0.003787566282409888,0.0034250342503424546,0.0029750185938661696,0.0022125027656284255,0.0019999999999999714,0.001349999999999981,0.001062499999999985,0.0008374999999999881,0.0007999999999999887,0.0004749999999999932,0.00046249999999999346,0.000349999999999995,0.00026249999999999624,0.00026249999999999624,0.0001624999999999977,0.00012499999999999821,0.00014999999999999787,0.0001624999999999977,0.0001124999999999984,4.999999999999929e-05,7.499999999999894e-05,3.749999999999947e-05,9.999999999999858e-05,1.2499999999999823e-05,1.2499999999999823e-05,3.749999999999947e-05,1.2499999999999823e-05,1.2499999999999823e-05,0.0,0.0,0.0,0.0,0.0,0.0,0.0,0.0,0.0,0.0,0.0,0.0,0.0,0.0,0.0,0.0,0.0,0.0,0.0,0.0,0.0,0.0,0.0,0.0,0.0,0.0,0.0,0.0,0.0,0.0,0.0,0.0,0.0,0.0,0.0,0.0,0.0,0.0,0.0,0.0,0.0,0.0,0.0,0.0,0.0,0.0
44.95,0.011056661638637907,0.011830930253790386,0.010229117219681503,0.009490394570344495,0.008114457612899573,0.006801181705321686,0.0062008371130106085,0.005112960166415268,0.005087735307758273,0.0038000665011639866,0.0030000300003001734,0.00273751710948209,0.0025625032031291496,0.0019125000000001088,0.001387500000000079,0.0010625000000000604,0.0007625000000000433,0.0008000000000000455,0.0005500000000000313,0.0005375000000000306,0.0004625000000000263,0.00040000000000002273,0.00020000000000001137,0.00021250000000001208,0.00017500000000000995,0.0001125000000000064,0.00015000000000000852,3.750000000000213e-05,7.500000000000426e-05,5.000000000000284e-05,1.250000000000071e-05,5.000000000000284e-05,0.0,5.000000000000284e-05,2.500000000000142e-05,2.500000000000142e-05,0.0,0.0,0.0,0.0,0.0,0.0,0.0,0.0,0.0,0.0,0.0,0.0,0.0,0.0,0.0,0.0,0.0,0.0,0.0,0.0,0.0,0.0,0.0,0.0,0.0,0.0,0.0,0.0,0.0,0.0,0.0,0.0,0.0,0.0,0.0,0.0,0.0,0.0,0.0,0.0,0.0,0.0,0.0,0.0,0.0,0.0,0.0
45.05,0.011381857569185272,0.010780403677343117,0.009891481321231655,0.00897773821015397,0.008164469678309777,0.006751173016311489,0.006038315172548209,0.005337980418237565,0.004112690211922243,0.00365006387611778,0.002975029750297461,0.0024875155469721334,0.0020000025000030965,0.0020249999999999713,0.001487499999999979,0.0012749999999999819,0.0009624999999999864,0.0007124999999999899,0.0005999999999999915,0.0004874999999999931,0.00039999999999999433,0.00026249999999999624,0.0003874999999999945,0.0002249999999999968,0.00014999999999999787,0.00024999999999999643,0.0001124999999999984,0.00013749999999999806,6.249999999999911e-05,7.499999999999894e-05,4.999999999999929e-05,1.2499999999999823e-05,2.4999999999999645e-05,7.499999999999894e-05,3.749999999999947e-05,2.4999999999999645e-05,0.0,0.0,0.0,1.2499999999999823e-05,0.0,0.0,0.0,0.0,0.0,0.0,0.0,0.0,0.0,0.0,0.0,0.0,0.0,0.0,0.0,0.0,0.0,0.0,0.0,0.0,0.0,0.0,0.0,0.0,0.0,0.0,0.0,0.0,0.0,0.0,0.0,0.0,0.0,0.0,0.0,0.0,0.0,0.0,0.0,0.0,0.0,0.0,0.0
45.150000000000006,0.011569470606039975,0.0110930603965236,0.00935376489036824,0.008265020831353446,0.007464300762558862,0.006326099159728913,0.006125826986643109,0.004437899410946922,0.004100189633770504,0.0037375654073945764,0.0029250292502924612,0.002750017187607383,0.0021375026718783094,0.0017124999999999755,0.0012874999999999818,0.0010374999999999853,0.0008749999999999877,0.0006374999999999909,0.000562499999999992,0.0005374999999999924,0.00039999999999999433,0.00031249999999999556,0.0002374999999999966,0.0003249999999999954,0.00021249999999999698,0.0001124999999999984,0.00012499999999999821,3.749999999999947e-05,4.999999999999929e-05,6.249999999999911e-05,2.4999999999999645e-05,1.2499999999999823e-05,3.749999999999947e-05,3.749999999999947e-05,2.4999999999999645e-05,1.2499999999999823e-05,1.2499999999999823e-05,1.2499999999999823e-05,0.0,0.0,3.749999999999947e-05,0.0,0.0,0.0,0.0,0.0,0.0,0.0,0.0,0.0,0.0,0.0,0.0,0.0,0.0,0.0,0.0,0.0,0.0,0.0,0.0,0.0,0.0,0.0,0.0,0.0,0.0,0.0,0.0,0.0,0.0,0.0,0.0,0.0,0.0,0.0,0.0,0.0,0.0,0.0,0.0,0.0,0.0
45.25,0.011181736996540256,0.010542784570765946,0.009903986354507548,0.009040257278469804,0.007264252500915743,0.007176246872894063,0.00580078310571919,0.005137962416617423,0.004537709869081381,0.0032875575322567677,0.002800028000279963,0.0026375164844779906,0.0021000026250032515,0.0015624999999999778,0.0012374999999999823,0.0011749999999999833,0.0009374999999999866,0.0009499999999999864,0.0005874999999999917,0.0004874999999999931,0.0004124999999999942,0.00019999999999999716,0.00026249999999999624,0.00019999999999999716,0.00012499999999999821,0.0001749999999999975,9.999999999999858e-05,0.0001124999999999984,9.999999999999858e-05,6.249999999999911e-05,4.999999999999929e-05,6.249999999999911e-05,3.749999999999947e-05,1.2499999999999823e-05,0.0,0.0,0.0,0.0,0.0,0.0,0.0,1.2499999999999823e-05,0.0,0.0,0.0,0.0,0.0,0.0,0.0,0.0,0.0,0.0,0.0,0.0,0.0,0.0,0.0,0.0,0.0,0.0,0.0,0.0,0.0,0.0,0.0,0.0,0.0,0.0,0.0,0.0,0.0,0.0,0.0,0.0,0.0,0.0,0.0,0.0,0.0,0.0,0.0,0.0,0.0
45.35000000000001,0.01098161642389524,0.009792408444732784,0.009066149125022693,0.008640135241248457,0.0077018580732600645,0.007001216461360062,0.006100823611187424,0.005237971417427495,0.0043752023531087696,0.0036125632198562964,0.002500025000249967,0.002025012656329073,0.001837502296877845,0.0012749999999999819,0.0013124999999999812,0.0012249999999999826,0.000774999999999989,0.0006374999999999909,0.00046249999999999346,0.00033749999999999525,0.0004124999999999942,0.00029999999999999575,0.0002249999999999968,0.00026249999999999624,0.00018749999999999735,0.0001624999999999977,0.0001124999999999984,2.4999999999999645e-05,6.249999999999911e-05,4.999999999999929e-05,1.2499999999999823e-05,4.999999999999929e-05,6.249999999999911e-05,3.749999999999947e-05,4.999999999999929e-05,1.2499999999999823e-05,0.0,0.0,1.2499999999999823e-05,1.2499999999999823e-05,0.0,0.0,0.0,0.0,0.0,0.0,0.0,0.0,0.0,0.0,0.0,0.0,0.0,0.0,0.0,0.0,0.0,0.0,0.0,0.0,0.0,0.0,0.0,0.0,0.0,0.0,0.0,0.0,0.0,0.0,0.0,0.0,0.0,0.0,0.0,0.0,0.0,0.0,0.0,0.0,0.0,0.0,0.0
45.45,0.010768988315460677,0.010080052626379546,0.00977893602174931,0.008164990322048689,0.007476803778912087,0.006313596987476933,0.005825786481175289,0.0049504455400988905,0.004025186164860354,0.003525061688579751,0.003012530125301424,0.002462515390721332,0.0020500025625033195,0.0017875000000001017,0.0013250000000000752,0.0010125000000000576,0.0007875000000000448,0.0007750000000000441,0.0005000000000000284,0.0003375000000000192,0.00030000000000001705,0.00020000000000001137,0.00027500000000001563,0.00020000000000001137,8.750000000000497e-05,0.00010000000000000568,0.00015000000000000852,7.500000000000426e-05,8.750000000000497e-05,1.250000000000071e-05,1.250000000000071e-05,2.500000000000142e-05,2.500000000000142e-05,5.000000000000284e-05,2.500000000000142e-05,1.250000000000071e-05,2.500000000000142e-05,0.0,0.0,0.0,0.0,0.0,0.0,0.0,0.0,0.0,0.0,0.0,0.0,0.0,0.0,0.0,0.0,0.0,0.0,0.0,0.0,0.0,0.0,0.0,0.0,0.0,0.0,0.0,0.0,0.0,0.0,0.0,0.0,0.0,0.0,0.0,0.0,0.0,0.0,0.0,0.0,0.0,0.0,0.0,0.0,0.0,0.0
45.55,0.011219259603911198,0.009954989938706636,0.009103664224850372,0.008552608545606289,0.008064445547488216,0.006176073092699769,0.005400729098428212,0.004725425288275878,0.004137691368225722,0.0035250616885795,0.002650026500264965,0.002425015156344693,0.0019250024062529806,0.001549999999999978,0.001337499999999981,0.0008124999999999885,0.0006874999999999902,0.0004999999999999929,0.00046249999999999346,0.00031249999999999556,0.0003624999999999949,0.00026249999999999624,0.00024999999999999643,0.00018749999999999735,0.0001124999999999984,0.0001124999999999984,9.999999999999858e-05,7.499999999999894e-05,1.2499999999999823e-05,3.749999999999947e-05,2.4999999999999645e-05,4.999999999999929e-05,1.2499999999999823e-05,1.2499999999999823e-05,0.0,1.2499999999999823e-05,0.0,0.0,0.0,0.0,0.0,0.0,0.0,0.0,0.0,0.0,0.0,0.0,0.0,0.0,0.0,0.0,0.0,0.0,0.0,0.0,0.0,0.0,0.0,0.0,0.0,0.0,0.0,0.0,0.0,0.0,0.0,0.0,0.0,0.0,0.0,0.0,0.0,0.0,0.0,0.0,0.0,0.0,0.0,0.0,0.0,0.0,0.0
45.650000000000006,0.011531947998669034,0.010242634120352681,0.009191199457781626,0.00880268481886963,0.007551821877027726,0.006513631743515344,0.005425732473883897,0.004725425288275878,0.004112690211922243,0.003600063001102468,0.0024625246252462174,0.0024125150782192046,0.0019625024531280386,0.0013249999999999811,0.0010999999999999845,0.0008624999999999877,0.0007124999999999899,0.0005999999999999915,0.0005374999999999924,0.00033749999999999525,0.00042499999999999396,0.00021249999999999698,0.00021249999999999698,0.00019999999999999716,7.499999999999894e-05,0.00014999999999999787,8.749999999999875e-05,7.499999999999894e-05,4.999999999999929e-05,0.00012499999999999821,6.249999999999911e-05,3.749999999999947e-05,1.2499999999999823e-05,4.999999999999929e-05,1.2499999999999823e-05,0.0,0.0,0.0,0.0,0.0,0.0,0.0,0.0,0.0,0.0,0.0,0.0,0.0,0.0,0.0,0.0,0.0,0.0,0.0,0.0,0.0,0.0,0.0,0.0,0.0,0.0,0.0,0.0,0.0,0.0,0.0,0.0,0.0,0.0,0.0,0.0,0.0,0.0,0.0,0.0,0.0,0.0,0.0,0.0,0.0,0.0,0.0,0.0
45.75,0.010731465708088972,0.009967496207473853,0.008928593758987866,0.00824001320402711,0.007339270599031912,0.006388610020991056,0.005050681842048605,0.004525407286655735,0.003950182695949631,0.0035875627823486397,0.0028250282502824626,0.0025125157032231094,0.0019250024062529806,0.0015749999999999775,0.001199999999999983,0.0007249999999999898,0.0008874999999999874,0.0006874999999999902,0.0004999999999999929,0.0004749999999999932,0.00043749999999999383,0.0001749999999999975,0.0002374999999999966,0.0001749999999999975,0.00021249999999999698,0.0001124999999999984,0.0001624999999999977,4.999999999999929e-05,9.999999999999858e-05,2.4999999999999645e-05,3.749999999999947e-05,1.2499999999999823e-05,3.749999999999947e-05,1.2499999999999823e-05,3.749999999999947e-05,0.0,0.0,0.0,1.2499999999999823e-05,3.749999999999947e-05,0.0,0.0,0.0,0.0,0.0,0.0,0.0,0.0,0.0,0.0,0.0,0.0,0.0,0.0,0.0,0.0,0.0,0.0,0.0,0.0,0.0,0.0,0.0,0.0,0.0,0.0,0.0,0.0,0.0,0.0,0.0,0.0,0.0,0.0,0.0,0.0,0.0,0.0,0.0,0.0,0.0,0.0,0.0
45.85000000000001,0.010568867742814896,0.00945473918801786,0.0094287950900236,0.007977433117100603,0.006776634863160641,0.006326099159728913,0.005138193656143507,0.0044003960356431455,0.0037876751799770197,0.003475060813564188,0.0023625236252362188,0.002237513984462371,0.002150002687503329,0.0015374999999999781,0.0013749999999999804,0.000774999999999989,0.0007999999999999887,0.0006124999999999913,0.0006124999999999913,0.00043749999999999383,0.00039999999999999433,0.0003749999999999947,0.00021249999999999698,0.00018749999999999735,0.00019999999999999716,6.249999999999911e-05,9.999999999999858e-05,4.999999999999929e-05,4.999999999999929e-05,2.4999999999999645e-05,4.999999999999929e-05,1.2499999999999823e-05,7.499999999999894e-05,3.749999999999947e-05,1.2499999999999823e-05,0.0,1.2499999999999823e-05,0.0,0.0,0.0,1.2499999999999823e-05,0.0,0.0,0.0,0.0,0.0,0.0,0.0,0.0,0.0,0.0,0.0,0.0,0.0,0.0,0.0,0.0,0.0,0.0,0.0,0.0,0.0,0.0,0.0,0.0,0.0,0.0,0.0,0.0,0.0,0.0,0.0,0.0,0.0,0.0,0.0,0.0,0.0,0.0,0.0,0.0,0.0,0.0
45.95,0.010368747170170617,0.00941722038171687,0.008816048459505453,0.007927417862448497,0.0065765866015179905,0.0065011295712633765,0.005213203782510936,0.0042628836595296,0.0036876705547633677,0.0031750555634725416,0.002800028000280162,0.0022625141407135083,0.0018375022968779757,0.0014500000000000825,0.0009375000000000533,0.0009750000000000555,0.0006500000000000369,0.0005500000000000313,0.00041250000000002347,0.00042500000000002415,0.00030000000000001705,0.00027500000000001563,0.00018750000000001066,0.00020000000000001137,0.00013750000000000781,0.00017500000000000995,8.750000000000497e-05,7.500000000000426e-05,7.500000000000426e-05,5.000000000000284e-05,1.250000000000071e-05,2.500000000000142e-05,5.000000000000284e-05,2.500000000000142e-05,1.250000000000071e-05,1.250000000000071e-05,0.0,0.0,1.250000000000071e-05,0.0,0.0,0.0,0.0,0.0,0.0,0.0,0.0,0.0,0.0,0.0,0.0,0.0,0.0,0.0,0.0,0.0,0.0,0.0,0.0,0.0,0.0,0.0,0.0,0.0,0.0,0.0,0.0,0.0,0.0,0.0,0.0,0.0,0.0,0.0,0.0,0.0,0.0,0.0,0.0,0.0,0.0,0.0,0.0
46.05,0.009918475881718595,0.009679852025827808,0.008115766596054797,0.007914914048784766,0.006776634863160641,0.005988540508913338,0.0050756852175042905,0.004362892660339368,0.003912680961494414,0.0028125492196113032,0.0026750267502674645,0.0023125144532153,0.0019250024062529806,0.0015874999999999776,0.0010874999999999845,0.0007874999999999887,0.0008249999999999884,0.0005749999999999919,0.00046249999999999346,0.0003749999999999947,0.000349999999999995,0.00026249999999999624,0.00012499999999999821,0.00013749999999999806,9.999999999999858e-05,0.00012499999999999821,8.749999999999875e-05,6.249999999999911e-05,7.499999999999894e-05,1.2499999999999823e-05,1.2499999999999823e-05,6.249999999999911e-05,0.0,1.2499999999999823e-05,0.0,0.0,0.0,1.2499999999999823e-05,0.0,0.0,0.0,0.0,0.0,0.0,0.0,0.0,0.0,0.0,0.0,0.0,0.0,0.0,0.0,0.0,0.0,0.0,0.0,0.0,0.0,0.0,0.0,0.0,0.0,0.0,0.0,0.0,0.0,0.0,0.0,0.0,0.0,0.0,0.0,0.0,0.0,0.0,0.0,0.0,0.0,0.0,0.0,0.0,0.0
46.150000000000006,0.0098309231311864,0.009129576200070155,0.008653483026918212,0.007277219551963246,0.006439053421637879,0.0058385144418841945,0.004938166652498017,0.004687921912972101,0.0035126624606387547,0.0032250564384876273,0.0029375293752937114,0.002125013281332978,0.0019625024531280386,0.001612499999999977,0.001212499999999983,0.0009749999999999862,0.0008999999999999872,0.0004499999999999936,0.0004499999999999936,0.000349999999999995,0.0002749999999999961,0.00019999999999999716,0.0002249999999999968,0.0001624999999999977,0.00024999999999999643,0.0001124999999999984,6.249999999999911e-05,4.999999999999929e-05,6.249999999999911e-05,4.999999999999929e-05,6.249999999999911e-05,3.749999999999947e-05,3.749999999999947e-05,4.999999999999929e-05,1.2499999999999823e-05,1.2499999999999823e-05,0.0,0.0,0.0,0.0,0.0,0.0,0.0,0.0,0.0,0.0,0.0,0.0,0.0,0.0,0.0,0.0,0.0,0.0,0.0,0.0,0.0,0.0,0.0,0.0,0.0,0.0,0.0,0.0,0.0,0.0,0.0,0.0,0.0,0.0,0.0,0.0,0.0,0.0,0.0,0.0,0.0,0.0,0.0,0.0,0.0,0.0,0.0
46.25,0.009555757343799504,0.009517270531853956,0.008853563559332506,0.00730222717928958,0.006289017225405539,0.005951033992156053,0.005288213908877623,0.004675420787870842,0.003712671711066584,0.0029625518446572395,0.002800028000279963,0.002250014062587859,0.0017750022187527483,0.00139999999999998,0.0009999999999999857,0.0006749999999999905,0.0005874999999999917,0.0005374999999999924,0.0004999999999999929,0.00042499999999999396,0.00029999999999999575,0.0003624999999999949,0.00028749999999999593,0.0001749999999999975,0.00013749999999999806,0.0001624999999999977,4.999999999999929e-05,8.749999999999875e-05,6.249999999999911e-05,2.4999999999999645e-05,4.999999999999929e-05,2.4999999999999645e-05,4.999999999999929e-05,1.2499999999999823e-05,1.2499999999999823e-05,1.2499999999999823e-05,0.0,0.0,0.0,0.0,0.0,0.0,0.0,0.0,0.0,0.0,0.0,0.0,0.0,0.0,0.0,0.0,0.0,0.0,0.0,0.0,0.0,0.0,0.0,0.0,0.0,0.0,0.0,0.0,0.0,0.0,0.0,0.0,0.0,0.0,0.0,0.0,0.0,0.0,0.0,0.0,0.0,0.0,0.0,0.0,0.0,0.0,0.0
46.35000000000001,0.01025617934805706,0.008992007243630742,0.008003221296571756,0.00721470048364741,0.006964180108451065,0.005538462307825906,0.004313082266105863,0.004062865657909154,0.0036251676640044086,0.0028875505321342716,0.0026000260002599657,0.0024125150782192046,0.0020500025625031742,0.0012999999999999815,0.001062499999999985,0.0008874999999999874,0.0008124999999999885,0.0005999999999999915,0.0005499999999999922,0.0003749999999999947,0.0003749999999999947,0.0002374999999999966,0.0002374999999999966,0.00013749999999999806,8.749999999999875e-05,6.249999999999911e-05,9.999999999999858e-05,7.499999999999894e-05,3.749999999999947e-05,1.2499999999999823e-05,3.749999999999947e-05,3.749999999999947e-05,2.4999999999999645e-05,0.0,1.2499999999999823e-05,0.0,0.0,1.2499999999999823e-05,0.0,0.0,0.0,0.0,0.0,0.0,0.0,0.0,0.0,0.0,0.0,0.0,0.0,0.0,0.0,0.0,0.0,0.0,0.0,0.0,0.0,0.0,0.0,0.0,0.0,0.0,0.0,0.0,0.0,0.0,0.0,0.0,0.0,0.0,0.0,0.0,0.0,0.0,0.0,0.0,0.0,0.0,0.0,0.0,0.0
46.45,0.009880953274348356,0.009267145156510228,0.008290837061917893,0.00760231870720613,0.0067766348631611234,0.005838514441884609,0.005138193656143872,0.003962856657099364,0.0036251676640046667,0.0028000490008576744,0.0024750247502476432,0.0019375121094507943,0.0017500021875028339,0.0012625000000000717,0.0012000000000000682,0.0008375000000000476,0.0006875000000000391,0.0005125000000000291,0.00048750000000002773,0.00041250000000002347,0.0002250000000000128,0.00027500000000001563,0.00021250000000001208,0.00015000000000000852,0.00020000000000001137,0.0001125000000000064,5.000000000000284e-05,7.500000000000426e-05,1.250000000000071e-05,2.500000000000142e-05,5.000000000000284e-05,0.0,3.750000000000213e-05,1.250000000000071e-05,0.0,0.0,0.0,0.0,3.750000000000213e-05,0.0,0.0,0.0,0.0,0.0,0.0,0.0,0.0,0.0,0.0,0.0,0.0,0.0,0.0,0.0,0.0,0.0,0.0,0.0,0.0,0.0,0.0,0.0,0.0,0.0,0.0,0.0,0.0,0.0,0.0,0.0,0.0,0.0,0.0,0.0,0.0,0.0,0.0,0.0,0.0,0.0,0.0,0.0,0.0
46.55,0.009543249808009191,0.008979500974863523,0.008503422627607492,0.007739860657500428,0.006126478012820505,0.006101060059185197,0.0049881734034093895,0.004650418537668324,0.0031501456942383136,0.002875050313380443,0.002412524125241218,0.0018250114063212636,0.0016000020000024773,0.0012249999999999826,0.0009624999999999864,0.0008749999999999877,0.0006874999999999902,0.0005874999999999917,0.0004499999999999936,0.0003874999999999945,0.0002249999999999968,0.00019999999999999716,0.0002249999999999968,0.00014999999999999787,0.0001124999999999984,0.00014999999999999787,6.249999999999911e-05,2.4999999999999645e-05,4.999999999999929e-05,0.0,2.4999999999999645e-05,2.4999999999999645e-05,2.4999999999999645e-05,3.749999999999947e-05,0.0,0.0,0.0,0.0,0.0,1.2499999999999823e-05,0.0,0.0,0.0,0.0,0.0,0.0,0.0,0.0,0.0,0.0,0.0,0.0,0.0,0.0,0.0,0.0,0.0,0.0,0.0,0.0,0.0,0.0,0.0,0.0,0.0,0.0,0.0,0.0,0.0,0.0,0.0,0.0,0.0,0.0,0.0,0.0,0.0,0.0,0.0,0.0,0.0,0.0,0.0
46.650000000000006,0.009017933304816024,0.008741881868286354,0.00812827162933069,0.007577311079879255,0.006063962931057031,0.005488453618816191,0.004750641336580371,0.0037128341550739037,0.0035251630387904942,0.0025125439695194308,0.00226252262522622,0.002087513046956514,0.0015375019218773806,0.001337499999999981,0.001199999999999983,0.0009124999999999871,0.0008874999999999874,0.0004749999999999932,0.00033749999999999525,0.00039999999999999433,0.0002249999999999968,0.00024999999999999643,0.0002249999999999968,9.999999999999858e-05,9.999999999999858e-05,9.999999999999858e-05,6.249999999999911e-05,3.749999999999947e-05,9.999999999999858e-05,9.999999999999858e-05,1.2499999999999823e-05,6.249999999999911e-05,3.749999999999947e-05,1.2499999999999823e-05,1.2499999999999823e-05,1.2499999999999823e-05,0.0,1.2499999999999823e-05,0.0,0.0,0.0,0.0,0.0,0.0,0.0,0.0,0.0,0.0,0.0,0.0,0.0,0.0,0.0,0.0,0.0,0.0,0.0,0.0,0.0,0.0,0.0,0.0,0.0,0.0,0.0,0.0,0.0,0.0,0.0,0.0,0.0,0.0,0.0,0.0,0.0,0.0,0.0,0.0,0.0,0.0,0.0,0.0,0.0
46.75,0.009605787486960757,0.00906704485623406,0.008078251496227117,0.007314730992952747,0.006339029290816319,0.005088384106738474,0.004750641336580371,0.004050364532807895,0.003462660148031797,0.002537544407027087,0.00228752287522872,0.0018875117969487042,0.0012625015781269548,0.0012499999999999822,0.001212499999999983,0.00069999999999999,0.0006374999999999909,0.0004749999999999932,0.00042499999999999396,0.0003249999999999954,0.0002749999999999961,0.00024999999999999643,0.0001624999999999977,9.999999999999858e-05,0.00013749999999999806,8.749999999999875e-05,7.499999999999894e-05,0.0001124999999999984,3.749999999999947e-05,4.999999999999929e-05,1.2499999999999823e-05,4.999999999999929e-05,2.4999999999999645e-05,1.2499999999999823e-05,0.0,0.0,1.2499999999999823e-05,0.0,0.0,0.0,0.0,0.0,0.0,0.0,0.0,0.0,0.0,0.0,0.0,0.0,0.0,0.0,0.0,0.0,0.0,0.0,0.0,0.0,0.0,0.0,0.0,0.0,0.0,0.0,0.0,0.0,0.0,0.0,0.0,0.0,0.0,0.0,0.0,0.0,0.0,0.0,0.0,0.0,0.0,0.0,0.0,0.0,0.0
46.85000000000001,0.008855335339541947,0.008304162461433675,0.007728110564502102,0.006639525055141724,0.0063140232581109295,0.005250912346020046,0.004425597455656451,0.0039628566570990825,0.0034376589917283185,0.0029375514071495836,0.0025250252502524665,0.0020000125000780972,0.0017125021406276513,0.0013249999999999811,0.0009499999999999864,0.0007999999999999887,0.0006749999999999905,0.0005124999999999928,0.0002749999999999961,0.00031249999999999556,0.0002249999999999968,0.00018749999999999735,0.00018749999999999735,0.00013749999999999806,0.0001124999999999984,0.0001624999999999977,6.249999999999911e-05,4.999999999999929e-05,1.2499999999999823e-05,1.2499999999999823e-05,2.4999999999999645e-05,3.749999999999947e-05,0.0,0.0,0.0,0.0,0.0,0.0,0.0,0.0,0.0,0.0,0.0,0.0,0.0,0.0,0.0,0.0,0.0,0.0,0.0,0.0,0.0,0.0,0.0,0.0,0.0,0.0,0.0,0.0,0.0,0.0,0.0,0.0,0.0,0.0,0.0,0.0,0.0,0.0,0.0,0.0,0.0,0.0,0.0,0.0,0.0,0.0,0.0,0.0,0.0,0.0,0.0
46.95,0.009393159378526096,0.00806654335485708,0.007728110564502651,0.0064894792911841795,0.006226502143642508,0.004975864556466969,0.004463102518840297,0.0039503555319981044,0.003475160726183784,0.0024125422194889784,0.0022250222502226288,0.0019875124219527504,0.0014875018593774089,0.0012375000000000704,0.0007500000000000426,0.0006125000000000348,0.00048750000000002773,0.00041250000000002347,0.0003375000000000192,0.00042500000000002415,0.00017500000000000995,0.0002500000000000142,0.00020000000000001137,0.00020000000000001137,0.00010000000000000568,8.750000000000497e-05,3.750000000000213e-05,6.250000000000355e-05,5.000000000000284e-05,1.250000000000071e-05,6.250000000000355e-05,1.250000000000071e-05,2.500000000000142e-05,1.250000000000071e-05,2.500000000000142e-05,0.0,0.0,0.0,0.0,0.0,0.0,0.0,0.0,0.0,0.0,0.0,0.0,0.0,0.0,0.0,0.0,0.0,0.0,0.0,0.0,0.0,0.0,0.0,0.0,0.0,0.0,0.0,0.0,0.0,0.0,0.0,0.0,0.0,0.0,0.0,0.0,0.0,0.0,0.0,0.0,0.0,0.0,0.0,0.0,0.0,0.0,0.0,0.0
47.05,0.008830320267961322,0.008666844255683039,0.007765625664329782,0.006251906831583544,0.006026453881998947,0.005200903657010331,0.00433808564156155,0.004100369033212931,0.0035251630387904942,0.002487543532011775,0.00226252262522622,0.0016875105469408944,0.0012500015625019354,0.0010874999999999845,0.0008124999999999885,0.0007624999999999892,0.0005999999999999915,0.0005874999999999917,0.0003624999999999949,0.0004124999999999942,0.00019999999999999716,0.0002249999999999968,0.0001624999999999977,0.00012499999999999821,0.00014999999999999787,9.999999999999858e-05,7.499999999999894e-05,7.499999999999894e-05,2.4999999999999645e-05,4.999999999999929e-05,1.2499999999999823e-05,3.749999999999947e-05,3.749999999999947e-05,1.2499999999999823e-05,0.0,0.0,0.0,0.0,0.0,0.0,0.0,0.0,0.0,0.0,0.0,0.0,0.0,0.0,0.0,0.0,0.0,0.0,0.0,0.0,0.0,0.0,0.0,0.0,0.0,0.0,0.0,0.0,0.0,0.0,0.0,0.0,0.0,0.0,0.0,0.0,0.0,0.0,0.0,0.0,0.0,0.0,0.0,0.0,0.0,0.0,0.0,0.0,0.0
47.150000000000006,0.00900542576902571,0.008366693805269772,0.006915283401569034,0.006739555564447061,0.005988944832940862,0.004775829800427757,0.004175563701099589,0.0036003240291625736,0.0033751561009696222,0.0024625430945041187,0.002412524125241218,0.0019500121875761448,0.0014625018281272644,0.001199999999999983,0.0007124999999999899,0.0008499999999999879,0.0006624999999999906,0.0005374999999999924,0.0004999999999999929,0.0003624999999999949,0.00033749999999999525,0.00019999999999999716,0.00019999999999999716,0.00013749999999999806,0.00013749999999999806,7.499999999999894e-05,7.499999999999894e-05,6.249999999999911e-05,3.749999999999947e-05,3.749999999999947e-05,4.999999999999929e-05,4.999999999999929e-05,1.2499999999999823e-05,1.2499999999999823e-05,0.0,0.0,1.2499999999999823e-05,3.749999999999947e-05,1.2499999999999823e-05,0.0,0.0,0.0,0.0,0.0,0.0,0.0,0.0,0.0,0.0,0.0,0.0,0.0,0.0,0.0,0.0,0.0,0.0,0.0,0.0,0.0,0.0,0.0,0.0,0.0,0.0,0.0,0.0,0.0,0.0,0.0,0.0,0.0,0.0,0.0,0.0,0.0,0.0,0.0,0.0,0.0,0.0,0.0,0.0
47.25,0.008980410697445084,0.007966493204718752,0.006890273335017246,0.005951815303667535,0.005851411653061218,0.0050258732454763295,0.004475604206567823,0.0035503195287575375,0.003162646272390053,0.002550044625780915,0.002112521125211222,0.0020000125000780972,0.0015625019531274192,0.0012749999999999819,0.0007374999999999895,0.0007874999999999887,0.0005874999999999917,0.0005124999999999928,0.0003874999999999945,0.0003249999999999954,0.00029999999999999575,0.00012499999999999821,0.00013749999999999806,0.0001749999999999975,0.00013749999999999806,7.499999999999894e-05,3.749999999999947e-05,7.499999999999894e-05,2.4999999999999645e-05,3.749999999999947e-05,3.749999999999947e-05,1.2499999999999823e-05,1.2499999999999823e-05,0.0,0.0,0.0,0.0,0.0,0.0,0.0,0.0,0.0,0.0,0.0,0.0,0.0,0.0,0.0,0.0,0.0,0.0,0.0,0.0,0.0,0.0,0.0,0.0,0.0,0.0,0.0,0.0,0.0,0.0,0.0,0.0,0.0,0.0,0.0,0.0,0.0,0.0,0.0,0.0,0.0,0.0,0.0,0.0,0.0,0.0,0.0,0.0,0.0,0.0
47.35000000000001,0.008555154480574425,0.008104062161158165,0.007478009898984235,0.006677036496131225,0.005651363391418099,0.005075881934486045,0.004250573827466648,0.003900351031592788,0.00283763124044483,0.0027375479070883353,0.0023875238752387186,0.0018000112500702874,0.0014375017968772255,0.0009374999999999866,0.0009624999999999864,0.0006249999999999911,0.0005374999999999924,0.0003624999999999949,0.00043749999999999383,0.0003624999999999949,0.0002374999999999966,0.00019999999999999716,0.0001624999999999977,0.00018749999999999735,9.999999999999858e-05,4.999999999999929e-05,8.749999999999875e-05,2.4999999999999645e-05,1.2499999999999823e-05,3.749999999999947e-05,0.0,3.749999999999947e-05,2.4999999999999645e-05,0.0,0.0,0.0,1.2499999999999823e-05,0.0,0.0,0.0,0.0,0.0,0.0,0.0,0.0,0.0,0.0,0.0,0.0,0.0,0.0,0.0,0.0,0.0,0.0,0.0,0.0,0.0,0.0,0.0,0.0,0.0,0.0,0.0,0.0,0.0,0.0,0.0,0.0,0.0,0.0,0.0,0.0,0.0,0.0,0.0,0.0,0.0,0.0,0.0,0.0,0.0,0.0
47.45,0.008930380554284464,0.008354187536503148,0.0074529998324329785,0.006802074632763379,0.005501327195186151,0.004763327628175666,0.0048381531506756165,0.0033002970267325933,0.002837631240445032,0.0028000490008576744,0.0021000210002101215,0.0018375114844468824,0.0015250019062524696,0.0010625000000000604,0.0007500000000000426,0.0007875000000000448,0.0005625000000000319,0.000475000000000027,0.00028750000000001637,0.00028750000000001637,0.00021250000000001208,0.0002375000000000135,0.00016250000000000924,0.0001125000000000064,0.0001125000000000064,0.00010000000000000568,8.750000000000497e-05,1.250000000000071e-05,2.500000000000142e-05,6.250000000000355e-05,1.250000000000071e-05,2.500000000000142e-05,2.500000000000142e-05,1.250000000000071e-05,1.250000000000071e-05,0.0,0.0,0.0,0.0,0.0,0.0,0.0,0.0,0.0,0.0,0.0,0.0,0.0,0.0,0.0,0.0,0.0,0.0,0.0,0.0,0.0,0.0,0.0,0.0,0.0,0.0,0.0,0.0,0.0,0.0,0.0,0.0,0.0,0.0,0.0,0.0,0.0,0.0,0.0,0.0,0.0,0.0,0.0,0.0,0.0,0.0,0.0,0.0
47.55,0.008229958550026274,0.00799150574225319,0.007515524998811915,0.006226899204257209,0.005751387522239659,0.00426324073807818,0.003838018132447826,0.0035503195287575375,0.0029501364438104844,0.0027750485633498195,0.0020875208752087226,0.001987512421952609,0.001587501984377458,0.0011124999999999842,0.0010249999999999856,0.0008249999999999884,0.00043749999999999383,0.00042499999999999396,0.00028749999999999593,0.00031249999999999556,0.00039999999999999433,0.00028749999999999593,0.00014999999999999787,0.0001624999999999977,9.999999999999858e-05,2.4999999999999645e-05,6.249999999999911e-05,3.749999999999947e-05,0.0,1.2499999999999823e-05,7.499999999999894e-05,3.749999999999947e-05,0.0,0.0,0.0,1.2499999999999823e-05,0.0,0.0,0.0,0.0,0.0,0.0,0.0,0.0,0.0,0.0,0.0,0.0,0.0,0.0,0.0,0.0,0.0,0.0,0.0,0.0,0.0,0.0,0.0,0.0,0.0,0.0,0.0,0.0,0.0,0.0,0.0,0.0,0.0,0.0,0.0,0.0,0.0,0.0,0.0,0.0,0.0,0.0,0.0,0.0,0.0,0.0,0.0
47.650000000000006,0.007842224940526556,0.007753886635676022,0.007277929366569941,0.005951815303667535,0.0058889207021193025,0.00493835803970933,0.003963035009726256,0.0036378274044663503,0.002962637021962224,0.0025875452820423987,0.00228752287522872,0.0016500103125644302,0.0013750017187521288,0.0009999999999999857,0.0006124999999999913,0.0005999999999999915,0.0005124999999999928,0.0004874999999999931,0.0005249999999999925,0.00029999999999999575,0.00019999999999999716,0.00018749999999999735,0.00013749999999999806,0.0001624999999999977,9.999999999999858e-05,7.499999999999894e-05,2.4999999999999645e-05,9.999999999999858e-05,9.999999999999858e-05,0.0,4.999999999999929e-05,2.4999999999999645e-05,1.2499999999999823e-05,0.0,0.0,0.0,0.0,0.0,0.0,0.0,0.0,0.0,0.0,0.0,0.0,0.0,0.0,0.0,0.0,0.0,0.0,0.0,0.0,0.0,0.0,0.0,0.0,0.0,0.0,0.0,0.0,0.0,0.0,0.0,0.0,0.0,0.0,0.0,0.0,0.0,0.0,0.0,0.0,0.0,0.0,0.0,0.0,0.0,0.0,0.0,0.0,0.0,0.0
47.75,0.008667722302687246,0.007428723647728318,0.00705283876760386,0.006114364881288707,0.00550132719518576,0.0049258558674569,0.004175563701099589,0.0034253082777449483,0.0027376266152309156,0.0023000402507043546,0.002112521125211222,0.002100013125082002,0.0011625014531268,0.0010124999999999856,0.0008124999999999885,0.0007999999999999887,0.000562499999999992,0.0005249999999999925,0.0003749999999999947,0.00026249999999999624,0.0002374999999999966,0.0002374999999999966,0.00014999999999999787,8.749999999999875e-05,0.00013749999999999806,7.499999999999894e-05,3.749999999999947e-05,2.4999999999999645e-05,4.999999999999929e-05,2.4999999999999645e-05,3.749999999999947e-05,0.0,0.0,1.2499999999999823e-05,0.0,0.0,0.0,0.0,0.0,0.0,0.0,0.0,0.0,0.0,0.0,0.0,0.0,0.0,0.0,0.0,0.0,0.0,0.0,0.0,0.0,0.0,0.0,0.0,0.0,0.0,0.0,0.0,0.0,0.0,0.0,0.0,0.0,0.0,0.0,0.0,0.0,0.0,0.0,0.0,0.0,0.0,0.0,0.0,0.0,0.0,0.0,0.0,0.0
47.85000000000001,0.008229958550026274,0.007878949323348218,0.006477607236912765,0.005951815303667535,0.005163745753662997,0.004663310250155898,0.004313082266105863,0.003075276774909698,0.002787628927837873,0.0026125457195500554,0.001987519875198724,0.001625010156313454,0.001312501640627032,0.001199999999999983,0.0008999999999999872,0.0007249999999999898,0.0005374999999999924,0.0004874999999999931,0.0003624999999999949,0.00019999999999999716,0.00021249999999999698,0.00021249999999999698,9.999999999999858e-05,0.00012499999999999821,8.749999999999875e-05,6.249999999999911e-05,9.999999999999858e-05,4.999999999999929e-05,1.2499999999999823e-05,3.749999999999947e-05,0.0,4.999999999999929e-05,1.2499999999999823e-05,1.2499999999999823e-05,0.0,1.2499999999999823e-05,3.749999999999947e-05,0.0,0.0,0.0,0.0,0.0,0.0,0.0,0.0,0.0,0.0,0.0,0.0,0.0,0.0,0.0,0.0,0.0,0.0,0.0,0.0,0.0,0.0,0.0,0.0,0.0,0.0,0.0,0.0,0.0,0.0,0.0,0.0,0.0,0.0,0.0,0.0,0.0,0.0,0.0,0.0,0.0,0.0,0.0,0.0,0.0,0.0
47.95,0.007729657118414284,0.007066041853479458,0.0062900317377748115,0.0064894792911841795,0.005076224639194494,0.0047133189391659475,0.0036754961919861274,0.003400306027542672,0.0025751190992584876,0.0023875417819813204,0.0017500175001751012,0.0015625097656861244,0.0012750015937520647,0.0009625000000000547,0.0008125000000000461,0.0006125000000000348,0.0005375000000000306,0.0004500000000000256,0.00036250000000002063,0.00028750000000001637,0.0002375000000000135,0.00020000000000001137,8.750000000000497e-05,0.0001125000000000064,0.00013750000000000781,5.000000000000284e-05,5.000000000000284e-05,3.750000000000213e-05,1.250000000000071e-05,3.750000000000213e-05,5.000000000000284e-05,1.250000000000071e-05,2.500000000000142e-05,0.0,0.0,0.0,0.0,1.250000000000071e-05,0.0,0.0,0.0,0.0,0.0,0.0,0.0,0.0,0.0,0.0,0.0,0.0,0.0,0.0,0.0,0.0,0.0,0.0,0.0,0.0,0.0,0.0,0.0,0.0,0.0,0.0,0.0,0.0,0.0,0.0,0.0,0.0,0.0,0.0,0.0,0.0,0.0,0.0,0.0,0.0,0.0,0.0,0.0,0.0,0.0
48.05,0.00800482290580063,0.006915966628272324,0.006377566970705618,0.005914303862678032,0.004813661295787541,0.004288245082583038,0.004050546823821158,0.0033503015271373945,0.0023626092706787354,0.0021250371881507625,0.002050020500204973,0.0015000093750585728,0.0011500014375017806,0.0011124999999999842,0.0008999999999999872,0.0008624999999999877,0.0005249999999999925,0.0003249999999999954,0.0003874999999999945,0.00018749999999999735,0.0002374999999999966,0.0001624999999999977,9.999999999999858e-05,0.0001124999999999984,0.0001124999999999984,4.999999999999929e-05,7.499999999999894e-05,1.2499999999999823e-05,4.999999999999929e-05,4.999999999999929e-05,3.749999999999947e-05,1.2499999999999823e-05,0.0,0.0,0.0,0.0,0.0,0.0,0.0,0.0,0.0,0.0,0.0,0.0,0.0,0.0,0.0,0.0,0.0,0.0,0.0,0.0,0.0,0.0,0.0,0.0,0.0,0.0,0.0,0.0,0.0,0.0,0.0,0.0,0.0,0.0,0.0,0.0,0.0,0.0,0.0,0.0,0.0,0.0,0.0,0.0,0.0,0.0,0.0,0.0,0.0,0.0,0.0
48.150000000000006,0.00835503390792941,0.006865941553203445,0.006252516637946685,0.00610186106762554,0.0049136854266091,0.004325751599340324,0.0035129742515239057,0.003325299276934877,0.0028251306622930905,0.0021875382819199025,0.0017875178751787266,0.0012000075000468582,0.0012500015625019354,0.0010124999999999856,0.0007249999999999898,0.0006374999999999909,0.00043749999999999383,0.00039999999999999433,0.00029999999999999575,0.0002749999999999961,0.00018749999999999735,0.00018749999999999735,0.00019999999999999716,8.749999999999875e-05,9.999999999999858e-05,7.499999999999894e-05,7.499999999999894e-05,4.999999999999929e-05,2.4999999999999645e-05,1.2499999999999823e-05,2.4999999999999645e-05,1.2499999999999823e-05,0.0,0.0,0.0,1.2499999999999823e-05,0.0,0.0,0.0,0.0,0.0,0.0,0.0,0.0,0.0,0.0,0.0,0.0,0.0,0.0,0.0,0.0,0.0,0.0,0.0,0.0,0.0,0.0,0.0,0.0,0.0,0.0,0.0,0.0,0.0,0.0,0.0,0.0,0.0,0.0,0.0,0.0,0.0,0.0,0.0,0.0,0.0,0.0,0.0,0.0,0.0,0.0,0.0
48.25,0.00785473247631687,0.00739120484142666,0.005952395839325244,0.00562671614842519,0.004951194475667184,0.004200729876816037,0.004025543448365472,0.003337800402036136,0.002437612739589171,0.002425042438242635,0.0019375193751937244,0.0016875105469408944,0.0013000016250020129,0.001049999999999985,0.0006624999999999906,0.0007249999999999898,0.0004499999999999936,0.00028749999999999593,0.0003249999999999954,0.00014999999999999787,0.0002374999999999966,0.00013749999999999806,0.0001749999999999975,0.00014999999999999787,4.999999999999929e-05,6.249999999999911e-05,4.999999999999929e-05,2.4999999999999645e-05,4.999999999999929e-05,3.749999999999947e-05,3.749999999999947e-05,2.4999999999999645e-05,0.0,1.2499999999999823e-05,0.0,0.0,0.0,0.0,0.0,0.0,0.0,0.0,0.0,0.0,0.0,0.0,0.0,0.0,0.0,0.0,0.0,0.0,0.0,0.0,0.0,0.0,0.0,0.0,0.0,0.0,0.0,0.0,0.0,0.0,0.0,0.0,0.0,0.0,0.0,0.0,0.0,0.0,0.0,0.0,0.0,0.0,0.0,0.0,0.0,0.0,0.0,0.0,0.0
48.35000000000001,0.0075420440815590324,0.007316167228823344,0.0067152028691547395,0.005701739030404193,0.004901182410256405,0.004150721187806322,0.0038630215079035117,0.0035128161534537608,0.0023501086925269963,0.0021750380631660746,0.0019375193751937244,0.0015000093750585728,0.0011625014531268,0.0008624999999999877,0.0007249999999999898,0.0004749999999999932,0.0004499999999999936,0.00031249999999999556,0.00039999999999999433,0.0002249999999999968,0.00021249999999999698,0.0002249999999999968,0.00013749999999999806,0.00013749999999999806,0.0001124999999999984,4.999999999999929e-05,7.499999999999894e-05,2.4999999999999645e-05,3.749999999999947e-05,1.2499999999999823e-05,2.4999999999999645e-05,2.4999999999999645e-05,1.2499999999999823e-05,0.0,1.2499999999999823e-05,0.0,0.0,0.0,0.0,0.0,0.0,0.0,0.0,0.0,0.0,0.0,0.0,0.0,0.0,0.0,0.0,0.0,0.0,0.0,0.0,0.0,0.0,0.0,0.0,0.0,0.0,0.0,0.0,0.0,0.0,0.0,0.0,0.0,0.0,0.0,0.0,0.0,0.0,0.0,0.0,0.0,0.0,0.0,0.0,0.0,0.0,0.0,0.0
48.45,0.007466998866817682,0.007303660960056644,0.006552637436568592,0.005664227589415093,0.004701134148613621,0.0043132494270882015,0.0034129607497014034,0.003137782400416216,0.0026626231463206685,0.0021500376256585714,0.0016375163751638448,0.0011500071875449876,0.0011125013906268014,0.0008500000000000483,0.0006375000000000363,0.0005625000000000319,0.0005375000000000306,0.00030000000000001705,0.00042500000000002415,0.00032500000000001847,0.00018750000000001066,0.0001250000000000071,0.00010000000000000568,0.00013750000000000781,3.750000000000213e-05,7.500000000000426e-05,2.500000000000142e-05,1.250000000000071e-05,5.000000000000284e-05,1.250000000000071e-05,1.250000000000071e-05,0.0,0.0,0.0,0.0,0.0,0.0,0.0,0.0,0.0,0.0,0.0,0.0,0.0,0.0,0.0,0.0,0.0,0.0,0.0,0.0,0.0,0.0,0.0,0.0,0.0,0.0,0.0,0.0,0.0,0.0,0.0,0.0,0.0,0.0,0.0,0.0,0.0,0.0,0.0,0.0,0.0,0.0,0.0,0.0,0.0,0.0,0.0,0.0,0.0,0.0,0.0,0.0
48.55,0.007742164654204048,0.0070785481222461755,0.0059273857727734575,0.005401647502488183,0.004926188442961795,0.004038201637534464,0.0034754691883403764,0.0032877959016311,0.0022751052236165597,0.002425042438242635,0.001900019000189975,0.001525009531309549,0.0011750014687518192,0.0006124999999999913,0.0007999999999999887,0.0005999999999999915,0.0004499999999999936,0.0005124999999999928,0.0003749999999999947,0.00026249999999999624,0.0001624999999999977,0.0001624999999999977,0.0002374999999999966,9.999999999999858e-05,7.499999999999894e-05,8.749999999999875e-05,1.2499999999999823e-05,1.2499999999999823e-05,1.2499999999999823e-05,7.499999999999894e-05,3.749999999999947e-05,1.2499999999999823e-05,0.0,0.0,0.0,0.0,0.0,0.0,0.0,0.0,0.0,0.0,0.0,0.0,0.0,0.0,0.0,0.0,0.0,0.0,0.0,0.0,0.0,0.0,0.0,0.0,0.0,0.0,0.0,0.0,0.0,0.0,0.0,0.0,0.0,0.0,0.0,0.0,0.0,0.0,0.0,0.0,0.0,0.0,0.0,0.0,0.0,0.0,0.0,0.0,0.0,0.0,0.0
48.650000000000006,0.00710428032889806,0.006690853790462374,0.0060149210057047105,0.0054391589434776835,0.004388558739795914,0.004763327628175328,0.0036629945042580226,0.002762748647378225,0.0025501179429548255,0.0019250336880895142,0.0019750197501974738,0.0014500090625566204,0.0011875014843768386,0.0007499999999999894,0.0009124999999999871,0.0005999999999999915,0.0005999999999999915,0.0003874999999999945,0.0002749999999999961,0.0002749999999999961,0.00018749999999999735,0.00012499999999999821,0.00012499999999999821,0.0001124999999999984,7.499999999999894e-05,6.249999999999911e-05,3.749999999999947e-05,6.249999999999911e-05,1.2499999999999823e-05,3.749999999999947e-05,1.2499999999999823e-05,0.0,2.4999999999999645e-05,0.0,0.0,3.749999999999947e-05,1.2499999999999823e-05,0.0,0.0,0.0,0.0,0.0,0.0,0.0,0.0,0.0,0.0,0.0,0.0,0.0,0.0,0.0,0.0,0.0,0.0,0.0,0.0,0.0,0.0,0.0,0.0,0.0,0.0,0.0,0.0,0.0,0.0,0.0,0.0,0.0,0.0,0.0,0.0,0.0,0.0,0.0,0.0,0.0,0.0,0.0,0.0,0.0,0.0
48.75,0.006779084398349909,0.006290653189911353,0.005777325373462737,0.00571424284406736,0.004351049690737828,0.003913179915010177,0.0035379776269795923,0.002687741896770671,0.002587619677410043,0.0022750398131966987,0.0017125171251712273,0.001287508046925275,0.0010000012500015483,0.0008374999999999881,0.0006499999999999908,0.0005374999999999924,0.00042499999999999396,0.0003874999999999945,0.0003624999999999949,0.00014999999999999787,0.00021249999999999698,0.00019999999999999716,9.999999999999858e-05,7.499999999999894e-05,4.999999999999929e-05,3.749999999999947e-05,8.749999999999875e-05,3.749999999999947e-05,2.4999999999999645e-05,3.749999999999947e-05,2.4999999999999645e-05,1.2499999999999823e-05,0.0,0.0,1.2499999999999823e-05,0.0,0.0,0.0,0.0,0.0,0.0,0.0,0.0,0.0,0.0,0.0,0.0,0.0,0.0,0.0,0.0,0.0,0.0,0.0,0.0,0.0,0.0,0.0,0.0,0.0,0.0,0.0,0.0,0.0,0.0,0.0,0.0,0.0,0.0,0.0,0.0,0.0,0.0,0.0,0.0,0.0,0.0,0.0,0.0,0.0,0.0,0.0,0.0
48.85000000000001,0.006729054255188656,0.006328171996213012,0.0060149210057047105,0.005339128434172347,0.005026212573783354,0.004050703809786893,0.0032504388092392013,0.002975267774099627,0.0027376266152309156,0.0021000367506431063,0.001875018750187475,0.001625010156313454,0.0010000012500015483,0.0008249999999999884,0.0005999999999999915,0.0004999999999999929,0.000349999999999995,0.0003749999999999947,0.00026249999999999624,0.00031249999999999556,0.0002749999999999961,0.0001124999999999984,0.00019999999999999716,0.0001124999999999984,4.999999999999929e-05,3.749999999999947e-05,3.749999999999947e-05,4.999999999999929e-05,1.2499999999999823e-05,1.2499999999999823e-05,3.749999999999947e-05,2.4999999999999645e-05,0.0,0.0,0.0,0.0,0.0,0.0,0.0,0.0,0.0,0.0,0.0,0.0,0.0,0.0,0.0,0.0,0.0,0.0,0.0,0.0,0.0,0.0,0.0,0.0,0.0,0.0,0.0,0.0,0.0,0.0,0.0,0.0,0.0,0.0,0.0,0.0,0.0,0.0,0.0,0.0,0.0,0.0,0.0,0.0,0.0,0.0,0.0,0.0,0.0,0.0,0.0
48.95,0.007054250185737308,0.006253134383610141,0.006340051870878389,0.004851479701309175,0.004726140181319012,0.003688140814466723,0.0035504793147076875,0.002987768899201098,0.002775128349686331,0.00205003587562794,0.001812518125181355,0.0014625091406822125,0.001137501421876842,0.0009125000000000518,0.0008375000000000476,0.0005625000000000319,0.0004375000000000249,0.0003125000000000178,0.00032500000000001847,0.00028750000000001637,0.0002375000000000135,0.00015000000000000852,0.0001125000000000064,0.0001250000000000071,7.500000000000426e-05,7.500000000000426e-05,5.000000000000284e-05,1.250000000000071e-05,6.250000000000355e-05,3.750000000000213e-05,1.250000000000071e-05,0.0,0.0,0.0,1.250000000000071e-05,0.0,0.0,0.0,0.0,0.0,0.0,0.0,0.0,0.0,0.0,0.0,0.0,0.0,0.0,0.0,0.0,0.0,0.0,0.0,0.0,0.0,0.0,0.0,0.0,0.0,0.0,0.0,0.0,0.0,0.0,0.0,0.0,0.0,0.0,0.0,0.0,0.0,0.0,0.0,0.0,0.0,0.0,0.0,0.0,0.0,0.0,0.0,0.0
49.05,0.007416968723655897,0.006215615577308037,0.00575231530691095,0.0049014949559614985,0.004601110017791727,0.004275742910330609,0.0033254489356062595,0.0025877328959605997,0.0023501086925269963,0.0022125387194275583,0.0017000170001699776,0.0012375077344233226,0.0009500011875014709,0.0007624999999999892,0.000774999999999989,0.00039999999999999433,0.00043749999999999383,0.0003874999999999945,0.00028749999999999593,0.00019999999999999716,0.00019999999999999716,0.00013749999999999806,7.499999999999894e-05,9.999999999999858e-05,6.249999999999911e-05,7.499999999999894e-05,1.2499999999999823e-05,1.2499999999999823e-05,4.999999999999929e-05,3.749999999999947e-05,0.0,0.0,0.0,0.0,0.0,0.0,0.0,0.0,0.0,0.0,0.0,0.0,0.0,0.0,0.0,0.0,0.0,0.0,0.0,0.0,0.0,0.0,0.0,0.0,0.0,0.0,0.0,0.0,0.0,0.0,0.0,0.0,0.0,0.0,0.0,0.0,0.0,0.0,0.0,0.0,0.0,0.0,0.0,0.0,0.0,0.0,0.0,0.0,0.0,0.0,0.0,0.0,0.0
49.150000000000006,0.0071292954004786874,0.005827921245524236,0.00582734550656631,0.004838975887645663,0.004063480314625846,0.0036256299532043176,0.0030629134933215546,0.002725245272074448,0.002337608114375257,0.0020875365318892784,0.0019125191251912247,0.0012625078906742988,0.0009500011875014709,0.0006374999999999909,0.0005749999999999919,0.0005124999999999928,0.000562499999999992,0.0003624999999999949,0.0002749999999999961,0.00024999999999999643,0.0002249999999999968,9.999999999999858e-05,0.0001624999999999977,6.249999999999911e-05,6.249999999999911e-05,3.749999999999947e-05,3.749999999999947e-05,6.249999999999911e-05,1.2499999999999823e-05,2.4999999999999645e-05,1.2499999999999823e-05,0.0,1.2499999999999823e-05,1.2499999999999823e-05,0.0,0.0,0.0,0.0,0.0,0.0,0.0,0.0,0.0,0.0,0.0,0.0,0.0,0.0,0.0,0.0,0.0,0.0,0.0,0.0,0.0,0.0,0.0,0.0,0.0,0.0,0.0,0.0,0.0,0.0,0.0,0.0,0.0,0.0,0.0,0.0,0.0,0.0,0.0,0.0,0.0,0.0,0.0,0.0,0.0,0.0,0.0,0.0,0.0
49.25,0.007091772793107746,0.006515766027721304,0.005589749874324336,0.004888991142298332,0.004588607001439032,0.0038256647092431762,0.003212933746055672,0.002537728395555564,0.0025501179429548255,0.0019375339068433421,0.0017125171251712273,0.001312508203176251,0.0011875014843768386,0.0008874999999999874,0.0007874999999999887,0.0005374999999999924,0.00046249999999999346,0.0003749999999999947,0.0001749999999999975,0.0002249999999999968,0.0001624999999999977,9.999999999999858e-05,0.0001124999999999984,0.0001624999999999977,4.999999999999929e-05,4.999999999999929e-05,3.749999999999947e-05,4.999999999999929e-05,3.749999999999947e-05,3.749999999999947e-05,3.749999999999947e-05,1.2499999999999823e-05,0.0,0.0,0.0,0.0,0.0,0.0,0.0,0.0,0.0,0.0,0.0,0.0,0.0,0.0,0.0,0.0,0.0,0.0,0.0,0.0,0.0,0.0,0.0,0.0,0.0,0.0,0.0,0.0,0.0,0.0,0.0,0.0,0.0,0.0,0.0,0.0,0.0,0.0,0.0,0.0,0.0,0.0,0.0,0.0,0.0,0.0,0.0,0.0,0.0,0.0,0.0
49.35000000000001,0.006804099469930536,0.006403209608816328,0.005577244841048442,0.004776456819329828,0.004063480314625846,0.0036006256086994603,0.0033129472478784163,0.0022502025182266085,0.002287605801768299,0.00163752865675147,0.0015625156251562293,0.0012000075000468582,0.0009500011875014709,0.0008124999999999885,0.0006374999999999909,0.0005374999999999924,0.0004749999999999932,0.0003874999999999945,0.0002749999999999961,0.0002249999999999968,0.0001624999999999977,0.0001124999999999984,7.499999999999894e-05,0.0001124999999999984,6.249999999999911e-05,9.999999999999858e-05,3.749999999999947e-05,1.2499999999999823e-05,0.0,2.4999999999999645e-05,1.2499999999999823e-05,0.0,0.0,0.0,0.0,0.0,0.0,0.0,0.0,0.0,0.0,0.0,0.0,0.0,0.0,0.0,0.0,0.0,0.0,0.0,0.0,0.0,0.0,0.0,0.0,0.0,0.0,0.0,0.0,0.0,0.0,0.0,0.0,0.0,0.0,0.0,0.0,0.0,0.0,0.0,0.0,0.0,0.0,0.0,0.0,0.0,0.0,0.0,0.0,0.0,0.0,0.0,0.0
49.45,0.006241260359366873,0.005952983933196853,0.005564739807772945,0.004751449192003831,0.004213516510858484,0.003963188604020174,0.003287943872422964,0.0027377463971759016,0.0018750867227610344,0.0020000350006126244,0.0013750137501375795,0.0011875074219214546,0.0010250012812516598,0.0007625000000000433,0.0006125000000000348,0.0005500000000000313,0.00041250000000002347,0.00036250000000002063,0.00021250000000001208,0.0002500000000000142,0.00015000000000000852,0.00018750000000001066,7.500000000000426e-05,7.500000000000426e-05,6.250000000000355e-05,7.500000000000426e-05,1.250000000000071e-05,5.000000000000284e-05,1.250000000000071e-05,2.500000000000142e-05,1.250000000000071e-05,0.0,0.0,0.0,3.750000000000213e-05,1.250000000000071e-05,0.0,0.0,0.0,0.0,0.0,0.0,0.0,0.0,0.0,0.0,0.0,0.0,0.0,0.0,0.0,0.0,0.0,0.0,0.0,0.0,0.0,0.0,0.0,0.0,0.0,0.0,0.0,0.0,0.0,0.0,0.0,0.0,0.0,0.0,0.0,0.0,0.0,0.0,0.0,0.0,0.0,0.0,0.0,0.0,0.0,0.0,0.0
49.55,0.006216245287785803,0.005690352289084823,0.005177083776219855,0.004688930123687658,0.003875935069335422,0.0038881755705053203,0.003262940496967044,0.002525227270454305,0.002237603489161342,0.0017875312817974061,0.0012375123751237336,0.001162507265670394,0.001125001406251742,0.0008624999999999877,0.0008374999999999881,0.0004499999999999936,0.0002749999999999961,0.000349999999999995,0.0002749999999999961,0.00018749999999999735,0.00021249999999999698,0.00014999999999999787,0.0001624999999999977,7.499999999999894e-05,4.999999999999929e-05,2.4999999999999645e-05,1.2499999999999823e-05,4.999999999999929e-05,3.749999999999947e-05,2.4999999999999645e-05,0.0,2.4999999999999645e-05,0.0,1.2499999999999823e-05,0.0,0.0,0.0,0.0,0.0,0.0,0.0,0.0,0.0,0.0,0.0,0.0,0.0,0.0,0.0,0.0,0.0,0.0,0.0,0.0,0.0,0.0,0.0,0.0,0.0,0.0,0.0,0.0,0.0,0.0,0.0,0.0,0.0,0.0,0.0,0.0,0.0,0.0,0.0,0.0,0.0,0.0,0.0,0.0,0.0,0.0,0.0,0.0,0.0
49.650000000000006,0.00595358703618922,0.005715364826619262,0.0053896693419100425,0.004776456819329828,0.004226019527210879,0.0033755865081557443,0.0033379506233341028,0.002325209268834162,0.0022251029110096025,0.0018875330318280303,0.001600016000159979,0.0012500078125488106,0.0010750013437516644,0.0006624999999999906,0.0006249999999999911,0.00043749999999999383,0.0003749999999999947,0.0002749999999999961,0.00013749999999999806,0.00021249999999999698,0.00014999999999999787,0.00013749999999999806,0.00012499999999999821,7.499999999999894e-05,7.499999999999894e-05,3.749999999999947e-05,2.4999999999999645e-05,1.2499999999999823e-05,8.749999999999875e-05,1.2499999999999823e-05,1.2499999999999823e-05,0.0,0.0,0.0,0.0,0.0,0.0,0.0,0.0,0.0,0.0,0.0,0.0,0.0,0.0,0.0,0.0,0.0,0.0,0.0,0.0,0.0,0.0,0.0,0.0,0.0,0.0,0.0,0.0,0.0,0.0,0.0,0.0,0.0,0.0,0.0,0.0,0.0,0.0,0.0,0.0,0.0,0.0,0.0,0.0,0.0,0.0,0.0,0.0,0.0,0.0,0.0,0.0
49.75,0.006328813109898624,0.0059154651268947716,0.005714800207083271,0.004213785204487309,0.004176007461800101,0.0033380799913984584,0.003087916868777241,0.0023877148943404567,0.0022751052236165597,0.0018625325943203742,0.001437514375143731,0.0011375071094194176,0.0008750010937513548,0.0007624999999999892,0.0006249999999999911,0.0004874999999999931,0.00026249999999999624,0.000349999999999995,0.0002249999999999968,0.00021249999999999698,0.00019999999999999716,9.999999999999858e-05,0.0001124999999999984,4.999999999999929e-05,7.499999999999894e-05,1.2499999999999823e-05,1.2499999999999823e-05,0.0,3.749999999999947e-05,2.4999999999999645e-05,1.2499999999999823e-05,0.0,0.0,0.0,0.0,0.0,0.0,0.0,0.0,0.0,0.0,0.0,0.0,0.0,0.0,0.0,0.0,0.0,0.0,0.0,0.0,0.0,0.0,0.0,0.0,0.0,0.0,0.0,0.0,0.0,0.0,0.0,0.0,0.0,0.0,0.0,0.0,0.0,0.0,0.0,0.0,0.0,0.0,0.0,0.0,0.0,0.0,0.0,0.0,0.0,0.0,0.0,0.0
49.85000000000001,0.005690928784592636,0.006190603039773599,0.005277124042427002,0.004263800459139977,0.004388558739795914,0.0036006256086994603,0.0032004320583278287,0.002337710393935421,0.0020750959731887304,0.0017000297505206099,0.0012500125001249835,0.0012375077344233226,0.0007250009062511226,0.0006374999999999909,0.00043749999999999383,0.0003874999999999945,0.0003249999999999954,0.0003874999999999945,0.0001624999999999977,0.0001624999999999977,0.00012499999999999821,0.0002374999999999966,0.0001124999999999984,9.999999999999858e-05,7.499999999999894e-05,3.749999999999947e-05,8.749999999999875e-05,2.4999999999999645e-05,0.0,3.749999999999947e-05,1.2499999999999823e-05,0.0,0.0,1.2499999999999823e-05,0.0,0.0,0.0,0.0,0.0,0.0,0.0,0.0,0.0,0.0,0.0,0.0,0.0,0.0,0.0,0.0,0.0,0.0,0.0,0.0,0.0,0.0,0.0,0.0,0.0,0.0,0.0,0.0,0.0,0.0,0.0,0.0,0.0,0.0,0.0,0.0,0.0,0.0,0.0,0.0,0.0,0.0,0.0,0.0,0.0,0.0,0.0,0.0,0.0
49.95,0.006266275430947502,0.005677846020318007,0.004751912644839818,0.004913998769625015,0.0038259230039249144,0.003288071302388977,0.0027128662369421412,0.002275204768429288,0.002387610426982384,0.0017500306255360464,0.001400014000140081,0.0010000062500391195,0.0008000010000012955,0.0006625000000000376,0.0005375000000000306,0.0005500000000000313,0.00040000000000002273,0.00040000000000002273,0.0003500000000000199,0.00015000000000000852,0.00015000000000000852,0.0001250000000000071,0.0001125000000000064,2.500000000000142e-05,3.750000000000213e-05,0.0001125000000000064,5.000000000000284e-05,3.750000000000213e-05,3.750000000000213e-05,1.250000000000071e-05,0.0,0.0,0.0,0.0,0.0,0.0,0.0,0.0,0.0,0.0,0.0,0.0,0.0,0.0,0.0,0.0,0.0,0.0,0.0,0.0,0.0,0.0,0.0,0.0,0.0,0.0,0.0,0.0,0.0,0.0,0.0,0.0,0.0,0.0,0.0,0.0,0.0,0.0,0.0,0.0,0.0,0.0,0.0,0.0,0.0,0.0,0.0,0.0,0.0,0.0,0.0,0.0,0.0
50.05,0.0064914110751726995,0.005715364826619262,0.004926983110701988,0.004613907241708656,0.0037008928403976936,0.003463101713922745,0.0025628459842078318,0.002712744146973189,0.0018625861446091617,0.0019250336880895142,0.0013125131251312326,0.0011125069531684416,0.0006500008125010064,0.0007624999999999892,0.0006499999999999908,0.00042499999999999396,0.00042499999999999396,0.00033749999999999525,0.00024999999999999643,0.00018749999999999735,0.00012499999999999821,9.999999999999858e-05,0.0001124999999999984,6.249999999999911e-05,2.4999999999999645e-05,2.4999999999999645e-05,1.2499999999999823e-05,3.749999999999947e-05,2.4999999999999645e-05,0.0,0.0,1.2499999999999823e-05,1.2499999999999823e-05,0.0,0.0,0.0,0.0,0.0,0.0,0.0,0.0,0.0,0.0,0.0,0.0,0.0,0.0,0.0,0.0,0.0,0.0,0.0,0.0,0.0,0.0,0.0,0.0,0.0,0.0,0.0,0.0,0.0,0.0,0.0,0.0,0.0,0.0,0.0,0.0,0.0,0.0,0.0,0.0,0.0,0.0,0.0,0.0,0.0,0.0,0.0,0.0,0.0,0.0
50.150000000000006,0.005790989070915144,0.0055277707951109705,0.00460185224552876,0.004563891987055987,0.003950953167451592,0.003188053924369314,0.002950398303770967,0.0026002340210618587,0.0021751005984026453,0.0017125299692744378,0.0013875138751387318,0.0012500078125488106,0.0006375007968759871,0.0008124999999999885,0.0005749999999999919,0.0005499999999999922,0.000349999999999995,0.00031249999999999556,0.00019999999999999716,0.00019999999999999716,0.00019999999999999716,0.0001749999999999975,9.999999999999858e-05,6.249999999999911e-05,6.249999999999911e-05,2.4999999999999645e-05,1.2499999999999823e-05,4.999999999999929e-05,3.749999999999947e-05,1.2499999999999823e-05,0.0,0.0,0.0,0.0,0.0,0.0,0.0,0.0,0.0,0.0,0.0,0.0,0.0,0.0,0.0,0.0,0.0,0.0,0.0,0.0,0.0,0.0,0.0,0.0,0.0,0.0,0.0,0.0,0.0,0.0,0.0,0.0,0.0,0.0,0.0,0.0,0.0,0.0,0.0,0.0,0.0,0.0,0.0,0.0,0.0,0.0,0.0,0.0,0.0,0.0,0.0,0.0,0.0
50.25,0.005765973999334517,0.0054652394512748744,0.004576842178976973,0.004013724185876636,0.004163504445447405,0.0034380973694178875,0.002862886489676065,0.002687741896770671,0.00208759655134047,0.001775031063043578,0.0014625146251462306,0.0008750054687841675,0.0009375011718764515,0.0006249999999999911,0.0004749999999999932,0.0004124999999999942,0.0004124999999999942,0.00031249999999999556,0.0002249999999999968,0.00028749999999999593,9.999999999999858e-05,0.00012499999999999821,9.999999999999858e-05,7.499999999999894e-05,7.499999999999894e-05,4.999999999999929e-05,2.4999999999999645e-05,1.2499999999999823e-05,3.749999999999947e-05,3.749999999999947e-05,1.2499999999999823e-05,0.0,0.0,0.0,1.2499999999999823e-05,0.0,0.0,0.0,0.0,0.0,0.0,0.0,0.0,0.0,0.0,0.0,0.0,0.0,0.0,0.0,0.0,0.0,0.0,0.0,0.0,0.0,0.0,0.0,0.0,0.0,0.0,0.0,0.0,0.0,0.0,0.0,0.0,0.0,0.0,0.0,0.0,0.0,0.0,0.0,0.0,0.0,0.0,0.0,0.0,0.0,0.0,0.0,0.0
50.35000000000001,0.005678421248802323,0.0054652394512748744,0.0048519529110466275,0.004488869105076985,0.0035383536278126597,0.0032505647856314575,0.002575347671935675,0.0024627216449480105,0.0019625907698230765,0.001800031500551234,0.0013875138751387318,0.0010125063281645366,0.0006875008593760644,0.0005874999999999917,0.0004999999999999929,0.000349999999999995,0.0003249999999999954,0.00026249999999999624,0.00033749999999999525,0.00021249999999999698,0.0001624999999999977,8.749999999999875e-05,8.749999999999875e-05,3.749999999999947e-05,6.249999999999911e-05,0.0,3.749999999999947e-05,3.749999999999947e-05,3.749999999999947e-05,1.2499999999999823e-05,0.0,0.0,0.0,3.749999999999947e-05,0.0,0.0,0.0,0.0,0.0,0.0,0.0,0.0,0.0,0.0,0.0,0.0,0.0,0.0,0.0,0.0,0.0,0.0,0.0,0.0,0.0,0.0,0.0,0.0,0.0,0.0,0.0,0.0,0.0,0.0,0.0,0.0,0.0,0.0,0.0,0.0,0.0,0.0,0.0,0.0,0.0,0.0,0.0,0.0,0.0,0.0,0.0,0.0,0.0
50.45,0.005828511678286499,0.005052532581956993,0.004751912644839818,0.0040887470678559286,0.0036883898240452607,0.0029505126515733788,0.0025628459842080135,0.002412717144543146,0.00218760117655454,0.001687529531766902,0.0014750147501475853,0.0010375064844155865,0.0008750010937514169,0.0008375000000000476,0.0005625000000000319,0.0004625000000000263,0.00028750000000001637,0.00028750000000001637,0.0002250000000000128,0.00020000000000001137,8.750000000000497e-05,0.0001125000000000064,0.0001250000000000071,6.250000000000355e-05,5.000000000000284e-05,5.000000000000284e-05,6.250000000000355e-05,0.0,1.250000000000071e-05,1.250000000000071e-05,0.0,0.0,1.250000000000071e-05,0.0,0.0,0.0,0.0,0.0,0.0,0.0,0.0,0.0,0.0,0.0,0.0,0.0,0.0,0.0,0.0,0.0,0.0,0.0,0.0,0.0,0.0,0.0,0.0,0.0,0.0,0.0,0.0,0.0,0.0,0.0,0.0,0.0,0.0,0.0,0.0,0.0,0.0,0.0,0.0,0.0,0.0,0.0,0.0,0.0,0.0,0.0,0.0,0.0,0.0
50.55,0.00599110964356016,0.005377695569904338,0.004401771713114466,0.004001220372213468,0.0035258506114599648,0.003188053924369314,0.0026003510473913607,0.0023002070186316443,0.0020375942387335123,0.001625028437997642,0.0012000120001199842,0.00092500578128612,0.0007750009687512,0.000774999999999989,0.0003874999999999945,0.0003874999999999945,0.00039999999999999433,0.00031249999999999556,0.00024999999999999643,0.00021249999999999698,0.0001124999999999984,0.00013749999999999806,0.00012499999999999821,4.999999999999929e-05,7.499999999999894e-05,2.4999999999999645e-05,2.4999999999999645e-05,1.2499999999999823e-05,2.4999999999999645e-05,0.0,2.4999999999999645e-05,0.0,0.0,0.0,0.0,0.0,0.0,0.0,0.0,0.0,0.0,0.0,0.0,0.0,0.0,0.0,0.0,0.0,0.0,0.0,0.0,0.0,0.0,0.0,0.0,0.0,0.0,0.0,0.0,0.0,0.0,0.0,0.0,0.0,0.0,0.0,0.0,0.0,0.0,0.0,0.0,0.0,0.0,0.0,0.0,0.0,0.0,0.0,0.0,0.0,0.0,0.0,0.0
50.650000000000006,0.005640898641431383,0.005565289601412628,0.0047143975450118,0.0037511440989501264,0.0038009169712192527,0.003188053924369314,0.0023378156051066562,0.0022126991429228314,0.0018500855664574224,0.001912533469335686,0.0012750127501274832,0.0009625060156625842,0.0006250007812509677,0.0005499999999999922,0.0004999999999999929,0.0005499999999999922,0.0003624999999999949,0.00021249999999999698,0.00019999999999999716,0.0001624999999999977,4.999999999999929e-05,9.999999999999858e-05,8.749999999999875e-05,4.999999999999929e-05,6.249999999999911e-05,1.2499999999999823e-05,6.249999999999911e-05,3.749999999999947e-05,2.4999999999999645e-05,0.0,0.0,0.0,0.0,0.0,0.0,0.0,0.0,0.0,0.0,0.0,0.0,0.0,0.0,0.0,0.0,0.0,0.0,0.0,0.0,0.0,0.0,0.0,0.0,0.0,0.0,0.0,0.0,0.0,0.0,0.0,0.0,0.0,0.0,0.0,0.0,0.0,0.0,0.0,0.0,0.0,0.0,0.0,0.0,0.0,0.0,0.0,0.0,0.0,0.0,0.0,0.0,0.0,0.0
50.75,0.00570343632038295,0.005215114075930487,0.0045268220458733995,0.004213785204487309,0.003775910938513863,0.0032255604411266,0.0023753206682901856,0.002162694642517796,0.0016375757378778535,0.0014625255941978776,0.0011625116251162346,0.001062506640666489,0.0008875011093763741,0.0007624999999999892,0.0005374999999999924,0.00046249999999999346,0.000349999999999995,0.00019999999999999716,0.0001624999999999977,0.00014999999999999787,0.0001749999999999975,6.249999999999911e-05,6.249999999999911e-05,7.499999999999894e-05,6.249999999999911e-05,1.2499999999999823e-05,1.2499999999999823e-05,7.499999999999894e-05,0.0,2.4999999999999645e-05,0.0,0.0,1.2499999999999823e-05,0.0,0.0,0.0,0.0,0.0,0.0,0.0,0.0,0.0,0.0,0.0,0.0,0.0,0.0,0.0,0.0,0.0,0.0,0.0,0.0,0.0,0.0,0.0,0.0,0.0,0.0,0.0,0.0,0.0,0.0,0.0,0.0,0.0,0.0,0.0,0.0,0.0,0.0,0.0,0.0,0.0,0.0,0.0,0.0,0.0,0.0,0.0,0.0,0.0,0.0
50.85000000000001,0.005503315747737934,0.004664838250172832,0.003976600581734092,0.0039512051175608,0.003338305366169541,0.003188053924369314,0.0026253544228470468,0.001962676640897653,0.0019625907698230765,0.001487526031705534,0.0012250122501224839,0.0009875061719135604,0.0008000010000012386,0.0005999999999999915,0.0005249999999999925,0.00042499999999999396,0.0003749999999999947,0.00028749999999999593,0.00029999999999999575,0.00019999999999999716,0.00018749999999999735,0.00014999999999999787,7.499999999999894e-05,2.4999999999999645e-05,2.4999999999999645e-05,2.4999999999999645e-05,1.2499999999999823e-05,4.999999999999929e-05,3.749999999999947e-05,1.2499999999999823e-05,0.0,0.0,0.0,0.0,0.0,0.0,0.0,0.0,0.0,0.0,0.0,0.0,0.0,0.0,0.0,0.0,0.0,0.0,0.0,0.0,0.0,0.0,0.0,0.0,0.0,0.0,0.0,0.0,0.0,0.0,0.0,0.0,0.0,0.0,0.0,0.0,0.0,0.0,0.0,0.0,0.0,0.0,0.0,0.0,0.0,0.0,0.0,0.0,0.0,0.0,0.0,0.0,0.0
50.95,0.005415762997206125,0.004764888400310926,0.004589347212253193,0.004488869105077304,0.003225778218995516,0.0031505474076122517,0.0022628054787397585,0.00213769239231543,0.00165007631602971,0.0013000227503982059,0.0011000110001100636,0.0010625066406665645,0.000725000906251174,0.0006000000000000341,0.0005125000000000291,0.00042500000000002415,0.00036250000000002063,0.00017500000000000995,0.00020000000000001137,0.00015000000000000852,0.0001125000000000064,0.0001125000000000064,7.500000000000426e-05,0.00010000000000000568,1.250000000000071e-05,1.250000000000071e-05,1.250000000000071e-05,0.0,2.500000000000142e-05,0.0,0.0,0.0,0.0,0.0,0.0,0.0,0.0,0.0,0.0,0.0,0.0,0.0,0.0,0.0,0.0,0.0,0.0,0.0,0.0,0.0,0.0,0.0,0.0,0.0,0.0,0.0,0.0,0.0,0.0,0.0,0.0,0.0,0.0,0.0,0.0,0.0,0.0,0.0,0.0,0.0,0.0,0.0,0.0,0.0,0.0,0.0,0.0,0.0,0.0,0.0,0.0,0.0,0.0
51.05,0.005328210246673544,0.004552281831267858,0.0047143975450118,0.0036136021486552886,0.0035383536278126597,0.0031130408908547416,0.002275307166467441,0.0022252002680240904,0.0018875873009126405,0.0013000227503981135,0.0010875108751087356,0.0010250064062900248,0.0008375010468762966,0.0008249999999999884,0.00042499999999999396,0.00026249999999999624,0.00031249999999999556,0.00026249999999999624,0.00014999999999999787,0.00014999999999999787,0.00012499999999999821,0.00013749999999999806,4.999999999999929e-05,7.499999999999894e-05,2.4999999999999645e-05,8.749999999999875e-05,2.4999999999999645e-05,3.749999999999947e-05,1.2499999999999823e-05,0.0,1.2499999999999823e-05,1.2499999999999823e-05,0.0,0.0,0.0,0.0,0.0,0.0,0.0,0.0,0.0,0.0,0.0,0.0,0.0,0.0,0.0,0.0,0.0,0.0,0.0,0.0,0.0,0.0,0.0,0.0,0.0,0.0,0.0,0.0,0.0,0.0,0.0,0.0,0.0,0.0,0.0,0.0,0.0,0.0,0.0,0.0,0.0,0.0,0.0,0.0,0.0,0.0,0.0,0.0,0.0,0.0,0.0
51.150000000000006,0.005353225318254172,0.004614813175103955,0.004389266679838573,0.003901189862908132,0.0032382812353479815,0.002913006134815883,0.00247533417011293,0.002162694642517796,0.0016625768941813323,0.0015500271254746739,0.0012375123751237336,0.0010250064062900248,0.0006625008281260258,0.0005499999999999922,0.00042499999999999396,0.00039999999999999433,0.0002749999999999961,0.00014999999999999787,0.0002374999999999966,0.00021249999999999698,0.0001124999999999984,9.999999999999858e-05,9.999999999999858e-05,6.249999999999911e-05,8.749999999999875e-05,4.999999999999929e-05,4.999999999999929e-05,1.2499999999999823e-05,1.2499999999999823e-05,0.0,0.0,0.0,0.0,1.2499999999999823e-05,0.0,0.0,0.0,0.0,0.0,0.0,0.0,0.0,0.0,0.0,0.0,0.0,0.0,0.0,0.0,0.0,0.0,0.0,0.0,0.0,0.0,0.0,0.0,0.0,0.0,0.0,0.0,0.0,0.0,0.0,0.0,0.0,0.0,0.0,0.0,0.0,0.0,0.0,0.0,0.0,0.0,0.0,0.0,0.0,0.0,0.0,0.0,0.0,0.0
51.25,0.005090567066657589,0.005002507506887756,0.0042767213803555325,0.003588594521328954,0.0033758144152276257,0.0026504605175148807,0.002100283538277638,0.0021876968927203137,0.001837584988305683,0.0013625238441672535,0.0010125101251012368,0.0008875055469096555,0.0007375009218761418,0.00069999999999999,0.00043749999999999383,0.0002249999999999968,0.0003624999999999949,0.00021249999999999698,0.00019999999999999716,8.749999999999875e-05,0.0002249999999999968,9.999999999999858e-05,2.4999999999999645e-05,2.4999999999999645e-05,4.999999999999929e-05,1.2499999999999823e-05,1.2499999999999823e-05,4.999999999999929e-05,1.2499999999999823e-05,1.2499999999999823e-05,0.0,0.0,3.749999999999947e-05,0.0,0.0,0.0,0.0,0.0,0.0,0.0,0.0,0.0,0.0,0.0,0.0,0.0,0.0,0.0,0.0,0.0,0.0,0.0,0.0,0.0,0.0,0.0,0.0,0.0,0.0,0.0,0.0,0.0,0.0,0.0,0.0,0.0,0.0,0.0,0.0,0.0,0.0,0.0,0.0,0.0,0.0,0.0,0.0,0.0,0.0,0.0,0.0,0.0,0.0
51.35000000000001,0.005278180103512291,0.004264637649621812,0.003976600581734092,0.00416376994983464,0.003138257104526423,0.0025379409672430225,0.0025878493596635174,0.0022126991429228314,0.0017000786286365502,0.0011000192503368652,0.0012500125001249835,0.000700004375027334,0.0006000007500009289,0.00043749999999999383,0.0004124999999999942,0.00031249999999999556,0.0003749999999999947,0.00013749999999999806,0.00014999999999999787,0.0001624999999999977,0.00012499999999999821,8.749999999999875e-05,6.249999999999911e-05,3.749999999999947e-05,3.749999999999947e-05,1.2499999999999823e-05,4.999999999999929e-05,1.2499999999999823e-05,2.4999999999999645e-05,0.0,0.0,0.0,0.0,0.0,0.0,0.0,0.0,0.0,0.0,0.0,0.0,0.0,0.0,0.0,0.0,0.0,0.0,0.0,0.0,0.0,0.0,0.0,0.0,0.0,0.0,0.0,0.0,0.0,0.0,0.0,0.0,0.0,0.0,0.0,0.0,0.0,0.0,0.0,0.0,0.0,0.0,0.0,0.0,0.0,0.0,0.0,0.0,0.0,0.0,0.0,0.0,0.0,0.0
51.45,0.005415762997206125,0.004502256756199301,0.004089145881217423,0.003301006807076346,0.003238281235348212,0.002775482240039365,0.0023128122296511345,0.0017376563890751156,0.0016750774723331906,0.001437525156690324,0.001000010000100058,0.0007500046875293396,0.0006125007656259918,0.0005375000000000306,0.0005375000000000306,0.00030000000000001705,0.0003750000000000213,0.0003375000000000192,0.00015000000000000852,0.0001125000000000064,0.00010000000000000568,0.00010000000000000568,6.250000000000355e-05,8.750000000000497e-05,2.500000000000142e-05,1.250000000000071e-05,2.500000000000142e-05,5.000000000000284e-05,1.250000000000071e-05,0.0,0.0,1.250000000000071e-05,0.0,0.0,0.0,0.0,0.0,0.0,0.0,0.0,0.0,0.0,0.0,0.0,0.0,0.0,0.0,0.0,0.0,0.0,0.0,0.0,0.0,0.0,0.0,0.0,0.0,0.0,0.0,0.0,0.0,0.0,0.0,0.0,0.0,0.0,0.0,0.0,0.0,0.0,0.0,0.0,0.0,0.0,0.0,0.0,0.0,0.0,0.0,0.0,0.0,0.0,0.0
51.55,0.0048404163508513195,0.004739875862776149,0.003976600581734092,0.003713632657960625,0.0031507601208791173,0.0029255083070683116,0.002662859486030576,0.002125191267214019,0.0018125838320022043,0.0014250249379363937,0.0010250102501024865,0.0006375039843998935,0.0007375009218761418,0.0005749999999999919,0.0004499999999999936,0.0004874999999999931,0.0003624999999999949,0.00028749999999999593,0.00018749999999999735,0.00019999999999999716,0.00018749999999999735,0.0001124999999999984,6.249999999999911e-05,6.249999999999911e-05,3.749999999999947e-05,4.999999999999929e-05,2.4999999999999645e-05,1.2499999999999823e-05,1.2499999999999823e-05,1.2499999999999823e-05,0.0,0.0,0.0,0.0,0.0,0.0,0.0,0.0,0.0,0.0,0.0,0.0,0.0,0.0,0.0,0.0,0.0,0.0,0.0,0.0,0.0,0.0,0.0,0.0,0.0,0.0,0.0,0.0,0.0,0.0,0.0,0.0,0.0,0.0,0.0,0.0,0.0,0.0,0.0,0.0,0.0,0.0,0.0,0.0,0.0,0.0,0.0,0.0,0.0,0.0,0.0,0.0,0.0
51.650000000000006,0.004640295778206303,0.004414712874828445,0.003864055282251051,0.003676121216971124,0.0030007239246467783,0.0024129192447187356,0.0026503577983027333,0.0020626856417077246,0.0016000740034226356,0.0012625220941366296,0.0011875118751187342,0.0006250039062744053,0.0008750010937513548,0.0005749999999999919,0.0005249999999999925,0.000349999999999995,0.00024999999999999643,0.00019999999999999716,0.0002249999999999968,0.0001124999999999984,9.999999999999858e-05,9.999999999999858e-05,4.999999999999929e-05,3.749999999999947e-05,2.4999999999999645e-05,6.249999999999911e-05,1.2499999999999823e-05,3.749999999999947e-05,0.0,1.2499999999999823e-05,0.0,0.0,0.0,0.0,0.0,0.0,0.0,0.0,0.0,0.0,0.0,0.0,0.0,0.0,0.0,0.0,0.0,0.0,0.0,0.0,0.0,0.0,0.0,0.0,0.0,0.0,0.0,0.0,0.0,0.0,0.0,0.0,0.0,0.0,0.0,0.0,0.0,0.0,0.0,0.0,0.0,0.0,0.0,0.0,0.0,0.0,0.0,0.0,0.0,0.0,0.0,0.0,0.0
51.75,0.004752863600319125,0.003926968392906889,0.004026620714837665,0.00365111358964479,0.003038232973704863,0.002587949656252737,0.0022127987278282254,0.0019126721404926171,0.0017625815193952471,0.0014000245004287377,0.000912509125091238,0.0008500053125331913,0.0006000007500009289,0.0005249999999999925,0.00039999999999999433,0.0003749999999999947,0.0003249999999999954,0.0001749999999999975,0.0002749999999999961,0.00014999999999999787,8.749999999999875e-05,8.749999999999875e-05,4.999999999999929e-05,4.999999999999929e-05,3.749999999999947e-05,2.4999999999999645e-05,1.2499999999999823e-05,2.4999999999999645e-05,1.2499999999999823e-05,0.0,0.0,1.2499999999999823e-05,0.0,0.0,0.0,0.0,0.0,0.0,0.0,0.0,0.0,0.0,0.0,0.0,0.0,0.0,0.0,0.0,0.0,0.0,0.0,0.0,0.0,0.0,0.0,0.0,0.0,0.0,0.0,0.0,0.0,0.0,0.0,0.0,0.0,0.0,0.0,0.0,0.0,0.0,0.0,0.0,0.0,0.0,0.0,0.0,0.0,0.0,0.0,0.0,0.0,0.0,0.0
51.85000000000001,0.0045652505634644226,0.004614813175103955,0.0038140351491474777,0.0034885640120236178,0.0032257782189952866,0.002450425761476022,0.0022127987278282254,0.002125191267214019,0.001800083253850465,0.0014500253754440497,0.0009750097500974871,0.0007250045312783102,0.000562500703125871,0.00043749999999999383,0.00031249999999999556,0.0003249999999999954,0.00024999999999999643,0.00033749999999999525,0.00019999999999999716,0.00012499999999999821,0.0001124999999999984,0.00013749999999999806,3.749999999999947e-05,8.749999999999875e-05,2.4999999999999645e-05,3.749999999999947e-05,6.249999999999911e-05,0.0,1.2499999999999823e-05,0.0,0.0,0.0,0.0,0.0,0.0,0.0,0.0,0.0,0.0,0.0,0.0,0.0,0.0,0.0,0.0,0.0,0.0,0.0,0.0,0.0,0.0,0.0,0.0,0.0,0.0,0.0,0.0,0.0,0.0,0.0,0.0,0.0,0.0,0.0,0.0,0.0,0.0,0.0,0.0,0.0,0.0,0.0,0.0,0.0,0.0,0.0,0.0,0.0,0.0,0.0,0.0,0.0,0.0
51.95,0.004590265635045376,0.004389700337294318,0.004201691180700471,0.0034135411300448577,0.0030882450391158623,0.0022878975221946114,0.0023378156051068223,0.0020251822664040914,0.0015750728471192689,0.0012625220941367191,0.001000010000100058,0.0009125057031606966,0.0007500009375012145,0.0005375000000000306,0.000475000000000027,0.00028750000000001637,0.00032500000000001847,0.0002250000000000128,0.00018750000000001066,0.00010000000000000568,0.00013750000000000781,7.500000000000426e-05,7.500000000000426e-05,6.250000000000355e-05,1.250000000000071e-05,3.750000000000213e-05,5.000000000000284e-05,2.500000000000142e-05,1.250000000000071e-05,0.0,0.0,0.0,0.0,0.0,0.0,0.0,0.0,0.0,0.0,0.0,0.0,0.0,0.0,0.0,0.0,0.0,0.0,0.0,0.0,0.0,0.0,0.0,0.0,0.0,0.0,0.0,0.0,0.0,0.0,0.0,0.0,0.0,0.0,0.0,0.0,0.0,0.0,0.0,0.0,0.0,0.0,0.0,0.0,0.0,0.0,0.0,0.0,0.0,0.0,0.0,0.0,0.0,0.0
52.05,0.004602773170835363,0.004352181530992348,0.004239206280527852,0.0031884724841076072,0.0031507601208791173,0.002312901866699306,0.0022628054787395976,0.001787660889480028,0.0018875873009126405,0.0012000210003674894,0.000912509125091238,0.0007250045312783102,0.0008000010000012386,0.0003874999999999945,0.0003749999999999947,0.0003749999999999947,0.00026249999999999624,0.00021249999999999698,0.00021249999999999698,8.749999999999875e-05,9.999999999999858e-05,0.0001124999999999984,6.249999999999911e-05,4.999999999999929e-05,1.2499999999999823e-05,1.2499999999999823e-05,3.749999999999947e-05,3.749999999999947e-05,0.0,1.2499999999999823e-05,1.2499999999999823e-05,0.0,0.0,0.0,0.0,0.0,0.0,0.0,0.0,0.0,0.0,0.0,0.0,0.0,0.0,0.0,0.0,0.0,0.0,0.0,0.0,0.0,0.0,0.0,0.0,0.0,0.0,0.0,0.0,0.0,0.0,0.0,0.0,0.0,0.0,0.0,0.0,0.0,0.0,0.0,0.0,0.0,0.0,0.0,0.0,0.0,0.0,0.0,0.0,0.0,0.0,0.0,0.0
52.150000000000006,0.004502712884512855,0.004464737949897322,0.003388864017767103,0.003376029689055114,0.0031257540881737276,0.002550443139495451,0.0019502632855435207,0.001587642887859885,0.0015750728471191568,0.0011875207816136612,0.000912509125091238,0.0006375039843998935,0.0005000006250007741,0.0004874999999999931,0.0004749999999999932,0.0003749999999999947,0.00026249999999999624,0.0002249999999999968,0.00014999999999999787,7.499999999999894e-05,4.999999999999929e-05,2.4999999999999645e-05,3.749999999999947e-05,2.4999999999999645e-05,1.2499999999999823e-05,0.0,0.0,1.2499999999999823e-05,0.0,0.0,0.0,0.0,1.2499999999999823e-05,0.0,0.0,0.0,0.0,0.0,0.0,0.0,0.0,0.0,0.0,0.0,0.0,0.0,0.0,0.0,0.0,0.0,0.0,0.0,0.0,0.0,0.0,0.0,0.0,0.0,0.0,0.0,0.0,0.0,0.0,0.0,0.0,0.0,0.0,0.0,0.0,0.0,0.0,0.0,0.0,0.0,0.0,0.0,0.0,0.0,0.0,0.0,0.0,0.0,0.0
52.25,0.0043776375266097204,0.003751880630165817,0.0036014495834572904,0.003363525875391947,0.0029632148755886936,0.0022628931776895915,0.00198776834872705,0.0018126631396825456,0.0014750682219052422,0.0011125194690906933,0.0010750107501074858,0.0007500046875292864,0.0007125008906261032,0.0004999999999999929,0.0004749999999999932,0.00039999999999999433,0.0001749999999999975,0.00019999999999999716,0.00014999999999999787,0.0001749999999999975,0.00013749999999999806,0.00013749999999999806,7.499999999999894e-05,1.2499999999999823e-05,6.249999999999911e-05,2.4999999999999645e-05,3.749999999999947e-05,0.0,0.0,0.0,0.0,3.749999999999947e-05,0.0,0.0,0.0,0.0,0.0,0.0,0.0,0.0,0.0,0.0,0.0,0.0,0.0,0.0,0.0,0.0,0.0,0.0,0.0,0.0,0.0,0.0,0.0,0.0,0.0,0.0,0.0,0.0,0.0,0.0,0.0,0.0,0.0,0.0,0.0,0.0,0.0,0.0,0.0,0.0,0.0,0.0,0.0,0.0,0.0,0.0,0.0,0.0,0.0,0.0,0.0
52.35000000000001,0.004527727956093482,0.004214612574552935,0.003951590515182304,0.003313510620739278,0.0030007239246467783,0.002200382316427448,0.0022628054787395976,0.001737656389074992,0.0013250612840843702,0.0011875207816136612,0.0009625096250962373,0.0007625047656547745,0.0006375007968759871,0.0005124999999999928,0.0004499999999999936,0.00029999999999999575,0.0002249999999999968,0.0002374999999999966,0.00019999999999999716,0.0001749999999999975,0.00012499999999999821,1.2499999999999823e-05,8.749999999999875e-05,2.4999999999999645e-05,3.749999999999947e-05,3.749999999999947e-05,2.4999999999999645e-05,1.2499999999999823e-05,1.2499999999999823e-05,0.0,0.0,0.0,0.0,0.0,0.0,0.0,0.0,0.0,0.0,0.0,0.0,0.0,0.0,0.0,0.0,0.0,0.0,0.0,0.0,0.0,0.0,0.0,0.0,0.0,0.0,0.0,0.0,0.0,0.0,0.0,0.0,0.0,0.0,0.0,0.0,0.0,0.0,0.0,0.0,0.0,0.0,0.0,0.0,0.0,0.0,0.0,0.0,0.0,0.0,0.0,0.0,0.0,0.0
52.45,0.004315099847658459,0.0038644370490710663,0.003939085481906692,0.0030134190928234822,0.0026131304177134215,0.0024629279337286254,0.0019627649732715034,0.0018376653898851943,0.0011625537681118413,0.0010750188128292857,0.0009125091250913028,0.0007500046875293396,0.0005875007343759513,0.000475000000000027,0.00040000000000002273,0.0003375000000000192,0.00020000000000001137,0.0002250000000000128,0.00015000000000000852,0.0001125000000000064,0.00013750000000000781,7.500000000000426e-05,6.250000000000355e-05,8.750000000000497e-05,5.000000000000284e-05,3.750000000000213e-05,3.750000000000213e-05,3.750000000000213e-05,0.0,0.0,1.250000000000071e-05,0.0,0.0,0.0,0.0,0.0,0.0,0.0,0.0,0.0,0.0,0.0,0.0,0.0,0.0,0.0,0.0,0.0,0.0,0.0,0.0,0.0,0.0,0.0,0.0,0.0,0.0,0.0,0.0,0.0,0.0,0.0,0.0,0.0,0.0,0.0,0.0,0.0,0.0,0.0,0.0,0.0,0.0,0.0,0.0,0.0,0.0,0.0,0.0,0.0,0.0,0.0,0.0
52.55,0.0038273059518359265,0.003951980930441327,0.0034013690510429967,0.0033510220617287796,0.002550615335949762,0.002050356249398304,0.0020627784750941085,0.0016751507635686972,0.0014500670656017636,0.0010875190315830373,0.0011125111251112354,0.0008625053906586794,0.0007250009062511226,0.0005249999999999925,0.0003749999999999947,0.0003749999999999947,0.0002249999999999968,0.00014999999999999787,0.00013749999999999806,0.00012499999999999821,6.249999999999911e-05,7.499999999999894e-05,2.4999999999999645e-05,4.999999999999929e-05,1.2499999999999823e-05,4.999999999999929e-05,1.2499999999999823e-05,1.2499999999999823e-05,0.0,0.0,0.0,0.0,0.0,0.0,0.0,0.0,0.0,0.0,0.0,0.0,0.0,0.0,0.0,0.0,0.0,0.0,0.0,0.0,0.0,0.0,0.0,0.0,0.0,0.0,0.0,0.0,0.0,0.0,0.0,0.0,0.0,0.0,0.0,0.0,0.0,0.0,0.0,0.0,0.0,0.0,0.0,0.0,0.0,0.0,0.0,0.0,0.0,0.0,0.0,0.0,0.0,0.0,0.0
52.650000000000006,0.004577758099254736,0.0036143116737264044,0.0035014093172501437,0.0031009457884654383,0.0028506877284144396,0.0023504083834565924,0.002200297040100382,0.0017251552639737332,0.0014875688000569817,0.0012125212191213175,0.0010125101251012368,0.0006375039843998935,0.0006500008125010064,0.00039999999999999433,0.00029999999999999575,0.0002749999999999961,0.0002374999999999966,0.0002249999999999968,0.00019999999999999716,0.0001749999999999975,0.00013749999999999806,2.4999999999999645e-05,3.749999999999947e-05,3.749999999999947e-05,1.2499999999999823e-05,1.2499999999999823e-05,4.999999999999929e-05,1.2499999999999823e-05,1.2499999999999823e-05,0.0,0.0,0.0,0.0,0.0,0.0,0.0,0.0,0.0,0.0,0.0,0.0,0.0,0.0,0.0,0.0,0.0,0.0,0.0,0.0,0.0,0.0,0.0,0.0,0.0,0.0,0.0,0.0,0.0,0.0,0.0,0.0,0.0,0.0,0.0,0.0,0.0,0.0,0.0,0.0,0.0,0.0,0.0,0.0,0.0,0.0,0.0,0.0,0.0,0.0,0.0,0.0,0.0,0.0
52.75,0.004440175205561288,0.004127068693182399,0.003313833818111743,0.002900884769854765,0.0025381123195970666,0.002362910555709021,0.002025273411910579,0.0016376473882649205,0.0011875549244152372,0.001000017500306241,0.0008500085000849888,0.0006750042187763578,0.0006000007500009289,0.0003749999999999947,0.00028749999999999593,0.0002749999999999961,0.0001624999999999977,0.00019999999999999716,9.999999999999858e-05,0.00014999999999999787,4.999999999999929e-05,7.499999999999894e-05,4.999999999999929e-05,2.4999999999999645e-05,4.999999999999929e-05,3.749999999999947e-05,1.2499999999999823e-05,0.0,1.2499999999999823e-05,0.0,1.2499999999999823e-05,0.0,0.0,0.0,0.0,0.0,0.0,0.0,0.0,0.0,0.0,0.0,0.0,0.0,0.0,0.0,0.0,0.0,0.0,0.0,0.0,0.0,0.0,0.0,0.0,0.0,0.0,0.0,0.0,0.0,0.0,0.0,0.0,0.0,0.0,0.0,0.0,0.0,0.0,0.0,0.0,0.0,0.0,0.0,0.0,0.0,0.0,0.0,0.0,0.0,0.0,0.0,0.0
52.85000000000001,0.004227547097125958,0.0037768931677002564,0.003651469716560864,0.0029509000245074328,0.002550615335949762,0.002587949656252737,0.0018002430328094036,0.0016751507635686972,0.0011500531899600193,0.0011875207816136612,0.0006625066250662413,0.0006000037500234291,0.0005875007343759096,0.0004874999999999931,0.00024999999999999643,0.0003749999999999947,0.0001624999999999977,0.0001749999999999975,0.00014999999999999787,0.0001124999999999984,0.0001124999999999984,6.249999999999911e-05,8.749999999999875e-05,3.749999999999947e-05,1.2499999999999823e-05,0.0,3.749999999999947e-05,0.0,0.0,0.0,0.0,0.0,0.0,0.0,0.0,0.0,0.0,0.0,0.0,0.0,0.0,0.0,0.0,0.0,0.0,0.0,0.0,0.0,0.0,0.0,0.0,0.0,0.0,0.0,0.0,0.0,0.0,0.0,0.0,0.0,0.0,0.0,0.0,0.0,0.0,0.0,0.0,0.0,0.0,0.0,0.0,0.0,0.0,0.0,0.0,0.0,0.0,0.0,0.0,0.0,0.0,0.0,0.0
52.95,0.004277577240287517,0.004264637649622116,0.0036014495834575462,0.003138457229455162,0.0023505670743068103,0.002500434450485914,0.0020752801628220988,0.001775159764378895,0.0012750589714775034,0.0009625168440448255,0.0007875078750787956,0.0006250039062744498,0.00043750054687570846,0.00036250000000002063,0.0003125000000000178,0.0003500000000000199,0.00032500000000001847,0.00015000000000000852,0.00013750000000000781,0.0001125000000000064,0.00013750000000000781,7.500000000000426e-05,3.750000000000213e-05,1.250000000000071e-05,6.250000000000355e-05,1.250000000000071e-05,2.500000000000142e-05,1.250000000000071e-05,0.0,0.0,0.0,0.0,0.0,0.0,0.0,0.0,0.0,0.0,0.0,0.0,0.0,0.0,0.0,0.0,0.0,0.0,0.0,0.0,0.0,0.0,0.0,0.0,0.0,0.0,0.0,0.0,0.0,0.0,0.0,0.0,0.0,0.0,0.0,0.0,0.0,0.0,0.0,0.0,0.0,0.0,0.0,0.0,0.0,0.0,0.0,0.0,0.0,0.0,0.0,0.0,0.0,0.0,0.0
53.05,0.003952381309739061,0.0036143116737264044,0.0031637734188010224,0.002938396210844266,0.0026006274013605415,0.0023504083834565924,0.0019627649732713638,0.0016501485133661796,0.0014250659092982848,0.0010375181565677252,0.0005750057500574924,0.000700004375027334,0.0005500006875008515,0.0005124999999999928,0.0004124999999999942,0.0003749999999999947,0.0002249999999999968,9.999999999999858e-05,0.0001749999999999975,0.0001749999999999975,7.499999999999894e-05,2.4999999999999645e-05,7.499999999999894e-05,4.999999999999929e-05,2.4999999999999645e-05,3.749999999999947e-05,0.0,2.4999999999999645e-05,0.0,1.2499999999999823e-05,0.0,1.2499999999999823e-05,0.0,0.0,0.0,0.0,0.0,0.0,0.0,0.0,0.0,0.0,0.0,0.0,0.0,0.0,0.0,0.0,0.0,0.0,0.0,0.0,0.0,0.0,0.0,0.0,0.0,0.0,0.0,0.0,0.0,0.0,0.0,0.0,0.0,0.0,0.0,0.0,0.0,0.0,0.0,0.0,0.0,0.0,0.0,0.0,0.0,0.0,0.0,0.0,0.0,0.0,0.0
53.150000000000006,0.003902351166577808,0.0036643367487952812,0.003226298585180489,0.0031634648567812735,0.0024130821560701173,0.0021378714551653047,0.0018502497837207762,0.0016376473882649205,0.0011750543462634982,0.0012125212191213175,0.0006375063750637416,0.0007125044531528221,0.000562500703125871,0.0004124999999999942,0.0003874999999999945,0.00028749999999999593,0.00024999999999999643,0.00024999999999999643,0.0001124999999999984,9.999999999999858e-05,9.999999999999858e-05,6.249999999999911e-05,6.249999999999911e-05,2.4999999999999645e-05,4.999999999999929e-05,6.249999999999911e-05,2.4999999999999645e-05,0.0,1.2499999999999823e-05,0.0,0.0,0.0,0.0,0.0,0.0,0.0,0.0,0.0,0.0,0.0,0.0,0.0,0.0,0.0,0.0,0.0,0.0,0.0,0.0,0.0,0.0,0.0,0.0,0.0,0.0,0.0,0.0,0.0,0.0,0.0,0.0,0.0,0.0,0.0,0.0,0.0,0.0,0.0,0.0,0.0,0.0,0.0,0.0,0.0,0.0,0.0,0.0,0.0,0.0,0.0,0.0,0.0,0.0
53.25,0.003902351166577808,0.003351680029614797,0.0033388438846635297,0.002988411465496934,0.002075500714547355,0.002250391005437163,0.0020877818505497946,0.001737656389074992,0.0015250705345121996,0.0007750135627373369,0.0008000080000799895,0.0007375046094037983,0.0005375006718758322,0.000562499999999992,0.00033749999999999525,0.00031249999999999556,0.0001624999999999977,0.00021249999999999698,0.00013749999999999806,7.499999999999894e-05,0.00012499999999999821,4.999999999999929e-05,4.999999999999929e-05,1.2499999999999823e-05,2.4999999999999645e-05,6.249999999999911e-05,3.749999999999947e-05,0.0,0.0,0.0,3.749999999999947e-05,0.0,0.0,0.0,0.0,0.0,0.0,0.0,0.0,0.0,0.0,0.0,0.0,0.0,0.0,0.0,0.0,0.0,0.0,0.0,0.0,0.0,0.0,0.0,0.0,0.0,0.0,0.0,0.0,0.0,0.0,0.0,0.0,0.0,0.0,0.0,0.0,0.0,0.0,0.0,0.0,0.0,0.0,0.0,0.0,0.0,0.0,0.0,0.0,0.0,0.0,0.0,0.0
53.35000000000001,0.0038022908802553,0.004089549886880741,0.003176278452076916,0.0030759381611391036,0.002550615335949762,0.00208786276615559,0.0019502632855435207,0.001537638387454849,0.0013250612840843702,0.0009750170627985852,0.0007750077500774898,0.0005625035156469648,0.0004750005937507354,0.0003624999999999949,0.0003749999999999947,0.00029999999999999575,0.0002249999999999968,0.0002374999999999966,0.0001624999999999977,0.00014999999999999787,9.999999999999858e-05,4.999999999999929e-05,6.249999999999911e-05,0.0,1.2499999999999823e-05,0.0,1.2499999999999823e-05,0.0,0.0,0.0,0.0,0.0,0.0,0.0,0.0,0.0,0.0,0.0,0.0,0.0,0.0,0.0,0.0,0.0,0.0,0.0,0.0,0.0,0.0,0.0,0.0,0.0,0.0,0.0,0.0,0.0,0.0,0.0,0.0,0.0,0.0,0.0,0.0,0.0,0.0,0.0,0.0,0.0,0.0,0.0,0.0,0.0,0.0,0.0,0.0,0.0,0.0,0.0,0.0,0.0,0.0,0.0,0.0
53.45,0.0036396929149814833,0.003489248986054458,0.0032137935519048243,0.0030384267201498186,0.002313058025248723,0.0020878627661557385,0.001712731218714624,0.0015751417627587379,0.001200055502567062,0.0010125177190601412,0.0007375073750737926,0.0006375039843999387,0.00046250057812574895,0.00028750000000001637,0.0003125000000000178,0.00021250000000001208,0.00032500000000001847,0.00017500000000000995,6.250000000000355e-05,0.00010000000000000568,8.750000000000497e-05,7.500000000000426e-05,2.500000000000142e-05,2.500000000000142e-05,1.250000000000071e-05,1.250000000000071e-05,0.0,0.0,0.0,1.250000000000071e-05,0.0,0.0,0.0,0.0,0.0,0.0,0.0,0.0,0.0,0.0,0.0,0.0,0.0,0.0,0.0,0.0,0.0,0.0,0.0,0.0,0.0,0.0,0.0,0.0,0.0,0.0,0.0,0.0,0.0,0.0,0.0,0.0,0.0,0.0,0.0,0.0,0.0,0.0,0.0,0.0,0.0,0.0,0.0,0.0,0.0,0.0,0.0,0.0,0.0,0.0,0.0,0.0,0.0
53.55,0.003939873773948749,0.003451730179752552,0.003013713019490302,0.002725831378570425,0.0020880037309000503,0.0019128323546215881,0.0015877143414360713,0.0018001620145812868,0.0011750543462634982,0.000900015750275617,0.0008750087500874885,0.0007375046094037983,0.0005125006406257936,0.00042499999999999396,0.00026249999999999624,0.00031249999999999556,0.00019999999999999716,0.00019999999999999716,0.0001124999999999984,9.999999999999858e-05,6.249999999999911e-05,2.4999999999999645e-05,3.749999999999947e-05,3.749999999999947e-05,1.2499999999999823e-05,3.749999999999947e-05,1.2499999999999823e-05,1.2499999999999823e-05,0.0,0.0,0.0,0.0,0.0,0.0,0.0,0.0,0.0,0.0,0.0,0.0,0.0,0.0,0.0,0.0,0.0,0.0,0.0,0.0,0.0,0.0,0.0,0.0,0.0,0.0,0.0,0.0,0.0,0.0,0.0,0.0,0.0,0.0,0.0,0.0,0.0,0.0,0.0,0.0,0.0,0.0,0.0,0.0,0.0,0.0,0.0,0.0,0.0,0.0,0.0,0.0,0.0,0.0,0.0
53.650000000000006,0.0038022908802553,0.003589299136191965,0.0032888237515599564,0.0025757856146124206,0.0022755489761904736,0.0019878453881361606,0.0017627379696258745,0.0014376293866447776,0.0011750543462634982,0.0008750153127679611,0.0005500055000549928,0.0007500046875292864,0.0003750004687505806,0.00042499999999999396,0.0003749999999999947,0.0002749999999999961,0.00021249999999999698,0.00021249999999999698,3.749999999999947e-05,4.999999999999929e-05,7.499999999999894e-05,7.499999999999894e-05,1.2499999999999823e-05,6.249999999999911e-05,3.749999999999947e-05,3.749999999999947e-05,3.749999999999947e-05,0.0,0.0,0.0,0.0,0.0,0.0,0.0,0.0,0.0,0.0,0.0,0.0,0.0,0.0,0.0,0.0,0.0,0.0,0.0,0.0,0.0,0.0,0.0,0.0,0.0,0.0,0.0,0.0,0.0,0.0,0.0,0.0,0.0,0.0,0.0,0.0,0.0,0.0,0.0,0.0,0.0,0.0,0.0,0.0,0.0,0.0,0.0,0.0,0.0,0.0,0.0,0.0,0.0,0.0,0.0,0.0
53.75,0.004277577240287212,0.00307654211673597,0.0030762381858697686,0.0023757245960017467,0.002125512779958135,0.0021378714551653047,0.001700229530986659,0.0013501215109359651,0.0010875502992013226,0.0010875190315830373,0.0006250062500624918,0.0005000031250195243,0.0004875006093757548,0.00042499999999999396,0.00033749999999999525,0.00024999999999999643,0.00021249999999999698,0.00013749999999999806,0.0001624999999999977,0.00013749999999999806,7.499999999999894e-05,7.499999999999894e-05,3.749999999999947e-05,4.999999999999929e-05,3.749999999999947e-05,2.4999999999999645e-05,1.2499999999999823e-05,0.0,0.0,1.2499999999999823e-05,0.0,0.0,0.0,0.0,0.0,0.0,0.0,0.0,0.0,0.0,0.0,0.0,0.0,0.0,0.0,0.0,0.0,0.0,0.0,0.0,0.0,0.0,0.0,0.0,0.0,0.0,0.0,0.0,0.0,0.0,0.0,0.0,0.0,0.0,0.0,0.0,0.0,0.0,0.0,0.0,0.0,0.0,0.0,0.0,0.0,0.0,0.0,0.0,0.0,0.0,0.0,0.0,0.0
53.85000000000001,0.0034520798781265223,0.003514261523588649,0.002713592220868861,0.0027633428195599267,0.0021005067472527447,0.00208786276615559,0.0017377345941701882,0.001362622636037224,0.0011625537681117586,0.0009250161877832732,0.0008625086250862386,0.0006875042969018458,0.0005125006406257936,0.00046249999999999346,0.00039999999999999433,0.0001624999999999977,0.0001749999999999975,0.0001749999999999975,0.0001749999999999975,0.00012499999999999821,3.749999999999947e-05,7.499999999999894e-05,0.0001124999999999984,1.2499999999999823e-05,4.999999999999929e-05,2.4999999999999645e-05,0.0,2.4999999999999645e-05,0.0,0.0,0.0,0.0,0.0,0.0,0.0,0.0,0.0,0.0,0.0,0.0,0.0,0.0,0.0,0.0,0.0,0.0,0.0,0.0,0.0,0.0,0.0,0.0,0.0,0.0,0.0,0.0,0.0,0.0,0.0,0.0,0.0,0.0,0.0,0.0,0.0,0.0,0.0,0.0,0.0,0.0,0.0,0.0,0.0,0.0,0.0,0.0,0.0,0.0,0.0,0.0,0.0,0.0,0.0
53.95,0.003702230593933055,0.0036018054049594406,0.0029761979196628336,0.002613297055602107,0.0026006274013607262,0.0018878280101168653,0.0016627244678032482,0.001062595633607085,0.0010625491428979195,0.0007875137814912209,0.0007500075000750433,0.0006000037500234717,0.00046250057812574895,0.0004625000000000263,0.00028750000000001637,0.0002250000000000128,0.00026250000000001495,0.00013750000000000781,0.0001250000000000071,0.0001125000000000064,0.00010000000000000568,2.500000000000142e-05,0.0,1.250000000000071e-05,1.250000000000071e-05,3.750000000000213e-05,1.250000000000071e-05,0.0,0.0,0.0,0.0,0.0,0.0,0.0,0.0,0.0,0.0,0.0,0.0,0.0,0.0,0.0,0.0,0.0,0.0,0.0,0.0,0.0,0.0,0.0,0.0,0.0,0.0,0.0,0.0,0.0,0.0,0.0,0.0,0.0,0.0,0.0,0.0,0.0,0.0,0.0,0.0,0.0,0.0,0.0,0.0,0.0,0.0,0.0,0.0,0.0,0.0,0.0,0.0,0.0,0.0,0.0,0.0
54.05,0.003314496984433074,0.003164085998106506,0.0030887432191456623,0.0024132360369912478,0.0021505188126635247,0.0021878801441750193,0.001712731218714502,0.0015251372623535902,0.0010125468302908866,0.0010750188128292094,0.0006625066250662413,0.0005500034375214767,0.0004875006093757548,0.0003874999999999945,0.00033749999999999525,0.00018749999999999735,0.00021249999999999698,0.0001749999999999975,0.00012499999999999821,7.499999999999894e-05,1.2499999999999823e-05,3.749999999999947e-05,4.999999999999929e-05,1.2499999999999823e-05,3.749999999999947e-05,1.2499999999999823e-05,0.0,0.0,0.0,0.0,0.0,0.0,0.0,0.0,0.0,0.0,0.0,0.0,0.0,0.0,0.0,0.0,0.0,0.0,0.0,0.0,0.0,0.0,0.0,0.0,0.0,0.0,0.0,0.0,0.0,0.0,0.0,0.0,0.0,0.0,0.0,0.0,0.0,0.0,0.0,0.0,0.0,0.0,0.0,0.0,0.0,0.0,0.0,0.0,0.0,0.0,0.0,0.0,0.0,0.0,0.0,0.0,0.0
54.150000000000006,0.003989903917110002,0.00307654211673597,0.0028636526201795813,0.002425739850654415,0.002513106286891677,0.0017878106320973015,0.0015002025273411698,0.0013251192607334472,0.0012375572370221946,0.000887515531521789,0.0008000080000799895,0.000812505078156727,0.0004875006093757548,0.0003624999999999949,0.0003624999999999949,0.0002249999999999968,0.00013749999999999806,0.00012499999999999821,9.999999999999858e-05,0.00013749999999999806,4.999999999999929e-05,3.749999999999947e-05,1.2499999999999823e-05,4.999999999999929e-05,0.0,2.4999999999999645e-05,1.2499999999999823e-05,0.0,0.0,0.0,1.2499999999999823e-05,0.0,0.0,0.0,0.0,0.0,0.0,0.0,0.0,0.0,0.0,0.0,0.0,0.0,0.0,0.0,0.0,0.0,0.0,0.0,0.0,0.0,0.0,0.0,0.0,0.0,0.0,0.0,0.0,0.0,0.0,0.0,0.0,0.0,0.0,0.0,0.0,0.0,0.0,0.0,0.0,0.0,0.0,0.0,0.0,0.0,0.0,0.0,0.0,0.0,0.0,0.0,0.0
54.25,0.003402049734965268,0.0033141612233131387,0.0030762381858697686,0.0024507474779807492,0.002513106286891677,0.002050356249398304,0.001687727843258816,0.0011501035093158221,0.0009750450958356686,0.0009375164065371011,0.0006250062500624918,0.0005125032031450124,0.0003750004687505806,0.00029999999999999575,0.00026249999999999624,0.00021249999999999698,0.00021249999999999698,0.00019999999999999716,0.00018749999999999735,6.249999999999911e-05,7.499999999999894e-05,8.749999999999875e-05,3.749999999999947e-05,4.999999999999929e-05,1.2499999999999823e-05,2.4999999999999645e-05,1.2499999999999823e-05,0.0,1.2499999999999823e-05,0.0,0.0,0.0,0.0,0.0,0.0,0.0,0.0,0.0,0.0,0.0,0.0,0.0,0.0,0.0,0.0,0.0,0.0,0.0,0.0,0.0,0.0,0.0,0.0,0.0,0.0,0.0,0.0,0.0,0.0,0.0,0.0,0.0,0.0,0.0,0.0,0.0,0.0,0.0,0.0,0.0,0.0,0.0,0.0,0.0,0.0,0.0,0.0,0.0,0.0,0.0,0.0,0.0,0.0
54.35000000000001,0.0033895421991749545,0.0030515295792015317,0.0029261777865590487,0.0023507169686754125,0.0022005308780743043,0.0019378366991264456,0.0018502497837207762,0.0013001170105309294,0.0011500531899600193,0.0008000140002449929,0.0006750067500674911,0.0007125044531528221,0.0003625004531255613,0.00028749999999999593,0.00028749999999999593,0.0001624999999999977,0.00019999999999999716,9.999999999999858e-05,9.999999999999858e-05,0.0001124999999999984,4.999999999999929e-05,4.999999999999929e-05,2.4999999999999645e-05,1.2499999999999823e-05,2.4999999999999645e-05,0.0,1.2499999999999823e-05,1.2499999999999823e-05,0.0,3.749999999999947e-05,0.0,0.0,0.0,0.0,0.0,0.0,0.0,0.0,0.0,0.0,0.0,0.0,0.0,0.0,0.0,0.0,0.0,0.0,0.0,0.0,0.0,0.0,0.0,0.0,0.0,0.0,0.0,0.0,0.0,0.0,0.0,0.0,0.0,0.0,0.0,0.0,0.0,0.0,0.0,0.0,0.0,0.0,0.0,0.0,0.0,0.0,0.0,0.0,0.0,0.0,0.0,0.0,0.0
54.45,0.0035896627718202258,0.0031765922668739515,0.003026218052766411,0.002050625440759548,0.001987979600078632,0.0017628062875925696,0.0014877008396134326,0.0011626046344171636,0.0009500439395322574,0.000762513343983563,0.0006125061250612854,0.00041250257814113683,0.0004750005937507692,0.0002375000000000135,0.0003375000000000192,0.00017500000000000995,0.00017500000000000995,0.00015000000000000852,0.00016250000000000924,0.00010000000000000568,6.250000000000355e-05,5.000000000000284e-05,3.750000000000213e-05,5.000000000000284e-05,6.250000000000355e-05,2.500000000000142e-05,0.0,0.0,0.0,0.0,0.0,0.0,0.0,0.0,0.0,0.0,0.0,0.0,0.0,0.0,0.0,0.0,0.0,0.0,0.0,0.0,0.0,0.0,0.0,0.0,0.0,0.0,0.0,0.0,0.0,0.0,0.0,0.0,0.0,0.0,0.0,0.0,0.0,0.0,0.0,0.0,0.0,0.0,0.0,0.0,0.0,0.0,0.0,0.0,0.0,0.0,0.0,0.0,0.0,0.0,0.0,0.0,0.0
54.55,0.0030393311970461773,0.002938973160296557,0.0028886626867313686,0.0025007627326334176,0.0023005550088958633,0.0019378366991264456,0.0016002160291639143,0.0013001170105309294,0.0009750450958356686,0.0005625098439222607,0.0005750057500574924,0.0004875030468940362,0.0003375004218755226,0.00029999999999999575,0.0003249999999999954,0.00026249999999999624,0.00013749999999999806,0.00012499999999999821,0.0001124999999999984,9.999999999999858e-05,4.999999999999929e-05,6.249999999999911e-05,2.4999999999999645e-05,4.999999999999929e-05,3.749999999999947e-05,3.749999999999947e-05,0.0,0.0,0.0,0.0,0.0,0.0,0.0,0.0,0.0,0.0,0.0,0.0,0.0,0.0,0.0,0.0,0.0,0.0,0.0,0.0,0.0,0.0,0.0,0.0,0.0,0.0,0.0,0.0,0.0,0.0,0.0,0.0,0.0,0.0,0.0,0.0,0.0,0.0,0.0,0.0,0.0,0.0,0.0,0.0,0.0,0.0,0.0,0.0,0.0,0.0,0.0,0.0,0.0,0.0,0.0,0.0,0.0
54.650000000000006,0.0034770949497071493,0.0031515797293392863,0.002838642553627795,0.0022256788320437417,0.0020880037309000503,0.002012849732641018,0.0016252194046196006,0.0012626136352271524,0.0011250520336565407,0.0006875120314605407,0.0007125071250712406,0.0005000031250195243,0.0005125006406257936,0.00033749999999999525,0.0003874999999999945,0.00026249999999999624,9.999999999999858e-05,0.0001749999999999975,0.00014999999999999787,8.749999999999875e-05,3.749999999999947e-05,6.249999999999911e-05,1.2499999999999823e-05,0.0,3.749999999999947e-05,1.2499999999999823e-05,0.0,0.0,1.2499999999999823e-05,0.0,0.0,0.0,0.0,0.0,0.0,0.0,0.0,0.0,0.0,0.0,0.0,0.0,0.0,0.0,0.0,0.0,0.0,0.0,0.0,0.0,0.0,0.0,0.0,0.0,0.0,0.0,0.0,0.0,0.0,0.0,0.0,0.0,0.0,0.0,0.0,0.0,0.0,0.0,0.0,0.0,0.0,0.0,0.0,0.0,0.0,0.0,0.0,0.0,0.0,0.0,0.0,0.0,0.0
54.75,0.0035271250928684034,0.0029764919665982155,0.002463491555350994,0.002125648322738405,0.0019254645183150161,0.0017503041153400156,0.0016127177168917574,0.0013751237611384828,0.0008375387361665358,0.0006000105001837447,0.0007375073750737402,0.000587503671897941,0.0004000005000006193,0.0004124999999999942,0.00031249999999999556,0.00021249999999999698,0.00019999999999999716,0.0001124999999999984,7.499999999999894e-05,4.999999999999929e-05,4.999999999999929e-05,7.499999999999894e-05,1.2499999999999823e-05,1.2499999999999823e-05,1.2499999999999823e-05,0.0,1.2499999999999823e-05,0.0,0.0,0.0,0.0,0.0,0.0,0.0,0.0,0.0,0.0,0.0,0.0,0.0,0.0,0.0,0.0,0.0,0.0,0.0,0.0,0.0,0.0,0.0,0.0,0.0,0.0,0.0,0.0,0.0,0.0,0.0,0.0,0.0,0.0,0.0,0.0,0.0,0.0,0.0,0.0,0.0,0.0,0.0,0.0,0.0,0.0,0.0,0.0,0.0,0.0,0.0,0.0,0.0,0.0,0.0,0.0
54.85000000000001,0.0031518990191589983,0.002726366591253827,0.002400966388971527,0.0021756635773910733,0.001937967534667711,0.0017753084598448726,0.0015127042150690126,0.0013251192607334472,0.0009000416269252325,0.000825014437752649,0.0005750057500574924,0.0004875030468940362,0.0005250006562508129,0.00031249999999999556,0.0002374999999999966,0.00019999999999999716,0.00019999999999999716,0.00013749999999999806,7.499999999999894e-05,0.0001624999999999977,4.999999999999929e-05,2.4999999999999645e-05,1.2499999999999823e-05,1.2499999999999823e-05,2.4999999999999645e-05,1.2499999999999823e-05,0.0,0.0,0.0,0.0,0.0,0.0,0.0,0.0,0.0,0.0,0.0,0.0,0.0,0.0,0.0,0.0,0.0,0.0,0.0,0.0,0.0,0.0,0.0,0.0,0.0,0.0,0.0,0.0,0.0,0.0,0.0,0.0,0.0,0.0,0.0,0.0,0.0,0.0,0.0,0.0,0.0,0.0,0.0,0.0,0.0,0.0,0.0,0.0,0.0,0.0,0.0,0.0,0.0,0.0,0.0,0.0,0.0
54.95,0.003014316125465764,0.002963985697831206,0.0027260972541449484,0.002113144509075388,0.0019004584856097614,0.0014127454645245416,0.0018002430328095315,0.0011876068846196832,0.0010625491428979195,0.0006875120314605896,0.0005625056250562825,0.0004750029687685818,0.000362500453125587,0.00038750000000002205,0.0003125000000000178,0.00017500000000000995,0.00027500000000001563,0.00016250000000000924,0.00015000000000000852,6.250000000000355e-05,7.500000000000426e-05,2.500000000000142e-05,6.250000000000355e-05,2.500000000000142e-05,2.500000000000142e-05,3.750000000000213e-05,0.0,0.0,1.250000000000071e-05,0.0,0.0,0.0,0.0,0.0,0.0,0.0,0.0,0.0,0.0,0.0,0.0,0.0,0.0,0.0,0.0,0.0,0.0,0.0,0.0,0.0,0.0,0.0,0.0,0.0,0.0,0.0,0.0,0.0,0.0,0.0,0.0,0.0,0.0,0.0,0.0,0.0,0.0,0.0,0.0,0.0,0.0,0.0,0.0,0.0,0.0,0.0,0.0,0.0,0.0,0.0,0.0,0.0,0.0
55.05,0.003114376411788058,0.00287644181646046,0.002438481488799207,0.0020381216270962356,0.0020880037309000503,0.0018503214933594451,0.0014501957764297975,0.0011000990089107864,0.0008625398924700145,0.000825014437752649,0.0006625066250662413,0.00043750273439208375,0.00030000037500046447,0.00029999999999999575,0.0002249999999999968,0.00031249999999999556,0.0001749999999999975,4.999999999999929e-05,0.0001124999999999984,9.999999999999858e-05,2.4999999999999645e-05,1.2499999999999823e-05,3.749999999999947e-05,4.999999999999929e-05,3.749999999999947e-05,1.2499999999999823e-05,1.2499999999999823e-05,0.0,0.0,0.0,0.0,0.0,0.0,0.0,0.0,0.0,0.0,0.0,0.0,0.0,0.0,0.0,0.0,0.0,0.0,0.0,0.0,0.0,0.0,0.0,0.0,0.0,0.0,0.0,0.0,0.0,0.0,0.0,0.0,0.0,0.0,0.0,0.0,0.0,0.0,0.0,0.0,0.0,0.0,0.0,0.0,0.0,0.0,0.0,0.0,0.0,0.0,0.0,0.0,0.0,0.0,0.0,0.0
55.150000000000006,0.003114376411788058,0.002951479429063776,0.0024259764555233138,0.0024507474779807492,0.00206299769819466,0.0015252650147962992,0.0014251924009741114,0.001162604634417081,0.0008375387361665358,0.0007250126877220249,0.0007375073750737402,0.0005250032812705005,0.0004500005625006967,0.0002374999999999966,0.0003249999999999954,0.00024999999999999643,0.00021249999999999698,0.0001124999999999984,7.499999999999894e-05,3.749999999999947e-05,9.999999999999858e-05,2.4999999999999645e-05,4.999999999999929e-05,1.2499999999999823e-05,1.2499999999999823e-05,0.0,1.2499999999999823e-05,0.0,0.0,0.0,0.0,0.0,0.0,0.0,0.0,0.0,0.0,0.0,0.0,0.0,0.0,0.0,0.0,0.0,0.0,0.0,0.0,0.0,0.0,0.0,0.0,0.0,0.0,0.0,0.0,0.0,0.0,0.0,0.0,0.0,0.0,0.0,0.0,0.0,0.0,0.0,0.0,0.0,0.0,0.0,0.0,0.0,0.0,0.0,0.0,0.0,0.0,0.0,0.0,0.0,0.0,0.0,0.0
55.25,0.0031268839475783717,0.0029764919665982155,0.0023509462558679536,0.0022006712047174075,0.001825440387493457,0.0017378019430875867,0.001237667085056465,0.0010250922583032328,0.0008875410487734931,0.0005250091876607766,0.0006750067500674911,0.0003375021093881789,0.0003625004531255613,0.0003249999999999954,0.0002374999999999966,0.0001749999999999975,0.00018749999999999735,4.999999999999929e-05,6.249999999999911e-05,0.00012499999999999821,6.249999999999911e-05,7.499999999999894e-05,1.2499999999999823e-05,4.999999999999929e-05,4.999999999999929e-05,1.2499999999999823e-05,0.0,0.0,0.0,1.2499999999999823e-05,0.0,0.0,0.0,0.0,0.0,0.0,0.0,0.0,0.0,0.0,0.0,0.0,0.0,0.0,0.0,0.0,0.0,0.0,0.0,0.0,0.0,0.0,0.0,0.0,0.0,0.0,0.0,0.0,0.0,0.0,0.0,0.0,0.0,0.0,0.0,0.0,0.0,0.0,0.0,0.0,0.0,0.0,0.0,0.0,0.0,0.0,0.0,0.0,0.0,0.0,0.0,0.0,0.0
55.35000000000001,0.002926763374933356,0.002938973160296557,0.0025510267882822477,0.0024507474779807492,0.0021005067472527447,0.0015877758760584426,0.0011501552709615634,0.001162604634417081,0.0010375479865943652,0.0007250126877220249,0.0005375053750537429,0.00046250289064306,0.0004125005156256387,0.0004499999999999936,0.00028749999999999593,0.00021249999999999698,0.00014999999999999787,0.00012499999999999821,0.00013749999999999806,1.2499999999999823e-05,6.249999999999911e-05,6.249999999999911e-05,1.2499999999999823e-05,1.2499999999999823e-05,1.2499999999999823e-05,0.0,0.0,0.0,0.0,0.0,0.0,0.0,0.0,0.0,0.0,0.0,0.0,0.0,0.0,0.0,0.0,0.0,0.0,0.0,0.0,0.0,0.0,0.0,0.0,0.0,0.0,0.0,0.0,0.0,0.0,0.0,0.0,0.0,0.0,0.0,0.0,0.0,0.0,0.0,0.0,0.0,0.0,0.0,0.0,0.0,0.0,0.0,0.0,0.0,0.0,0.0,0.0,0.0,0.0,0.0,0.0,0.0,0.0
55.45,0.0031518990191592225,0.002913960622762325,0.0022008858565573893,0.0023632207823387477,0.001800434354788195,0.0016752910818255624,0.001225165397328709,0.0010125911332020457,0.000875040470621816,0.000762513343983563,0.0006375063750637869,0.0004750029687685818,0.00048750060937578944,0.00026250000000001495,0.00017500000000000995,0.00018750000000001066,0.00015000000000000852,0.00016250000000000924,0.0001125000000000064,6.250000000000355e-05,2.500000000000142e-05,3.750000000000213e-05,0.0,3.750000000000213e-05,3.750000000000213e-05,1.250000000000071e-05,0.0,1.250000000000071e-05,1.250000000000071e-05,0.0,0.0,0.0,0.0,0.0,0.0,0.0,0.0,0.0,0.0,0.0,0.0,0.0,0.0,0.0,0.0,0.0,0.0,0.0,0.0,0.0,0.0,0.0,0.0,0.0,0.0,0.0,0.0,0.0,0.0,0.0,0.0,0.0,0.0,0.0,0.0,0.0,0.0,0.0,0.0,0.0,0.0,0.0,0.0,0.0,0.0,0.0,0.0,0.0,0.0,0.0,0.0,0.0,0.0
55.55,0.002964285982304296,0.002938973160296557,0.0019382801577634723,0.0022131750183805744,0.001950470551020406,0.0015752737038060138,0.0014751991518854835,0.0010500945085057506,0.0009375433613804505,0.0007875137814911649,0.0005875058750587423,0.00047500296876854805,0.0004375005468756774,0.0003249999999999954,0.00021249999999999698,0.00021249999999999698,0.0001749999999999975,0.0001624999999999977,0.00012499999999999821,8.749999999999875e-05,3.749999999999947e-05,1.2499999999999823e-05,6.249999999999911e-05,0.0,1.2499999999999823e-05,1.2499999999999823e-05,0.0,0.0,2.4999999999999645e-05,0.0,0.0,0.0,0.0,0.0,0.0,0.0,0.0,0.0,0.0,0.0,0.0,0.0,0.0,0.0,0.0,0.0,0.0,0.0,0.0,0.0,0.0,0.0,0.0,0.0,0.0,0.0,0.0,0.0,0.0,0.0,0.0,0.0,0.0,0.0,0.0,0.0,0.0,0.0,0.0,0.0,0.0,0.0,0.0,0.0,0.0,0.0,0.0,0.0,0.0,0.0,0.0,0.0,0.0
55.650000000000006,0.0027016277307077134,0.0026763415161849494,0.00233844122259206,0.0021381521364015723,0.0018879554692569315,0.0015877758760584426,0.0012001620218729358,0.001162604634417081,0.0009750450958356686,0.0005750100626760886,0.0005375053750537429,0.00041250257814110755,0.0003875004843756,0.0003624999999999949,0.00021249999999999698,0.0002249999999999968,0.00014999999999999787,8.749999999999875e-05,6.249999999999911e-05,2.4999999999999645e-05,3.749999999999947e-05,4.999999999999929e-05,4.999999999999929e-05,1.2499999999999823e-05,1.2499999999999823e-05,1.2499999999999823e-05,1.2499999999999823e-05,0.0,0.0,0.0,0.0,0.0,0.0,0.0,0.0,0.0,0.0,0.0,0.0,0.0,0.0,0.0,0.0,0.0,0.0,0.0,0.0,0.0,0.0,0.0,0.0,0.0,0.0,0.0,0.0,0.0,0.0,0.0,0.0,0.0,0.0,0.0,0.0,0.0,0.0,0.0,0.0,0.0,0.0,0.0,0.0,0.0,0.0,0.0,0.0,0.0,0.0,0.0,0.0,0.0,0.0,0.0,0.0
55.75,0.002801688017030221,0.002451228678375001,0.00241347142224742,0.002125648322738405,0.001775428322082677,0.0017628062875924442,0.0010251383936831326,0.0009375843825944201,0.0009750450958356686,0.0007875137814911649,0.0007875078750787395,0.0005625035156469648,0.0003625004531255613,0.00031249999999999556,0.0001624999999999977,0.0001749999999999975,0.0001124999999999984,9.999999999999858e-05,0.00013749999999999806,6.249999999999911e-05,8.749999999999875e-05,1.2499999999999823e-05,1.2499999999999823e-05,3.749999999999947e-05,1.2499999999999823e-05,0.0,0.0,0.0,0.0,0.0,0.0,0.0,0.0,0.0,0.0,0.0,0.0,0.0,0.0,0.0,0.0,0.0,0.0,0.0,0.0,0.0,0.0,0.0,0.0,0.0,0.0,0.0,0.0,0.0,0.0,0.0,0.0,0.0,0.0,0.0,0.0,0.0,0.0,0.0,0.0,0.0,0.0,0.0,0.0,0.0,0.0,0.0,0.0,0.0,0.0,0.0,0.0,0.0,0.0,0.0,0.0,0.0,0.0
55.85000000000001,0.002914255839143042,0.002338672259470026,0.0020758355237982993,0.0020756330680857366,0.0018504464201988468,0.0014627541535341558,0.0012876738359678375,0.00117510575951834,0.0007750358454078392,0.0006000105001837447,0.0005125051250512432,0.0003750023437646432,0.0002375002968753677,0.00029999999999999575,0.0002749999999999961,0.00012499999999999821,0.00018749999999999735,0.0001749999999999975,6.249999999999911e-05,6.249999999999911e-05,4.999999999999929e-05,3.749999999999947e-05,3.749999999999947e-05,6.249999999999911e-05,3.749999999999947e-05,0.0,0.0,1.2499999999999823e-05,0.0,0.0,0.0,0.0,0.0,0.0,0.0,0.0,0.0,0.0,0.0,0.0,0.0,0.0,0.0,0.0,0.0,0.0,0.0,0.0,0.0,0.0,0.0,0.0,0.0,0.0,0.0,0.0,0.0,0.0,0.0,0.0,0.0,0.0,0.0,0.0,0.0,0.0,0.0,0.0,0.0,0.0,0.0,0.0,0.0,0.0,0.0,0.0,0.0,0.0,0.0,0.0,0.0,0.0,0.0
55.95,0.0029142558391432494,0.0027138603224868005,0.002050825457246658,0.0020131139997700445,0.002100506747252894,0.0016127802205634146,0.001275172148240085,0.000850076506885668,0.0006500300638904919,0.0007000122502144186,0.0006125061250612854,0.0003750023437646698,0.00035000043750056675,0.00026250000000001495,0.00013750000000000781,0.0002375000000000135,0.00015000000000000852,0.00015000000000000852,0.0001125000000000064,5.000000000000284e-05,5.000000000000284e-05,2.500000000000142e-05,5.000000000000284e-05,5.000000000000284e-05,2.500000000000142e-05,0.0,0.0,0.0,0.0,0.0,0.0,0.0,0.0,0.0,0.0,0.0,0.0,0.0,0.0,0.0,0.0,0.0,0.0,0.0,0.0,0.0,0.0,0.0,0.0,0.0,0.0,0.0,0.0,0.0,0.0,0.0,0.0,0.0,0.0,0.0,0.0,0.0,0.0,0.0,0.0,0.0,0.0,0.0,0.0,0.0,0.0,0.0,0.0,0.0,0.0,0.0,0.0,0.0,0.0,0.0,0.0,0.0,0.0
56.05,0.0028892407675624155,0.0024137098720733424,0.0023509462558679536,0.0016630072172012227,0.0016503981585557282,0.0015502693593011567,0.0012251653973286221,0.0010250922583032328,0.0007375341109526211,0.0005500096251684326,0.0005375053750537429,0.0003750023437646432,0.00025000031250038706,0.00028749999999999593,0.00012499999999999821,0.00018749999999999735,0.0001124999999999984,0.0001124999999999984,7.499999999999894e-05,4.999999999999929e-05,3.749999999999947e-05,1.2499999999999823e-05,1.2499999999999823e-05,1.2499999999999823e-05,0.0,1.2499999999999823e-05,0.0,0.0,0.0,0.0,0.0,0.0,0.0,0.0,0.0,0.0,0.0,0.0,0.0,0.0,0.0,0.0,0.0,0.0,0.0,0.0,0.0,0.0,0.0,0.0,0.0,0.0,0.0,0.0,0.0,0.0,0.0,0.0,0.0,0.0,0.0,0.0,0.0,0.0,0.0,0.0,0.0,0.0,0.0,0.0,0.0,0.0,0.0,0.0,0.0,0.0,0.0,0.0,0.0,0.0,0.0,0.0,0.0
56.150000000000006,0.0028767332317721018,0.002401203603306123,0.001825734858280432,0.002000610186106734,0.0016879072076138129,0.0015752737038060138,0.0013001755236956803,0.0010625956336070095,0.0005625260168282704,0.0005750100626760886,0.00040000400003999473,0.00038750242189013136,0.00022500028125034836,0.000349999999999995,0.00014999999999999787,0.0001624999999999977,0.00012499999999999821,8.749999999999875e-05,0.00012499999999999821,4.999999999999929e-05,8.749999999999875e-05,1.2499999999999823e-05,1.2499999999999823e-05,1.2499999999999823e-05,1.2499999999999823e-05,0.0,0.0,1.2499999999999823e-05,0.0,0.0,0.0,0.0,0.0,0.0,0.0,0.0,0.0,0.0,0.0,0.0,0.0,0.0,0.0,0.0,0.0,0.0,0.0,0.0,0.0,0.0,0.0,0.0,0.0,0.0,0.0,0.0,0.0,0.0,0.0,0.0,0.0,0.0,0.0,0.0,0.0,0.0,0.0,0.0,0.0,0.0,0.0,0.0,0.0,0.0,0.0,0.0,0.0,0.0,0.0,0.0,0.0,0.0,0.0
56.25,0.0029517784465139824,0.002326165990702807,0.0021883808232813396,0.0020381216270962356,0.0015003619623233891,0.0014252476367768699,0.001237667085056465,0.0009250832574931613,0.000625028907586967,0.0006875120314605407,0.0004625046250462439,0.0004875030468940362,0.00031250039062548384,0.00033749999999999525,0.0003249999999999954,0.00012499999999999821,9.999999999999858e-05,0.00018749999999999735,6.249999999999911e-05,3.749999999999947e-05,4.999999999999929e-05,2.4999999999999645e-05,1.2499999999999823e-05,2.4999999999999645e-05,0.0,0.0,0.0,0.0,0.0,0.0,0.0,0.0,0.0,0.0,0.0,0.0,0.0,0.0,0.0,0.0,0.0,0.0,0.0,0.0,0.0,0.0,0.0,0.0,0.0,0.0,0.0,0.0,0.0,0.0,0.0,0.0,0.0,0.0,0.0,0.0,0.0,0.0,0.0,0.0,0.0,0.0,0.0,0.0,0.0,0.0,0.0,0.0,0.0,0.0,0.0,0.0,0.0,0.0,0.0,0.0,0.0,0.0,0.0
56.35000000000001,0.002751657873868967,0.0023761910657716843,0.002313431156040273,0.0019130834904645645,0.0016879072076138129,0.0018128149766021588,0.0013751856500627388,0.0007500675060755362,0.0006750312201939245,0.0007250126877220249,0.0005875058750587423,0.00043750273439208375,0.0003875004843756,0.0003624999999999949,0.00024999999999999643,0.00013749999999999806,0.00018749999999999735,7.499999999999894e-05,7.499999999999894e-05,4.999999999999929e-05,4.999999999999929e-05,0.0,2.4999999999999645e-05,2.4999999999999645e-05,3.749999999999947e-05,1.2499999999999823e-05,0.0,0.0,0.0,0.0,0.0,0.0,0.0,0.0,0.0,0.0,0.0,0.0,0.0,0.0,0.0,0.0,0.0,0.0,0.0,0.0,0.0,0.0,0.0,0.0,0.0,0.0,0.0,0.0,0.0,0.0,0.0,0.0,0.0,0.0,0.0,0.0,0.0,0.0,0.0,0.0,0.0,0.0,0.0,0.0,0.0,0.0,0.0,0.0,0.0,0.0,0.0,0.0,0.0,0.0,0.0,0.0,0.0
56.45,0.0027391503380788484,0.002201103303030769,0.0023384412225922265,0.0020006101861068763,0.0016378951422031498,0.001425247636776971,0.0010376400814110494,0.000925083257493227,0.0007625352672561539,0.0005625098439223006,0.0005125051250512797,0.00040000250001564786,0.000362500453125587,0.0002500000000000142,0.0002375000000000135,0.00021250000000001208,0.00010000000000000568,0.00010000000000000568,0.00013750000000000781,3.750000000000213e-05,2.500000000000142e-05,6.250000000000355e-05,2.500000000000142e-05,3.750000000000213e-05,1.250000000000071e-05,1.250000000000071e-05,0.0,0.0,1.250000000000071e-05,0.0,0.0,0.0,0.0,0.0,0.0,0.0,0.0,0.0,0.0,0.0,0.0,0.0,0.0,0.0,0.0,0.0,0.0,0.0,0.0,0.0,0.0,0.0,0.0,0.0,0.0,0.0,0.0,0.0,0.0,0.0,0.0,0.0,0.0,0.0,0.0,0.0,0.0,0.0,0.0,0.0,0.0,0.0,0.0,0.0,0.0,0.0,0.0,0.0,0.0,0.0,0.0,0.0,0.0
56.55,0.002614074980175519,0.0020885468841256383,0.002363451289143847,0.001963098745117233,0.0015878830767922538,0.0013502346032622978,0.001087646832322348,0.0009625866327969381,0.000625028907586967,0.0005500096251684326,0.0004875048750487436,0.00045000281251757185,0.0003375004218755226,0.00029999999999999575,0.00013749999999999806,0.00021249999999999698,0.00013749999999999806,9.999999999999858e-05,7.499999999999894e-05,8.749999999999875e-05,1.2499999999999823e-05,3.749999999999947e-05,3.749999999999947e-05,1.2499999999999823e-05,1.2499999999999823e-05,0.0,0.0,0.0,0.0,0.0,0.0,0.0,0.0,0.0,0.0,0.0,0.0,0.0,0.0,0.0,0.0,0.0,0.0,0.0,0.0,0.0,0.0,0.0,0.0,0.0,0.0,0.0,0.0,0.0,0.0,0.0,0.0,0.0,0.0,0.0,0.0,0.0,0.0,0.0,0.0,0.0,0.0,0.0,0.0,0.0,0.0,0.0,0.0,0.0,0.0,0.0,0.0,0.0,0.0,0.0,0.0,0.0,0.0
56.650000000000006,0.0022013262990951735,0.002138571959194516,0.002275916056212593,0.0019005796768013974,0.0016003860931449484,0.001225212880738011,0.0011251518955058774,0.0008250742566830898,0.0008125375798630572,0.0006250109376914007,0.0004250042500424944,0.00032500203126269075,0.0003625004531255613,0.00028749999999999593,0.00021249999999999698,0.00021249999999999698,0.00012499999999999821,9.999999999999858e-05,0.0001124999999999984,2.4999999999999645e-05,2.4999999999999645e-05,4.999999999999929e-05,4.999999999999929e-05,3.749999999999947e-05,0.0,0.0,0.0,0.0,0.0,0.0,0.0,0.0,0.0,0.0,0.0,0.0,0.0,0.0,0.0,0.0,0.0,0.0,0.0,0.0,0.0,0.0,0.0,0.0,0.0,0.0,0.0,0.0,0.0,0.0,0.0,0.0,0.0,0.0,0.0,0.0,0.0,0.0,0.0,0.0,0.0,0.0,0.0,0.0,0.0,0.0,0.0,0.0,0.0,0.0,0.0,0.0,0.0,0.0,0.0,0.0,0.0,0.0,0.0
56.75,0.002551537301223951,0.002301153453168368,0.002050825457246513,0.001575480521559053,0.001675404191261118,0.00113769767497101,0.0009751316427717604,0.0008250742566830898,0.0007125329546491424,0.0007250126877220249,0.00047500475004749374,0.0003375021093881789,0.00028750035937544514,0.0002249999999999968,0.00028749999999999593,0.0001624999999999977,7.499999999999894e-05,9.999999999999858e-05,2.4999999999999645e-05,8.749999999999875e-05,4.999999999999929e-05,1.2499999999999823e-05,1.2499999999999823e-05,2.4999999999999645e-05,0.0,0.0,1.2499999999999823e-05,3.749999999999947e-05,0.0,0.0,0.0,0.0,0.0,0.0,0.0,0.0,0.0,0.0,0.0,0.0,0.0,0.0,0.0,0.0,0.0,0.0,0.0,0.0,0.0,0.0,0.0,0.0,0.0,0.0,0.0,0.0,0.0,0.0,0.0,0.0,0.0,0.0,0.0,0.0,0.0,0.0,0.0,0.0,0.0,0.0,0.0,0.0,0.0,0.0,0.0,0.0,0.0,0.0,0.0,0.0,0.0,0.0,0.0
56.85000000000001,0.0024264619433208164,0.0021010531528928575,0.002038320423970619,0.001963098745117233,0.0014628529132653045,0.0012377150529904394,0.001062643456866662,0.0010625956336070095,0.000550025438676531,0.0007000122502143688,0.0003875038750387449,0.00038750242189013136,0.00022500028125034836,0.00029999999999999575,0.00021249999999999698,0.00019999999999999716,9.999999999999858e-05,8.749999999999875e-05,0.0001124999999999984,6.249999999999911e-05,8.749999999999875e-05,1.2499999999999823e-05,2.4999999999999645e-05,2.4999999999999645e-05,1.2499999999999823e-05,0.0,0.0,0.0,0.0,0.0,0.0,0.0,0.0,0.0,0.0,0.0,0.0,0.0,0.0,0.0,0.0,0.0,0.0,0.0,0.0,0.0,0.0,0.0,0.0,0.0,0.0,0.0,0.0,0.0,0.0,0.0,0.0,0.0,0.0,0.0,0.0,0.0,0.0,0.0,0.0,0.0,0.0,0.0,0.0,0.0,0.0,0.0,0.0,0.0,0.0,0.0,0.0,0.0,0.0,0.0,0.0,0.0,0.0
56.95,0.0027141352664982192,0.0019884967339880246,0.00211335062362613,0.0019130834904647006,0.001550374027734279,0.0013502346032623937,0.0010501417691388935,0.0008250742566831483,0.0006875317983457126,0.0004375076563840116,0.00041250412504127384,0.0003750023437646698,0.0003250004062505263,0.0002375000000000135,0.00020000000000001137,0.00020000000000001137,5.000000000000284e-05,6.250000000000355e-05,3.750000000000213e-05,6.250000000000355e-05,2.500000000000142e-05,1.250000000000071e-05,1.250000000000071e-05,2.500000000000142e-05,1.250000000000071e-05,1.250000000000071e-05,0.0,0.0,0.0,0.0,0.0,0.0,0.0,0.0,0.0,0.0,0.0,0.0,0.0,0.0,0.0,0.0,0.0,0.0,0.0,0.0,0.0,0.0,0.0,0.0,0.0,0.0,0.0,0.0,0.0,0.0,0.0,0.0,0.0,0.0,0.0,0.0,0.0,0.0,0.0,0.0,0.0,0.0,0.0,0.0,0.0,0.0,0.0,0.0,0.0,0.0,0.0,0.0,0.0,0.0,0.0,0.0,0.0
57.05,0.002126281084353293,0.002338672259470026,0.002038320423970619,0.0017630377265065594,0.0015503740277341689,0.0012502172252428683,0.0010251383936831326,0.0008250742566830898,0.0007500346891043604,0.0006375111564452287,0.00041250412504124456,0.00045000281251757185,0.0003750004687505806,0.00026249999999999624,0.00021249999999999698,0.00013749999999999806,0.00014999999999999787,0.00014999999999999787,3.749999999999947e-05,2.4999999999999645e-05,2.4999999999999645e-05,4.999999999999929e-05,1.2499999999999823e-05,1.2499999999999823e-05,1.2499999999999823e-05,0.0,0.0,0.0,0.0,0.0,0.0,0.0,0.0,0.0,0.0,0.0,0.0,0.0,0.0,0.0,0.0,0.0,0.0,0.0,0.0,0.0,0.0,0.0,0.0,0.0,0.0,0.0,0.0,0.0,0.0,0.0,0.0,0.0,0.0,0.0,0.0,0.0,0.0,0.0,0.0,0.0,0.0,0.0,0.0,0.0,0.0,0.0,0.0,0.0,0.0,0.0,0.0,0.0,0.0,0.0,0.0,0.0,0.0
57.150000000000006,0.0023013865854176817,0.0017758901649451535,0.001725694592073285,0.0017880453538328938,0.0016879072076138129,0.001100191158213724,0.0011501552709615634,0.0009875888829994559,0.0007500346891043604,0.0006000105001837447,0.0004875048750487436,0.0004000025000156194,0.0003500004375005419,0.0001624999999999977,0.00014999999999999787,0.00013749999999999806,0.0001624999999999977,9.999999999999858e-05,9.999999999999858e-05,3.749999999999947e-05,1.2499999999999823e-05,4.999999999999929e-05,1.2499999999999823e-05,1.2499999999999823e-05,0.0,0.0,1.2499999999999823e-05,0.0,0.0,0.0,0.0,0.0,0.0,0.0,0.0,0.0,0.0,0.0,0.0,0.0,0.0,0.0,0.0,0.0,0.0,0.0,0.0,0.0,0.0,0.0,0.0,0.0,0.0,0.0,0.0,0.0,0.0,0.0,0.0,0.0,0.0,0.0,0.0,0.0,0.0,0.0,0.0,0.0,0.0,0.0,0.0,0.0,0.0,0.0,0.0,0.0,0.0,0.0,0.0,0.0,0.0,0.0,0.0
57.25,0.002313894121207995,0.0020635343465911994,0.0018632499581081121,0.001963098745117233,0.0013878348151491352,0.0011752041917282962,0.000912623204132545,0.0008500765068856077,0.0005375248605247917,0.0005750100626760886,0.00043750437504374423,0.00045000281251757185,0.00027500034375042576,0.00021249999999999698,0.0002249999999999968,0.0001749999999999975,0.00012499999999999821,0.00012499999999999821,1.2499999999999823e-05,3.749999999999947e-05,3.749999999999947e-05,1.2499999999999823e-05,6.249999999999911e-05,3.749999999999947e-05,0.0,0.0,0.0,0.0,0.0,0.0,0.0,0.0,0.0,0.0,0.0,0.0,0.0,0.0,0.0,0.0,0.0,0.0,0.0,0.0,0.0,0.0,0.0,0.0,0.0,0.0,0.0,0.0,0.0,0.0,0.0,0.0,0.0,0.0,0.0,0.0,0.0,0.0,0.0,0.0,0.0,0.0,0.0,0.0,0.0,0.0,0.0,0.0,0.0,0.0,0.0,0.0,0.0,0.0,0.0,0.0,0.0,0.0,0.0
57.35000000000001,0.002013713262240471,0.002401203603306123,0.0018757549913840054,0.001562976707895886,0.0016003860931449484,0.0011501998472234387,0.0011501552709615634,0.0009000810072906434,0.0007875364235595784,0.0006000105001837447,0.00045000450004499407,0.00038750242189013136,0.0003250004062505032,0.00019999999999999716,0.00021249999999999698,0.00014999999999999787,0.0001124999999999984,7.499999999999894e-05,4.999999999999929e-05,8.749999999999875e-05,2.4999999999999645e-05,3.749999999999947e-05,4.999999999999929e-05,1.2499999999999823e-05,0.0,0.0,0.0,0.0,0.0,0.0,0.0,0.0,0.0,0.0,0.0,0.0,0.0,0.0,0.0,0.0,0.0,0.0,0.0,0.0,0.0,0.0,0.0,0.0,0.0,0.0,0.0,0.0,0.0,0.0,0.0,0.0,0.0,0.0,0.0,0.0,0.0,0.0,0.0,0.0,0.0,0.0,0.0,0.0,0.0,0.0,0.0,0.0,0.0,0.0,0.0,0.0,0.0,0.0,0.0,0.0,0.0,0.0,0.0
57.45,0.0020387283338212433,0.0021635844967291084,0.0019757952575912927,0.0017505339128435168,0.0016378951422031498,0.0012627193974953867,0.000825111390037702,0.0008125731315818885,0.0005875271731317907,0.0006625115939529318,0.00045000450004502605,0.00035000218751369183,0.0003375004218755465,0.00016250000000000924,0.00017500000000000995,0.0001125000000000064,8.750000000000497e-05,0.0001125000000000064,5.000000000000284e-05,5.000000000000284e-05,3.750000000000213e-05,5.000000000000284e-05,3.750000000000213e-05,1.250000000000071e-05,1.250000000000071e-05,0.0,1.250000000000071e-05,0.0,0.0,0.0,0.0,0.0,0.0,0.0,0.0,0.0,0.0,0.0,0.0,0.0,0.0,0.0,0.0,0.0,0.0,0.0,0.0,0.0,0.0,0.0,0.0,0.0,0.0,0.0,0.0,0.0,0.0,0.0,0.0,0.0,0.0,0.0,0.0,0.0,0.0,0.0,0.0,0.0,0.0,0.0,0.0,0.0,0.0,0.0,0.0,0.0,0.0,0.0,0.0,0.0,0.0,0.0,0.0
57.55,0.0024139544075305027,0.002326165990702807,0.001963290224315259,0.0013629156892852126,0.0014628529132653045,0.0011627020194758674,0.0010251383936831326,0.0006875618805692414,0.0006375294857387064,0.0005875102814299167,0.00037500375003749506,0.00021250132813329783,0.00026250032812540644,0.00026249999999999624,0.00012499999999999821,0.00018749999999999735,0.0001624999999999977,4.999999999999929e-05,7.499999999999894e-05,2.4999999999999645e-05,2.4999999999999645e-05,1.2499999999999823e-05,0.0,1.2499999999999823e-05,0.0,0.0,0.0,0.0,0.0,0.0,0.0,0.0,0.0,0.0,0.0,0.0,0.0,0.0,0.0,0.0,0.0,0.0,0.0,0.0,0.0,0.0,0.0,0.0,0.0,0.0,0.0,0.0,0.0,0.0,0.0,0.0,0.0,0.0,0.0,0.0,0.0,0.0,0.0,0.0,0.0,0.0,0.0,0.0,0.0,0.0,0.0,0.0,0.0,0.0,0.0,0.0,0.0,0.0,0.0,0.0,0.0,0.0,0.0
57.650000000000006,0.002126281084353293,0.002388697334538904,0.0017507046586250719,0.0017380300991802252,0.0014503498969126098,0.0013502346032622978,0.0010126367059552896,0.0006375573801642057,0.0005750265949800097,0.0005625098439222607,0.0003500035000349954,0.000350002187513667,0.00026250032812540644,0.00014999999999999787,0.0002374999999999966,0.00013749999999999806,0.00014999999999999787,0.0001124999999999984,6.249999999999911e-05,4.999999999999929e-05,1.2499999999999823e-05,1.2499999999999823e-05,1.2499999999999823e-05,0.0,0.0,0.0,0.0,1.2499999999999823e-05,0.0,0.0,0.0,0.0,0.0,0.0,0.0,0.0,0.0,0.0,0.0,0.0,0.0,0.0,0.0,0.0,0.0,0.0,0.0,0.0,0.0,0.0,0.0,0.0,0.0,0.0,0.0,0.0,0.0,0.0,0.0,0.0,0.0,0.0,0.0,0.0,0.0,0.0,0.0,0.0,0.0,0.0,0.0,0.0,0.0,0.0,0.0,0.0,0.0,0.0,0.0,0.0,0.0,0.0,0.0
57.75,0.0019761906548695306,0.0020635343465911994,0.002100845590350086,0.0014504423849273824,0.0017004102239665077,0.0012502172252428683,0.0008626164532211726,0.0005250472542528753,0.0005625260168282704,0.00037500656261484045,0.00045000450004499407,0.00022500140625878593,0.00027500034375042576,0.0001124999999999984,0.00018749999999999735,0.00012499999999999821,0.0001124999999999984,9.999999999999858e-05,2.4999999999999645e-05,8.749999999999875e-05,0.0,1.2499999999999823e-05,3.749999999999947e-05,3.749999999999947e-05,1.2499999999999823e-05,0.0,0.0,0.0,0.0,0.0,0.0,0.0,0.0,0.0,0.0,0.0,0.0,0.0,0.0,0.0,0.0,0.0,0.0,0.0,0.0,0.0,0.0,0.0,0.0,0.0,0.0,0.0,0.0,0.0,0.0,0.0,0.0,0.0,0.0,0.0,0.0,0.0,0.0,0.0,0.0,0.0,0.0,0.0,0.0,0.0,0.0,0.0,0.0,0.0,0.0,0.0,0.0,0.0,0.0,0.0,0.0,0.0,0.0
57.85000000000001,0.0019761906548695306,0.0019509779276862252,0.001725694592073285,0.001688014844527557,0.0013253197333856605,0.0011251955027185814,0.0007751046391262711,0.0006250562550629468,0.0006375294857387064,0.00047500831264546455,0.00033750337503374555,0.00026250164063525025,0.0003500004375005419,0.0001624999999999977,0.00012499999999999821,0.0001124999999999984,8.749999999999875e-05,9.999999999999858e-05,4.999999999999929e-05,3.749999999999947e-05,2.4999999999999645e-05,1.2499999999999823e-05,3.749999999999947e-05,1.2499999999999823e-05,1.2499999999999823e-05,0.0,0.0,0.0,0.0,0.0,0.0,0.0,0.0,0.0,0.0,0.0,0.0,0.0,0.0,0.0,0.0,0.0,0.0,0.0,0.0,0.0,0.0,0.0,0.0,0.0,0.0,0.0,0.0,0.0,0.0,0.0,0.0,0.0,0.0,0.0,0.0,0.0,0.0,0.0,0.0,0.0,0.0,0.0,0.0,0.0,0.0,0.0,0.0,0.0,0.0,0.0,0.0,0.0,0.0,0.0,0.0,0.0,0.0
57.95,0.002226341370675959,0.0020760406153585665,0.0018132298250046676,0.0015254652669064932,0.0012878106843276674,0.0011126933304662317,0.0009001215164047658,0.00071256413077181,0.0006375294857387517,0.0004750083126454983,0.0004375043750437753,0.0002375014843842909,0.0003375004218755465,0.0003125000000000178,0.00015000000000000852,0.00010000000000000568,0.00016250000000000924,7.500000000000426e-05,3.750000000000213e-05,5.000000000000284e-05,0.0,3.750000000000213e-05,2.500000000000142e-05,0.0,0.0,0.0,0.0,0.0,0.0,0.0,0.0,0.0,0.0,0.0,0.0,0.0,0.0,0.0,0.0,0.0,0.0,0.0,0.0,0.0,0.0,0.0,0.0,0.0,0.0,0.0,0.0,0.0,0.0,0.0,0.0,0.0,0.0,0.0,0.0,0.0,0.0,0.0,0.0,0.0,0.0,0.0,0.0,0.0,0.0,0.0,0.0,0.0,0.0,0.0,0.0,0.0,0.0,0.0,0.0,0.0,0.0,0.0,0.0
58.05,0.0018386077611760824,0.0019759904652206636,0.0017757147251768583,0.0016004881488853873,0.0012002895698587114,0.0010376802969515805,0.000937626579588231,0.0007500675060755362,0.0007125329546491424,0.0005250091876607766,0.00043750437504374423,0.00038750242189013136,0.0003375004218755226,0.00021249999999999698,8.749999999999875e-05,0.0001749999999999975,9.999999999999858e-05,6.249999999999911e-05,7.499999999999894e-05,2.4999999999999645e-05,8.749999999999875e-05,3.749999999999947e-05,2.4999999999999645e-05,1.2499999999999823e-05,0.0,1.2499999999999823e-05,3.749999999999947e-05,0.0,0.0,0.0,0.0,0.0,0.0,0.0,0.0,0.0,0.0,0.0,0.0,0.0,0.0,0.0,0.0,0.0,0.0,0.0,0.0,0.0,0.0,0.0,0.0,0.0,0.0,0.0,0.0,0.0,0.0,0.0,0.0,0.0,0.0,0.0,0.0,0.0,0.0,0.0,0.0,0.0,0.0,0.0,0.0,0.0,0.0,0.0,0.0,0.0,0.0,0.0,0.0,0.0,0.0,0.0,0.0
58.150000000000006,0.002213833834885487,0.0019884967339878832,0.0018007247917286452,0.0013629156892852126,0.001087762422684457,0.0010876889859612953,0.0008376130777654864,0.0005500495044553932,0.0005250242823730523,0.0005000087501531205,0.0004625046250462439,0.0003625022656391551,0.00027500034375042576,0.00018749999999999735,0.00019999999999999716,9.999999999999858e-05,8.749999999999875e-05,0.00013749999999999806,2.4999999999999645e-05,3.749999999999947e-05,2.4999999999999645e-05,0.0,2.4999999999999645e-05,0.0,0.0,0.0,0.0,0.0,0.0,0.0,0.0,0.0,0.0,0.0,0.0,0.0,0.0,0.0,0.0,0.0,0.0,0.0,0.0,0.0,0.0,0.0,0.0,0.0,0.0,0.0,0.0,0.0,0.0,0.0,0.0,0.0,0.0,0.0,0.0,0.0,0.0,0.0,0.0,0.0,0.0,0.0,0.0,0.0,0.0,0.0,0.0,0.0,0.0,0.0,0.0,0.0,0.0,0.0,0.0,0.0,0.0,0.0,0.0
58.25,0.0021888187633048602,0.0016508274772729598,0.0017131895587973915,0.0016004881488853873,0.0013128167170329654,0.0010001737801942946,0.0008126097023098003,0.0008375753817843486,0.0005250242823730523,0.00042500743763015247,0.00037500375003749506,0.0003375021093881789,0.0002375002968753677,0.00019999999999999716,0.00018749999999999735,0.00012499999999999821,9.999999999999858e-05,7.499999999999894e-05,6.249999999999911e-05,1.2499999999999823e-05,3.749999999999947e-05,6.249999999999911e-05,1.2499999999999823e-05,1.2499999999999823e-05,0.0,0.0,0.0,0.0,0.0,0.0,0.0,0.0,0.0,0.0,0.0,0.0,0.0,0.0,0.0,0.0,0.0,0.0,0.0,0.0,0.0,0.0,0.0,0.0,0.0,0.0,0.0,0.0,0.0,0.0,0.0,0.0,0.0,0.0,0.0,0.0,0.0,0.0,0.0,0.0,0.0,0.0,0.0,0.0,0.0,0.0,0.0,0.0,0.0,0.0,0.0,0.0,0.0,0.0,0.0,0.0,0.0,0.0,0.0
58.35000000000001,0.002313894121207995,0.0018634340463156893,0.0018382398915563253,0.0016129919625485544,0.0013378227497383554,0.0009876716079418658,0.0010001350182274465,0.0006125551299616879,0.0007250335328008818,0.00042500743763015247,0.0003125031250312459,0.000350002187513667,0.00030000037500046447,0.0001749999999999975,0.00026249999999999624,0.0001624999999999977,9.999999999999858e-05,9.999999999999858e-05,4.999999999999929e-05,3.749999999999947e-05,1.2499999999999823e-05,1.2499999999999823e-05,3.749999999999947e-05,1.2499999999999823e-05,1.2499999999999823e-05,0.0,0.0,0.0,0.0,0.0,0.0,0.0,0.0,0.0,0.0,0.0,0.0,0.0,0.0,0.0,0.0,0.0,0.0,0.0,0.0,0.0,0.0,0.0,0.0,0.0,0.0,0.0,0.0,0.0,0.0,0.0,0.0,0.0,0.0,0.0,0.0,0.0,0.0,0.0,0.0,0.0,0.0,0.0,0.0,0.0,0.0,0.0,0.0,0.0,0.0,0.0,0.0,0.0,0.0,0.0,0.0,0.0,0.0
58.45,0.0022638639780469022,0.0020260155402896853,0.0019757952575912927,0.0014879538259169893,0.0011002654390372302,0.0009626672634370769,0.0008501147654933899,0.000562550629556692,0.0007000323764974527,0.0004875085313993272,0.00035000350003502027,0.0002625016406352689,0.00020000025000032386,0.00028750000000001637,0.00018750000000001066,5.000000000000284e-05,0.0001125000000000064,3.750000000000213e-05,6.250000000000355e-05,8.750000000000497e-05,1.250000000000071e-05,2.500000000000142e-05,1.250000000000071e-05,1.250000000000071e-05,0.0,0.0,0.0,0.0,0.0,0.0,0.0,0.0,0.0,0.0,0.0,0.0,0.0,0.0,0.0,0.0,0.0,0.0,0.0,0.0,0.0,0.0,0.0,0.0,0.0,0.0,0.0,0.0,0.0,0.0,0.0,0.0,0.0,0.0,0.0,0.0,0.0,0.0,0.0,0.0,0.0,0.0,0.0,0.0,0.0,0.0,0.0,0.0,0.0,0.0,0.0,0.0,0.0,0.0,0.0,0.0,0.0,0.0,0.0
58.55,0.0021763112275145465,0.0017383713586434954,0.0014255737934518442,0.0014254347576010482,0.0010377503572736775,0.001062684641456438,0.0008126097023098003,0.0007125641307717594,0.0003875179227039196,0.0003250056875995284,0.0003875038750387449,0.00023750148438427403,0.00031250039062548384,0.0002249999999999968,0.0001624999999999977,9.999999999999858e-05,6.249999999999911e-05,7.499999999999894e-05,7.499999999999894e-05,2.4999999999999645e-05,2.4999999999999645e-05,1.2499999999999823e-05,1.2499999999999823e-05,0.0,0.0,1.2499999999999823e-05,0.0,0.0,0.0,0.0,0.0,0.0,0.0,0.0,0.0,0.0,0.0,0.0,0.0,0.0,0.0,0.0,0.0,0.0,0.0,0.0,0.0,0.0,0.0,0.0,0.0,0.0,0.0,0.0,0.0,0.0,0.0,0.0,0.0,0.0,0.0,0.0,0.0,0.0,0.0,0.0,0.0,0.0,0.0,0.0,0.0,0.0,0.0,0.0,0.0,0.0,0.0,0.0,0.0,0.0,0.0,0.0,0.0
58.650000000000006,0.0019136529759179633,0.0018009027024795923,0.0016631694256938182,0.001525465266906385,0.0011752835371533217,0.001025178124699152,0.0008876198286768588,0.0007000630056705004,0.0007125329546491424,0.0004125072188763245,0.0003625036250362452,0.00028750179688622645,0.00022500028125034836,0.0001749999999999975,0.0001624999999999977,6.249999999999911e-05,6.249999999999911e-05,7.499999999999894e-05,6.249999999999911e-05,3.749999999999947e-05,3.749999999999947e-05,0.0,1.2499999999999823e-05,0.0,0.0,0.0,0.0,0.0,0.0,0.0,0.0,0.0,0.0,0.0,0.0,0.0,0.0,0.0,0.0,0.0,0.0,0.0,0.0,0.0,0.0,0.0,0.0,0.0,0.0,0.0,0.0,0.0,0.0,0.0,0.0,0.0,0.0,0.0,0.0,0.0,0.0,0.0,0.0,0.0,0.0,0.0,0.0,0.0,0.0,0.0,0.0,0.0,0.0,0.0,0.0,0.0,0.0,0.0,0.0,0.0,0.0,0.0,0.0
58.75,0.002013713262240471,0.0020885468841256383,0.0014630888932795243,0.0016505034035380558,0.0011627805208006266,0.0009126585744272938,0.000912623204132545,0.0007125641307717594,0.0005625260168282704,0.00042500743763015247,0.0004250042500424944,0.00041250257814110755,0.00026250032812540644,0.0002249999999999968,0.00018749999999999735,7.499999999999894e-05,0.00013749999999999806,2.4999999999999645e-05,2.4999999999999645e-05,2.4999999999999645e-05,4.999999999999929e-05,3.749999999999947e-05,3.749999999999947e-05,0.0,0.0,0.0,0.0,0.0,0.0,0.0,0.0,0.0,0.0,0.0,0.0,0.0,0.0,0.0,0.0,0.0,0.0,0.0,0.0,0.0,0.0,0.0,0.0,0.0,0.0,0.0,0.0,0.0,0.0,0.0,0.0,0.0,0.0,0.0,0.0,0.0,0.0,0.0,0.0,0.0,0.0,0.0,0.0,0.0,0.0,0.0,0.0,0.0,0.0,0.0,0.0,0.0,0.0,0.0,0.0,0.0,0.0,0.0,0.0
58.85000000000001,0.002013713262240471,0.0018759403150829085,0.0016006442593143513,0.001387923316611547,0.0012127925862114063,0.001025178124699152,0.0009251248918603881,0.0005500495044553932,0.000550025438676531,0.0004500078751378085,0.0003625036250362452,0.00031250195313720265,0.0001625002031252516,0.00018749999999999735,0.0001624999999999977,0.0001624999999999977,0.0001124999999999984,8.749999999999875e-05,2.4999999999999645e-05,3.749999999999947e-05,1.2499999999999823e-05,7.499999999999894e-05,1.2499999999999823e-05,0.0,0.0,1.2499999999999823e-05,0.0,0.0,0.0,0.0,0.0,0.0,0.0,0.0,0.0,0.0,0.0,0.0,0.0,0.0,0.0,0.0,0.0,0.0,0.0,0.0,0.0,0.0,0.0,0.0,0.0,0.0,0.0,0.0,0.0,0.0,0.0,0.0,0.0,0.0,0.0,0.0,0.0,0.0,0.0,0.0,0.0,0.0,0.0,0.0,0.0,0.0,0.0,0.0,0.0,0.0,0.0,0.0,0.0,0.0,0.0,0.0,0.0
58.95,0.0020137132622406145,0.0014882459832992133,0.0014255737934519455,0.0014504423849274852,0.001125271471742622,0.0008751520576700699,0.0007626029513984822,0.0007625686311768492,0.0005125237042213494,0.0004625080938916694,0.00045000450004502605,0.0002625016406352689,0.00018750023437530362,0.0001250000000000071,0.0001250000000000071,0.00016250000000000924,0.00010000000000000568,3.750000000000213e-05,3.750000000000213e-05,1.250000000000071e-05,5.000000000000284e-05,5.000000000000284e-05,1.250000000000071e-05,1.250000000000071e-05,0.0,0.0,1.250000000000071e-05,0.0,0.0,0.0,0.0,0.0,0.0,0.0,0.0,0.0,0.0,0.0,0.0,0.0,0.0,0.0,0.0,0.0,0.0,0.0,0.0,0.0,0.0,0.0,0.0,0.0,0.0,0.0,0.0,0.0,0.0,0.0,0.0,0.0,0.0,0.0,0.0,0.0,0.0,0.0,0.0,0.0,0.0,0.0,0.0,0.0,0.0,0.0,0.0,0.0,0.0,0.0,0.0,0.0,0.0,0.0,0.0
59.05,0.0017260399390632611,0.0019009528526173474,0.001688179492245605,0.0016630072172012227,0.0012878106843275759,0.0009626672634370085,0.0006000810109364679,0.0005625506295566521,0.0006875317983456637,0.0004500078751378085,0.0003875038750387449,0.000350002187513667,0.00020000025000030966,0.0002749999999999961,0.0001124999999999984,7.499999999999894e-05,7.499999999999894e-05,3.749999999999947e-05,8.749999999999875e-05,3.749999999999947e-05,3.749999999999947e-05,0.0,1.2499999999999823e-05,0.0,0.0,0.0,0.0,0.0,0.0,0.0,0.0,0.0,0.0,0.0,0.0,0.0,0.0,0.0,0.0,0.0,0.0,0.0,0.0,0.0,0.0,0.0,0.0,0.0,0.0,0.0,0.0,0.0,0.0,0.0,0.0,0.0,0.0,0.0,0.0,0.0,0.0,0.0,0.0,0.0,0.0,0.0,0.0,0.0,0.0,0.0,0.0,0.0,0.0,0.0,0.0,0.0,0.0,0.0,0.0,0.0,0.0,0.0,0.0
59.150000000000006,0.0017385474748535747,0.0018259152400140312,0.0015131090263830976,0.001275388993643043,0.0012878106843275759,0.0009626672634370085,0.0006875928250313694,0.0006250562550629468,0.0005250242823730523,0.00040000700012249644,0.0003250032500324957,0.00030000187501171455,0.00015000018750023223,0.0001749999999999975,0.0001624999999999977,0.00012499999999999821,0.0001124999999999984,6.249999999999911e-05,4.999999999999929e-05,2.4999999999999645e-05,1.2499999999999823e-05,1.2499999999999823e-05,0.0,0.0,0.0,0.0,0.0,0.0,0.0,0.0,0.0,0.0,0.0,0.0,0.0,0.0,0.0,0.0,0.0,0.0,0.0,0.0,0.0,0.0,0.0,0.0,0.0,0.0,0.0,0.0,0.0,0.0,0.0,0.0,0.0,0.0,0.0,0.0,0.0,0.0,0.0,0.0,0.0,0.0,0.0,0.0,0.0,0.0,0.0,0.0,0.0,0.0,0.0,0.0,0.0,0.0,0.0,0.0,0.0,0.0,0.0,0.0,0.0
59.25,0.0018636228327567094,0.0015882961334368628,0.001550624126210778,0.0013003966209693772,0.0010627563899790675,0.0008376455409127217,0.0005625759477529387,0.0005625506295566521,0.0006125283294352277,0.00036250634386101243,0.0002125021250212472,0.00028750179688622645,0.00022500028125034836,0.00013749999999999806,0.00012499999999999821,9.999999999999858e-05,8.749999999999875e-05,4.999999999999929e-05,2.4999999999999645e-05,1.2499999999999823e-05,1.2499999999999823e-05,2.4999999999999645e-05,3.749999999999947e-05,1.2499999999999823e-05,0.0,0.0,0.0,0.0,0.0,0.0,0.0,0.0,0.0,0.0,0.0,0.0,0.0,0.0,0.0,0.0,0.0,0.0,0.0,0.0,0.0,0.0,0.0,0.0,0.0,0.0,0.0,0.0,0.0,0.0,0.0,0.0,0.0,0.0,0.0,0.0,0.0,0.0,0.0,0.0,0.0,0.0,0.0,0.0,0.0,0.0,0.0,0.0,0.0,0.0,0.0,0.0,0.0,0.0,0.0,0.0,0.0,0.0,0.0
59.35000000000001,0.0020262207980307847,0.0017758901649451535,0.0013255335272446972,0.0012003661116640404,0.0011002654390371521,0.0007751346796505784,0.0005750776354807817,0.0005125461291516164,0.00045002081346261625,0.00033750590635335645,0.0003500035000349954,0.00023750148438427403,0.00020000025000030966,0.0001749999999999975,0.00019999999999999716,0.00021249999999999698,6.249999999999911e-05,6.249999999999911e-05,4.999999999999929e-05,1.2499999999999823e-05,1.2499999999999823e-05,2.4999999999999645e-05,1.2499999999999823e-05,1.2499999999999823e-05,0.0,0.0,0.0,0.0,0.0,0.0,0.0,0.0,0.0,0.0,0.0,0.0,0.0,0.0,0.0,0.0,0.0,0.0,0.0,0.0,0.0,0.0,0.0,0.0,0.0,0.0,0.0,0.0,0.0,0.0,0.0,0.0,0.0,0.0,0.0,0.0,0.0,0.0,0.0,0.0,0.0,0.0,0.0,0.0,0.0,0.0,0.0,0.0,0.0,0.0,0.0,0.0,0.0,0.0,0.0,0.0,0.0,0.0,0.0
59.45,0.001763562546434327,0.0018634340463158218,0.0015506241262108879,0.0010128089067166061,0.0010127443245683597,0.0009251607466797882,0.0006000810109365105,0.0006500585052655109,0.00036251676640046665,0.00042500743763018267,0.0002125021250212623,0.0002625016406352689,0.00012500015625020242,0.00020000000000001137,8.750000000000497e-05,6.250000000000355e-05,0.00010000000000000568,3.750000000000213e-05,7.500000000000426e-05,1.250000000000071e-05,1.250000000000071e-05,3.750000000000213e-05,0.0,0.0,0.0,3.750000000000213e-05,0.0,0.0,0.0,0.0,0.0,0.0,0.0,0.0,0.0,0.0,0.0,0.0,0.0,0.0,0.0,0.0,0.0,0.0,0.0,0.0,0.0,0.0,0.0,0.0,0.0,0.0,0.0,0.0,0.0,0.0,0.0,0.0,0.0,0.0,0.0,0.0,0.0,0.0,0.0,0.0,0.0,0.0,0.0,0.0,0.0,0.0,0.0,0.0,0.0,0.0,0.0,0.0,0.0,0.0,0.0,0.0,0.0
59.55,0.001851115296966396,0.0017633838961779343,0.0015631291594866712,0.0012003661116640404,0.001087762422684457,0.0009126585744272938,0.0007250978882148987,0.0006500585052654647,0.0004750219697660949,0.0003250056875995284,0.00020000200001999736,0.00032500203126269075,0.00020000025000030966,0.0001624999999999977,0.00012499999999999821,0.00014999999999999787,0.0001124999999999984,4.999999999999929e-05,4.999999999999929e-05,1.2499999999999823e-05,2.4999999999999645e-05,1.2499999999999823e-05,1.2499999999999823e-05,0.0,1.2499999999999823e-05,0.0,0.0,0.0,0.0,0.0,0.0,0.0,0.0,0.0,0.0,0.0,0.0,0.0,0.0,0.0,0.0,0.0,0.0,0.0,0.0,0.0,0.0,0.0,0.0,0.0,0.0,0.0,0.0,0.0,0.0,0.0,0.0,0.0,0.0,0.0,0.0,0.0,0.0,0.0,0.0,0.0,0.0,0.0,0.0,0.0,0.0,0.0,0.0,0.0,0.0,0.0,0.0,0.0,0.0,0.0,0.0,0.0,0.0
59.650000000000006,0.001876130368547023,0.001500752252066327,0.001588139226038458,0.0013379080619588784,0.0009377262264521182,0.0007751346796505784,0.0007000945127592125,0.0006750607554679826,0.000512523704221313,0.0004625080938916366,0.0002750027500274964,0.00030000187501171455,0.00012500015625019353,0.0001124999999999984,0.00013749999999999806,9.999999999999858e-05,7.499999999999894e-05,3.749999999999947e-05,4.999999999999929e-05,3.749999999999947e-05,4.999999999999929e-05,3.749999999999947e-05,0.0,0.0,0.0,0.0,0.0,0.0,0.0,0.0,0.0,0.0,0.0,0.0,0.0,0.0,0.0,0.0,0.0,0.0,0.0,0.0,0.0,0.0,0.0,0.0,0.0,0.0,0.0,0.0,0.0,0.0,0.0,0.0,0.0,0.0,0.0,0.0,0.0,0.0,0.0,0.0,0.0,0.0,0.0,0.0,0.0,0.0,0.0,0.0,0.0,0.0,0.0,0.0,0.0,0.0,0.0,0.0,0.0,0.0,0.0,0.0,0.0
59.75,0.0018636228327567094,0.001538271058367985,0.001288018427417017,0.0012253737389903746,0.0010002413082155928,0.0007876368519030069,0.0006625894495756833,0.0005625506295566521,0.0004625213916143556,0.0004125072188763245,0.00040000400003999473,0.000350002187513667,0.00031250039062548384,0.00012499999999999821,9.999999999999858e-05,0.00013749999999999806,7.499999999999894e-05,3.749999999999947e-05,2.4999999999999645e-05,6.249999999999911e-05,0.0,2.4999999999999645e-05,0.0,0.0,0.0,0.0,0.0,0.0,0.0,0.0,0.0,0.0,0.0,0.0,0.0,0.0,0.0,0.0,0.0,0.0,0.0,0.0,0.0,0.0,0.0,0.0,0.0,0.0,0.0,0.0,0.0,0.0,0.0,0.0,0.0,0.0,0.0,0.0,0.0,0.0,0.0,0.0,0.0,0.0,0.0,0.0,0.0,0.0,0.0,0.0,0.0,0.0,0.0,0.0,0.0,0.0,0.0,0.0,0.0,0.0,0.0,0.0,0.0
59.85000000000001,0.0014508741516763646,0.0014882459832991077,0.001588139226038458,0.0009878012793902,0.0009252232100994234,0.001025178124699152,0.0007375995759427418,0.00046254162874658064,0.0005375248605247917,0.00043750765638398055,0.0003625036250362452,0.00031250195313720265,0.00022500028125034836,0.0001624999999999977,0.0001624999999999977,9.999999999999858e-05,7.499999999999894e-05,4.999999999999929e-05,3.749999999999947e-05,3.749999999999947e-05,6.249999999999911e-05,1.2499999999999823e-05,2.4999999999999645e-05,1.2499999999999823e-05,0.0,0.0,0.0,0.0,0.0,0.0,0.0,0.0,0.0,0.0,0.0,0.0,0.0,0.0,0.0,0.0,0.0,0.0,0.0,0.0,0.0,0.0,0.0,0.0,0.0,0.0,0.0,0.0,0.0,0.0,0.0,0.0,0.0,0.0,0.0,0.0,0.0,0.0,0.0,0.0,0.0,0.0,0.0,0.0,0.0,0.0,0.0,0.0,0.0,0.0,0.0,0.0,0.0,0.0,0.0,0.0,0.0,0.0,0.0
59.95,0.0020012057264503,0.001700852552341958,0.0015631291594867824,0.0011378470433482859,0.0010127443245683597,0.0008126411964079221,0.0005375725722972907,0.0006375573801642511,0.0003875179227039471,0.00037500656261486707,0.00030000300003001735,0.00021250132813331292,0.0002375002968753846,0.00018750000000001066,0.00010000000000000568,6.250000000000355e-05,0.0001250000000000071,7.500000000000426e-05,1.250000000000071e-05,2.500000000000142e-05,0.0,2.500000000000142e-05,1.250000000000071e-05,0.0,1.250000000000071e-05,0.0,0.0,0.0,0.0,0.0,0.0,0.0,0.0,0.0,0.0,0.0,0.0,0.0,0.0,0.0,0.0,0.0,0.0,0.0,0.0,0.0,0.0,0.0,0.0,0.0,0.0,0.0,0.0,0.0,0.0,0.0,0.0,0.0,0.0,0.0,0.0,0.0,0.0,0.0,0.0,0.0,0.0,0.0,0.0,0.0,0.0,0.0,0.0,0.0,0.0,0.0,0.0,0.0,0.0,0.0,0.0,0.0,0.0
60.05,0.0016635022601116938,0.0013381707580924747,0.0013630486270723773,0.0010628241613692025,0.0010252473409209826,0.0007751346796505784,0.0005500742600250955,0.0006625596303667236,0.00041251907900739825,0.00031250546884570036,0.0003250032500324957,0.00031250195313720265,0.00013750017187521288,0.00019999999999999716,0.0001124999999999984,9.999999999999858e-05,6.249999999999911e-05,2.4999999999999645e-05,2.4999999999999645e-05,0.0,3.749999999999947e-05,2.4999999999999645e-05,0.0,0.0,0.0,0.0,0.0,0.0,0.0,0.0,0.0,0.0,0.0,0.0,0.0,0.0,0.0,0.0,0.0,0.0,0.0,0.0,0.0,0.0,0.0,0.0,0.0,0.0,0.0,0.0,0.0,0.0,0.0,0.0,0.0,0.0,0.0,0.0,0.0,0.0,0.0,0.0,0.0,0.0,0.0,0.0,0.0,0.0,0.0,0.0,0.0,0.0,0.0,0.0,0.0,0.0,0.0,0.0,0.0,0.0,0.0,0.0,0.0
60.150000000000006,0.0016134721169504397,0.001563283595902424,0.0014005637269000574,0.0012003661116640404,0.0008627081283359489,0.0008876542299224363,0.000762602951398428,0.0005500495044553932,0.00045002081346261625,0.00031250546884570036,0.0002500025000249967,0.00021250132813329783,0.00017500021875027096,0.00021249999999999698,0.00013749999999999806,9.999999999999858e-05,9.999999999999858e-05,7.499999999999894e-05,6.249999999999911e-05,1.2499999999999823e-05,0.0,0.0,0.0,0.0,0.0,0.0,0.0,0.0,0.0,0.0,0.0,0.0,0.0,0.0,0.0,0.0,0.0,0.0,0.0,0.0,0.0,0.0,0.0,0.0,0.0,0.0,0.0,0.0,0.0,0.0,0.0,0.0,0.0,0.0,0.0,0.0,0.0,0.0,0.0,0.0,0.0,0.0,0.0,0.0,0.0,0.0,0.0,0.0,0.0,0.0,0.0,0.0,0.0,0.0,0.0,0.0,0.0,0.0,0.0,0.0,0.0,0.0,0.0
60.25,0.0017385474748535747,0.0014507271769974494,0.0016006442593143513,0.0010628241613692025,0.0010752594063317624,0.0009001564021748651,0.0006000810109364679,0.0005500495044553932,0.0003125144537934835,0.00037500656261484045,0.0002500025000249967,0.00022500140625878593,0.00028750035937544514,0.00014999999999999787,6.249999999999911e-05,9.999999999999858e-05,2.4999999999999645e-05,7.499999999999894e-05,6.249999999999911e-05,4.999999999999929e-05,1.2499999999999823e-05,2.4999999999999645e-05,0.0,0.0,0.0,0.0,0.0,0.0,0.0,0.0,0.0,0.0,0.0,0.0,0.0,0.0,0.0,0.0,0.0,0.0,0.0,0.0,0.0,0.0,0.0,0.0,0.0,0.0,0.0,0.0,0.0,0.0,0.0,0.0,0.0,0.0,0.0,0.0,0.0,0.0,0.0,0.0,0.0,0.0,0.0,0.0,0.0,0.0,0.0,0.0,0.0,0.0,0.0,0.0,0.0,0.0,0.0,0.0,0.0,0.0,0.0,0.0,0.0
60.35000000000001,0.0019386680474985903,0.001538271058367985,0.001350543593796484,0.0013129004346325442,0.0008502051119832539,0.0009126585744272938,0.0006750911373035265,0.0005750517546579111,0.00043752023531087696,0.00036250634386101243,0.00026250262502624654,0.00027500171876073835,0.00020000025000030966,0.00019999999999999716,9.999999999999858e-05,7.499999999999894e-05,0.0001124999999999984,4.999999999999929e-05,3.749999999999947e-05,1.2499999999999823e-05,3.749999999999947e-05,3.749999999999947e-05,0.0,0.0,1.2499999999999823e-05,0.0,0.0,0.0,0.0,0.0,0.0,0.0,0.0,0.0,0.0,0.0,0.0,0.0,0.0,0.0,0.0,0.0,0.0,0.0,0.0,0.0,0.0,0.0,0.0,0.0,0.0,0.0,0.0,0.0,0.0,0.0,0.0,0.0,0.0,0.0,0.0,0.0,0.0,0.0,0.0,0.0,0.0,0.0,0.0,0.0,0.0,0.0,0.0,0.0,0.0,0.0,0.0,0.0,0.0,0.0,0.0,0.0,0.0
60.45,0.0015759495095796112,0.0014132083706958917,0.0012880184274171088,0.0012003661116641257,0.0009377262264521849,0.0007126238183884855,0.0007000945127592623,0.0005500495044554322,0.0004000185008556873,0.0004000070001225249,0.00040000400004002313,0.0002375014843842909,0.00017500021875028337,0.00016250000000000924,5.000000000000284e-05,6.250000000000355e-05,3.750000000000213e-05,5.000000000000284e-05,1.250000000000071e-05,5.000000000000284e-05,5.000000000000284e-05,1.250000000000071e-05,1.250000000000071e-05,0.0,0.0,1.250000000000071e-05,0.0,0.0,0.0,0.0,0.0,0.0,0.0,0.0,0.0,0.0,0.0,0.0,0.0,0.0,0.0,0.0,0.0,0.0,0.0,0.0,0.0,0.0,0.0,0.0,0.0,0.0,0.0,0.0,0.0,0.0,0.0,0.0,0.0,0.0,0.0,0.0,0.0,0.0,0.0,0.0,0.0,0.0,0.0,0.0,0.0,0.0,0.0,0.0,0.0,0.0,0.0,0.0,0.0,0.0,0.0,0.0,0.0
60.55,0.0015634419737891858,0.0015132585208335462,0.0011254529948304033,0.0011878622980008734,0.000987738291862898,0.0006251086126214341,0.0006500877618478402,0.00046254162874658064,0.00045002081346261625,0.00042500743763015247,0.0002750027500274964,0.00025000156250976215,0.00020000025000030966,0.00014999999999999787,8.749999999999875e-05,0.00013749999999999806,3.749999999999947e-05,1.2499999999999823e-05,1.2499999999999823e-05,1.2499999999999823e-05,3.749999999999947e-05,0.0,0.0,0.0,0.0,0.0,0.0,0.0,0.0,0.0,0.0,0.0,0.0,0.0,0.0,0.0,0.0,0.0,0.0,0.0,0.0,0.0,0.0,0.0,0.0,0.0,0.0,0.0,0.0,0.0,0.0,0.0,0.0,0.0,0.0,0.0,0.0,0.0,0.0,0.0,0.0,0.0,0.0,0.0,0.0,0.0,0.0,0.0,0.0,0.0,0.0,0.0,0.0,0.0,0.0,0.0,0.0,0.0,0.0,0.0,0.0,0.0,0.0
60.650000000000006,0.0014383666158860509,0.0015132585208335462,0.00107543286172683,0.0010128089067165341,0.0008251990792778641,0.0006251086126214341,0.0005375725722972525,0.0006750607554679826,0.0004000185008556589,0.00042500743763015247,0.0003500035000349954,0.00015000093750585728,0.0001625002031252516,0.0001624999999999977,0.00014999999999999787,9.999999999999858e-05,9.999999999999858e-05,2.4999999999999645e-05,3.749999999999947e-05,4.999999999999929e-05,3.749999999999947e-05,1.2499999999999823e-05,0.0,0.0,0.0,0.0,0.0,0.0,0.0,0.0,0.0,0.0,0.0,0.0,0.0,0.0,0.0,0.0,0.0,0.0,0.0,0.0,0.0,0.0,0.0,0.0,0.0,0.0,0.0,0.0,0.0,0.0,0.0,0.0,0.0,0.0,0.0,0.0,0.0,0.0,0.0,0.0,0.0,0.0,0.0,0.0,0.0,0.0,0.0,0.0,0.0,0.0,0.0,0.0,0.0,0.0,0.0,0.0,0.0,0.0,0.0,0.0,0.0
60.75,0.0015259193664182453,0.00143822090823023,0.0011129479615545098,0.0009627936520638659,0.0007876900302197793,0.000550095579106862,0.0006375860741199971,0.0006000540048604289,0.0004875225479178343,0.00033750590635335645,0.0002750027500274964,0.0001875011718823216,0.0001625002031252516,0.00012499999999999821,0.0001624999999999977,0.0001124999999999984,1.2499999999999823e-05,4.999999999999929e-05,2.4999999999999645e-05,3.749999999999947e-05,0.0,0.0,0.0,0.0,0.0,0.0,0.0,0.0,0.0,0.0,0.0,0.0,0.0,0.0,0.0,0.0,0.0,0.0,0.0,0.0,0.0,0.0,0.0,0.0,0.0,0.0,0.0,0.0,0.0,0.0,0.0,0.0,0.0,0.0,0.0,0.0,0.0,0.0,0.0,0.0,0.0,0.0,0.0,0.0,0.0,0.0,0.0,0.0,0.0,0.0,0.0,0.0,0.0,0.0,0.0,0.0,0.0,0.0,0.0,0.0,0.0,0.0,0.0
60.85000000000001,0.0016134721169504397,0.0013256644893252555,0.0013130284939688037,0.0010503203477060354,0.0008502051119832539,0.0006251086126214341,0.0005125691968415663,0.0005375483793541343,0.0003625167664004409,0.0003250056875995284,0.0002750027500274964,0.00021250132813329783,0.00025000031250038706,0.0001124999999999984,7.499999999999894e-05,6.249999999999911e-05,3.749999999999947e-05,7.499999999999894e-05,3.749999999999947e-05,1.2499999999999823e-05,3.749999999999947e-05,3.749999999999947e-05,2.4999999999999645e-05,0.0,0.0,0.0,0.0,0.0,0.0,0.0,0.0,0.0,0.0,0.0,0.0,0.0,0.0,0.0,0.0,0.0,0.0,0.0,0.0,0.0,0.0,0.0,0.0,0.0,0.0,0.0,0.0,0.0,0.0,0.0,0.0,0.0,0.0,0.0,0.0,0.0,0.0,0.0,0.0,0.0,0.0,0.0,0.0,0.0,0.0,0.0,0.0,0.0,0.0,0.0,0.0,0.0,0.0,0.0,0.0,0.0,0.0,0.0,0.0
60.95,0.0013257987937733238,0.001513258520833654,0.0011754731279340603,0.0009002745837480943,0.0008502051119833143,0.0005375934068544715,0.0005250708845694468,0.0005500495044554322,0.00036251676640046665,0.00022500393756892025,0.00030000300003001735,0.00013750085938037893,0.00017500021875028337,0.00016250000000000924,0.0001250000000000071,0.0001125000000000064,6.250000000000355e-05,5.000000000000284e-05,1.250000000000071e-05,1.250000000000071e-05,1.250000000000071e-05,1.250000000000071e-05,0.0,0.0,3.750000000000213e-05,0.0,0.0,0.0,0.0,0.0,0.0,0.0,0.0,0.0,0.0,0.0,0.0,0.0,0.0,0.0,0.0,0.0,0.0,0.0,0.0,0.0,0.0,0.0,0.0,0.0,0.0,0.0,0.0,0.0,0.0,0.0,0.0,0.0,0.0,0.0,0.0,0.0,0.0,0.0,0.0,0.0,0.0,0.0,0.0,0.0,0.0,0.0,0.0,0.0,0.0,0.0,0.0,0.0,0.0,0.0,0.0,0.0,0.0
61.05,0.0015384269022085588,0.001563283595902424,0.0010379177618991496,0.0010378165340428683,0.0008126960629251692,0.0007126238183884349,0.0005875793232086249,0.0003375303777339913,0.00032501503194522284,0.0003250056875995284,0.0002875028750287462,0.0002000012500078097,0.00012500015625019353,0.00012499999999999821,8.749999999999875e-05,8.749999999999875e-05,4.999999999999929e-05,4.999999999999929e-05,1.2499999999999823e-05,0.0,3.749999999999947e-05,0.0,0.0,1.2499999999999823e-05,0.0,0.0,0.0,0.0,0.0,0.0,0.0,0.0,0.0,0.0,0.0,0.0,0.0,0.0,0.0,0.0,0.0,0.0,0.0,0.0,0.0,0.0,0.0,0.0,0.0,0.0,0.0,0.0,0.0,0.0,0.0,0.0,0.0,0.0,0.0,0.0,0.0,0.0,0.0,0.0,0.0,0.0,0.0,0.0,0.0,0.0,0.0,0.0,0.0,0.0,0.0,0.0,0.0,0.0,0.0,0.0,0.0,0.0,0.0
61.150000000000006,0.0014383666158860509,0.0013631832956269136,0.00107543286172683,0.0009627936520638659,0.0007126719321036099,0.0006626151293787202,0.0006500877618478402,0.0004875438789490985,0.00043752023531087696,0.00022500393756890425,0.00023750237502374687,0.0001875011718823216,0.00017500021875027096,0.0001749999999999975,0.0001749999999999975,6.249999999999911e-05,6.249999999999911e-05,2.4999999999999645e-05,1.2499999999999823e-05,2.4999999999999645e-05,2.4999999999999645e-05,1.2499999999999823e-05,0.0,0.0,0.0,0.0,0.0,0.0,0.0,0.0,0.0,0.0,0.0,0.0,0.0,0.0,0.0,0.0,0.0,0.0,0.0,0.0,0.0,0.0,0.0,0.0,0.0,0.0,0.0,0.0,0.0,0.0,0.0,0.0,0.0,0.0,0.0,0.0,0.0,0.0,0.0,0.0,0.0,0.0,0.0,0.0,0.0,0.0,0.0,0.0,0.0,0.0,0.0,0.0,0.0,0.0,0.0,0.0,0.0,0.0,0.0,0.0,0.0
61.25,0.0015134118306279318,0.001375689564394133,0.0010879378950027232,0.0009878012793902,0.000837702095630559,0.0006251086126214341,0.0006500877618478402,0.0004125371283415449,0.0003000138756417442,0.00023750415632273227,0.00026250262502624654,0.00012500078125488108,0.00020000025000030966,0.0001124999999999984,0.0001124999999999984,8.749999999999875e-05,3.749999999999947e-05,7.499999999999894e-05,2.4999999999999645e-05,1.2499999999999823e-05,2.4999999999999645e-05,0.0,0.0,0.0,0.0,0.0,0.0,0.0,0.0,0.0,0.0,0.0,0.0,0.0,0.0,0.0,0.0,0.0,0.0,0.0,0.0,0.0,0.0,0.0,0.0,0.0,0.0,0.0,0.0,0.0,0.0,0.0,0.0,0.0,0.0,0.0,0.0,0.0,0.0,0.0,0.0,0.0,0.0,0.0,0.0,0.0,0.0,0.0,0.0,0.0,0.0,0.0,0.0,0.0,0.0,0.0,0.0,0.0,0.0,0.0,0.0,0.0,0.0
61.35000000000001,0.001338306329563543,0.0015757898646696431,0.001250503327589337,0.001000305093053367,0.0009627322591575081,0.0007001216461360062,0.0005500742600250955,0.0005125461291516164,0.00045002081346261625,0.00025000437507656027,0.0003250032500324957,0.00016250101563134537,0.0001625002031252516,0.0001124999999999984,9.999999999999858e-05,0.0001124999999999984,3.749999999999947e-05,4.999999999999929e-05,0.0,6.249999999999911e-05,2.4999999999999645e-05,0.0,0.0,0.0,0.0,0.0,0.0,0.0,0.0,0.0,0.0,0.0,0.0,0.0,0.0,0.0,0.0,0.0,0.0,0.0,0.0,0.0,0.0,0.0,0.0,0.0,0.0,0.0,0.0,0.0,0.0,0.0,0.0,0.0,0.0,0.0,0.0,0.0,0.0,0.0,0.0,0.0,0.0,0.0,0.0,0.0,0.0,0.0,0.0,0.0,0.0,0.0,0.0,0.0,0.0,0.0,0.0,0.0,0.0,0.0,0.0,0.0,0.0
61.45,0.0015259193664183537,0.0013256644893253496,0.0010379177618992234,0.0009878012793902702,0.0007751870138671395,0.0006251086126214785,0.00046256244593022685,0.00048754387894913315,0.0004000185008556873,0.00025000437507657805,0.00031250312503126805,0.00013750085938037893,0.00011250014062518218,0.0001125000000000064,8.750000000000497e-05,6.250000000000355e-05,3.750000000000213e-05,5.000000000000284e-05,6.250000000000355e-05,0.0,1.250000000000071e-05,2.500000000000142e-05,1.250000000000071e-05,1.250000000000071e-05,0.0,0.0,0.0,0.0,0.0,0.0,0.0,0.0,0.0,0.0,0.0,0.0,0.0,0.0,0.0,0.0,0.0,0.0,0.0,0.0,0.0,0.0,0.0,0.0,0.0,0.0,0.0,0.0,0.0,0.0,0.0,0.0,0.0,0.0,0.0,0.0,0.0,0.0,0.0,0.0,0.0,0.0,0.0,0.0,0.0,0.0,0.0,0.0,0.0,0.0,0.0,0.0,0.0,0.0,0.0,0.0,0.0,0.0,0.0
61.55,0.0015009042948376182,0.001250626876721939,0.0011754731279339768,0.0009002745837480303,0.0007626839975143896,0.0005250912346020046,0.0006250843863921541,0.00042503825344280383,0.0003875179227039196,0.00037500656261484045,0.0003125031250312459,0.00030000187501171455,0.00012500015625019353,9.999999999999858e-05,0.00018749999999999735,8.749999999999875e-05,4.999999999999929e-05,2.4999999999999645e-05,3.749999999999947e-05,4.999999999999929e-05,1.2499999999999823e-05,1.2499999999999823e-05,0.0,0.0,0.0,0.0,0.0,0.0,0.0,0.0,0.0,0.0,0.0,0.0,0.0,0.0,0.0,0.0,0.0,0.0,0.0,0.0,0.0,0.0,0.0,0.0,0.0,0.0,0.0,0.0,0.0,0.0,0.0,0.0,0.0,0.0,0.0,0.0,0.0,0.0,0.0,0.0,0.0,0.0,0.0,0.0,0.0,0.0,0.0,0.0,0.0,0.0,0.0,0.0,0.0,0.0,0.0,0.0,0.0,0.0,0.0,0.0,0.0
61.650000000000006,0.001488396759047305,0.0011380704578169646,0.0011254529948304033,0.000975297465727033,0.0009252232100994234,0.0006876194738835774,0.0006750911373035265,0.000387534878139027,0.00042501965715913755,0.00033750590635335645,0.00030000300002999605,0.00023750148438427403,0.00012500015625019353,0.0001624999999999977,7.499999999999894e-05,4.999999999999929e-05,4.999999999999929e-05,3.749999999999947e-05,4.999999999999929e-05,1.2499999999999823e-05,3.749999999999947e-05,0.0,0.0,0.0,0.0,0.0,0.0,0.0,0.0,0.0,0.0,0.0,0.0,0.0,0.0,0.0,0.0,0.0,0.0,0.0,0.0,0.0,0.0,0.0,0.0,0.0,0.0,0.0,0.0,0.0,0.0,0.0,0.0,0.0,0.0,0.0,0.0,0.0,0.0,0.0,0.0,0.0,0.0,0.0,0.0,0.0,0.0,0.0,0.0,0.0,0.0,0.0,0.0,0.0,0.0,0.0,0.0,0.0,0.0,0.0,0.0,0.0,0.0
61.75,0.0012757686506119756,0.0010630328452136482,0.0012379982943134435,0.0007752364471163596,0.0007876900302197793,0.0006751173016311489,0.0005375725722972525,0.0004125371283415449,0.0003000138756417442,0.0003500061251071844,0.00020000200001999736,0.00022500140625878593,0.00020000025000030966,9.999999999999858e-05,8.749999999999875e-05,0.00014999999999999787,6.249999999999911e-05,0.0,1.2499999999999823e-05,3.749999999999947e-05,1.2499999999999823e-05,0.0,0.0,0.0,0.0,0.0,0.0,0.0,0.0,0.0,0.0,0.0,0.0,0.0,0.0,0.0,0.0,0.0,0.0,0.0,0.0,0.0,0.0,0.0,0.0,0.0,0.0,0.0,0.0,0.0,0.0,0.0,0.0,0.0,0.0,0.0,0.0,0.0,0.0,0.0,0.0,0.0,0.0,0.0,0.0,0.0,0.0,0.0,0.0,0.0,0.0,0.0,0.0,0.0,0.0,0.0,0.0,0.0,0.0,0.0,0.0,0.0,0.0
61.85000000000001,0.0015509344379988725,0.0010130077701447707,0.0010254127286232564,0.0009252822110743646,0.0008001930465724742,0.0006501129571262914,0.00046256244593019405,0.00043753937854406277,0.00026251214118652613,0.0003250056875995284,0.00030000300002999605,0.00011250070312939296,0.00015000018750023223,0.00012499999999999821,8.749999999999875e-05,6.249999999999911e-05,3.749999999999947e-05,2.4999999999999645e-05,1.2499999999999823e-05,0.0,0.0,0.0,0.0,1.2499999999999823e-05,0.0,0.0,0.0,0.0,0.0,0.0,0.0,0.0,0.0,0.0,0.0,0.0,0.0,0.0,0.0,0.0,0.0,0.0,0.0,0.0,0.0,0.0,0.0,0.0,0.0,0.0,0.0,0.0,0.0,0.0,0.0,0.0,0.0,0.0,0.0,0.0,0.0,0.0,0.0,0.0,0.0,0.0,0.0,0.0,0.0,0.0,0.0,0.0,0.0,0.0,0.0,0.0,0.0,0.0,0.0,0.0,0.0,0.0,0.0
61.95,0.0014758892232570962,0.0013381707580925701,0.001012907695347435,0.0009752974657271021,0.0008502051119833143,0.0005625977513593306,0.0006000810109365105,0.00028752587732897597,0.0003875179227039471,0.00023750415632274916,0.00018750187501876084,0.0001875011718823349,0.00025000031250040484,0.0001250000000000071,0.00010000000000000568,0.00010000000000000568,5.000000000000284e-05,7.500000000000426e-05,0.0,1.250000000000071e-05,2.500000000000142e-05,0.0,0.0,0.0,1.250000000000071e-05,0.0,0.0,0.0,0.0,0.0,0.0,0.0,0.0,0.0,0.0,0.0,0.0,0.0,0.0,0.0,0.0,0.0,0.0,0.0,0.0,0.0,0.0,0.0,0.0,0.0,0.0,0.0,0.0,0.0,0.0,0.0,0.0,0.0,0.0,0.0,0.0,0.0,0.0,0.0,0.0,0.0,0.0,0.0,0.0,0.0,0.0,0.0,0.0,0.0,0.0,0.0,0.0,0.0,0.0,0.0,0.0,0.0,0.0
62.05,0.00136332140114417,0.0012256143391875004,0.001050422795175043,0.0007002135651373569,0.0005251266868131862,0.0007376281628932922,0.0005250708845694095,0.00043753937854406277,0.00033751561009696225,0.00022500393756890425,0.00023750237502374687,0.00028750179688622645,0.0001875002343752903,7.499999999999894e-05,9.999999999999858e-05,3.749999999999947e-05,4.999999999999929e-05,6.249999999999911e-05,6.249999999999911e-05,1.2499999999999823e-05,3.749999999999947e-05,1.2499999999999823e-05,0.0,0.0,0.0,0.0,0.0,0.0,0.0,0.0,0.0,0.0,0.0,0.0,0.0,0.0,0.0,0.0,0.0,0.0,0.0,0.0,0.0,0.0,0.0,0.0,0.0,0.0,0.0,0.0,0.0,0.0,0.0,0.0,0.0,0.0,0.0,0.0,0.0,0.0,0.0,0.0,0.0,0.0,0.0,0.0,0.0,0.0,0.0,0.0,0.0,0.0,0.0,0.0,0.0,0.0,0.0,0.0,0.0,0.0,0.0,0.0,0.0
62.150000000000006,0.001338306329563543,0.0010005015013775512,0.0010004026620714695,0.0007502288197900253,0.0006751628830455252,0.000550095579106862,0.0005250708845694095,0.00042503825344280383,0.00035001618824870154,0.00025000437507656027,0.00026250262502624654,0.0001750010937568335,0.00012500015625019353,7.499999999999894e-05,8.749999999999875e-05,7.499999999999894e-05,7.499999999999894e-05,2.4999999999999645e-05,0.0,6.249999999999911e-05,1.2499999999999823e-05,0.0,0.0,0.0,0.0,0.0,0.0,0.0,0.0,0.0,0.0,0.0,0.0,0.0,0.0,0.0,0.0,0.0,0.0,0.0,0.0,0.0,0.0,0.0,0.0,0.0,0.0,0.0,0.0,0.0,0.0,0.0,0.0,0.0,0.0,0.0,0.0,0.0,0.0,0.0,0.0,0.0,0.0,0.0,0.0,0.0,0.0,0.0,0.0,0.0,0.0,0.0,0.0,0.0,0.0,0.0,0.0,0.0,0.0,0.0,0.0,0.0,0.0
62.25,0.0016134721169504397,0.0009129576200070156,0.0008753523293125359,0.0008752669564216963,0.0004626116050497117,0.0005750999236117194,0.0005250708845694095,0.0004125371283415449,0.0004750219697660949,0.00043750765638398055,0.00022500225002249703,0.0001750010937568335,0.0001875002343752903,7.499999999999894e-05,3.749999999999947e-05,7.499999999999894e-05,4.999999999999929e-05,2.4999999999999645e-05,4.999999999999929e-05,3.749999999999947e-05,0.0,0.0,0.0,0.0,0.0,0.0,0.0,0.0,0.0,0.0,0.0,0.0,0.0,0.0,0.0,0.0,0.0,0.0,0.0,0.0,0.0,0.0,0.0,0.0,0.0,0.0,0.0,0.0,0.0,0.0,0.0,0.0,0.0,0.0,0.0,0.0,0.0,0.0,0.0,0.0,0.0,0.0,0.0,0.0,0.0,0.0,0.0,0.0,0.0,0.0,0.0,0.0,0.0,0.0,0.0,0.0,0.0,0.0,0.0,0.0,0.0,0.0,0.0
62.35000000000001,0.0012257385074507217,0.001213108070420281,0.0009753925955196829,0.0008877707700848632,0.0006126478012820506,0.0005250912346020046,0.0007000945127592125,0.00036253262793650915,0.00032501503194522284,0.00022500393756890425,0.0002500025000249967,0.00021250132813329783,0.00015000018750023223,4.999999999999929e-05,9.999999999999858e-05,0.0,2.4999999999999645e-05,1.2499999999999823e-05,2.4999999999999645e-05,4.999999999999929e-05,1.2499999999999823e-05,0.0,0.0,0.0,0.0,0.0,0.0,0.0,0.0,0.0,0.0,0.0,0.0,0.0,0.0,0.0,0.0,0.0,0.0,0.0,0.0,0.0,0.0,0.0,0.0,0.0,0.0,0.0,0.0,0.0,0.0,0.0,0.0,0.0,0.0,0.0,0.0,0.0,0.0,0.0,0.0,0.0,0.0,0.0,0.0,0.0,0.0,0.0,0.0,0.0,0.0,0.0,0.0,0.0,0.0,0.0,0.0,0.0,0.0,0.0,0.0,0.0,0.0
62.45,0.0012132309716604943,0.0011255641890498252,0.0009378774956920694,0.0007627326334532466,0.0005751387522240067,0.00047508254559232364,0.00042505738274669497,0.0004750427538478733,0.0004000185008556873,0.00030000525009189364,0.00015000150001500868,0.00017500109375684592,0.00012500015625020242,0.00016250000000000924,0.0001125000000000064,7.500000000000426e-05,3.750000000000213e-05,3.750000000000213e-05,3.750000000000213e-05,0.0,0.0,2.500000000000142e-05,0.0,3.750000000000213e-05,0.0,0.0,0.0,0.0,0.0,0.0,0.0,0.0,0.0,0.0,0.0,0.0,0.0,0.0,0.0,0.0,0.0,0.0,0.0,0.0,0.0,0.0,0.0,0.0,0.0,0.0,0.0,0.0,0.0,0.0,0.0,0.0,0.0,0.0,0.0,0.0,0.0,0.0,0.0,0.0,0.0,0.0,0.0,0.0,0.0,0.0,0.0,0.0,0.0,0.0,0.0,0.0,0.0,0.0,0.0,0.0,0.0,0.0,0.0
62.55,0.0011882159000797812,0.0010505265764464288,0.0008503422627607492,0.0007127173788005241,0.00068766589939822,0.0006001042681165768,0.0006500877618478402,0.00036253262793650915,0.00035001618824870154,0.0003250056875995284,0.00015000150001499802,0.00013750085938036918,0.00015000018750023223,0.00014999999999999787,0.0001124999999999984,7.499999999999894e-05,1.2499999999999823e-05,1.2499999999999823e-05,3.749999999999947e-05,1.2499999999999823e-05,3.749999999999947e-05,0.0,0.0,0.0,0.0,0.0,0.0,0.0,0.0,0.0,0.0,0.0,0.0,0.0,0.0,0.0,0.0,0.0,0.0,0.0,0.0,0.0,0.0,0.0,0.0,0.0,0.0,0.0,0.0,0.0,0.0,0.0,0.0,0.0,0.0,0.0,0.0,0.0,0.0,0.0,0.0,0.0,0.0,0.0,0.0,0.0,0.0,0.0,0.0,0.0,0.0,0.0,0.0,0.0,0.0,0.0,0.0,0.0,0.0,0.0,0.0,0.0,0.0
62.650000000000006,0.0011256782211282138,0.001088045382748087,0.00107543286172683,0.0008752669564216963,0.0006626598666928303,0.0006001042681165768,0.0003250438809239201,0.00036253262793650915,0.0003000138756417442,0.00025000437507656027,0.00022500225002249703,0.00021250132813329783,0.0001625002031252516,0.0001124999999999984,9.999999999999858e-05,2.4999999999999645e-05,0.0001124999999999984,3.749999999999947e-05,1.2499999999999823e-05,2.4999999999999645e-05,1.2499999999999823e-05,0.0,1.2499999999999823e-05,0.0,0.0,0.0,0.0,0.0,0.0,0.0,0.0,0.0,0.0,0.0,0.0,0.0,0.0,0.0,0.0,0.0,0.0,0.0,0.0,0.0,0.0,0.0,0.0,0.0,0.0,0.0,0.0,0.0,0.0,0.0,0.0,0.0,0.0,0.0,0.0,0.0,0.0,0.0,0.0,0.0,0.0,0.0,0.0,0.0,0.0,0.0,0.0,0.0,0.0,0.0,0.0,0.0,0.0,0.0,0.0,0.0,0.0,0.0,0.0
62.75,0.0008630199695316306,0.0012381206079547197,0.0008503422627607492,0.0009127783974111975,0.0006001447849293557,0.0006626151293787202,0.00038755231956313555,0.00030002700243021447,0.00021250982857956877,0.00031250546884570036,0.0001375013750137482,0.0001750010937568335,0.00012500015625019353,8.749999999999875e-05,6.249999999999911e-05,6.249999999999911e-05,3.749999999999947e-05,2.4999999999999645e-05,1.2499999999999823e-05,2.4999999999999645e-05,0.0,0.0,0.0,0.0,0.0,0.0,0.0,0.0,0.0,0.0,0.0,0.0,0.0,0.0,0.0,0.0,0.0,0.0,0.0,0.0,0.0,0.0,0.0,0.0,0.0,0.0,0.0,0.0,0.0,0.0,0.0,0.0,0.0,0.0,0.0,0.0,0.0,0.0,0.0,0.0,0.0,0.0,0.0,0.0,0.0,0.0,0.0,0.0,0.0,0.0,0.0,0.0,0.0,0.0,0.0,0.0,0.0,0.0,0.0,0.0,0.0,0.0,0.0
62.85000000000001,0.0013508138653538567,0.001175589264118623,0.0010254127286232564,0.0007252211924636912,0.0007501809811616946,0.0005375934068544333,0.00043755907047450786,0.00043753937854406277,0.0003125144537934835,0.0002625045938303883,0.0002125021250212472,0.0001750010937568335,0.00010000012500015483,9.999999999999858e-05,0.0001124999999999984,3.749999999999947e-05,3.749999999999947e-05,1.2499999999999823e-05,0.0,3.749999999999947e-05,1.2499999999999823e-05,0.0,0.0,0.0,0.0,0.0,0.0,0.0,0.0,0.0,0.0,0.0,0.0,0.0,0.0,0.0,0.0,0.0,0.0,0.0,0.0,0.0,0.0,0.0,0.0,0.0,0.0,0.0,0.0,0.0,0.0,0.0,0.0,0.0,0.0,0.0,0.0,0.0,0.0,0.0,0.0,0.0,0.0,0.0,0.0,0.0,0.0,0.0,0.0,0.0,0.0,0.0,0.0,0.0,0.0,0.0,0.0,0.0,0.0,0.0,0.0,0.0,0.0
62.95,0.0012507535790314374,0.0010505265764465036,0.0007753120631054439,0.0008002440744427506,0.0005251266868132235,0.00048758471784475326,0.0005000675091137587,0.00028752587732897597,0.00020000925042784365,0.00018750328130743353,0.00017500175001751013,8.750054687842296e-05,0.0001500001875002429,0.00013750000000000781,6.250000000000355e-05,5.000000000000284e-05,5.000000000000284e-05,1.250000000000071e-05,2.500000000000142e-05,1.250000000000071e-05,0.0,0.0,0.0,0.0,0.0,0.0,0.0,0.0,0.0,0.0,0.0,0.0,0.0,0.0,0.0,0.0,0.0,0.0,0.0,0.0,0.0,0.0,0.0,0.0,0.0,0.0,0.0,0.0,0.0,0.0,0.0,0.0,0.0,0.0,0.0,0.0,0.0,0.0,0.0,0.0,0.0,0.0,0.0,0.0,0.0,0.0,0.0,0.0,0.0,0.0,0.0,0.0,0.0,0.0,0.0,0.0,0.0,0.0,0.0,0.0,0.0,0.0,0.0
63.05,0.0010006028632250788,0.0010505265764464288,0.0008753523293125359,0.0008877707700848632,0.0004876176377551015,0.000512589062349576,0.00043755907047450786,0.0004500405036453217,0.0001875086722760901,0.00030000525009187234,0.00011250112501124852,0.00023750148438427403,0.0001625002031252516,0.0001624999999999977,9.999999999999858e-05,6.249999999999911e-05,4.999999999999929e-05,1.2499999999999823e-05,1.2499999999999823e-05,3.749999999999947e-05,0.0,1.2499999999999823e-05,1.2499999999999823e-05,0.0,0.0,0.0,0.0,0.0,0.0,0.0,0.0,0.0,0.0,0.0,0.0,0.0,0.0,0.0,0.0,0.0,0.0,0.0,0.0,0.0,0.0,0.0,0.0,0.0,0.0,0.0,0.0,0.0,0.0,0.0,0.0,0.0,0.0,0.0,0.0,0.0,0.0,0.0,0.0,0.0,0.0,0.0,0.0,0.0,0.0,0.0,0.0,0.0,0.0,0.0,0.0,0.0,0.0,0.0,0.0,0.0,0.0,0.0,0.0
63.150000000000006,0.0009630802558541385,0.000862932544938138,0.0008378372294848557,0.0007377250061268582,0.0006751628830455252,0.0006376107848738628,0.00046256244593019405,0.000387534878139027,0.0002750127193382655,0.0002875050313380443,0.00020000200001999736,0.0001750010937568335,6.250007812509677e-05,8.749999999999875e-05,6.249999999999911e-05,2.4999999999999645e-05,4.999999999999929e-05,1.2499999999999823e-05,4.999999999999929e-05,2.4999999999999645e-05,1.2499999999999823e-05,0.0,0.0,0.0,0.0,0.0,0.0,0.0,0.0,0.0,0.0,0.0,0.0,0.0,0.0,0.0,0.0,0.0,0.0,0.0,0.0,0.0,0.0,0.0,0.0,0.0,0.0,0.0,0.0,0.0,0.0,0.0,0.0,0.0,0.0,0.0,0.0,0.0,0.0,0.0,0.0,0.0,0.0,0.0,0.0,0.0,0.0,0.0,0.0,0.0,0.0,0.0,0.0,0.0,0.0,0.0,0.0,0.0,0.0,0.0,0.0,0.0,0.0
63.25,0.0011256782211282138,0.00102551403891199,0.00107543286172683,0.0008252517017690279,0.0006751628830455252,0.0006501129571262914,0.00038755231956313555,0.0003750337530377681,0.0003625167664004409,0.00031250546884570036,0.00010000100000999868,0.00012500078125488108,0.00013750017187521288,0.0001124999999999984,9.999999999999858e-05,3.749999999999947e-05,7.499999999999894e-05,0.0,1.2499999999999823e-05,1.2499999999999823e-05,2.4999999999999645e-05,0.0,0.0,0.0,0.0,0.0,0.0,0.0,0.0,0.0,0.0,0.0,0.0,0.0,0.0,0.0,0.0,0.0,0.0,0.0,0.0,0.0,0.0,0.0,0.0,0.0,0.0,0.0,0.0,0.0,0.0,0.0,0.0,0.0,0.0,0.0,0.0,0.0,0.0,0.0,0.0,0.0,0.0,0.0,0.0,0.0,0.0,0.0,0.0,0.0,0.0,0.0,0.0,0.0,0.0,0.0,0.0,0.0,0.0,0.0,0.0,0.0,0.0
63.35000000000001,0.0010006028632250788,0.0009004513512397962,0.0006002415972428817,0.0007627326334531925,0.0006751628830455252,0.0004625803733398613,0.00038755231956313555,0.00040003600324028596,0.00032501503194522284,0.00030000525009187234,0.0002875028750287462,0.00011250070312939296,0.00012500015625019353,9.999999999999858e-05,8.749999999999875e-05,3.749999999999947e-05,2.4999999999999645e-05,9.999999999999858e-05,4.999999999999929e-05,2.4999999999999645e-05,0.0,0.0,0.0,0.0,0.0,0.0,0.0,0.0,0.0,0.0,0.0,0.0,0.0,0.0,0.0,0.0,0.0,0.0,0.0,0.0,0.0,0.0,0.0,0.0,0.0,0.0,0.0,0.0,0.0,0.0,0.0,0.0,0.0,0.0,0.0,0.0,0.0,0.0,0.0,0.0,0.0,0.0,0.0,0.0,0.0,0.0,0.0,0.0,0.0,0.0,0.0,0.0,0.0,0.0,0.0,0.0,0.0,0.0,0.0,0.0,0.0,0.0,0.0
63.45,0.0011506932927089226,0.0009754889638431819,0.0007628070298295497,0.000562671614842559,0.0005126236704605277,0.0005625977513593306,0.00046256244593022685,0.00033753037773401524,0.00028751329749002527,0.00030000525009189364,0.0002125021250212623,0.00011250070312940096,0.00011250014062518218,0.0001250000000000071,6.250000000000355e-05,5.000000000000284e-05,1.250000000000071e-05,1.250000000000071e-05,1.250000000000071e-05,1.250000000000071e-05,0.0,0.0,1.250000000000071e-05,1.250000000000071e-05,0.0,0.0,0.0,0.0,0.0,0.0,0.0,0.0,0.0,0.0,0.0,0.0,0.0,0.0,0.0,0.0,0.0,0.0,0.0,0.0,0.0,0.0,0.0,0.0,0.0,0.0,0.0,0.0,0.0,0.0,0.0,0.0,0.0,0.0,0.0,0.0,0.0,0.0,0.0,0.0,0.0,0.0,0.0,0.0,0.0,0.0,0.0,0.0,0.0,0.0,0.0,0.0,0.0,0.0,0.0,0.0,0.0,0.0,0.0
63.55,0.0010131103990153924,0.0009379701575414543,0.000912867429140216,0.0006376944968215215,0.0007126719321036099,0.0005375934068544333,0.00030004050546823395,0.00022502025182266085,0.00032501503194522284,0.00020000350006124822,0.00018750187501874753,0.00016250101563134537,0.00015000018750023223,8.749999999999875e-05,4.999999999999929e-05,3.749999999999947e-05,2.4999999999999645e-05,3.749999999999947e-05,3.749999999999947e-05,1.2499999999999823e-05,0.0,0.0,0.0,0.0,0.0,0.0,0.0,0.0,0.0,0.0,0.0,0.0,0.0,0.0,0.0,0.0,0.0,0.0,0.0,0.0,0.0,0.0,0.0,0.0,0.0,0.0,0.0,0.0,0.0,0.0,0.0,0.0,0.0,0.0,0.0,0.0,0.0,0.0,0.0,0.0,0.0,0.0,0.0,0.0,0.0,0.0,0.0,0.0,0.0,0.0,0.0,0.0,0.0,0.0,0.0,0.0,0.0,0.0,0.0,0.0,0.0,0.0,0.0
63.650000000000006,0.0011381857569185273,0.0009129576200070156,0.0008128271629330691,0.0004626411055371823,0.0005501327195185761,0.0005250912346020046,0.00037505063183529246,0.00040003600324028596,0.0003125144537934835,0.0002875050313380443,0.0001750017500174977,0.0001750010937568335,6.250007812509677e-05,7.499999999999894e-05,0.00014999999999999787,7.499999999999894e-05,1.2499999999999823e-05,1.2499999999999823e-05,0.0,1.2499999999999823e-05,0.0,0.0,0.0,0.0,0.0,0.0,0.0,0.0,0.0,0.0,0.0,0.0,0.0,0.0,0.0,0.0,0.0,0.0,0.0,0.0,0.0,0.0,0.0,0.0,0.0,0.0,0.0,0.0,0.0,0.0,0.0,0.0,0.0,0.0,0.0,0.0,0.0,0.0,0.0,0.0,0.0,0.0,0.0,0.0,0.0,0.0,0.0,0.0,0.0,0.0,0.0,0.0,0.0,0.0,0.0,0.0,0.0,0.0,0.0,0.0,0.0,0.0,0.0
63.75,0.0012007234358700947,0.0009629826950758931,0.0007127868967259221,0.0006126868694951873,0.000562635735871271,0.0004750825455922899,0.0004000540072909786,0.0003375303777339913,0.00025001156303478683,0.00020000350006124822,0.00015000150001499802,0.00023750148438427403,0.00012500015625019353,8.749999999999875e-05,4.999999999999929e-05,2.4999999999999645e-05,2.4999999999999645e-05,1.2499999999999823e-05,1.2499999999999823e-05,1.2499999999999823e-05,1.2499999999999823e-05,0.0,0.0,0.0,0.0,0.0,0.0,0.0,0.0,0.0,0.0,0.0,0.0,0.0,0.0,0.0,0.0,0.0,0.0,0.0,0.0,0.0,0.0,0.0,0.0,0.0,0.0,0.0,0.0,0.0,0.0,0.0,0.0,0.0,0.0,0.0,0.0,0.0,0.0,0.0,0.0,0.0,0.0,0.0,0.0,0.0,0.0,0.0,0.0,0.0,0.0,0.0,0.0,0.0,0.0,0.0,0.0,0.0,0.0,0.0,0.0,0.0,0.0
63.85000000000001,0.0011882159000797812,0.0009379701575414543,0.0007252919300018154,0.0005126563601898506,0.0005251266868131862,0.000550095579106862,0.00046256244593019405,0.00030002700243021447,0.00020000925042782945,0.00021250371881507624,0.00026250262502624654,0.00015000093750585728,0.00015000018750023223,8.749999999999875e-05,9.999999999999858e-05,6.249999999999911e-05,7.499999999999894e-05,1.2499999999999823e-05,0.0,3.749999999999947e-05,0.0,0.0,0.0,0.0,0.0,0.0,0.0,0.0,0.0,0.0,0.0,0.0,0.0,0.0,0.0,0.0,0.0,0.0,0.0,0.0,0.0,0.0,0.0,0.0,0.0,0.0,0.0,0.0,0.0,0.0,0.0,0.0,0.0,0.0,0.0,0.0,0.0,0.0,0.0,0.0,0.0,0.0,0.0,0.0,0.0,0.0,0.0,0.0,0.0,0.0,0.0,0.0,0.0,0.0,0.0,0.0,0.0,0.0,0.0,0.0,0.0,0.0,0.0
63.95,0.0009130501126929494,0.000850426276170979,0.0009128674291402809,0.0006501983104847348,0.00047511462140244036,0.0006501129571263376,0.00037505063183531907,0.00043753937854409383,0.0002625121411865448,0.00026250459383040693,0.0002500025000250145,0.00015000093750586793,5.0000062500080966e-05,0.0001125000000000064,3.750000000000213e-05,5.000000000000284e-05,5.000000000000284e-05,5.000000000000284e-05,3.750000000000213e-05,1.250000000000071e-05,0.0,0.0,0.0,0.0,0.0,0.0,0.0,0.0,0.0,0.0,0.0,0.0,0.0,0.0,0.0,0.0,0.0,0.0,0.0,0.0,0.0,0.0,0.0,0.0,0.0,0.0,0.0,0.0,0.0,0.0,0.0,0.0,0.0,0.0,0.0,0.0,0.0,0.0,0.0,0.0,0.0,0.0,0.0,0.0,0.0,0.0,0.0,0.0,0.0,0.0,0.0,0.0,0.0,0.0,0.0,0.0,0.0,0.0,0.0,0.0,0.0,0.0,0.0
64.05000000000001,0.001025617934805633,0.0009504764263086062,0.0008378372294847963,0.0007002135651373072,0.0005001206541077609,0.0004375760288349728,0.0004000540072909502,0.0003125281275314512,0.000387517922703892,0.00022500393756888826,0.0001375013750137384,0.0002000012500077955,7.500009375011079e-05,7.499999999999361e-05,7.499999999999361e-05,6.249999999999468e-05,3.7499999999996805e-05,3.7499999999996805e-05,6.249999999999468e-05,0.0,0.0,0.0,3.7499999999996805e-05,0.0,0.0,0.0,0.0,0.0,0.0,0.0,0.0,0.0,0.0,0.0,0.0,0.0,0.0,0.0,0.0,0.0,0.0,0.0,0.0,0.0,0.0,0.0,0.0,0.0,0.0,0.0,0.0,0.0,0.0,0.0,0.0,0.0,0.0,0.0,0.0,0.0,0.0,0.0,0.0,0.0,0.0,0.0,0.0,0.0,0.0,0.0,0.0,0.0,0.0,0.0,0.0,0.0,0.0,0.0,0.0,0.0,0.0,0.0,0.0
64.15,0.0009505727200638925,0.0008254137386365384,0.0007127868967259727,0.0005751754285057269,0.0006626598666928773,0.0006251086126214785,0.0004500607582023829,0.0004500405036453537,0.00022501040673132412,0.00023750415632274916,0.00018750187501876084,0.00013750085938037893,6.250007812510121e-05,3.750000000000213e-05,7.500000000000426e-05,6.250000000000355e-05,1.250000000000071e-05,2.500000000000142e-05,2.500000000000142e-05,1.250000000000071e-05,1.250000000000071e-05,0.0,0.0,0.0,0.0,0.0,0.0,0.0,0.0,0.0,0.0,0.0,0.0,0.0,0.0,0.0,0.0,0.0,0.0,0.0,0.0,0.0,0.0,0.0,0.0,0.0,0.0,0.0,0.0,0.0,0.0,0.0,0.0,0.0,0.0,0.0,0.0,0.0,0.0,0.0,0.0,0.0,0.0,0.0,0.0,0.0,0.0,0.0,0.0,0.0,0.0,0.0,0.0,0.0,0.0,0.0,0.0,0.0,0.0,0.0,0.0,0.0,0.0
64.25,0.0009630802558542069,0.000850426276170979,0.0007878170963813382,0.0006501983104847348,0.0005876417685767026,0.0003250564785631688,0.00032504388092394323,0.00032502925263275544,0.0003125144537935057,0.00013750240629211794,0.00018750187501876084,0.00016250101563135692,5.0000062500080966e-05,8.750000000000497e-05,0.0,1.250000000000071e-05,1.250000000000071e-05,2.500000000000142e-05,3.750000000000213e-05,0.0,1.250000000000071e-05,1.250000000000071e-05,0.0,0.0,0.0,0.0,0.0,0.0,0.0,0.0,0.0,0.0,0.0,0.0,0.0,0.0,0.0,0.0,0.0,0.0,0.0,0.0,0.0,0.0,0.0,0.0,0.0,0.0,0.0,0.0,0.0,0.0,0.0,0.0,0.0,0.0,0.0,0.0,0.0,0.0,0.0,0.0,0.0,0.0,0.0,0.0,0.0,0.0,0.0,0.0,0.0,0.0,0.0,0.0,0.0,0.0,0.0,0.0,0.0,0.0,0.0,0.0,0.0
64.35,0.0009380651842734449,0.0009379701575413878,0.0008878573625883663,0.0006001830558319776,0.000587641768576619,0.0003500608230679782,0.000325043880923897,0.0003125281275314512,0.0003125144537934613,0.00015000262504592552,0.0001375013750137384,0.0001375008593803594,0.00016250020312524006,0.0001124999999999904,4.999999999999574e-05,3.7499999999996805e-05,3.7499999999996805e-05,2.499999999999787e-05,0.0,3.7499999999996805e-05,0.0,0.0,0.0,0.0,0.0,0.0,0.0,0.0,0.0,0.0,0.0,0.0,0.0,0.0,0.0,0.0,0.0,0.0,0.0,0.0,0.0,0.0,0.0,0.0,0.0,0.0,0.0,0.0,0.0,0.0,0.0,0.0,0.0,0.0,0.0,0.0,0.0,0.0,0.0,0.0,0.0,0.0,0.0,0.0,0.0,0.0,0.0,0.0,0.0,0.0,0.0,0.0,0.0,0.0,0.0,0.0,0.0,0.0,0.0,0.0,0.0,0.0,0.0
64.45,0.0008880350411123206,0.0008129074698693182,0.0007127868967259727,0.000537663987516223,0.0005126236704605277,0.0004500782010874645,0.0003125421931960992,0.00018751687651889735,0.00023751098488306434,0.00021250371881509133,0.00017500175001751013,0.00012500078125488994,0.0001500001875002429,0.0001125000000000064,0.00010000000000000568,1.250000000000071e-05,1.250000000000071e-05,5.000000000000284e-05,2.500000000000142e-05,1.250000000000071e-05,0.0,0.0,0.0,0.0,0.0,0.0,0.0,0.0,0.0,0.0,0.0,0.0,0.0,0.0,0.0,0.0,0.0,0.0,0.0,0.0,0.0,0.0,0.0,0.0,0.0,0.0,0.0,0.0,0.0,0.0,0.0,0.0,0.0,0.0,0.0,0.0,0.0,0.0,0.0,0.0,0.0,0.0,0.0,0.0,0.0,0.0,0.0,0.0,0.0,0.0,0.0,0.0,0.0,0.0,0.0,0.0,0.0,0.0,0.0,0.0,0.0,0.0,0.0
64.55000000000001,0.000900542576902507,0.0007128573197314548,0.0007753120631053338,0.0005751754285056452,0.00043760557234429076,0.00045007820108740055,0.0003750506318352658,0.00032502925263270925,0.0003125144537934613,0.00015000262504592552,0.0002125021250212321,0.00012500078125487219,0.00011250014062516619,0.0001124999999999904,1.2499999999998935e-05,9.999999999999148e-05,3.7499999999996805e-05,0.0,2.499999999999787e-05,0.0,0.0,0.0,0.0,0.0,0.0,0.0,0.0,0.0,0.0,0.0,0.0,0.0,0.0,0.0,0.0,0.0,0.0,0.0,0.0,0.0,0.0,0.0,0.0,0.0,0.0,0.0,0.0,0.0,0.0,0.0,0.0,0.0,0.0,0.0,0.0,0.0,0.0,0.0,0.0,0.0,0.0,0.0,0.0,0.0,0.0,0.0,0.0,0.0,0.0,0.0,0.0,0.0,0.0,0.0,0.0,0.0,0.0,0.0,0.0,0.0,0.0,0.0,0.0
64.65,0.0008505124337413775,0.0007753886635676573,0.0007878170963813382,0.0006627021241479027,0.0006126478012820941,0.00048758471784475326,0.00032504388092394323,0.000212519126721417,0.00025001156303480456,0.00016250284379977574,0.00017500175001751013,0.00012500078125488994,8.750010937514169e-05,3.750000000000213e-05,3.750000000000213e-05,2.500000000000142e-05,2.500000000000142e-05,1.250000000000071e-05,3.750000000000213e-05,1.250000000000071e-05,0.0,0.0,0.0,0.0,0.0,0.0,0.0,0.0,0.0,0.0,0.0,0.0,0.0,0.0,0.0,0.0,0.0,0.0,0.0,0.0,0.0,0.0,0.0,0.0,0.0,0.0,0.0,0.0,0.0,0.0,0.0,0.0,0.0,0.0,0.0,0.0,0.0,0.0,0.0,0.0,0.0,0.0,0.0,0.0,0.0,0.0,0.0,0.0,0.0,0.0,0.0,0.0,0.0,0.0,0.0,0.0,0.0,0.0,0.0,0.0,0.0,0.0,0.0
64.75,0.0010381254705960931,0.0008629325449381993,0.0005127063643116645,0.0006251906831583989,0.0006001447849293983,0.00043757602883503496,0.00042505738274669497,0.00022502025182267684,0.00020000925042784365,0.00023750415632274916,0.00011250112501125651,0.00011250070312940096,0.00010000012500016193,0.00013750000000000781,5.000000000000284e-05,5.000000000000284e-05,1.250000000000071e-05,0.0,1.250000000000071e-05,0.0,0.0,1.250000000000071e-05,0.0,0.0,0.0,0.0,0.0,0.0,0.0,0.0,0.0,0.0,0.0,0.0,0.0,0.0,0.0,0.0,0.0,0.0,0.0,0.0,0.0,0.0,0.0,0.0,0.0,0.0,0.0,0.0,0.0,0.0,0.0,0.0,0.0,0.0,0.0,0.0,0.0,0.0,0.0,0.0,0.0,0.0,0.0,0.0,0.0,0.0,0.0,0.0,0.0,0.0,0.0,0.0,0.0,0.0,0.0,0.0,0.0,0.0,0.0,0.0,0.0
64.85,0.0008505124337412567,0.0007878949323347657,0.000675271796898194,0.0006126868694951438,0.000587641768576619,0.0003750651675728338,0.0003750506318352658,0.0002375213769239029,0.00025001156303476905,0.0001375024062920984,0.0001625016250162363,0.00016250101563133383,8.750010937512926e-05,4.999999999999574e-05,6.249999999999468e-05,4.999999999999574e-05,1.2499999999998935e-05,2.499999999999787e-05,1.2499999999998935e-05,0.0,1.2499999999998935e-05,0.0,0.0,0.0,0.0,0.0,0.0,0.0,0.0,0.0,0.0,0.0,0.0,0.0,0.0,0.0,0.0,0.0,0.0,0.0,0.0,0.0,0.0,0.0,0.0,0.0,0.0,0.0,0.0,0.0,0.0,0.0,0.0,0.0,0.0,0.0,0.0,0.0,0.0,0.0,0.0,0.0,0.0,0.0,0.0,0.0,0.0,0.0,0.0,0.0,0.0,0.0,0.0,0.0,0.0,0.0,0.0,0.0,0.0,0.0,0.0,0.0,0.0
64.95,0.0009630802558542069,0.0006753385134298951,0.0004751912644839818,0.0006752059378110708,0.0004125995396389613,0.0003250564785631688,0.00038755231956316303,0.00020001800162015718,0.0003000138756417655,0.00010000175003063122,0.00020000200002001157,0.00013750085938037893,0.00020000025000032386,6.250000000000355e-05,5.000000000000284e-05,3.750000000000213e-05,1.250000000000071e-05,1.250000000000071e-05,3.750000000000213e-05,1.250000000000071e-05,0.0,0.0,0.0,0.0,0.0,0.0,0.0,0.0,0.0,0.0,0.0,0.0,0.0,0.0,0.0,0.0,0.0,0.0,0.0,0.0,0.0,0.0,0.0,0.0,0.0,0.0,0.0,0.0,0.0,0.0,0.0,0.0,0.0,0.0,0.0,0.0,0.0,0.0,0.0,0.0,0.0,0.0,0.0,0.0,0.0,0.0,0.0,0.0,0.0,0.0,0.0,0.0,0.0,0.0,0.0,0.0,0.0,0.0,0.0,0.0,0.0,0.0,0.0
65.05000000000001,0.0008004822905800063,0.0007253635884986731,0.0005377164308633767,0.0005126563601898142,0.0005626357358712309,0.0004875847178446839,0.0003750506318352658,0.0003875348781389995,0.00027501271933824597,0.00016250284379975264,0.0001375013750137384,6.250039062743609e-05,5.0000062500073865e-05,8.749999999999255e-05,3.7499999999996805e-05,6.249999999999468e-05,1.2499999999998935e-05,4.999999999999574e-05,2.499999999999787e-05,1.2499999999998935e-05,0.0,0.0,0.0,0.0,0.0,0.0,0.0,0.0,0.0,0.0,0.0,0.0,0.0,0.0,0.0,0.0,0.0,0.0,0.0,0.0,0.0,0.0,0.0,0.0,0.0,0.0,0.0,0.0,0.0,0.0,0.0,0.0,0.0,0.0,0.0,0.0,0.0,0.0,0.0,0.0,0.0,0.0,0.0,0.0,0.0,0.0,0.0,0.0,0.0,0.0,0.0,0.0,0.0,0.0,0.0,0.0,0.0,0.0,0.0,0.0,0.0,0.0,0.0
65.15,0.0008505124337413775,0.0009504764263087412,0.0005002013310357703,0.0005751754285057269,0.0005501327195186151,0.00036256299532045754,0.00032504388092394323,0.00032502925263275544,0.00032501503194524593,0.00023750415632274916,0.00011250112501125651,0.00013750085938037893,0.00012500015625020242,0.0001125000000000064,3.750000000000213e-05,5.000000000000284e-05,0.0,1.250000000000071e-05,1.250000000000071e-05,1.250000000000071e-05,0.0,1.250000000000071e-05,1.250000000000071e-05,0.0,0.0,0.0,0.0,0.0,0.0,0.0,0.0,0.0,0.0,0.0,0.0,0.0,0.0,0.0,0.0,0.0,0.0,0.0,0.0,0.0,0.0,0.0,0.0,0.0,0.0,0.0,0.0,0.0,0.0,0.0,0.0,0.0,0.0,0.0,0.0,0.0,0.0,0.0,0.0,0.0,0.0,0.0,0.0,0.0,0.0,0.0,0.0,0.0,0.0,0.0,0.0,0.0,0.0,0.0,0.0,0.0,0.0,0.0,0.0
65.25,0.00080048229058012,0.0007378698572659965,0.0007002818634500784,0.000537663987516223,0.00047511462140244036,0.0003250564785631688,0.00022503037910119144,0.0003000270024302358,0.0002625121411865448,0.00017500306255360465,0.00013750137501375795,0.00012500078125488994,8.750010937514169e-05,6.250000000000355e-05,3.750000000000213e-05,3.750000000000213e-05,7.500000000000426e-05,5.000000000000284e-05,2.500000000000142e-05,0.0,0.0,0.0,0.0,0.0,0.0,0.0,0.0,0.0,0.0,0.0,0.0,0.0,0.0,0.0,0.0,0.0,0.0,0.0,0.0,0.0,0.0,0.0,0.0,0.0,0.0,0.0,0.0,0.0,0.0,0.0,0.0,0.0,0.0,0.0,0.0,0.0,0.0,0.0,0.0,0.0,0.0,0.0,0.0,0.0,0.0,0.0,0.0,0.0,0.0,0.0,0.0,0.0,0.0,0.0,0.0,0.0,0.0,0.0,0.0,0.0,0.0,0.0,0.0
65.35,0.0009505727200637574,0.0007003510509642362,0.000625251663794624,0.00047514491920031557,0.0004751146214023728,0.0003875673398252616,0.0004000540072909502,0.00030002700243019316,0.00022501040673129214,0.0002375041563227154,8.750087500874263e-05,0.00010000062500389775,0.00016250020312524006,7.499999999999361e-05,4.999999999999574e-05,2.499999999999787e-05,2.499999999999787e-05,1.2499999999998935e-05,2.499999999999787e-05,0.0,0.0,0.0,0.0,0.0,0.0,0.0,0.0,0.0,0.0,0.0,0.0,0.0,0.0,0.0,0.0,0.0,0.0,0.0,0.0,0.0,0.0,0.0,0.0,0.0,0.0,0.0,0.0,0.0,0.0,0.0,0.0,0.0,0.0,0.0,0.0,0.0,0.0,0.0,0.0,0.0,0.0,0.0,0.0,0.0,0.0,0.0,0.0,0.0,0.0,0.0,0.0,0.0,0.0,0.0,0.0,0.0,0.0,0.0,0.0,0.0,0.0,0.0,0.0
65.45,0.000700422004257605,0.0008379200074037587,0.0005252113975875588,0.00046264110553721516,0.0006751628830455731,0.0004250738565826054,0.00032504388092394323,0.00023752137692393665,0.00025001156303480456,0.00021250371881509133,0.00017500175001751013,0.00015000093750586793,7.500009375012146e-05,6.250000000000355e-05,5.000000000000284e-05,3.750000000000213e-05,5.000000000000284e-05,2.500000000000142e-05,0.0,0.0,0.0,0.0,0.0,0.0,0.0,0.0,0.0,0.0,0.0,0.0,0.0,0.0,0.0,0.0,0.0,0.0,0.0,0.0,0.0,0.0,0.0,0.0,0.0,0.0,0.0,0.0,0.0,0.0,0.0,0.0,0.0,0.0,0.0,0.0,0.0,0.0,0.0,0.0,0.0,0.0,0.0,0.0,0.0,0.0,0.0,0.0,0.0,0.0,0.0,0.0,0.0,0.0,0.0,0.0,0.0,0.0,0.0,0.0,0.0,0.0,0.0,0.0,0.0
65.55000000000001,0.0007129295400478182,0.0008129074698692028,0.0006877768301740866,0.0006001830558319776,0.00043760557234429076,0.000362562995320406,0.0002875388177403704,0.000262523627126419,0.00025001156303476905,0.00011250196878444413,0.0001625016250162363,6.250039062743609e-05,7.500009375011079e-05,0.00012499999999998935,2.499999999999787e-05,0.0,1.2499999999998935e-05,1.2499999999998935e-05,1.2499999999998935e-05,0.0,0.0,0.0,0.0,0.0,0.0,0.0,0.0,0.0,0.0,0.0,0.0,0.0,0.0,0.0,0.0,0.0,0.0,0.0,0.0,0.0,0.0,0.0,0.0,0.0,0.0,0.0,0.0,0.0,0.0,0.0,0.0,0.0,0.0,0.0,0.0,0.0,0.0,0.0,0.0,0.0,0.0,0.0,0.0,0.0,0.0,0.0,0.0,0.0,0.0,0.0,0.0,0.0,0.0,0.0,0.0,0.0,0.0,0.0,0.0,0.0,0.0,0.0,0.0
65.65,0.0008254973621607488,0.0008129074698693182,0.0006502617303465014,0.0006001830558320628,0.0005376297031659193,0.0003750651675728871,0.00040005400729100705,0.0002625236271264563,0.00017500809412436319,0.00016250284379977574,0.00022500225002251303,0.00012500078125488994,5.0000062500080966e-05,7.500000000000426e-05,6.250000000000355e-05,2.500000000000142e-05,1.250000000000071e-05,0.0,3.750000000000213e-05,1.250000000000071e-05,0.0,0.0,0.0,0.0,0.0,0.0,0.0,0.0,0.0,0.0,0.0,0.0,0.0,0.0,0.0,0.0,0.0,0.0,0.0,0.0,0.0,0.0,0.0,0.0,0.0,0.0,0.0,0.0,0.0,0.0,0.0,0.0,0.0,0.0,0.0,0.0,0.0,0.0,0.0,0.0,0.0,0.0,0.0,0.0,0.0,0.0,0.0,0.0,0.0,0.0,0.0,0.0,0.0,0.0,0.0,0.0,0.0,0.0,0.0,0.0,0.0,0.0,0.0
65.75,0.0008254973621607488,0.0006503259758954545,0.0004501811979321933,0.0006376944968215668,0.00047511462140244036,0.00043757602883503496,0.00038755231956316303,0.0002750247522277161,0.00027501271933828505,0.00025000437507657805,0.00015000150001500868,0.00013750085938037893,0.0001500001875002429,7.500000000000426e-05,2.500000000000142e-05,5.000000000000284e-05,0.0,1.250000000000071e-05,1.250000000000071e-05,0.0,0.0,1.250000000000071e-05,0.0,0.0,0.0,0.0,0.0,0.0,0.0,0.0,0.0,0.0,0.0,0.0,0.0,0.0,0.0,0.0,0.0,0.0,0.0,0.0,0.0,0.0,0.0,0.0,0.0,0.0,0.0,0.0,0.0,0.0,0.0,0.0,0.0,0.0,0.0,0.0,0.0,0.0,0.0,0.0,0.0,0.0,0.0,0.0,0.0,0.0,0.0,0.0,0.0,0.0,0.0,0.0,0.0,0.0,0.0,0.0,0.0,0.0,0.0,0.0,0.0
65.85,0.0007379446116284433,0.0007253635884986731,0.0005502214641392692,0.0004001220372213184,0.0003125754088173505,0.0003500608230679782,0.00038755231956310796,0.00030002700243019316,0.0001875086722760768,0.00022500393756888826,0.00015000150001498737,6.250039062743609e-05,7.500009375011079e-05,4.999999999999574e-05,8.749999999999255e-05,8.749999999999255e-05,4.999999999999574e-05,3.7499999999996805e-05,1.2499999999998935e-05,0.0,0.0,2.499999999999787e-05,0.0,0.0,0.0,0.0,0.0,0.0,0.0,0.0,0.0,0.0,0.0,0.0,0.0,0.0,0.0,0.0,0.0,0.0,0.0,0.0,0.0,0.0,0.0,0.0,0.0,0.0,0.0,0.0,0.0,0.0,0.0,0.0,0.0,0.0,0.0,0.0,0.0,0.0,0.0,0.0,0.0,0.0,0.0,0.0,0.0,0.0,0.0,0.0,0.0,0.0,0.0,0.0,0.0,0.0,0.0,0.0,0.0,0.0,0.0,0.0,0.0
65.95,0.0006754069326769763,0.000537769556990472,0.0006752717968982899,0.0004751449192003831,0.00046261160504974455,0.000350060823068028,0.0002875388177404113,0.0003000270024302358,0.00023751098488306434,0.00016250284379977574,0.00018750187501876084,7.500046875293396e-05,6.250007812510121e-05,3.750000000000213e-05,5.000000000000284e-05,0.0,1.250000000000071e-05,5.000000000000284e-05,0.0,0.0,0.0,0.0,0.0,0.0,0.0,0.0,0.0,0.0,0.0,0.0,0.0,0.0,0.0,0.0,0.0,0.0,0.0,0.0,0.0,0.0,0.0,0.0,0.0,0.0,0.0,0.0,0.0,0.0,0.0,0.0,0.0,0.0,0.0,0.0,0.0,0.0,0.0,0.0,0.0,0.0,0.0,0.0,0.0,0.0,0.0,0.0,0.0,0.0,0.0,0.0,0.0,0.0,0.0,0.0,0.0,0.0,0.0,0.0,0.0,0.0,0.0,0.0,0.0
66.05000000000001,0.0007504521474187559,0.0006253134383609251,0.0005752315306910541,0.0005251601738529804,0.0003875935069335147,0.00031255430631069484,0.00030004050546821265,0.0002375213769239029,0.00020000925042781525,0.0001875032813074069,0.00012500125001248946,6.250039062743609e-05,7.500009375011079e-05,9.999999999999148e-05,7.499999999999361e-05,3.7499999999996805e-05,4.999999999999574e-05,3.7499999999996805e-05,1.2499999999998935e-05,2.499999999999787e-05,1.2499999999998935e-05,0.0,0.0,0.0,0.0,0.0,0.0,0.0,0.0,0.0,0.0,0.0,0.0,0.0,0.0,0.0,0.0,0.0,0.0,0.0,0.0,0.0,0.0,0.0,0.0,0.0,0.0,0.0,0.0,0.0,0.0,0.0,0.0,0.0,0.0,0.0,0.0,0.0,0.0,0.0,0.0,0.0,0.0,0.0,0.0,0.0,0.0,0.0,0.0,0.0,0.0,0.0,0.0,0.0,0.0,0.0,0.0,0.0,0.0,0.0,0.0,0.0,0.0
66.15,0.0008755275053220062,0.00045022567561993007,0.0006502617303465014,0.0006501983104847348,0.00046261160504974455,0.00031255430631073924,0.0002875388177404113,0.00033753037773401524,0.00013750635966914253,0.00015000262504594682,0.00018750187501876084,6.250039062744497e-05,5.0000062500080966e-05,3.750000000000213e-05,2.500000000000142e-05,1.250000000000071e-05,1.250000000000071e-05,3.750000000000213e-05,0.0,0.0,0.0,0.0,0.0,0.0,0.0,0.0,0.0,0.0,0.0,0.0,0.0,0.0,0.0,0.0,0.0,0.0,0.0,0.0,0.0,0.0,0.0,0.0,0.0,0.0,0.0,0.0,0.0,0.0,0.0,0.0,0.0,0.0,0.0,0.0,0.0,0.0,0.0,0.0,0.0,0.0,0.0,0.0,0.0,0.0,0.0,0.0,0.0,0.0,0.0,0.0,0.0,0.0,0.0,0.0,0.0,0.0,0.0,0.0,0.0,0.0,0.0,0.0,0.0
66.25,0.0007504521474188625,0.000537769556990472,0.0005627264974152416,0.0006251906831583989,0.00045010858869704874,0.00036256299532045754,0.0002625354422847234,0.000212519126721417,0.00020000925042784365,0.00017500306255360465,0.00012500125001250724,0.00012500078125488994,0.00013750017187522267,2.500000000000142e-05,1.250000000000071e-05,5.000000000000284e-05,2.500000000000142e-05,0.0,3.750000000000213e-05,0.0,0.0,0.0,0.0,0.0,0.0,0.0,0.0,0.0,0.0,0.0,0.0,0.0,0.0,0.0,0.0,0.0,0.0,0.0,0.0,0.0,0.0,0.0,0.0,0.0,0.0,0.0,0.0,0.0,0.0,0.0,0.0,0.0,0.0,0.0,0.0,0.0,0.0,0.0,0.0,0.0,0.0,0.0,0.0,0.0,0.0,0.0,0.0,0.0,0.0,0.0,0.0,0.0,0.0,0.0,0.0,0.0,0.0,0.0,0.0,0.0,0.0,0.0,0.0
66.35,0.0007254370758381307,0.0005002507506887401,0.0006377566970705165,0.0003876182235581522,0.00043760557234429076,0.0003875673398252616,0.00025003375455684386,0.00030002700243019316,0.0001875086722760768,0.00015000262504592552,0.00011250112501124052,0.00012500078125487219,8.750010937512926e-05,7.499999999999361e-05,2.499999999999787e-05,0.0,6.249999999999468e-05,1.2499999999998935e-05,1.2499999999998935e-05,0.0,0.0,0.0,0.0,0.0,0.0,0.0,0.0,0.0,0.0,0.0,0.0,0.0,0.0,0.0,0.0,0.0,0.0,0.0,0.0,0.0,0.0,0.0,0.0,0.0,0.0,0.0,0.0,0.0,0.0,0.0,0.0,0.0,0.0,0.0,0.0,0.0,0.0,0.0,0.0,0.0,0.0,0.0,0.0,0.0,0.0,0.0,0.0,0.0,0.0,0.0,0.0,0.0,0.0,0.0,0.0,0.0,0.0,0.0,0.0,0.0,0.0,0.0,0.0
66.45,0.00080048229058012,0.0006878447821971154,0.0005502214641393473,0.0005751754285057269,0.0003250784251700908,0.00036256299532045754,0.00018752531591765954,0.0002500225020251965,0.00012500578151740228,0.00021250371881509133,0.00015000150001500868,0.00012500078125488994,7.500009375012146e-05,5.000000000000284e-05,3.750000000000213e-05,2.500000000000142e-05,1.250000000000071e-05,2.500000000000142e-05,0.0,0.0,0.0,0.0,0.0,0.0,0.0,0.0,0.0,0.0,0.0,0.0,0.0,0.0,0.0,0.0,0.0,0.0,0.0,0.0,0.0,0.0,0.0,0.0,0.0,0.0,0.0,0.0,0.0,0.0,0.0,0.0,0.0,0.0,0.0,0.0,0.0,0.0,0.0,0.0,0.0,0.0,0.0,0.0,0.0,0.0,0.0,0.0,0.0,0.0,0.0,0.0,0.0,0.0,0.0,0.0,0.0,0.0,0.0,0.0,0.0,0.0,0.0,0.0,0.0
66.55000000000001,0.0008380048979509441,0.0006253134383609251,0.0005127063643115917,0.000500152546526648,0.00037509049058082067,0.0003250564785631226,0.0001875253159176329,0.0001875168765188707,0.0001875086722760768,0.00015000262504592552,0.00011250112501124052,7.500046875292331e-05,0.00010000012500014773,2.499999999999787e-05,8.749999999999255e-05,3.7499999999996805e-05,1.2499999999998935e-05,2.499999999999787e-05,1.2499999999998935e-05,0.0,1.2499999999998935e-05,0.0,0.0,0.0,0.0,0.0,0.0,0.0,0.0,0.0,0.0,0.0,0.0,0.0,0.0,0.0,0.0,0.0,0.0,0.0,0.0,0.0,0.0,0.0,0.0,0.0,0.0,0.0,0.0,0.0,0.0,0.0,0.0,0.0,0.0,0.0,0.0,0.0,0.0,0.0,0.0,0.0,0.0,0.0,0.0,0.0,0.0,0.0,0.0,0.0,0.0,0.0,0.0,0.0,0.0,0.0,0.0,0.0,0.0,0.0,0.0,0.0,0.0
66.65,0.0008505124337413775,0.0005002507506888112,0.0004876962977598761,0.0005001525465267191,0.00042510255599165713,0.0004500782010874645,0.00025003375455687936,0.0002500225020251965,0.00016250751597262297,0.00011250196878446012,0.00010000100001000578,0.00012500078125488994,0.00010000012500016193,6.250000000000355e-05,3.750000000000213e-05,1.250000000000071e-05,0.0,3.750000000000213e-05,0.0,1.250000000000071e-05,0.0,0.0,0.0,0.0,0.0,0.0,0.0,0.0,0.0,0.0,0.0,0.0,0.0,0.0,0.0,0.0,0.0,0.0,0.0,0.0,0.0,0.0,0.0,0.0,0.0,0.0,0.0,0.0,0.0,0.0,0.0,0.0,0.0,0.0,0.0,0.0,0.0,0.0,0.0,0.0,0.0,0.0,0.0,0.0,0.0,0.0,0.0,0.0,0.0,0.0,0.0,0.0,0.0,0.0,0.0,0.0,0.0,0.0,0.0,0.0,0.0,0.0,0.0
66.75,0.0005878541821447757,0.0007003510509643357,0.0004501811979321933,0.00046264110553721516,0.00028756937611200336,0.0003250564785631688,0.00035004725637963115,0.0003000270024302358,0.00012500578151740228,0.00016250284379977574,0.00015000150001500868,8.750054687842296e-05,7.500009375012146e-05,3.750000000000213e-05,3.750000000000213e-05,1.250000000000071e-05,1.250000000000071e-05,1.250000000000071e-05,0.0,0.0,0.0,0.0,0.0,0.0,0.0,0.0,0.0,0.0,0.0,0.0,0.0,0.0,0.0,0.0,0.0,0.0,0.0,0.0,0.0,0.0,0.0,0.0,0.0,0.0,0.0,0.0,0.0,0.0,0.0,0.0,0.0,0.0,0.0,0.0,0.0,0.0,0.0,0.0,0.0,0.0,0.0,0.0,0.0,0.0,0.0,0.0,0.0,0.0,0.0,0.0,0.0,0.0,0.0,0.0,0.0,0.0,0.0,0.0,0.0,0.0,0.0,0.0,0.0
66.85,0.0006503918610962551,0.0006378197071281437,0.0005377164308633767,0.0004876487328634818,0.00037509049058082067,0.00026254561730098365,0.0003125421931960548,0.000262523627126419,0.00015000693782086141,0.00020000350006123401,0.00015000150001498737,0.00016250101563133383,5.0000062500073865e-05,4.999999999999574e-05,4.999999999999574e-05,1.2499999999998935e-05,1.2499999999998935e-05,2.499999999999787e-05,1.2499999999998935e-05,0.0,0.0,1.2499999999998935e-05,0.0,0.0,0.0,0.0,0.0,0.0,0.0,0.0,0.0,0.0,0.0,0.0,0.0,0.0,0.0,0.0,0.0,0.0,0.0,0.0,0.0,0.0,0.0,0.0,0.0,0.0,0.0,0.0,0.0,0.0,0.0,0.0,0.0,0.0,0.0,0.0,0.0,0.0,0.0,0.0,0.0,0.0,0.0,0.0,0.0,0.0,0.0,0.0,0.0,0.0,0.0,0.0,0.0,0.0,0.0,0.0,0.0,0.0,0.0,0.0,0.0
66.95,0.0006128692537254043,0.00043771940685270977,0.0006127466305188186,0.0006126868694952309,0.00036258747422817815,0.000262545617301021,0.00025003375455687936,0.0003125281275314956,0.00010000462521392183,0.00012500218753828902,7.500075000750434e-05,0.00011250070312940096,0.00011250014062518218,6.250000000000355e-05,5.000000000000284e-05,1.250000000000071e-05,2.500000000000142e-05,2.500000000000142e-05,1.250000000000071e-05,0.0,1.250000000000071e-05,0.0,0.0,0.0,0.0,0.0,0.0,0.0,0.0,0.0,0.0,0.0,0.0,0.0,0.0,0.0,0.0,0.0,0.0,0.0,0.0,0.0,0.0,0.0,0.0,0.0,0.0,0.0,0.0,0.0,0.0,0.0,0.0,0.0,0.0,0.0,0.0,0.0,0.0,0.0,0.0,0.0,0.0,0.0,0.0,0.0,0.0,0.0,0.0,0.0,0.0,0.0,0.0,0.0,0.0,0.0,0.0,0.0,0.0,0.0,0.0,0.0,0.0
67.05000000000001,0.0005503315747737542,0.0005127570194559586,0.0005377164308633767,0.0004501372918739832,0.00043760557234429076,0.0003750651675728338,0.000325043880923897,0.0002375213769239029,0.0003125144537934613,0.00012500218753827127,0.00012500125001248946,0.00010000062500389775,5.0000062500073865e-05,1.2499999999998935e-05,4.999999999999574e-05,1.2499999999998935e-05,4.999999999999574e-05,1.2499999999998935e-05,1.2499999999998935e-05,0.0,0.0,0.0,0.0,0.0,0.0,0.0,0.0,0.0,0.0,0.0,0.0,0.0,0.0,0.0,0.0,0.0,0.0,0.0,0.0,0.0,0.0,0.0,0.0,0.0,0.0,0.0,0.0,0.0,0.0,0.0,0.0,0.0,0.0,0.0,0.0,0.0,0.0,0.0,0.0,0.0,0.0,0.0,0.0,0.0,0.0,0.0,0.0,0.0,0.0,0.0,0.0,0.0,0.0,0.0,0.0,0.0,0.0,0.0,0.0,0.0,0.0,0.0,0.0
67.15,0.0004627788242416319,0.0007003510509643357,0.0006002415972429243,0.00048764873286355107,0.00036258747422817815,0.0002875499618058801,0.0003125421931960992,0.00023752137692393665,0.00017500809412436319,0.00013750240629211794,0.00010000100001000578,8.750054687842296e-05,0.00010000012500016193,5.000000000000284e-05,3.750000000000213e-05,0.0,0.0,1.250000000000071e-05,0.0,0.0,0.0,0.0,0.0,0.0,0.0,0.0,0.0,0.0,0.0,0.0,0.0,0.0,0.0,0.0,0.0,0.0,0.0,0.0,0.0,0.0,0.0,0.0,0.0,0.0,0.0,0.0,0.0,0.0,0.0,0.0,0.0,0.0,0.0,0.0,0.0,0.0,0.0,0.0,0.0,0.0,0.0,0.0,0.0,0.0,0.0,0.0,0.0,0.0,0.0,0.0,0.0,0.0,0.0,0.0,0.0,0.0,0.0,0.0,0.0,0.0,0.0,0.0,0.0
67.25,0.0005628391105641469,0.0005627820945249126,0.0005002013310357703,0.0004751449192003831,0.00031257540881739497,0.0002875499618058801,0.00018752531591765954,0.0002625236271264563,0.00018750867227610343,7.500131252297341e-05,8.750087500875507e-05,0.00013750085938037893,6.250007812510121e-05,2.500000000000142e-05,3.750000000000213e-05,8.750000000000497e-05,5.000000000000284e-05,2.500000000000142e-05,0.0,0.0,0.0,0.0,0.0,0.0,0.0,0.0,0.0,0.0,0.0,0.0,0.0,0.0,0.0,0.0,0.0,0.0,0.0,0.0,0.0,0.0,0.0,0.0,0.0,0.0,0.0,0.0,0.0,0.0,0.0,0.0,0.0,0.0,0.0,0.0,0.0,0.0,0.0,0.0,0.0,0.0,0.0,0.0,0.0,0.0,0.0,0.0,0.0,0.0,0.0,0.0,0.0,0.0,0.0,0.0,0.0,0.0,0.0,0.0,0.0,0.0,0.0,0.0,0.0
67.35,0.0004877938958221913,0.0006503259758953621,0.00042517113138034433,0.0003501067825686536,0.0004751146214023728,0.00045007820108740055,0.0002000270036454751,0.0002375213769239029,0.00020000925042781525,0.00016250284379975264,0.0001625016250162363,8.750054687841053e-05,7.500009375011079e-05,4.999999999999574e-05,2.499999999999787e-05,2.499999999999787e-05,1.2499999999998935e-05,2.499999999999787e-05,0.0,0.0,0.0,0.0,0.0,0.0,0.0,0.0,0.0,0.0,0.0,0.0,0.0,0.0,0.0,0.0,0.0,0.0,0.0,0.0,0.0,0.0,0.0,0.0,0.0,0.0,0.0,0.0,0.0,0.0,0.0,0.0,0.0,0.0,0.0,0.0,0.0,0.0,0.0,0.0,0.0,0.0,0.0,0.0,0.0,0.0,0.0,0.0,0.0,0.0,0.0,0.0,0.0,0.0,0.0,0.0,0.0,0.0,0.0,0.0,0.0,0.0,0.0,0.0,0.0
67.45,0.0006378843253060331,0.0004627319443871504,0.0005377164308634531,0.00041262585088454323,0.00035008445787548234,0.0003000521340583097,0.00023753206682903543,0.00017501575141763755,0.00012500578151740228,0.00015000262504594682,0.00010000100001000578,8.750054687842296e-05,5.0000062500080966e-05,5.000000000000284e-05,3.750000000000213e-05,3.750000000000213e-05,3.750000000000213e-05,0.0,0.0,0.0,0.0,0.0,0.0,0.0,0.0,0.0,0.0,0.0,0.0,0.0,0.0,0.0,0.0,0.0,0.0,0.0,0.0,0.0,0.0,0.0,0.0,0.0,0.0,0.0,0.0,0.0,0.0,0.0,0.0,0.0,0.0,0.0,0.0,0.0,0.0,0.0,0.0,0.0,0.0,0.0,0.0,0.0,0.0,0.0,0.0,0.0,0.0,0.0,0.0,0.0,0.0,0.0,0.0,0.0,0.0,0.0,0.0,0.0,0.0,0.0,0.0,0.0,0.0
67.55000000000001,0.0006253767895156299,0.0007128573197314548,0.0005627264974151616,0.0004126258508844846,0.0003125754088173505,0.0004375760288349728,0.0003750506318352658,0.00022502025182264486,0.00016250751597259987,0.00020000350006123401,8.750087500874263e-05,6.250039062743609e-05,0.00013750017187520312,2.499999999999787e-05,0.0,1.2499999999998935e-05,0.0,1.2499999999998935e-05,1.2499999999998935e-05,0.0,0.0,0.0,0.0,0.0,0.0,0.0,0.0,0.0,0.0,0.0,0.0,0.0,0.0,0.0,0.0,0.0,0.0,0.0,0.0,0.0,0.0,0.0,0.0,0.0,0.0,0.0,0.0,0.0,0.0,0.0,0.0,0.0,0.0,0.0,0.0,0.0,0.0,0.0,0.0,0.0,0.0,0.0,0.0,0.0,0.0,0.0,0.0,0.0,0.0,0.0,0.0,0.0,0.0,0.0,0.0,0.0,0.0,0.0,0.0,0.0,0.0,0.0,0.0
67.65,0.0005253165031932037,0.0005127570194560315,0.0006377566970706071,0.00045013729187404715,0.00030007239246469916,0.0003000521340583097,0.00027503713001256734,0.000212519126721417,0.0002625121411865448,0.00018750328130743353,0.00011250112501125651,8.750054687842296e-05,6.250007812510121e-05,6.250000000000355e-05,2.500000000000142e-05,1.250000000000071e-05,0.0,3.750000000000213e-05,0.0,0.0,3.750000000000213e-05,0.0,0.0,0.0,0.0,0.0,0.0,0.0,0.0,0.0,0.0,0.0,0.0,0.0,0.0,0.0,0.0,0.0,0.0,0.0,0.0,0.0,0.0,0.0,0.0,0.0,0.0,0.0,0.0,0.0,0.0,0.0,0.0,0.0,0.0,0.0,0.0,0.0,0.0,0.0,0.0,0.0,0.0,0.0,0.0,0.0,0.0,0.0,0.0,0.0,0.0,0.0,0.0,0.0,0.0,0.0,0.0,0.0,0.0,0.0,0.0,0.0,0.0
67.75,0.0006879144684672906,0.000537769556990472,0.00033763589844914497,0.0004251296645477112,0.00031257540881739497,0.00027504778955345056,0.0002875388177404113,0.00022502025182267684,0.00018750867227610343,0.00016250284379977574,0.00010000100001000578,8.750054687842296e-05,8.750010937514169e-05,2.500000000000142e-05,3.750000000000213e-05,0.0,1.250000000000071e-05,1.250000000000071e-05,0.0,0.0,0.0,0.0,0.0,0.0,0.0,0.0,0.0,0.0,0.0,0.0,0.0,0.0,0.0,0.0,0.0,0.0,0.0,0.0,0.0,0.0,0.0,0.0,0.0,0.0,0.0,0.0,0.0,0.0,0.0,0.0,0.0,0.0,0.0,0.0,0.0,0.0,0.0,0.0,0.0,0.0,0.0,0.0,0.0,0.0,0.0,0.0,0.0,0.0,0.0,0.0,0.0,0.0,0.0,0.0,0.0,0.0,0.0,0.0,0.0,0.0,0.0,0.0,0.0
67.85,0.0006003617179350047,0.0005127570194559586,0.0006127466305187316,0.0004126258508844846,0.00036258747422812665,0.0002500434450485559,0.00023753206682900166,0.0002375213769239029,0.00016250751597259987,0.00012500218753827127,6.250062500624473e-05,8.750054687841053e-05,3.7500046875055395e-05,7.499999999999361e-05,9.999999999999148e-05,4.999999999999574e-05,3.7499999999996805e-05,1.2499999999998935e-05,0.0,0.0,0.0,0.0,0.0,0.0,0.0,0.0,0.0,0.0,0.0,0.0,0.0,0.0,0.0,0.0,0.0,0.0,0.0,0.0,0.0,0.0,0.0,0.0,0.0,0.0,0.0,0.0,0.0,0.0,0.0,0.0,0.0,0.0,0.0,0.0,0.0,0.0,0.0,0.0,0.0,0.0,0.0,0.0,0.0,0.0,0.0,0.0,0.0,0.0,0.0,0.0,0.0,0.0,0.0,0.0,0.0,0.0,0.0,0.0,0.0,0.0,0.0,0.0,0.0
67.95,0.0004252562168706888,0.0004627319443871504,0.0005252113975875588,0.00035010678256870335,0.00037509049058087395,0.000262545617301021,0.00030004050546825526,0.00013751237611385806,0.00017500809412436319,0.00015000262504594682,8.750087500875507e-05,8.750054687842296e-05,3.750004687506073e-05,6.250000000000355e-05,0.0,1.250000000000071e-05,5.000000000000284e-05,0.0,1.250000000000071e-05,1.250000000000071e-05,0.0,0.0,0.0,0.0,0.0,0.0,0.0,0.0,0.0,0.0,0.0,0.0,0.0,0.0,0.0,0.0,0.0,0.0,0.0,0.0,0.0,0.0,0.0,0.0,0.0,0.0,0.0,0.0,0.0,0.0,0.0,0.0,0.0,0.0,0.0,0.0,0.0,0.0,0.0,0.0,0.0,0.0,0.0,0.0,0.0,0.0,0.0,0.0,0.0,0.0,0.0,0.0,0.0,0.0,0.0,0.0,0.0,0.0,0.0,0.0,0.0,0.0,0.0
68.05000000000001,0.0005128089674028165,0.00046273194438708456,0.00041266609810445187,0.0003501067825686536,0.00036258747422812665,0.0002500434450485559,0.00023753206682900166,0.0001375123761138385,0.00016250751597259987,0.00017500306255357977,6.250062500624473e-05,5.0000312501948874e-05,0.00010000012500014773,4.999999999999574e-05,3.7499999999996805e-05,4.999999999999574e-05,3.7499999999996805e-05,1.2499999999998935e-05,1.2499999999998935e-05,0.0,0.0,0.0,0.0,0.0,0.0,0.0,0.0,0.0,0.0,0.0,0.0,0.0,0.0,0.0,0.0,0.0,0.0,0.0,0.0,0.0,0.0,0.0,0.0,0.0,0.0,0.0,0.0,0.0,0.0,0.0,0.0,0.0,0.0,0.0,0.0,0.0,0.0,0.0,0.0,0.0,0.0,0.0,0.0,0.0,0.0,0.0,0.0,0.0,0.0,0.0,0.0,0.0,0.0,0.0,0.0,0.0,0.0,0.0,0.0,0.0,0.0,0.0,0.0
68.15,0.000700422004257605,0.0005252632882232518,0.0004251711313804048,0.0004251296645477112,0.00030007239246469916,0.00018753258378644355,0.0002875388177404113,0.00020001800162015718,0.00013750635966914253,0.00011250196878446012,2.5000250002501446e-05,5.000031250195598e-05,3.750004687506073e-05,3.750000000000213e-05,1.250000000000071e-05,1.250000000000071e-05,3.750000000000213e-05,1.250000000000071e-05,0.0,0.0,0.0,0.0,0.0,0.0,0.0,0.0,0.0,0.0,0.0,0.0,0.0,0.0,0.0,0.0,0.0,0.0,0.0,0.0,0.0,0.0,0.0,0.0,0.0,0.0,0.0,0.0,0.0,0.0,0.0,0.0,0.0,0.0,0.0,0.0,0.0,0.0,0.0,0.0,0.0,0.0,0.0,0.0,0.0,0.0,0.0,0.0,0.0,0.0,0.0,0.0,0.0,0.0,0.0,0.0,0.0,0.0,0.0,0.0,0.0,0.0,0.0,0.0,0.0
68.25,0.0005503315747738325,0.000625313438361014,0.0005627264974152416,0.00028758771425286346,0.00043760557234435294,0.000175030411534014,0.00021252869137334748,0.00013751237611385806,0.00017500809412436319,0.00013750240629211794,0.0001625016250162594,0.00012500078125488994,2.5000031250040483e-05,2.500000000000142e-05,1.250000000000071e-05,2.500000000000142e-05,0.0,2.500000000000142e-05,0.0,0.0,0.0,0.0,0.0,0.0,0.0,0.0,0.0,0.0,0.0,0.0,0.0,0.0,0.0,0.0,0.0,0.0,0.0,0.0,0.0,0.0,0.0,0.0,0.0,0.0,0.0,0.0,0.0,0.0,0.0,0.0,0.0,0.0,0.0,0.0,0.0,0.0,0.0,0.0,0.0,0.0,0.0,0.0,0.0,0.0,0.0,0.0,0.0,0.0,0.0,0.0,0.0,0.0,0.0,0.0,0.0,0.0,0.0,0.0,0.0,0.0,0.0,0.0,0.0
68.35,0.0006628993968865678,0.0006128071695937066,0.000625251663794624,0.0003626105962318198,0.0003375814415227386,0.0002500434450485559,0.0001750236281897907,0.00015001350121509658,0.00020000925042781525,0.00012500218753827127,0.00015000150001498737,0.00010000062500389775,7.500009375011079e-05,2.499999999999787e-05,3.7499999999996805e-05,3.7499999999996805e-05,1.2499999999998935e-05,1.2499999999998935e-05,0.0,0.0,0.0,0.0,0.0,0.0,0.0,0.0,0.0,0.0,0.0,0.0,0.0,0.0,0.0,0.0,0.0,0.0,0.0,0.0,0.0,0.0,0.0,0.0,0.0,0.0,0.0,0.0,0.0,0.0,0.0,0.0,0.0,0.0,0.0,0.0,0.0,0.0,0.0,0.0,0.0,0.0,0.0,0.0,0.0,0.0,0.0,0.0,0.0,0.0,0.0,0.0,0.0,0.0,0.0,0.0,0.0,0.0,0.0,0.0,0.0,0.0,0.0,0.0,0.0
68.45,0.0004627788242416319,0.00038769433178382866,0.0004001610648286163,0.0003626105962318713,0.00028756937611200336,0.00031255430631073924,0.00030004050546825526,0.0002500225020251965,0.00016250751597262297,0.00010000175003063122,0.00011250112501125651,7.500046875293396e-05,5.0000062500080966e-05,1.250000000000071e-05,1.250000000000071e-05,3.750000000000213e-05,2.500000000000142e-05,0.0,0.0,1.250000000000071e-05,0.0,0.0,0.0,0.0,0.0,0.0,0.0,0.0,0.0,0.0,0.0,0.0,0.0,0.0,0.0,0.0,0.0,0.0,0.0,0.0,0.0,0.0,0.0,0.0,0.0,0.0,0.0,0.0,0.0,0.0,0.0,0.0,0.0,0.0,0.0,0.0,0.0,0.0,0.0,0.0,0.0,0.0,0.0,0.0,0.0,0.0,0.0,0.0,0.0,0.0,0.0,0.0,0.0,0.0,0.0,0.0,0.0,0.0,0.0,0.0,0.0,0.0,0.0
68.55000000000001,0.0006754069326768803,0.00046273194438708456,0.0005252113975874842,0.0004251296645476508,0.0002250542943484924,0.00030005213405826707,0.00026253544228468603,0.00010000900081006437,8.750404706216917e-05,0.00015000262504592552,6.250062500624473e-05,8.750054687841053e-05,1.2500015625018466e-05,9.999999999999148e-05,3.7499999999996805e-05,0.0,1.2499999999998935e-05,1.2499999999998935e-05,0.0,0.0,0.0,0.0,0.0,0.0,0.0,0.0,0.0,0.0,0.0,0.0,0.0,0.0,0.0,0.0,0.0,0.0,0.0,0.0,0.0,0.0,0.0,0.0,0.0,0.0,0.0,0.0,0.0,0.0,0.0,0.0,0.0,0.0,0.0,0.0,0.0,0.0,0.0,0.0,0.0,0.0,0.0,0.0,0.0,0.0,0.0,0.0,0.0,0.0,0.0,0.0,0.0,0.0,0.0,0.0,0.0,0.0,0.0,0.0,0.0,0.0,0.0,0.0,0.0
68.65,0.0005253165031932037,0.0005002507506888112,0.0004251711313804048,0.0003376029689055354,0.00037509049058087395,0.00027504778955345056,0.0002625354422847234,0.00013751237611385806,0.00012500578151740228,0.00011250196878446012,0.00010000100001000578,0.00010000062500391197,5.0000062500080966e-05,2.500000000000142e-05,2.500000000000142e-05,1.250000000000071e-05,3.750000000000213e-05,0.0,1.250000000000071e-05,0.0,0.0,0.0,0.0,0.0,0.0,0.0,0.0,0.0,0.0,0.0,0.0,0.0,0.0,0.0,0.0,0.0,0.0,0.0,0.0,0.0,0.0,0.0,0.0,0.0,0.0,0.0,0.0,0.0,0.0,0.0,0.0,0.0,0.0,0.0,0.0,0.0,0.0,0.0,0.0,0.0,0.0,0.0,0.0,0.0,0.0,0.0,0.0,0.0,0.0,0.0,0.0,0.0,0.0,0.0,0.0,0.0,0.0,0.0,0.0,0.0,0.0,0.0,0.0
68.75,0.0005128089674028894,0.000625313438361014,0.00030012079862146217,0.00035010678256870335,0.00031257540881739497,0.00031255430631073924,0.0003125421931960992,0.00012501125101259825,0.00020000925042784365,0.00015000262504594682,7.500075000750434e-05,7.500046875293396e-05,3.750004687506073e-05,3.750000000000213e-05,1.250000000000071e-05,0.0,2.500000000000142e-05,0.0,0.0,0.0,1.250000000000071e-05,0.0,0.0,0.0,0.0,0.0,0.0,0.0,0.0,0.0,0.0,0.0,0.0,0.0,0.0,0.0,0.0,0.0,0.0,0.0,0.0,0.0,0.0,0.0,0.0,0.0,0.0,0.0,0.0,0.0,0.0,0.0,0.0,0.0,0.0,0.0,0.0,0.0,0.0,0.0,0.0,0.0,0.0,0.0,0.0,0.0,0.0,0.0,0.0,0.0,0.0,0.0,0.0,0.0,0.0,0.0,0.0,0.0,0.0,0.0,0.0,0.0,0.0
68.85,0.0005503315747737542,0.0005877946320592696,0.00041266609810445187,0.0004126258508844846,0.00027506635975926846,0.00026254561730098365,0.0002125286913733173,0.00012501125101258047,0.00017500809412433833,0.00012500218753827127,0.00017500175001748525,5.0000312501948874e-05,6.250007812509232e-05,4.999999999999574e-05,1.2499999999998935e-05,2.499999999999787e-05,1.2499999999998935e-05,1.2499999999998935e-05,0.0,1.2499999999998935e-05,0.0,0.0,0.0,0.0,0.0,0.0,0.0,0.0,0.0,0.0,0.0,0.0,0.0,0.0,0.0,0.0,0.0,0.0,0.0,0.0,0.0,0.0,0.0,0.0,0.0,0.0,0.0,0.0,0.0,0.0,0.0,0.0,0.0,0.0,0.0,0.0,0.0,0.0,0.0,0.0,0.0,0.0,0.0,0.0,0.0,0.0,0.0,0.0,0.0,0.0,0.0,0.0,0.0,0.0,0.0,0.0,0.0,0.0,0.0,0.0,0.0,0.0,0.0
68.95,0.00040024114529006,0.00040020060055104896,0.0004001610648286163,0.0003626105962318713,0.00038759350693356976,0.0002500434450485914,0.00023753206682903543,0.0002625236271264563,0.00012500578151740228,5.000087501531561e-05,0.00010000100001000578,0.00010000062500391197,5.0000062500080966e-05,2.500000000000142e-05,0.0,1.250000000000071e-05,2.500000000000142e-05,1.250000000000071e-05,0.0,0.0,0.0,0.0,0.0,0.0,0.0,0.0,0.0,0.0,0.0,0.0,0.0,0.0,0.0,0.0,0.0,0.0,0.0,0.0,0.0,0.0,0.0,0.0,0.0,0.0,0.0,0.0,0.0,0.0,0.0,0.0,0.0,0.0,0.0,0.0,0.0,0.0,0.0,0.0,0.0,0.0,0.0,0.0,0.0,0.0,0.0,0.0,0.0,0.0,0.0,0.0,0.0,0.0,0.0,0.0,0.0,0.0,0.0,0.0,0.0,0.0,0.0,0.0,0.0
69.05000000000001,0.0004752863600318787,0.0004877444819215216,0.00043767616465623685,0.0003250991552423212,0.00036258747422812665,0.0001875325837864169,0.00025003375455684386,0.00020001800162012875,0.00011250520336564607,0.00012500218753827127,0.00011250112501124052,5.0000312501948874e-05,3.7500046875055395e-05,7.499999999999361e-05,2.499999999999787e-05,3.7499999999996805e-05,2.499999999999787e-05,1.2499999999998935e-05,0.0,0.0,0.0,0.0,0.0,0.0,0.0,0.0,0.0,0.0,0.0,0.0,0.0,0.0,0.0,0.0,0.0,0.0,0.0,0.0,0.0,0.0,0.0,0.0,0.0,0.0,0.0,0.0,0.0,0.0,0.0,0.0,0.0,0.0,0.0,0.0,0.0,0.0,0.0,0.0,0.0,0.0,0.0,0.0,0.0,0.0,0.0,0.0,0.0,0.0,0.0,0.0,0.0,0.0,0.0,0.0,0.0,0.0,0.0,0.0,0.0,0.0,0.0,0.0,0.0
69.15,0.0005378240389835181,0.0005252632882232518,0.00043767616465629903,0.0003125953415791994,0.00037509049058087395,0.00027504778955345056,0.00022503037910119144,0.00017501575141763755,8.750404706218159e-05,0.00012500218753828902,7.500075000750434e-05,0.00010000062500391197,3.750004687506073e-05,3.750000000000213e-05,0.0,2.500000000000142e-05,1.250000000000071e-05,0.0,0.0,0.0,0.0,0.0,0.0,0.0,0.0,0.0,0.0,0.0,0.0,0.0,0.0,0.0,0.0,0.0,0.0,0.0,0.0,0.0,0.0,0.0,0.0,0.0,0.0,0.0,0.0,0.0,0.0,0.0,0.0,0.0,0.0,0.0,0.0,0.0,0.0,0.0,0.0,0.0,0.0,0.0,0.0,0.0,0.0,0.0,0.0,0.0,0.0,0.0,0.0,0.0,0.0,0.0,0.0,0.0,0.0,0.0,0.0,0.0,0.0,0.0,0.0,0.0,0.0
69.25,0.0005628391105641469,0.00048774448192159093,0.0004001610648286163,0.0003125953415791994,0.00027506635975930755,0.0003250564785631688,0.00017502362818981558,0.00020001800162015718,0.00013750635966914253,7.500131252297341e-05,0.00015000150001500868,6.250039062744497e-05,3.750004687506073e-05,6.250000000000355e-05,6.250000000000355e-05,3.750000000000213e-05,2.500000000000142e-05,0.0,0.0,0.0,0.0,0.0,0.0,0.0,0.0,0.0,0.0,0.0,0.0,0.0,0.0,0.0,0.0,0.0,0.0,0.0,0.0,0.0,0.0,0.0,0.0,0.0,0.0,0.0,0.0,0.0,0.0,0.0,0.0,0.0,0.0,0.0,0.0,0.0,0.0,0.0,0.0,0.0,0.0,0.0,0.0,0.0,0.0,0.0,0.0,0.0,0.0,0.0,0.0,0.0,0.0,0.0,0.0,0.0,0.0,0.0,0.0,0.0,0.0,0.0,0.0,0.0,0.0
69.35,0.0006128692537253173,0.0004377194068526476,0.0003251308651732045,0.0003250991552423212,0.00032507842517004454,0.00023754127279612808,0.00023753206682900166,8.750787570880633e-05,0.00017500809412433833,0.0001375024062920984,7.500075000749369e-05,7.500046875292331e-05,2.5000031250036932e-05,2.499999999999787e-05,3.7499999999996805e-05,2.499999999999787e-05,1.2499999999998935e-05,0.0,0.0,0.0,0.0,0.0,0.0,0.0,0.0,0.0,0.0,0.0,0.0,0.0,0.0,0.0,0.0,0.0,0.0,0.0,0.0,0.0,0.0,0.0,0.0,0.0,0.0,0.0,0.0,0.0,0.0,0.0,0.0,0.0,0.0,0.0,0.0,0.0,0.0,0.0,0.0,0.0,0.0,0.0,0.0,0.0,0.0,0.0,0.0,0.0,0.0,0.0,0.0,0.0,0.0,0.0,0.0,0.0,0.0,0.0,0.0,0.0,0.0,0.0,0.0,0.0,0.0
69.45,0.0003877336094997456,0.0004627319443871504,0.00036264596500093347,0.0003000915279160314,0.00027506635975930755,0.0003000521340583097,0.00021252869137334748,0.00023752137692393665,0.00011250520336566206,0.00010000175003063122,7.500075000750434e-05,6.250039062744497e-05,6.250007812510121e-05,2.500000000000142e-05,1.250000000000071e-05,0.0,1.250000000000071e-05,0.0,0.0,0.0,0.0,0.0,0.0,0.0,0.0,0.0,0.0,0.0,0.0,0.0,0.0,0.0,0.0,0.0,0.0,0.0,0.0,0.0,0.0,0.0,0.0,0.0,0.0,0.0,0.0,0.0,0.0,0.0,0.0,0.0,0.0,0.0,0.0,0.0,0.0,0.0,0.0,0.0,0.0,0.0,0.0,0.0,0.0,0.0,0.0,0.0,0.0,0.0,0.0,0.0,0.0,0.0,0.0,0.0,0.0,0.0,0.0,0.0,0.0,0.0,0.0,0.0,0.0
69.55000000000001,0.0004877938958221913,0.0006628322446625807,0.00042517113138034433,0.0003626105962318198,0.00017504222893771631,0.00022503910054370028,0.00022503037910115946,0.00021251912672138682,0.00025001156303476905,8.750153127678988e-05,7.500075000749369e-05,0.00012500078125487219,1.2500015625018466e-05,1.2499999999998935e-05,3.7499999999996805e-05,3.7499999999996805e-05,0.0,0.0,0.0,3.7499999999996805e-05,0.0,0.0,0.0,0.0,0.0,0.0,0.0,0.0,0.0,0.0,0.0,0.0,0.0,0.0,0.0,0.0,0.0,0.0,0.0,0.0,0.0,0.0,0.0,0.0,0.0,0.0,0.0,0.0,0.0,0.0,0.0,0.0,0.0,0.0,0.0,0.0,0.0,0.0,0.0,0.0,0.0,0.0,0.0,0.0,0.0,0.0,0.0,0.0,0.0,0.0,0.0,0.0,0.0,0.0,0.0,0.0,0.0,0.0,0.0,0.0,0.0,0.0,0.0
69.65,0.0004627788242416319,0.0004127068693182692,0.0002876157653455679,0.0003751144098950393,0.00028756937611200336,0.0003000521340583097,0.00022503037910119144,0.00017501575141763755,0.00016250751597262297,0.00013750240629211794,7.500075000750434e-05,6.250039062744497e-05,7.500009375012146e-05,1.250000000000071e-05,1.250000000000071e-05,0.0,2.500000000000142e-05,1.250000000000071e-05,0.0,0.0,0.0,0.0,0.0,0.0,0.0,0.0,0.0,0.0,0.0,0.0,0.0,0.0,0.0,0.0,0.0,0.0,0.0,0.0,0.0,0.0,0.0,0.0,0.0,0.0,0.0,0.0,0.0,0.0,0.0,0.0,0.0,0.0,0.0,0.0,0.0,0.0,0.0,0.0,0.0,0.0,0.0,0.0,0.0,0.0,0.0,0.0,0.0,0.0,0.0,0.0,0.0,0.0,0.0,0.0,0.0,0.0,0.0,0.0,0.0,0.0,0.0,0.0,0.0
69.75,0.0005628391105641469,0.0005002507506888112,0.00033763589844914497,0.0003626105962318713,0.00018754524529043698,0.0002000347560388731,0.00011251518955059572,0.0001500135012151179,8.750404706218159e-05,7.500131252297341e-05,0.00010000100001000578,3.750023437646698e-05,2.5000031250040483e-05,1.250000000000071e-05,1.250000000000071e-05,1.250000000000071e-05,3.750000000000213e-05,0.0,0.0,0.0,0.0,0.0,0.0,0.0,0.0,0.0,0.0,0.0,0.0,0.0,0.0,0.0,0.0,0.0,0.0,0.0,0.0,0.0,0.0,0.0,0.0,0.0,0.0,0.0,0.0,0.0,0.0,0.0,0.0,0.0,0.0,0.0,0.0,0.0,0.0,0.0,0.0,0.0,0.0,0.0,0.0,0.0,0.0,0.0,0.0,0.0,0.0,0.0,0.0,0.0,0.0,0.0,0.0,0.0,0.0,0.0,0.0,0.0,0.0,0.0,0.0,0.0,0.0
69.85,0.0006003617179350047,0.00046273194438708456,0.00035014093172498946,0.0003626105962318198,0.00020004826164310435,0.00028754996180583924,0.00013751856500626413,0.0001875168765188707,0.0001875086722760768,5.0000875015308504e-05,8.750087500874263e-05,0.00010000062500389775,3.7500046875055395e-05,7.499999999999361e-05,0.0,1.2499999999998935e-05,1.2499999999998935e-05,0.0,0.0,0.0,0.0,0.0,0.0,0.0,0.0,0.0,0.0,0.0,0.0,0.0,0.0,0.0,0.0,0.0,0.0,0.0,0.0,0.0,0.0,0.0,0.0,0.0,0.0,0.0,0.0,0.0,0.0,0.0,0.0,0.0,0.0,0.0,0.0,0.0,0.0,0.0,0.0,0.0,0.0,0.0,0.0,0.0,0.0,0.0,0.0,0.0,0.0,0.0,0.0,0.0,0.0,0.0,0.0,0.0,0.0,0.0,0.0,0.0,0.0,0.0,0.0,0.0,0.0
69.95,0.0005128089674028894,0.000312656719180507,0.0003751509982768277,0.0002750839005896955,0.000250060327053916,0.00022503910054373226,0.00017502362818981558,0.00016251462631637772,0.00013750635966914253,0.00010000175003063122,5.000050000500289e-05,2.500015625097799e-05,6.250007812510121e-05,6.250000000000355e-05,6.250000000000355e-05,2.500000000000142e-05,0.0,0.0,1.250000000000071e-05,0.0,0.0,0.0,0.0,0.0,0.0,0.0,0.0,0.0,0.0,0.0,0.0,0.0,0.0,0.0,0.0,0.0,0.0,0.0,0.0,0.0,0.0,0.0,0.0,0.0,0.0,0.0,0.0,0.0,0.0,0.0,0.0,0.0,0.0,0.0,0.0,0.0,0.0,0.0,0.0,0.0,0.0,0.0,0.0,0.0,0.0,0.0,0.0,0.0,0.0,0.0,0.0,0.0,0.0,0.0,0.0,0.0,0.0,0.0,0.0,0.0,0.0,0.0,0.0
70.05000000000001,0.00035021100212875275,0.0003376692567148996,0.00035014093172498946,0.0002750839005896564,0.00016253921258502227,0.00022503910054370028,0.0002000270036454751,0.00015001350121509658,0.00015000693782086141,5.0000875015308504e-05,7.500075000749369e-05,7.500046875292331e-05,6.250007812509232e-05,0.0,0.0,6.249999999999468e-05,0.0,2.499999999999787e-05,0.0,0.0,0.0,0.0,0.0,0.0,0.0,0.0,0.0,0.0,0.0,0.0,0.0,0.0,0.0,0.0,0.0,0.0,0.0,0.0,0.0,0.0,0.0,0.0,0.0,0.0,0.0,0.0,0.0,0.0,0.0,0.0,0.0,0.0,0.0,0.0,0.0,0.0,0.0,0.0,0.0,0.0,0.0,0.0,0.0,0.0,0.0,0.0,0.0,0.0,0.0,0.0,0.0,0.0,0.0,0.0,0.0,0.0,0.0,0.0,0.0,0.0,0.0,0.0,0.0
70.15,0.0005753466463544613,0.00040020060055104896,0.00041266609810451053,0.0003000915279160314,0.00037509049058087395,0.00022503910054373226,0.00013751856500628367,0.0001500135012151179,0.00012500578151740228,3.7500656261486706e-05,5.000050000500289e-05,6.250039062744497e-05,6.250007812510121e-05,3.750000000000213e-05,5.000000000000284e-05,2.500000000000142e-05,1.250000000000071e-05,0.0,0.0,0.0,0.0,0.0,0.0,0.0,0.0,0.0,0.0,0.0,0.0,0.0,0.0,0.0,0.0,0.0,0.0,0.0,0.0,0.0,0.0,0.0,0.0,0.0,0.0,0.0,0.0,0.0,0.0,0.0,0.0,0.0,0.0,0.0,0.0,0.0,0.0,0.0,0.0,0.0,0.0,0.0,0.0,0.0,0.0,0.0,0.0,0.0,0.0,0.0,0.0,0.0,0.0,0.0,0.0,0.0,0.0,0.0,0.0,0.0,0.0,0.0,0.0,0.0,0.0
70.25,0.00048779389582226065,0.0004252131380854895,0.00033763589844914497,0.0003000915279160314,0.0003250784251700908,0.00027504778955345056,0.00017502362818981558,0.00018751687651889735,0.00011250520336566206,0.00015000262504594682,0.00011250112501125651,1.2500078125488996e-05,2.5000031250040483e-05,1.250000000000071e-05,1.250000000000071e-05,3.750000000000213e-05,1.250000000000071e-05,0.0,0.0,0.0,0.0,0.0,0.0,0.0,0.0,0.0,0.0,0.0,0.0,0.0,0.0,0.0,0.0,0.0,0.0,0.0,0.0,0.0,0.0,0.0,0.0,0.0,0.0,0.0,0.0,0.0,0.0,0.0,0.0,0.0,0.0,0.0,0.0,0.0,0.0,0.0,0.0,0.0,0.0,0.0,0.0,0.0,0.0,0.0,0.0,0.0,0.0,0.0,0.0,0.0,0.0,0.0,0.0,0.0,0.0,0.0,0.0,0.0,0.0,0.0,0.0,0.0,0.0
70.35,0.0004627788242415661,0.0004502256756198661,0.0004001610648285594,0.0002875877142528226,0.0002250542943484924,0.00026254561730098365,0.00015002025273410632,0.00016251462631635462,0.00015000693782086141,0.00015000262504592552,0.00010000100000999157,5.0000312501948874e-05,1.2500015625018466e-05,3.7499999999996805e-05,2.499999999999787e-05,0.0,2.499999999999787e-05,0.0,0.0,0.0,0.0,0.0,0.0,0.0,0.0,0.0,0.0,0.0,0.0,0.0,0.0,0.0,0.0,0.0,0.0,0.0,0.0,0.0,0.0,0.0,0.0,0.0,0.0,0.0,0.0,0.0,0.0,0.0,0.0,0.0,0.0,0.0,0.0,0.0,0.0,0.0,0.0,0.0,0.0,0.0,0.0,0.0,0.0,0.0,0.0,0.0,0.0,0.0,0.0,0.0,0.0,0.0,0.0,0.0,0.0,0.0,0.0,0.0,0.0,0.0,0.0,0.0,0.0
70.45,0.00037522607370943123,0.00040020060055104896,0.00030012079862146217,0.0003250991552423674,0.00030007239246469916,0.000262545617301021,0.00011251518955059572,0.00010000900081007859,0.00010000462521392183,0.00011250196878446012,7.500075000750434e-05,8.750054687842296e-05,2.5000031250040483e-05,1.250000000000071e-05,5.000000000000284e-05,1.250000000000071e-05,1.250000000000071e-05,0.0,0.0,0.0,0.0,0.0,0.0,0.0,0.0,0.0,0.0,0.0,0.0,0.0,0.0,0.0,0.0,0.0,0.0,0.0,0.0,0.0,0.0,0.0,0.0,0.0,0.0,0.0,0.0,0.0,0.0,0.0,0.0,0.0,0.0,0.0,0.0,0.0,0.0,0.0,0.0,0.0,0.0,0.0,0.0,0.0,0.0,0.0,0.0,0.0,0.0,0.0,0.0,0.0,0.0,0.0,0.0,0.0,0.0,0.0,0.0,0.0,0.0,0.0,0.0,0.0,0.0
70.55000000000001,0.0006003617179350047,0.0003876943317837736,0.00030012079862141956,0.0004001220372213184,0.0003125754088173505,0.00026254561730098365,0.00012501687727842193,8.750787570880633e-05,0.00011250520336564607,3.750065626148138e-05,0.00010000100000999157,1.2500078125487219e-05,3.7500046875055395e-05,1.2499999999998935e-05,2.499999999999787e-05,2.499999999999787e-05,0.0,0.0,1.2499999999998935e-05,0.0,0.0,0.0,0.0,0.0,0.0,0.0,0.0,0.0,0.0,0.0,0.0,0.0,0.0,0.0,0.0,0.0,0.0,0.0,0.0,0.0,0.0,0.0,0.0,0.0,0.0,0.0,0.0,0.0,0.0,0.0,0.0,0.0,0.0,0.0,0.0,0.0,0.0,0.0,0.0,0.0,0.0,0.0,0.0,0.0,0.0,0.0,0.0,0.0,0.0,0.0,0.0,0.0,0.0,0.0,0.0,0.0,0.0,0.0,0.0,0.0,0.0,0.0,0.0
70.65,0.0005378240389835181,0.00035017552548216786,0.00027511073206967367,0.0002625800869265275,0.00020004826164313278,0.0002875499618058801,0.00012501687727843968,0.00023752137692393665,8.750404706218159e-05,0.00011250196878446012,3.750037500375217e-05,2.500015625097799e-05,8.750010937514169e-05,3.750000000000213e-05,0.0,1.250000000000071e-05,1.250000000000071e-05,0.0,0.0,0.0,0.0,0.0,0.0,0.0,0.0,0.0,0.0,0.0,0.0,0.0,0.0,0.0,0.0,0.0,0.0,0.0,0.0,0.0,0.0,0.0,0.0,0.0,0.0,0.0,0.0,0.0,0.0,0.0,0.0,0.0,0.0,0.0,0.0,0.0,0.0,0.0,0.0,0.0,0.0,0.0,0.0,0.0,0.0,0.0,0.0,0.0,0.0,0.0,0.0,0.0,0.0,0.0,0.0,0.0,0.0,0.0,0.0,0.0,0.0,0.0,0.0,0.0,0.0
70.75,0.00040024114529006,0.00033766925671494755,0.0003751509982768277,0.00041262585088454323,0.00017504222893774117,0.0001625282392815844,0.0002625354422847234,0.00012501125101259825,0.00017500809412436319,8.750153127680232e-05,0.00011250112501125651,6.250039062744497e-05,3.750004687506073e-05,2.500000000000142e-05,1.250000000000071e-05,5.000000000000284e-05,0.0,1.250000000000071e-05,0.0,1.250000000000071e-05,0.0,0.0,0.0,0.0,0.0,0.0,0.0,0.0,0.0,0.0,0.0,0.0,0.0,0.0,0.0,0.0,0.0,0.0,0.0,0.0,0.0,0.0,0.0,0.0,0.0,0.0,0.0,0.0,0.0,0.0,0.0,0.0,0.0,0.0,0.0,0.0,0.0,0.0,0.0,0.0,0.0,0.0,0.0,0.0,0.0,0.0,0.0,0.0,0.0,0.0,0.0,0.0,0.0,0.0,0.0,0.0,0.0,0.0,0.0,0.0,0.0,0.0,0.0
70.85,0.0005503315747737542,0.00041270686931821056,0.0002626056987937421,0.000312595341579155,0.00018754524529041033,0.00026254561730098365,0.0001625219404619485,0.0001375123761138385,0.00010000462521390762,0.00015000262504592552,7.500075000749369e-05,5.0000312501948874e-05,2.5000031250036932e-05,1.2499999999998935e-05,0.0,1.2499999999998935e-05,0.0,0.0,0.0,0.0,0.0,0.0,0.0,0.0,0.0,0.0,0.0,0.0,0.0,0.0,0.0,0.0,0.0,0.0,0.0,0.0,0.0,0.0,0.0,0.0,0.0,0.0,0.0,0.0,0.0,0.0,0.0,0.0,0.0,0.0,0.0,0.0,0.0,0.0,0.0,0.0,0.0,0.0,0.0,0.0,0.0,0.0,0.0,0.0,0.0,0.0,0.0,0.0,0.0,0.0,0.0,0.0,0.0,0.0,0.0,0.0,0.0,0.0,0.0,0.0,0.0,0.0,0.0
70.95,0.0003877336094997456,0.0002376191065771853,0.00038765603155272197,0.00025007627326335954,0.00037509049058087395,0.0002125369282913027,0.00021252869137334748,0.00011251012591133842,5.000231260696091e-05,0.00012500218753828902,6.250062500625362e-05,3.750023437646698e-05,3.750004687506073e-05,1.250000000000071e-05,2.500000000000142e-05,1.250000000000071e-05,1.250000000000071e-05,0.0,1.250000000000071e-05,0.0,0.0,0.0,0.0,0.0,0.0,0.0,0.0,0.0,0.0,0.0,0.0,0.0,0.0,0.0,0.0,0.0,0.0,0.0,0.0,0.0,0.0,0.0,0.0,0.0,0.0,0.0,0.0,0.0,0.0,0.0,0.0,0.0,0.0,0.0,0.0,0.0,0.0,0.0,0.0,0.0,0.0,0.0,0.0,0.0,0.0,0.0,0.0,0.0,0.0,0.0,0.0,0.0,0.0,0.0,0.0,0.0,0.0,0.0,0.0,0.0,0.0,0.0,0.0
71.05000000000001,0.0002876733231771897,0.0003501755254821181,0.00037515099827677443,0.000250076273263324,0.0002375573107011864,0.00015002606702913354,0.0002125286913733173,0.00010000900081006437,0.00012500578151738453,8.750153127678988e-05,6.250062500624473e-05,6.250039062743609e-05,3.7500046875055395e-05,0.0,1.2499999999998935e-05,2.499999999999787e-05,1.2499999999998935e-05,0.0,0.0,0.0,0.0,0.0,0.0,0.0,0.0,0.0,0.0,0.0,0.0,0.0,0.0,0.0,0.0,0.0,0.0,0.0,0.0,0.0,0.0,0.0,0.0,0.0,0.0,0.0,0.0,0.0,0.0,0.0,0.0,0.0,0.0,0.0,0.0,0.0,0.0,0.0,0.0,0.0,0.0,0.0,0.0,0.0,0.0,0.0,0.0,0.0,0.0,0.0,0.0,0.0,0.0,0.0,0.0,0.0,0.0,0.0,0.0,0.0,0.0,0.0,0.0,0.0,0.0
71.15,0.00040024114529006,0.00035017552548216786,0.0002626056987937794,0.00025007627326335954,0.00028756937611200336,0.000262545617301021,0.00010001350182275176,8.750787570881877e-05,0.00011250520336566206,8.750153127680232e-05,0.00010000100001000578,1.2500078125488996e-05,6.250007812510121e-05,2.500000000000142e-05,2.500000000000142e-05,2.500000000000142e-05,1.250000000000071e-05,0.0,0.0,0.0,0.0,0.0,0.0,0.0,0.0,0.0,0.0,0.0,0.0,0.0,0.0,0.0,0.0,0.0,0.0,0.0,0.0,0.0,0.0,0.0,0.0,0.0,0.0,0.0,0.0,0.0,0.0,0.0,0.0,0.0,0.0,0.0,0.0,0.0,0.0,0.0,0.0,0.0,0.0,0.0,0.0,0.0,0.0,0.0,0.0,0.0,0.0,0.0,0.0,0.0,0.0,0.0,0.0,0.0,0.0,0.0,0.0,0.0,0.0,0.0,0.0,0.0,0.0
71.25,0.00037522607370943123,0.0004252131380854895,0.0004251711313804048,0.00023757245960019156,0.00021255127799582856,0.000175030411534014,0.00013751856500628367,0.00016251462631637772,0.00010000462521392183,8.750153127680232e-05,6.250062500625362e-05,3.750023437646698e-05,3.750004687506073e-05,0.0,3.750000000000213e-05,1.250000000000071e-05,0.0,0.0,0.0,0.0,0.0,0.0,0.0,0.0,0.0,0.0,0.0,0.0,0.0,0.0,0.0,0.0,0.0,0.0,0.0,0.0,0.0,0.0,0.0,0.0,0.0,0.0,0.0,0.0,0.0,0.0,0.0,0.0,0.0,0.0,0.0,0.0,0.0,0.0,0.0,0.0,0.0,0.0,0.0,0.0,0.0,0.0,0.0,0.0,0.0,0.0,0.0,0.0,0.0,0.0,0.0,0.0,0.0,0.0,0.0,0.0,0.0,0.0,0.0,0.0,0.0,0.0,0.0
71.35,0.0004377637526609409,0.0003376692567148996,0.00030012079862141956,0.000187557204947493,0.00032507842517004454,0.00021253692829127248,0.00023753206682900166,0.00017501575141761267,0.00012500578151738453,0.00012500218753827127,7.500075000749369e-05,3.7500234376461656e-05,6.250007812509232e-05,6.249999999999468e-05,0.0,2.499999999999787e-05,0.0,0.0,0.0,0.0,0.0,0.0,0.0,0.0,0.0,0.0,0.0,0.0,0.0,0.0,0.0,0.0,0.0,0.0,0.0,0.0,0.0,0.0,0.0,0.0,0.0,0.0,0.0,0.0,0.0,0.0,0.0,0.0,0.0,0.0,0.0,0.0,0.0,0.0,0.0,0.0,0.0,0.0,0.0,0.0,0.0,0.0,0.0,0.0,0.0,0.0,0.0,0.0,0.0,0.0,0.0,0.0,0.0,0.0,0.0,0.0,0.0,0.0,0.0,0.0,0.0,0.0,0.0
71.45,0.00037522607370943123,0.00032516298794772725,0.0002626056987937794,0.00017505339128435167,0.00018754524529043698,0.00022503910054373226,0.00025003375455687936,0.00020001800162015718,8.750404706218159e-05,7.500131252297341e-05,6.250062500625362e-05,3.750023437646698e-05,2.5000031250040483e-05,3.750000000000213e-05,6.250000000000355e-05,1.250000000000071e-05,0.0,0.0,0.0,0.0,0.0,0.0,0.0,0.0,0.0,0.0,0.0,0.0,0.0,0.0,0.0,0.0,0.0,0.0,0.0,0.0,0.0,0.0,0.0,0.0,0.0,0.0,0.0,0.0,0.0,0.0,0.0,0.0,0.0,0.0,0.0,0.0,0.0,0.0,0.0,0.0,0.0,0.0,0.0,0.0,0.0,0.0,0.0,0.0,0.0,0.0,0.0,0.0,0.0,0.0,0.0,0.0,0.0,0.0,0.0,0.0,0.0,0.0,0.0,0.0,0.0,0.0,0.0
71.55000000000001,0.00041274868108031573,0.00041270686931821056,0.00023759563224195714,0.00023757245960015779,0.00026256334340657444,0.00012502172252427794,8.751181409489535e-05,0.00015001350121509658,0.00010000462521390762,6.250109376913563e-05,3.750037500374684e-05,5.0000312501948874e-05,1.2500015625018466e-05,1.2499999999998935e-05,0.0,1.2499999999998935e-05,0.0,0.0,0.0,0.0,0.0,0.0,0.0,0.0,0.0,0.0,0.0,0.0,0.0,0.0,0.0,0.0,0.0,0.0,0.0,0.0,0.0,0.0,0.0,0.0,0.0,0.0,0.0,0.0,0.0,0.0,0.0,0.0,0.0,0.0,0.0,0.0,0.0,0.0,0.0,0.0,0.0,0.0,0.0,0.0,0.0,0.0,0.0,0.0,0.0,0.0,0.0,0.0,0.0,0.0,0.0,0.0,0.0,0.0,0.0,0.0,0.0,0.0,0.0,0.0,0.0,0.0,0.0
71.65,0.0003502110021288025,0.00035017552548216786,0.00036264596500093347,0.0002125648322738556,0.000250060327053916,0.0001250217225242957,0.00016252194046197162,0.00013751237611385806,0.00012500578151740228,6.250109376914451e-05,0.00013750137501375795,1.2500078125488996e-05,2.5000031250040483e-05,3.750000000000213e-05,3.750000000000213e-05,0.0,0.0,0.0,3.750000000000213e-05,0.0,0.0,0.0,0.0,0.0,0.0,0.0,0.0,0.0,0.0,0.0,0.0,0.0,0.0,0.0,0.0,0.0,0.0,0.0,0.0,0.0,0.0,0.0,0.0,0.0,0.0,0.0,0.0,0.0,0.0,0.0,0.0,0.0,0.0,0.0,0.0,0.0,0.0,0.0,0.0,0.0,0.0,0.0,0.0,0.0,0.0,0.0,0.0,0.0,0.0,0.0,0.0,0.0,0.0,0.0,0.0,0.0,0.0,0.0,0.0,0.0,0.0,0.0,0.0
71.75,0.00031268839475785936,0.0003001504504132867,0.00030012079862146217,0.0003250991552423674,0.00017504222893774117,0.0001625282392815844,0.00017502362818981558,0.0001500135012151179,6.250289075870114e-05,7.500131252297341e-05,6.250062500625362e-05,7.500046875293396e-05,1.2500015625020242e-05,1.250000000000071e-05,0.0,2.500000000000142e-05,1.250000000000071e-05,0.0,0.0,0.0,0.0,0.0,0.0,0.0,0.0,0.0,0.0,0.0,0.0,0.0,0.0,0.0,0.0,0.0,0.0,0.0,0.0,0.0,0.0,0.0,0.0,0.0,0.0,0.0,0.0,0.0,0.0,0.0,0.0,0.0,0.0,0.0,0.0,0.0,0.0,0.0,0.0,0.0,0.0,0.0,0.0,0.0,0.0,0.0,0.0,0.0,0.0,0.0,0.0,0.0,0.0,0.0,0.0,0.0,0.0,0.0,0.0,0.0,0.0,0.0,0.0,0.0,0.0
71.85,0.00042525621687062833,0.00027513791287880706,0.0002751107320696346,0.0003000915279159888,0.0002375573107011864,0.0002000347560388447,0.00015002025273410632,0.00015001350121509658,6.250289075869226e-05,0.00010000175003061701,7.500075000749369e-05,2.5000156250974437e-05,1.2500015625018466e-05,1.2499999999998935e-05,1.2499999999998935e-05,3.7499999999996805e-05,0.0,0.0,0.0,0.0,0.0,0.0,0.0,0.0,0.0,0.0,0.0,0.0,0.0,0.0,0.0,0.0,0.0,0.0,0.0,0.0,0.0,0.0,0.0,0.0,0.0,0.0,0.0,0.0,0.0,0.0,0.0,0.0,0.0,0.0,0.0,0.0,0.0,0.0,0.0,0.0,0.0,0.0,0.0,0.0,0.0,0.0,0.0,0.0,0.0,0.0,0.0,0.0,0.0,0.0,0.0,0.0,0.0,0.0,0.0,0.0,0.0,0.0,0.0,0.0,0.0,0.0,0.0
71.95,0.0003502110021288025,0.0003001504504132867,0.0003251308651732507,0.0002750839005896955,0.00026256334340661174,0.0001250217225242957,0.00013751856500628367,0.0001500135012151179,0.00010000462521392183,0.00010000175003063122,5.000050000500289e-05,5.000031250195598e-05,6.250007812510121e-05,0.0,0.0,0.0,0.0,0.0,0.0,0.0,0.0,0.0,0.0,0.0,0.0,0.0,0.0,0.0,0.0,0.0,0.0,0.0,0.0,0.0,0.0,0.0,0.0,0.0,0.0,0.0,0.0,0.0,0.0,0.0,0.0,0.0,0.0,0.0,0.0,0.0,0.0,0.0,0.0,0.0,0.0,0.0,0.0,0.0,0.0,0.0,0.0,0.0,0.0,0.0,0.0,0.0,0.0,0.0,0.0,0.0,0.0,0.0,0.0,0.0,0.0,0.0,0.0,0.0,0.0,0.0,0.0,0.0,0.0
72.05000000000001,0.00025015071580625193,0.0003376692567148996,0.00036264596500088197,0.0002750839005896564,0.00026256334340657444,0.0001750304115339891,0.0001625219404619485,0.00011251012591132243,5.000231260695381e-05,6.250109376913563e-05,2.5000250002497892e-05,5.0000312501948874e-05,7.500009375011079e-05,2.499999999999787e-05,2.499999999999787e-05,1.2499999999998935e-05,0.0,1.2499999999998935e-05,0.0,0.0,0.0,0.0,0.0,0.0,0.0,0.0,0.0,0.0,0.0,0.0,0.0,0.0,0.0,0.0,0.0,0.0,0.0,0.0,0.0,0.0,0.0,0.0,0.0,0.0,0.0,0.0,0.0,0.0,0.0,0.0,0.0,0.0,0.0,0.0,0.0,0.0,0.0,0.0,0.0,0.0,0.0,0.0,0.0,0.0,0.0,0.0,0.0,0.0,0.0,0.0,0.0,0.0,0.0,0.0,0.0,0.0,0.0,0.0,0.0,0.0,0.0,0.0,0.0
72.15,0.00036271853791911685,0.00027513791287884614,0.00033763589844914497,0.0002750839005896955,0.000250060327053916,0.00015002606702915484,0.00020002700364550352,0.00011251012591133842,2.5001156303480457e-05,3.7500656261486706e-05,8.750087500875507e-05,6.250039062744497e-05,0.0,3.750000000000213e-05,5.000000000000284e-05,0.0,1.250000000000071e-05,0.0,0.0,0.0,0.0,0.0,0.0,0.0,0.0,0.0,0.0,0.0,0.0,0.0,0.0,0.0,0.0,0.0,0.0,0.0,0.0,0.0,0.0,0.0,0.0,0.0,0.0,0.0,0.0,0.0,0.0,0.0,0.0,0.0,0.0,0.0,0.0,0.0,0.0,0.0,0.0,0.0,0.0,0.0,0.0,0.0,0.0,0.0,0.0,0.0,0.0,0.0,0.0,0.0,0.0,0.0,0.0,0.0,0.0,0.0,0.0,0.0,0.0,0.0,0.0,0.0,0.0
72.25,0.00032519593054817375,0.00040020060055104896,0.00031262583189735647,0.00023757245960019156,0.00027506635975930755,0.00011251955027186613,0.00013751856500628367,0.00012501125101259825,0.00015000693782088275,6.250109376914451e-05,6.250062500625362e-05,6.250039062744497e-05,3.750004687506073e-05,5.000000000000284e-05,5.000000000000284e-05,1.250000000000071e-05,1.250000000000071e-05,0.0,0.0,0.0,0.0,0.0,0.0,0.0,0.0,0.0,0.0,0.0,0.0,0.0,0.0,0.0,0.0,0.0,0.0,0.0,0.0,0.0,0.0,0.0,0.0,0.0,0.0,0.0,0.0,0.0,0.0,0.0,0.0,0.0,0.0,0.0,0.0,0.0,0.0,0.0,0.0,0.0,0.0,0.0,0.0,0.0,0.0,0.0,0.0,0.0,0.0,0.0,0.0,0.0,0.0,0.0,0.0,0.0,0.0,0.0,0.0,0.0,0.0,0.0,0.0,0.0,0.0
72.35,0.00040024114529000314,0.0003501755254821181,0.00028761576534552704,0.0001625495776211606,0.00026256334340657444,0.00012502172252427794,8.751181409489535e-05,0.00010000900081006437,0.00012500578151738453,0.0001375024062920984,0.0,2.5000156250974437e-05,1.2500015625018466e-05,1.2499999999998935e-05,3.7499999999996805e-05,0.0,0.0,0.0,0.0,0.0,0.0,0.0,0.0,0.0,0.0,0.0,0.0,0.0,0.0,0.0,0.0,0.0,0.0,0.0,0.0,0.0,0.0,0.0,0.0,0.0,0.0,0.0,0.0,0.0,0.0,0.0,0.0,0.0,0.0,0.0,0.0,0.0,0.0,0.0,0.0,0.0,0.0,0.0,0.0,0.0,0.0,0.0,0.0,0.0,0.0,0.0,0.0,0.0,0.0,0.0,0.0,0.0,0.0,0.0,0.0,0.0,0.0,0.0,0.0,0.0,0.0,0.0,0.0
72.45,0.0003502110021288025,0.0002626316441116259,0.00030012079862146217,0.00017505339128435167,0.00017504222893774117,0.0001250217225242957,0.00010001350182275176,0.00012501125101259825,0.00010000462521392183,8.750153127680232e-05,5.000050000500289e-05,1.2500078125488996e-05,1.2500015625020242e-05,2.500000000000142e-05,0.0,3.750000000000213e-05,0.0,0.0,0.0,0.0,0.0,0.0,0.0,0.0,0.0,0.0,0.0,0.0,0.0,0.0,0.0,0.0,0.0,0.0,0.0,0.0,0.0,0.0,0.0,0.0,0.0,0.0,0.0,0.0,0.0,0.0,0.0,0.0,0.0,0.0,0.0,0.0,0.0,0.0,0.0,0.0,0.0,0.0,0.0,0.0,0.0,0.0,0.0,0.0,0.0,0.0,0.0,0.0,0.0,0.0,0.0,0.0,0.0,0.0,0.0,0.0,0.0,0.0,0.0,0.0,0.0,0.0,0.0
72.55000000000001,0.00031268839475781496,0.00041270686931821056,0.00016256543258660224,0.000375114409894986,0.0002375573107011864,0.00022503910054370028,0.00022503037910115946,0.00011251012591132243,7.500346891043071e-05,7.500131252296276e-05,8.750087500874263e-05,2.5000156250974437e-05,3.7500046875055395e-05,2.499999999999787e-05,0.0,1.2499999999998935e-05,0.0,0.0,0.0,0.0,0.0,0.0,0.0,0.0,0.0,0.0,0.0,0.0,0.0,0.0,0.0,0.0,0.0,0.0,0.0,0.0,0.0,0.0,0.0,0.0,0.0,0.0,0.0,0.0,0.0,0.0,0.0,0.0,0.0,0.0,0.0,0.0,0.0,0.0,0.0,0.0,0.0,0.0,0.0,0.0,0.0,0.0,0.0,0.0,0.0,0.0,0.0,0.0,0.0,0.0,0.0,0.0,0.0,0.0,0.0,0.0,0.0,0.0,0.0,0.0,0.0,0.0,0.0
72.65,0.0004252562168706888,0.000312656719180507,0.00027511073206967367,0.00022506864593702358,0.00023755731070122018,0.0001625282392815844,0.00013751856500628367,0.00012501125101259825,0.00012500578151740228,7.500131252297341e-05,1.2500125001250723e-05,2.500015625097799e-05,1.2500015625020242e-05,3.750000000000213e-05,2.500000000000142e-05,0.0,0.0,1.250000000000071e-05,0.0,0.0,0.0,0.0,0.0,0.0,0.0,0.0,0.0,0.0,0.0,0.0,0.0,0.0,0.0,0.0,0.0,0.0,0.0,0.0,0.0,0.0,0.0,0.0,0.0,0.0,0.0,0.0,0.0,0.0,0.0,0.0,0.0,0.0,0.0,0.0,0.0,0.0,0.0,0.0,0.0,0.0,0.0,0.0,0.0,0.0,0.0,0.0,0.0,0.0,0.0,0.0,0.0,0.0,0.0,0.0,0.0,0.0,0.0,0.0,0.0,0.0,0.0,0.0,0.0
72.75,0.00031268839475785936,0.0002501253753444056,0.00022509059896609664,0.00028758771425286346,0.00013753317987965377,0.00022503910054373226,0.00012501687727843968,0.00013751237611385806,6.250289075870114e-05,8.750153127680232e-05,2.5000250002501446e-05,8.750054687842296e-05,2.5000031250040483e-05,1.250000000000071e-05,2.500000000000142e-05,1.250000000000071e-05,0.0,0.0,0.0,0.0,0.0,0.0,0.0,0.0,0.0,0.0,0.0,0.0,0.0,0.0,0.0,0.0,0.0,0.0,0.0,0.0,0.0,0.0,0.0,0.0,0.0,0.0,0.0,0.0,0.0,0.0,0.0,0.0,0.0,0.0,0.0,0.0,0.0,0.0,0.0,0.0,0.0,0.0,0.0,0.0,0.0,0.0,0.0,0.0,0.0,0.0,0.0,0.0,0.0,0.0,0.0,0.0,0.0,0.0,0.0,0.0,0.0,0.0,0.0,0.0,0.0,0.0,0.0
72.85,0.0002876733231771897,0.00022511283780993305,0.00017507046586249473,0.0002000610186106592,0.00021255127799579837,0.0002000347560388447,0.00011251518955057973,8.750787570880633e-05,0.00013750635966912298,7.500131252296276e-05,6.250062500624473e-05,2.5000156250974437e-05,2.5000031250036932e-05,1.2499999999998935e-05,1.2499999999998935e-05,0.0,1.2499999999998935e-05,0.0,1.2499999999998935e-05,0.0,0.0,0.0,0.0,0.0,0.0,0.0,0.0,0.0,0.0,0.0,0.0,0.0,0.0,0.0,0.0,0.0,0.0,0.0,0.0,0.0,0.0,0.0,0.0,0.0,0.0,0.0,0.0,0.0,0.0,0.0,0.0,0.0,0.0,0.0,0.0,0.0,0.0,0.0,0.0,0.0,0.0,0.0,0.0,0.0,0.0,0.0,0.0,0.0,0.0,0.0,0.0,0.0,0.0,0.0,0.0,0.0,0.0,0.0,0.0,0.0,0.0,0.0,0.0
72.95,0.000300180858967545,0.0003626817942493881,0.00016256543258662536,0.0003250991552423674,0.00022505429434852437,0.00010001737801943656,0.00010001350182275176,0.00010000900081007859,0.00013750635966914253,6.250109376914451e-05,5.000050000500289e-05,3.750023437646698e-05,1.2500015625020242e-05,0.0,3.750000000000213e-05,0.0,0.0,0.0,0.0,0.0,0.0,0.0,0.0,0.0,0.0,0.0,0.0,0.0,0.0,0.0,0.0,0.0,0.0,0.0,0.0,0.0,0.0,0.0,0.0,0.0,0.0,0.0,0.0,0.0,0.0,0.0,0.0,0.0,0.0,0.0,0.0,0.0,0.0,0.0,0.0,0.0,0.0,0.0,0.0,0.0,0.0,0.0,0.0,0.0,0.0,0.0,0.0,0.0,0.0,0.0,0.0,0.0,0.0,0.0,0.0,0.0,0.0,0.0,0.0,0.0,0.0,0.0,0.0
73.05000000000001,0.00031268839475781496,0.00028764418164602557,0.0002501006655178496,0.0002000610186106592,0.00021255127799579837,0.00011251955027185014,7.501012636705316e-05,0.00011251012591132243,3.7501734455215354e-05,5.0000875015308504e-05,3.750037500374684e-05,3.7500234376461656e-05,1.2500015625018466e-05,1.2499999999998935e-05,1.2499999999998935e-05,0.0,0.0,1.2499999999998935e-05,0.0,0.0,0.0,0.0,0.0,0.0,0.0,0.0,0.0,0.0,0.0,0.0,0.0,0.0,0.0,0.0,0.0,0.0,0.0,0.0,0.0,0.0,0.0,0.0,0.0,0.0,0.0,0.0,0.0,0.0,0.0,0.0,0.0,0.0,0.0,0.0,0.0,0.0,0.0,0.0,0.0,0.0,0.0,0.0,0.0,0.0,0.0,0.0,0.0,0.0,0.0,0.0,0.0,0.0,0.0,0.0,0.0,0.0,0.0,0.0,0.0,0.0,0.0,0.0,0.0
73.15,0.000300180858967545,0.0002501253753444056,0.0002375956322419909,0.00023757245960019156,0.00020004826164313278,0.000262545617301021,0.00017502362818981558,7.500675060755894e-05,0.00010000462521392183,6.250109376914451e-05,5.000050000500289e-05,3.750023437646698e-05,1.2500015625020242e-05,1.250000000000071e-05,2.500000000000142e-05,1.250000000000071e-05,0.0,0.0,0.0,0.0,0.0,0.0,0.0,0.0,0.0,0.0,0.0,0.0,0.0,0.0,0.0,0.0,0.0,0.0,0.0,0.0,0.0,0.0,0.0,0.0,0.0,0.0,0.0,0.0,0.0,0.0,0.0,0.0,0.0,0.0,0.0,0.0,0.0,0.0,0.0,0.0,0.0,0.0,0.0,0.0,0.0,0.0,0.0,0.0,0.0,0.0,0.0,0.0,0.0,0.0,0.0,0.0,0.0,0.0,0.0,0.0,0.0,0.0,0.0,0.0,0.0,0.0,0.0
73.25,0.0002626582515966019,0.0003626817942493881,0.00031262583189735647,0.00022506864593702358,0.00013753317987965377,0.0002125369282913027,0.00015002025273412763,0.00011251012591133842,8.750404706218159e-05,0.00010000175003063122,2.5000250002501446e-05,6.250039062744497e-05,1.2500015625020242e-05,1.250000000000071e-05,2.500000000000142e-05,1.250000000000071e-05,0.0,0.0,0.0,0.0,0.0,0.0,0.0,0.0,0.0,0.0,0.0,0.0,0.0,0.0,0.0,0.0,0.0,0.0,0.0,0.0,0.0,0.0,0.0,0.0,0.0,0.0,0.0,0.0,0.0,0.0,0.0,0.0,0.0,0.0,0.0,0.0,0.0,0.0,0.0,0.0,0.0,0.0,0.0,0.0,0.0,0.0,0.0,0.0,0.0,0.0,0.0,0.0,0.0,0.0,0.0,0.0,0.0,0.0,0.0,0.0,0.0,0.0,0.0,0.0,0.0,0.0,0.0
73.35,0.00041274868108031573,0.00036268179424933655,0.00028761576534552704,0.0002125648322738254,0.0001250301635269402,0.00015002606702913354,0.0002000270036454751,0.0001375123761138385,0.00013750635966912298,7.500131252296276e-05,3.750037500374684e-05,5.0000312501948874e-05,1.2500015625018466e-05,4.999999999999574e-05,1.2499999999998935e-05,1.2499999999998935e-05,0.0,0.0,0.0,0.0,0.0,0.0,0.0,0.0,0.0,0.0,0.0,0.0,0.0,0.0,0.0,0.0,0.0,0.0,0.0,0.0,0.0,0.0,0.0,0.0,0.0,0.0,0.0,0.0,0.0,0.0,0.0,0.0,0.0,0.0,0.0,0.0,0.0,0.0,0.0,0.0,0.0,0.0,0.0,0.0,0.0,0.0,0.0,0.0,0.0,0.0,0.0,0.0,0.0,0.0,0.0,0.0,0.0,0.0,0.0,0.0,0.0,0.0,0.0,0.0,0.0,0.0,0.0
73.45,0.00033770346633848813,0.0002501253753444056,0.00027511073206967367,0.00020006101861068764,0.00017504222893774117,0.0001250217225242957,0.00015002025273412763,5.0004500405039296e-05,0.00010000462521392183,7.500131252297341e-05,3.750037500375217e-05,5.000031250195598e-05,0.0,1.250000000000071e-05,1.250000000000071e-05,0.0,0.0,0.0,0.0,0.0,0.0,0.0,0.0,0.0,0.0,0.0,0.0,0.0,0.0,0.0,0.0,0.0,0.0,0.0,0.0,0.0,0.0,0.0,0.0,0.0,0.0,0.0,0.0,0.0,0.0,0.0,0.0,0.0,0.0,0.0,0.0,0.0,0.0,0.0,0.0,0.0,0.0,0.0,0.0,0.0,0.0,0.0,0.0,0.0,0.0,0.0,0.0,0.0,0.0,0.0,0.0,0.0,0.0,0.0,0.0,0.0,0.0,0.0,0.0,0.0,0.0,0.0,0.0
73.55000000000001,0.00032519593054812756,0.00036268179424933655,0.0002751107320696346,0.0002750839005896564,0.00018754524529041033,0.0001750304115339891,0.0001625219404619485,0.00010000900081006437,6.250289075869226e-05,5.0000875015308504e-05,2.5000250002497892e-05,1.2500078125487219e-05,6.250007812509232e-05,3.7499999999996805e-05,2.499999999999787e-05,0.0,0.0,0.0,0.0,0.0,0.0,0.0,0.0,0.0,0.0,0.0,0.0,0.0,0.0,0.0,0.0,0.0,0.0,0.0,0.0,0.0,0.0,0.0,0.0,0.0,0.0,0.0,0.0,0.0,0.0,0.0,0.0,0.0,0.0,0.0,0.0,0.0,0.0,0.0,0.0,0.0,0.0,0.0,0.0,0.0,0.0,0.0,0.0,0.0,0.0,0.0,0.0,0.0,0.0,0.0,0.0,0.0,0.0,0.0,0.0,0.0,0.0,0.0,0.0,0.0,0.0,0.0,0.0
73.65,0.00036271853791911685,0.00035017552548216786,0.0002375956322419909,0.00023757245960019156,7.501809811617479e-05,0.00013752389477672528,0.00010001350182275176,0.00013751237611385806,6.250289075870114e-05,5.000087501531561e-05,6.250062500625362e-05,2.500015625097799e-05,3.750004687506073e-05,2.500000000000142e-05,1.250000000000071e-05,0.0,0.0,0.0,0.0,0.0,0.0,0.0,0.0,0.0,0.0,0.0,0.0,0.0,0.0,0.0,0.0,0.0,0.0,0.0,0.0,0.0,0.0,0.0,0.0,0.0,0.0,0.0,0.0,0.0,0.0,0.0,0.0,0.0,0.0,0.0,0.0,0.0,0.0,0.0,0.0,0.0,0.0,0.0,0.0,0.0,0.0,0.0,0.0,0.0,0.0,0.0,0.0,0.0,0.0,0.0,0.0,0.0,0.0,0.0,0.0,0.0,0.0,0.0,0.0,0.0,0.0,0.0,0.0
73.75,0.00028767332317723064,0.00021260656904274476,0.00025010066551788517,0.0002625800869265275,0.00020004826164313278,0.00013752389477672528,0.00013751856500628367,5.0004500405039296e-05,7.500346891044137e-05,0.00012500218753828902,1.2500125001250723e-05,2.500015625097799e-05,3.750004687506073e-05,0.0,1.250000000000071e-05,0.0,0.0,3.750000000000213e-05,0.0,0.0,0.0,0.0,0.0,0.0,0.0,0.0,0.0,0.0,0.0,0.0,0.0,0.0,0.0,0.0,0.0,0.0,0.0,0.0,0.0,0.0,0.0,0.0,0.0,0.0,0.0,0.0,0.0,0.0,0.0,0.0,0.0,0.0,0.0,0.0,0.0,0.0,0.0,0.0,0.0,0.0,0.0,0.0,0.0,0.0,0.0,0.0,0.0,0.0,0.0,0.0,0.0,0.0,0.0,0.0,0.0,0.0,0.0,0.0,0.0,0.0,0.0,0.0,0.0
73.85,0.00023764318001593936,0.00021260656904271454,0.00015006039931070978,0.0002625800869264902,0.00017504222893771631,0.0001625282392815613,0.0001875253159176329,6.250562550629024e-05,0.00010000462521390762,6.250109376913563e-05,6.250062500624473e-05,1.2500078125487219e-05,1.2500015625018466e-05,3.7499999999996805e-05,0.0,0.0,0.0,0.0,0.0,0.0,0.0,0.0,0.0,0.0,0.0,0.0,0.0,0.0,0.0,0.0,0.0,0.0,0.0,0.0,0.0,0.0,0.0,0.0,0.0,0.0,0.0,0.0,0.0,0.0,0.0,0.0,0.0,0.0,0.0,0.0,0.0,0.0,0.0,0.0,0.0,0.0,0.0,0.0,0.0,0.0,0.0,0.0,0.0,0.0,0.0,0.0,0.0,0.0,0.0,0.0,0.0,0.0,0.0,0.0,0.0,0.0,0.0,0.0,0.0,0.0,0.0,0.0,0.0
73.95,0.00023764318001597313,0.0002626316441116259,0.00018757549913841386,0.00020006101861068764,0.000125030163526958,0.0002000347560388731,0.00011251518955059572,8.750787570881877e-05,7.500346891044137e-05,7.500131252297341e-05,3.750037500375217e-05,2.500015625097799e-05,1.2500015625020242e-05,0.0,2.500000000000142e-05,1.250000000000071e-05,0.0,0.0,0.0,0.0,0.0,0.0,0.0,0.0,0.0,0.0,0.0,0.0,0.0,0.0,0.0,0.0,0.0,0.0,0.0,0.0,0.0,0.0,0.0,0.0,0.0,0.0,0.0,0.0,0.0,0.0,0.0,0.0,0.0,0.0,0.0,0.0,0.0,0.0,0.0,0.0,0.0,0.0,0.0,0.0,0.0,0.0,0.0,0.0,0.0,0.0,0.0,0.0,0.0,0.0,0.0,0.0,0.0,0.0,0.0,0.0,0.0,0.0,0.0,0.0,0.0,0.0,0.0
74.05000000000001,0.00035021100212875275,0.00022511283780993305,0.00036264596500088197,0.00023757245960015779,0.00010002413082155218,0.00011251955027185014,0.00011251518955057973,3.7503375303774146e-05,5.000231260695381e-05,5.0000875015308504e-05,1.2500125001248946e-05,2.5000156250974437e-05,1.2500015625018466e-05,1.2499999999998935e-05,3.7499999999996805e-05,0.0,0.0,0.0,0.0,0.0,0.0,0.0,0.0,0.0,0.0,0.0,0.0,0.0,0.0,0.0,0.0,0.0,0.0,0.0,0.0,0.0,0.0,0.0,0.0,0.0,0.0,0.0,0.0,0.0,0.0,0.0,0.0,0.0,0.0,0.0,0.0,0.0,0.0,0.0,0.0,0.0,0.0,0.0,0.0,0.0,0.0,0.0,0.0,0.0,0.0,0.0,0.0,0.0,0.0,0.0,0.0,0.0,0.0,0.0,0.0,0.0,0.0,0.0,0.0,0.0,0.0,0.0,0.0
74.15,0.00028767332317723064,0.00017508776274108393,0.00022509059896609664,0.0002125648322738556,0.000125030163526958,0.00013752389477672528,0.00010001350182275176,5.0004500405039296e-05,6.250289075870114e-05,2.5000437507657806e-05,8.750087500875507e-05,6.250039062744497e-05,0.0,0.0,0.0,0.0,0.0,0.0,0.0,0.0,0.0,0.0,0.0,0.0,0.0,0.0,0.0,0.0,0.0,0.0,0.0,0.0,0.0,0.0,0.0,0.0,0.0,0.0,0.0,0.0,0.0,0.0,0.0,0.0,0.0,0.0,0.0,0.0,0.0,0.0,0.0,0.0,0.0,0.0,0.0,0.0,0.0,0.0,0.0,0.0,0.0,0.0,0.0,0.0,0.0,0.0,0.0,0.0,0.0,0.0,0.0,0.0,0.0,0.0,0.0,0.0,0.0,0.0,0.0,0.0,0.0,0.0,0.0
74.25,0.00027516578738691626,0.00017508776274108393,0.0002876157653455679,0.00023757245960019156,0.000125030163526958,0.0001250217225242957,0.00015002025273412763,0.00013751237611385806,6.250289075870114e-05,7.500131252297341e-05,5.000050000500289e-05,5.000031250195598e-05,5.0000062500080966e-05,3.750000000000213e-05,1.250000000000071e-05,0.0,1.250000000000071e-05,0.0,0.0,0.0,0.0,0.0,0.0,0.0,0.0,0.0,0.0,0.0,0.0,0.0,0.0,0.0,0.0,0.0,0.0,0.0,0.0,0.0,0.0,0.0,0.0,0.0,0.0,0.0,0.0,0.0,0.0,0.0,0.0,0.0,0.0,0.0,0.0,0.0,0.0,0.0,0.0,0.0,0.0,0.0,0.0,0.0,0.0,0.0,0.0,0.0,0.0,0.0,0.0,0.0,0.0,0.0,0.0,0.0,0.0,0.0,0.0,0.0,0.0,0.0,0.0,0.0,0.0
74.35,0.00032519593054812756,0.00021260656904271454,0.0002000805324142797,0.0001625495776211606,0.0002500603270538804,0.00013752389477670574,7.501012636705316e-05,0.00011251012591132243,0.00010000462521390762,6.250109376913563e-05,3.750037500374684e-05,2.5000156250974437e-05,1.2500015625018466e-05,3.7499999999996805e-05,0.0,1.2499999999998935e-05,0.0,0.0,0.0,0.0,0.0,0.0,0.0,0.0,0.0,0.0,0.0,0.0,0.0,0.0,0.0,0.0,0.0,0.0,0.0,0.0,0.0,0.0,0.0,0.0,0.0,0.0,0.0,0.0,0.0,0.0,0.0,0.0,0.0,0.0,0.0,0.0,0.0,0.0,0.0,0.0,0.0,0.0,0.0,0.0,0.0,0.0,0.0,0.0,0.0,0.0,0.0,0.0,0.0,0.0,0.0,0.0,0.0,0.0,0.0,0.0,0.0,0.0,0.0,0.0,0.0,0.0,0.0
74.45,0.00036271853791911685,0.00020010030027552448,0.00030012079862146217,0.00020006101861068764,0.00018754524529043698,0.000175030411534014,0.00013751856500628367,0.00012501125101259825,7.500346891044137e-05,1.2500218753828903e-05,5.000050000500289e-05,1.2500078125488996e-05,5.0000062500080966e-05,3.750000000000213e-05,1.250000000000071e-05,1.250000000000071e-05,0.0,0.0,0.0,0.0,0.0,0.0,0.0,0.0,0.0,0.0,0.0,0.0,0.0,0.0,0.0,0.0,0.0,0.0,0.0,0.0,0.0,0.0,0.0,0.0,0.0,0.0,0.0,0.0,0.0,0.0,0.0,0.0,0.0,0.0,0.0,0.0,0.0,0.0,0.0,0.0,0.0,0.0,0.0,0.0,0.0,0.0,0.0,0.0,0.0,0.0,0.0,0.0,0.0,0.0,0.0,0.0,0.0,0.0,0.0,0.0,0.0,0.0,0.0,0.0,0.0,0.0,0.0
74.55000000000001,0.0002626582515965645,0.0003376692567148996,0.00017507046586249473,0.0002625800869264902,0.00016253921258502227,0.00011251955027185014,8.751181409489535e-05,6.250562550629024e-05,8.750404706216917e-05,5.0000875015308504e-05,1.2500125001248946e-05,1.2500078125487219e-05,1.2500015625018466e-05,4.999999999999574e-05,0.0,0.0,0.0,0.0,0.0,0.0,0.0,0.0,0.0,0.0,0.0,0.0,0.0,0.0,0.0,0.0,0.0,0.0,0.0,0.0,0.0,0.0,0.0,0.0,0.0,0.0,0.0,0.0,0.0,0.0,0.0,0.0,0.0,0.0,0.0,0.0,0.0,0.0,0.0,0.0,0.0,0.0,0.0,0.0,0.0,0.0,0.0,0.0,0.0,0.0,0.0,0.0,0.0,0.0,0.0,0.0,0.0,0.0,0.0,0.0,0.0,0.0,0.0,0.0,0.0,0.0,0.0,0.0,0.0
74.65,0.00033770346633848813,0.00032516298794772725,0.00027511073206967367,0.00013754195029484775,0.00017504222893774117,0.00011251955027186613,0.00016252194046197162,0.00011251012591133842,0.00010000462521392183,7.500131252297341e-05,1.2500125001250723e-05,3.750023437646698e-05,2.5000031250040483e-05,0.0,3.750000000000213e-05,0.0,0.0,0.0,0.0,0.0,0.0,0.0,0.0,0.0,0.0,0.0,0.0,0.0,0.0,0.0,0.0,0.0,0.0,0.0,0.0,0.0,0.0,0.0,0.0,0.0,0.0,0.0,0.0,0.0,0.0,0.0,0.0,0.0,0.0,0.0,0.0,0.0,0.0,0.0,0.0,0.0,0.0,0.0,0.0,0.0,0.0,0.0,0.0,0.0,0.0,0.0,0.0,0.0,0.0,0.0,0.0,0.0,0.0,0.0,0.0,0.0,0.0,0.0,0.0,0.0,0.0,0.0,0.0
74.75,0.0003502110021288025,0.00020010030027552448,0.0002125855656902024,0.0002125648322738556,0.00011252714717426219,0.00011251955027186613,0.00010001350182275176,6.250562550629913e-05,5.000231260696091e-05,2.5000437507657806e-05,3.750037500375217e-05,1.2500078125488996e-05,2.5000031250040483e-05,0.0,1.250000000000071e-05,0.0,0.0,0.0,0.0,0.0,0.0,0.0,0.0,0.0,0.0,0.0,0.0,0.0,0.0,0.0,0.0,0.0,0.0,0.0,0.0,0.0,0.0,0.0,0.0,0.0,0.0,0.0,0.0,0.0,0.0,0.0,0.0,0.0,0.0,0.0,0.0,0.0,0.0,0.0,0.0,0.0,0.0,0.0,0.0,0.0,0.0,0.0,0.0,0.0,0.0,0.0,0.0,0.0,0.0,0.0,0.0,0.0,0.0,0.0,0.0,0.0,0.0,0.0,0.0,0.0,0.0,0.0,0.0
74.85,0.00021262810843531417,0.00028764418164602557,0.00021258556569017217,0.0001750533912843268,0.0001250301635269402,8.751520576699455e-05,3.750506318352658e-05,7.500675060754829e-05,0.00010000462521390762,2.5000437507654252e-05,3.750037500374684e-05,1.2500078125487219e-05,3.7500046875055395e-05,1.2499999999998935e-05,0.0,0.0,1.2499999999998935e-05,0.0,0.0,0.0,0.0,0.0,0.0,0.0,0.0,0.0,0.0,0.0,0.0,0.0,0.0,0.0,0.0,0.0,0.0,0.0,0.0,0.0,0.0,0.0,0.0,0.0,0.0,0.0,0.0,0.0,0.0,0.0,0.0,0.0,0.0,0.0,0.0,0.0,0.0,0.0,0.0,0.0,0.0,0.0,0.0,0.0,0.0,0.0,0.0,0.0,0.0,0.0,0.0,0.0,0.0,0.0,0.0,0.0,0.0,0.0,0.0,0.0,0.0,0.0,0.0,0.0,0.0
74.95,0.0002126281084353444,0.0002626316441116259,0.00020008053241430814,0.00012503813663167977,0.000250060327053916,0.00013752389477672528,0.00013751856500628367,0.00018751687651889735,7.500346891044137e-05,3.7500656261486706e-05,7.500075000750434e-05,3.750023437646698e-05,1.2500015625020242e-05,3.750000000000213e-05,1.250000000000071e-05,0.0,0.0,0.0,0.0,0.0,0.0,0.0,0.0,0.0,0.0,0.0,0.0,0.0,0.0,0.0,0.0,0.0,0.0,0.0,0.0,0.0,0.0,0.0,0.0,0.0,0.0,0.0,0.0,0.0,0.0,0.0,0.0,0.0,0.0,0.0,0.0,0.0,0.0,0.0,0.0,0.0,0.0,0.0,0.0,0.0,0.0,0.0,0.0,0.0,0.0,0.0,0.0,0.0,0.0,0.0,0.0,0.0,0.0,0.0,0.0,0.0,0.0,0.0,0.0,0.0,0.0,0.0,0.0
75.05000000000001,0.00023764318001593936,0.00017508776274105905,0.0002626056987937421,0.000125038136631662,0.0002375573107011864,0.00012502172252427794,0.00010001350182273755,6.250562550629024e-05,5.000231260695381e-05,3.750065626148138e-05,3.750037500374684e-05,1.2500078125487219e-05,1.2500015625018466e-05,1.2499999999998935e-05,0.0,1.2499999999998935e-05,0.0,1.2499999999998935e-05,0.0,0.0,0.0,0.0,0.0,0.0,0.0,0.0,0.0,0.0,0.0,0.0,0.0,0.0,0.0,0.0,0.0,0.0,0.0,0.0,0.0,0.0,0.0,0.0,0.0,0.0,0.0,0.0,0.0,0.0,0.0,0.0,0.0,0.0,0.0,0.0,0.0,0.0,0.0,0.0,0.0,0.0,0.0,0.0,0.0,0.0,0.0,0.0,0.0,0.0,0.0,0.0,0.0,0.0,0.0,0.0,0.0,0.0,0.0,0.0,0.0,0.0,0.0,0.0,0.0
75.15,0.00023764318001597313,0.0001875940315083042,0.00022509059896609664,0.00017505339128435167,8.752111446887058e-05,0.00015002606702915484,6.250843863921984e-05,0.00011251012591133842,5.000231260696091e-05,5.000087501531561e-05,2.5000250002501446e-05,2.500015625097799e-05,0.0,3.750000000000213e-05,0.0,0.0,0.0,0.0,0.0,0.0,0.0,0.0,0.0,0.0,0.0,0.0,0.0,0.0,0.0,0.0,0.0,0.0,0.0,0.0,0.0,0.0,0.0,0.0,0.0,0.0,0.0,0.0,0.0,0.0,0.0,0.0,0.0,0.0,0.0,0.0,0.0,0.0,0.0,0.0,0.0,0.0,0.0,0.0,0.0,0.0,0.0,0.0,0.0,0.0,0.0,0.0,0.0,0.0,0.0,0.0,0.0,0.0,0.0,0.0,0.0,0.0,0.0,0.0,0.0,0.0,0.0,0.0,0.0
75.25,0.0001500904294837725,0.00027513791287884614,0.0002375956322419909,0.0001625495776211837,0.00015003619623234958,0.00018753258378644355,0.00015002025273412763,7.500675060755894e-05,6.250289075870114e-05,3.7500656261486706e-05,3.750037500375217e-05,0.0,1.2500015625020242e-05,1.250000000000071e-05,0.0,0.0,1.250000000000071e-05,0.0,0.0,0.0,0.0,0.0,0.0,0.0,0.0,0.0,0.0,0.0,0.0,0.0,0.0,0.0,0.0,0.0,0.0,0.0,0.0,0.0,0.0,0.0,0.0,0.0,0.0,0.0,0.0,0.0,0.0,0.0,0.0,0.0,0.0,0.0,0.0,0.0,0.0,0.0,0.0,0.0,0.0,0.0,0.0,0.0,0.0,0.0,0.0,0.0,0.0,0.0,0.0,0.0,0.0,0.0,0.0,0.0,0.0,0.0,0.0,0.0,0.0,0.0,0.0,0.0,0.0
75.35,0.00017510550106437638,0.00022511283780993305,0.00030012079862141956,0.0001375419502948282,0.00017504222893771631,0.00015002606702913354,0.00011251518955057973,0.00010000900081006437,0.00010000462521390762,5.0000875015308504e-05,3.750037500374684e-05,1.2500078125487219e-05,1.2500015625018466e-05,1.2499999999998935e-05,1.2499999999998935e-05,0.0,0.0,0.0,0.0,0.0,0.0,0.0,0.0,0.0,0.0,0.0,0.0,0.0,0.0,0.0,0.0,0.0,0.0,0.0,0.0,0.0,0.0,0.0,0.0,0.0,0.0,0.0,0.0,0.0,0.0,0.0,0.0,0.0,0.0,0.0,0.0,0.0,0.0,0.0,0.0,0.0,0.0,0.0,0.0,0.0,0.0,0.0,0.0,0.0,0.0,0.0,0.0,0.0,0.0,0.0,0.0,0.0,0.0,0.0,0.0,0.0,0.0,0.0,0.0,0.0,0.0,0.0,0.0
75.45,0.0002501507158062875,0.000312656719180507,0.00022509059896609664,0.0001625495776211837,0.00013753317987965377,0.00013752389477672528,5.000675091137588e-05,0.00010000900081007859,6.250289075870114e-05,2.5000437507657806e-05,6.250062500625362e-05,1.2500078125488996e-05,1.2500015625020242e-05,2.500000000000142e-05,1.250000000000071e-05,0.0,0.0,0.0,0.0,0.0,0.0,0.0,0.0,0.0,0.0,0.0,0.0,0.0,0.0,0.0,0.0,0.0,0.0,0.0,0.0,0.0,0.0,0.0,0.0,0.0,0.0,0.0,0.0,0.0,0.0,0.0,0.0,0.0,0.0,0.0,0.0,0.0,0.0,0.0,0.0,0.0,0.0,0.0,0.0,0.0,0.0,0.0,0.0,0.0,0.0,0.0,0.0,0.0,0.0,0.0,0.0,0.0,0.0,0.0,0.0,0.0,0.0,0.0,0.0,0.0,0.0,0.0,0.0
75.55000000000001,0.00016259796527406378,0.00020010030027549605,0.00021258556569017217,0.0001375419502948282,0.00015003619623232825,0.00012502172252427794,8.751181409489535e-05,7.500675060754829e-05,7.500346891043071e-05,3.750065626148138e-05,3.750037500374684e-05,1.2500078125487219e-05,2.5000031250036932e-05,2.499999999999787e-05,1.2499999999998935e-05,0.0,0.0,0.0,0.0,0.0,0.0,0.0,0.0,0.0,0.0,0.0,0.0,0.0,0.0,0.0,0.0,0.0,0.0,0.0,0.0,0.0,0.0,0.0,0.0,0.0,0.0,0.0,0.0,0.0,0.0,0.0,0.0,0.0,0.0,0.0,0.0,0.0,0.0,0.0,0.0,0.0,0.0,0.0,0.0,0.0,0.0,0.0,0.0,0.0,0.0,0.0,0.0,0.0,0.0,0.0,0.0,0.0,0.0,0.0,0.0,0.0,0.0,0.0,0.0,0.0,0.0,0.0,0.0
75.65,0.0003502110021288025,0.00028764418164606645,0.0001750704658625196,0.00011253432296851179,0.000125030163526958,0.00011251955027186613,0.00012501687727843968,6.250562550629913e-05,6.250289075870114e-05,3.7500656261486706e-05,6.250062500625362e-05,0.0,3.750004687506073e-05,1.250000000000071e-05,0.0,0.0,0.0,0.0,0.0,0.0,0.0,0.0,0.0,0.0,0.0,0.0,0.0,0.0,0.0,0.0,0.0,0.0,0.0,0.0,0.0,0.0,0.0,0.0,0.0,0.0,0.0,0.0,0.0,0.0,0.0,0.0,0.0,0.0,0.0,0.0,0.0,0.0,0.0,0.0,0.0,0.0,0.0,0.0,0.0,0.0,0.0,0.0,0.0,0.0,0.0,0.0,0.0,0.0,0.0,0.0,0.0,0.0,0.0,0.0,0.0,0.0,0.0,0.0,0.0,0.0,0.0,0.0,0.0
75.75,0.000300180858967545,0.0001875940315083042,0.0002626056987937794,0.00011253432296851179,0.00020004826164313278,0.00018753258378644355,5.000675091137588e-05,6.250562550629913e-05,3.7501734455220687e-05,3.7500656261486706e-05,2.5000250002501446e-05,6.250039062744497e-05,0.0,2.500000000000142e-05,0.0,0.0,0.0,0.0,0.0,0.0,0.0,0.0,0.0,0.0,0.0,0.0,0.0,0.0,0.0,0.0,0.0,0.0,0.0,0.0,0.0,0.0,0.0,0.0,0.0,0.0,0.0,0.0,0.0,0.0,0.0,0.0,0.0,0.0,0.0,0.0,0.0,0.0,0.0,0.0,0.0,0.0,0.0,0.0,0.0,0.0,0.0,0.0,0.0,0.0,0.0,0.0,0.0,0.0,0.0,0.0,0.0,0.0,0.0,0.0,0.0,0.0,0.0,0.0,0.0,0.0,0.0,0.0,0.0
75.85,0.00018761303685468897,0.00027513791287880706,0.00017507046586249473,0.0001375419502948282,0.0001250301635269402,0.00011251955027185014,8.751181409489535e-05,7.500675060754829e-05,0.00012500578151738453,5.0000875015308504e-05,0.0,3.7500234376461656e-05,5.0000062500073865e-05,0.0,0.0,0.0,0.0,0.0,0.0,0.0,0.0,0.0,0.0,0.0,0.0,0.0,0.0,0.0,0.0,0.0,0.0,0.0,0.0,0.0,0.0,0.0,0.0,0.0,0.0,0.0,0.0,0.0,0.0,0.0,0.0,0.0,0.0,0.0,0.0,0.0,0.0,0.0,0.0,0.0,0.0,0.0,0.0,0.0,0.0,0.0,0.0,0.0,0.0,0.0,0.0,0.0,0.0,0.0,0.0,0.0,0.0,0.0,0.0,0.0,0.0,0.0,0.0,0.0,0.0,0.0,0.0,0.0,0.0
75.95,0.000300180858967545,0.00021260656904274476,0.00015006039931073108,0.0001625495776211837,0.00013753317987965377,0.00013752389477672528,6.250843863921984e-05,8.750787570881877e-05,7.500346891044137e-05,0.0,2.5000250002501446e-05,1.2500078125488996e-05,1.2500015625020242e-05,2.500000000000142e-05,0.0,0.0,0.0,0.0,0.0,0.0,0.0,0.0,0.0,0.0,0.0,0.0,0.0,0.0,0.0,0.0,0.0,0.0,0.0,0.0,0.0,0.0,0.0,0.0,0.0,0.0,0.0,0.0,0.0,0.0,0.0,0.0,0.0,0.0,0.0,0.0,0.0,0.0,0.0,0.0,0.0,0.0,0.0,0.0,0.0,0.0,0.0,0.0,0.0,0.0,0.0,0.0,0.0,0.0,0.0,0.0,0.0,0.0,0.0,0.0,0.0,0.0,0.0,0.0,0.0,0.0,0.0,0.0,0.0
76.05000000000001,0.00022513564422562676,0.00026263164411158854,0.00023759563224195714,0.0002250686459369916,0.00010002413082155218,8.751520576699455e-05,5.000675091136877e-05,0.00010000900081006437,3.7501734455215354e-05,7.500131252296276e-05,1.2500125001248946e-05,3.7500234376461656e-05,2.5000031250036932e-05,0.0,0.0,0.0,3.7499999999996805e-05,0.0,0.0,0.0,0.0,0.0,0.0,0.0,0.0,0.0,0.0,0.0,0.0,0.0,0.0,0.0,0.0,0.0,0.0,0.0,0.0,0.0,0.0,0.0,0.0,0.0,0.0,0.0,0.0,0.0,0.0,0.0,0.0,0.0,0.0,0.0,0.0,0.0,0.0,0.0,0.0,0.0,0.0,0.0,0.0,0.0,0.0,0.0,0.0,0.0,0.0,0.0,0.0,0.0,0.0,0.0,0.0,0.0,0.0,0.0,0.0,0.0,0.0,0.0,0.0,0.0,0.0
76.15,0.0002126281084353444,0.00020010030027552448,0.0001750704658625196,0.0001625495776211837,0.0001625392125850454,0.00013752389477672528,2.500337545568794e-05,6.250562550629913e-05,8.750404706218159e-05,2.5000437507657806e-05,2.5000250002501446e-05,1.2500078125488996e-05,1.2500015625020242e-05,1.250000000000071e-05,1.250000000000071e-05,0.0,0.0,0.0,0.0,0.0,0.0,0.0,0.0,0.0,0.0,0.0,0.0,0.0,0.0,0.0,0.0,0.0,0.0,0.0,0.0,0.0,0.0,0.0,0.0,0.0,0.0,0.0,0.0,0.0,0.0,0.0,0.0,0.0,0.0,0.0,0.0,0.0,0.0,0.0,0.0,0.0,0.0,0.0,0.0,0.0,0.0,0.0,0.0,0.0,0.0,0.0,0.0,0.0,0.0,0.0,0.0,0.0,0.0,0.0,0.0,0.0,0.0,0.0,0.0,0.0,0.0,0.0,0.0
76.25,0.00022513564422565875,0.00016258149397386362,0.00020008053241430814,0.00017505339128435167,0.00015003619623234958,7.501303351457742e-05,0.00015002025273412763,5.0004500405039296e-05,2.5001156303480457e-05,3.7500656261486706e-05,2.5000250002501446e-05,1.2500078125488996e-05,0.0,1.250000000000071e-05,0.0,0.0,0.0,0.0,0.0,0.0,0.0,0.0,0.0,0.0,0.0,0.0,0.0,0.0,0.0,0.0,0.0,0.0,0.0,0.0,0.0,0.0,0.0,0.0,0.0,0.0,0.0,0.0,0.0,0.0,0.0,0.0,0.0,0.0,0.0,0.0,0.0,0.0,0.0,0.0,0.0,0.0,0.0,0.0,0.0,0.0,0.0,0.0,0.0,0.0,0.0,0.0,0.0,0.0,0.0,0.0,0.0,0.0,0.0,0.0,0.0,0.0,0.0,0.0,0.0,0.0,0.0,0.0,0.0
76.35,0.00018761303685468897,0.00022511283780993305,0.00021258556569017217,0.0001750533912843268,0.0001125271471742462,0.00012502172252427794,0.00010001350182273755,3.7503375303774146e-05,5.000231260695381e-05,6.250109376913563e-05,6.250062500624473e-05,0.0,1.2500015625018466e-05,3.7499999999996805e-05,0.0,0.0,0.0,0.0,0.0,0.0,0.0,0.0,0.0,0.0,0.0,0.0,0.0,0.0,0.0,0.0,0.0,0.0,0.0,0.0,0.0,0.0,0.0,0.0,0.0,0.0,0.0,0.0,0.0,0.0,0.0,0.0,0.0,0.0,0.0,0.0,0.0,0.0,0.0,0.0,0.0,0.0,0.0,0.0,0.0,0.0,0.0,0.0,0.0,0.0,0.0,0.0,0.0,0.0,0.0,0.0,0.0,0.0,0.0,0.0,0.0,0.0,0.0,0.0,0.0,0.0,0.0,0.0,0.0
76.45,0.0002126281084353444,0.0002376191065771853,0.00011254529948304832,0.00011253432296851179,0.00011252714717426219,8.7515205767007e-05,0.00012501687727843968,0.00011251012591133842,8.750404706218159e-05,5.000087501531561e-05,5.000050000500289e-05,2.500015625097799e-05,1.2500015625020242e-05,1.250000000000071e-05,0.0,0.0,0.0,0.0,0.0,0.0,0.0,0.0,0.0,0.0,0.0,0.0,0.0,0.0,0.0,0.0,0.0,0.0,0.0,0.0,0.0,0.0,0.0,0.0,0.0,0.0,0.0,0.0,0.0,0.0,0.0,0.0,0.0,0.0,0.0,0.0,0.0,0.0,0.0,0.0,0.0,0.0,0.0,0.0,0.0,0.0,0.0,0.0,0.0,0.0,0.0,0.0,0.0,0.0,0.0,0.0,0.0,0.0,0.0,0.0,0.0,0.0,0.0,0.0,0.0,0.0,0.0,0.0,0.0
76.55000000000001,0.00035021100212875275,0.00023761910657715154,0.0001250503327589248,0.0001125343229684958,0.0001125271471742462,0.00015002606702913354,7.501012636705316e-05,6.250562550629024e-05,1.2500578151738453e-05,5.0000875015308504e-05,2.5000250002497892e-05,3.7500234376461656e-05,2.5000031250036932e-05,0.0,1.2499999999998935e-05,1.2499999999998935e-05,0.0,0.0,0.0,0.0,0.0,0.0,0.0,0.0,0.0,0.0,0.0,0.0,0.0,0.0,0.0,0.0,0.0,0.0,0.0,0.0,0.0,0.0,0.0,0.0,0.0,0.0,0.0,0.0,0.0,0.0,0.0,0.0,0.0,0.0,0.0,0.0,0.0,0.0,0.0,0.0,0.0,0.0,0.0,0.0,0.0,0.0,0.0,0.0,0.0,0.0,0.0,0.0,0.0,0.0,0.0,0.0,0.0,0.0,0.0,0.0,0.0,0.0,0.0,0.0,0.0,0.0,0.0
76.65,0.0002126281084353444,0.0002626316441116259,0.0001750704658625196,0.00025007627326335954,7.501809811617479e-05,0.00010001737801943656,0.00010001350182275176,0.00011251012591133842,2.5001156303480457e-05,3.7500656261486706e-05,1.2500125001250723e-05,3.750023437646698e-05,6.250007812510121e-05,0.0,1.250000000000071e-05,0.0,0.0,0.0,0.0,0.0,0.0,0.0,0.0,0.0,0.0,0.0,0.0,0.0,0.0,0.0,0.0,0.0,0.0,0.0,0.0,0.0,0.0,0.0,0.0,0.0,0.0,0.0,0.0,0.0,0.0,0.0,0.0,0.0,0.0,0.0,0.0,0.0,0.0,0.0,0.0,0.0,0.0,0.0,0.0,0.0,0.0,0.0,0.0,0.0,0.0,0.0,0.0,0.0,0.0,0.0,0.0,0.0,0.0,0.0,0.0,0.0,0.0,0.0,0.0,0.0,0.0,0.0,0.0
76.75,0.00025015071580625193,0.00026263164411158854,0.00017507046586249473,0.0002125648322738254,0.0001250301635269402,6.251086126213897e-05,6.250843863921096e-05,8.750787570880633e-05,7.500346891043071e-05,2.5000437507654252e-05,1.2500125001248946e-05,2.5000156250974437e-05,2.5000031250036932e-05,1.2499999999998935e-05,0.0,0.0,0.0,0.0,0.0,0.0,0.0,0.0,0.0,0.0,0.0,0.0,0.0,0.0,0.0,0.0,0.0,0.0,0.0,0.0,0.0,0.0,0.0,0.0,0.0,0.0,0.0,0.0,0.0,0.0,0.0,0.0,0.0,0.0,0.0,0.0,0.0,0.0,0.0,0.0,0.0,0.0,0.0,0.0,0.0,0.0,0.0,0.0,0.0,0.0,0.0,0.0,0.0,0.0,0.0,0.0,0.0,0.0,0.0,0.0,0.0,0.0,0.0,0.0,0.0,0.0,0.0,0.0,0.0
76.85000000000001,0.00020012057264503,0.00020010030027552448,6.252516637947129e-05,8.752669564217584e-05,0.00011252714717426219,0.00011251955027186613,7.501012636706381e-05,3.750337530377947e-05,5.000231260696091e-05,2.5000437507657806e-05,1.2500125001250723e-05,0.0,3.750004687506073e-05,1.250000000000071e-05,0.0,0.0,0.0,0.0,0.0,0.0,0.0,0.0,0.0,0.0,0.0,0.0,0.0,0.0,0.0,0.0,0.0,0.0,0.0,0.0,0.0,0.0,0.0,0.0,0.0,0.0,0.0,0.0,0.0,0.0,0.0,0.0,0.0,0.0,0.0,0.0,0.0,0.0,0.0,0.0,0.0,0.0,0.0,0.0,0.0,0.0,0.0,0.0,0.0,0.0,0.0,0.0,0.0,0.0,0.0,0.0,0.0,0.0,0.0,0.0,0.0,0.0,0.0,0.0,0.0,0.0,0.0,0.0,0.0
76.95,0.000300180858967545,0.00020010030027552448,0.00016256543258662536,0.0001625495776211837,0.00017504222893774117,0.00010001737801943656,0.00015002025273412763,8.750787570881877e-05,0.0,1.2500218753828903e-05,3.750037500375217e-05,3.750023437646698e-05,0.0,2.500000000000142e-05,0.0,0.0,0.0,0.0,0.0,0.0,0.0,0.0,0.0,0.0,0.0,0.0,0.0,0.0,0.0,0.0,0.0,0.0,0.0,0.0,0.0,0.0,0.0,0.0,0.0,0.0,0.0,0.0,0.0,0.0,0.0,0.0,0.0,0.0,0.0,0.0,0.0,0.0,0.0,0.0,0.0,0.0,0.0,0.0,0.0,0.0,0.0,0.0,0.0,0.0,0.0,0.0,0.0,0.0,0.0,0.0,0.0,0.0,0.0,0.0,0.0,0.0,0.0,0.0,0.0,0.0,0.0,0.0,0.0
77.05000000000001,0.00016259796527406378,0.00021260656904271454,0.00022509059896606465,0.0001625495776211606,0.00020004826164310435,6.251086126213897e-05,0.00010001350182273755,7.500675060754829e-05,3.7501734455215354e-05,5.0000875015308504e-05,1.2500125001248946e-05,3.7500234376461656e-05,0.0,1.2499999999998935e-05,0.0,0.0,0.0,0.0,0.0,0.0,0.0,0.0,0.0,0.0,0.0,0.0,0.0,0.0,0.0,0.0,0.0,0.0,0.0,0.0,0.0,0.0,0.0,0.0,0.0,0.0,0.0,0.0,0.0,0.0,0.0,0.0,0.0,0.0,0.0,0.0,0.0,0.0,0.0,0.0,0.0,0.0,0.0,0.0,0.0,0.0,0.0,0.0,0.0,0.0,0.0,0.0,0.0,0.0,0.0,0.0,0.0,0.0,0.0,0.0,0.0,0.0,0.0,0.0,0.0,0.0,0.0,0.0,0.0
77.15,0.00027516578738691626,0.0002501253753444056,0.00010004026620715407,0.00013754195029484775,0.00013753317987965377,0.00011251955027186613,0.00010001350182275176,5.0004500405039296e-05,6.250289075870114e-05,6.250109376914451e-05,2.5000250002501446e-05,2.500015625097799e-05,3.750004687506073e-05,0.0,0.0,1.250000000000071e-05,0.0,0.0,0.0,0.0,0.0,0.0,0.0,0.0,0.0,0.0,0.0,0.0,0.0,0.0,0.0,0.0,0.0,0.0,0.0,0.0,0.0,0.0,0.0,0.0,0.0,0.0,0.0,0.0,0.0,0.0,0.0,0.0,0.0,0.0,0.0,0.0,0.0,0.0,0.0,0.0,0.0,0.0,0.0,0.0,0.0,0.0,0.0,0.0,0.0,0.0,0.0,0.0,0.0,0.0,0.0,0.0,0.0,0.0,0.0,0.0,0.0,0.0,0.0,0.0,0.0,0.0,0.0
77.25,0.00020012057264500157,0.00017508776274105905,7.503019965535489e-05,0.0001500457639579944,0.00015003619623232825,0.00013752389477670574,7.501012636705316e-05,7.500675060754829e-05,3.7501734455215354e-05,3.750065626148138e-05,2.5000250002497892e-05,0.0,1.2500015625018466e-05,1.2499999999998935e-05,0.0,0.0,1.2499999999998935e-05,0.0,0.0,0.0,0.0,0.0,0.0,0.0,0.0,0.0,0.0,0.0,0.0,0.0,0.0,0.0,0.0,0.0,0.0,0.0,0.0,0.0,0.0,0.0,0.0,0.0,0.0,0.0,0.0,0.0,0.0,0.0,0.0,0.0,0.0,0.0,0.0,0.0,0.0,0.0,0.0,0.0,0.0,0.0,0.0,0.0,0.0,0.0,0.0,0.0,0.0,0.0,0.0,0.0,0.0,0.0,0.0,0.0,0.0,0.0,0.0,0.0,0.0,0.0,0.0,0.0,0.0
77.35000000000001,0.00022513564422565875,0.00017508776274108393,0.00016256543258662536,0.00011253432296851179,0.00010002413082156639,5.000868900971828e-05,8.751181409490779e-05,5.0004500405039296e-05,3.7501734455220687e-05,2.5000437507657806e-05,1.2500125001250723e-05,1.2500078125488996e-05,1.2500015625020242e-05,0.0,1.250000000000071e-05,0.0,0.0,0.0,0.0,0.0,0.0,0.0,0.0,0.0,0.0,0.0,0.0,0.0,0.0,0.0,0.0,0.0,0.0,0.0,0.0,0.0,0.0,0.0,0.0,0.0,0.0,0.0,0.0,0.0,0.0,0.0,0.0,0.0,0.0,0.0,0.0,0.0,0.0,0.0,0.0,0.0,0.0,0.0,0.0,0.0,0.0,0.0,0.0,0.0,0.0,0.0,0.0,0.0,0.0,0.0,0.0,0.0,0.0,0.0,0.0,0.0,0.0,0.0,0.0,0.0,0.0,0.0,0.0
77.45,0.00016259796527408687,0.00020010030027552448,7.503019965536554e-05,0.0002125648322738556,0.00013753317987965377,0.00010001737801943656,0.00012501687727843968,8.750787570881877e-05,3.7501734455220687e-05,3.7500656261486706e-05,1.2500125001250723e-05,0.0,3.750004687506073e-05,0.0,0.0,0.0,0.0,0.0,0.0,0.0,0.0,0.0,0.0,0.0,0.0,0.0,0.0,0.0,0.0,0.0,0.0,0.0,0.0,0.0,0.0,0.0,0.0,0.0,0.0,0.0,0.0,0.0,0.0,0.0,0.0,0.0,0.0,0.0,0.0,0.0,0.0,0.0,0.0,0.0,0.0,0.0,0.0,0.0,0.0,0.0,0.0,0.0,0.0,0.0,0.0,0.0,0.0,0.0,0.0,0.0,0.0,0.0,0.0,0.0,0.0,0.0,0.0,0.0,0.0,0.0,0.0,0.0,0.0
77.55000000000001,0.00025015071580625193,0.00017508776274105905,0.00023759563224195714,0.0001125343229684958,0.00016253921258502227,0.00012502172252427794,6.250843863921096e-05,6.250562550629024e-05,3.7501734455215354e-05,2.5000437507654252e-05,1.2500125001248946e-05,1.2500078125487219e-05,1.2500015625018466e-05,0.0,0.0,1.2499999999998935e-05,0.0,0.0,0.0,0.0,0.0,0.0,0.0,0.0,0.0,0.0,0.0,0.0,0.0,0.0,0.0,0.0,0.0,0.0,0.0,0.0,0.0,0.0,0.0,0.0,0.0,0.0,0.0,0.0,0.0,0.0,0.0,0.0,0.0,0.0,0.0,0.0,0.0,0.0,0.0,0.0,0.0,0.0,0.0,0.0,0.0,0.0,0.0,0.0,0.0,0.0,0.0,0.0,0.0,0.0,0.0,0.0,0.0,0.0,0.0,0.0,0.0,0.0,0.0,0.0,0.0,0.0,0.0
77.65,0.00023764318001597313,0.0001875940315083042,0.00015006039931073108,0.00012503813663167977,0.00011252714717426219,6.251086126214785e-05,6.250843863921984e-05,7.500675060755894e-05,3.7501734455220687e-05,7.500131252297341e-05,0.0,2.500015625097799e-05,2.5000031250040483e-05,1.250000000000071e-05,0.0,0.0,0.0,0.0,0.0,0.0,0.0,0.0,0.0,0.0,0.0,0.0,0.0,0.0,0.0,0.0,0.0,0.0,0.0,0.0,0.0,0.0,0.0,0.0,0.0,0.0,0.0,0.0,0.0,0.0,0.0,0.0,0.0,0.0,0.0,0.0,0.0,0.0,0.0,0.0,0.0,0.0,0.0,0.0,0.0,0.0,0.0,0.0,0.0,0.0,0.0,0.0,0.0,0.0,0.0,0.0,0.0,0.0,0.0,0.0,0.0,0.0,0.0,0.0,0.0,0.0,0.0,0.0,0.0
77.75,0.00023764318001593936,0.00021260656904271454,0.00021258556569017217,0.000125038136631662,8.752111446885816e-05,6.251086126213897e-05,6.250843863921096e-05,5.000450040503219e-05,2.5001156303476906e-05,3.750065626148138e-05,2.5000250002497892e-05,1.2500078125487219e-05,1.2500015625018466e-05,1.2499999999998935e-05,0.0,0.0,0.0,0.0,0.0,0.0,0.0,0.0,0.0,0.0,0.0,0.0,0.0,0.0,0.0,0.0,0.0,0.0,0.0,0.0,0.0,0.0,0.0,0.0,0.0,0.0,0.0,0.0,0.0,0.0,0.0,0.0,0.0,0.0,0.0,0.0,0.0,0.0,0.0,0.0,0.0,0.0,0.0,0.0,0.0,0.0,0.0,0.0,0.0,0.0,0.0,0.0,0.0,0.0,0.0,0.0,0.0,0.0,0.0,0.0,0.0,0.0,0.0,0.0,0.0,0.0,0.0,0.0,0.0
77.85000000000001,0.0002501507158062875,0.00011255641890498252,0.00013755536603483683,0.00013754195029484775,0.00010002413082156639,6.251086126214785e-05,7.501012636706381e-05,5.0004500405039296e-05,3.7501734455220687e-05,6.250109376914451e-05,0.0,3.750023437646698e-05,2.5000031250040483e-05,1.250000000000071e-05,0.0,0.0,0.0,0.0,0.0,0.0,0.0,0.0,0.0,0.0,0.0,0.0,0.0,0.0,0.0,0.0,0.0,0.0,0.0,0.0,0.0,0.0,0.0,0.0,0.0,0.0,0.0,0.0,0.0,0.0,0.0,0.0,0.0,0.0,0.0,0.0,0.0,0.0,0.0,0.0,0.0,0.0,0.0,0.0,0.0,0.0,0.0,0.0,0.0,0.0,0.0,0.0,0.0,0.0,0.0,0.0,0.0,0.0,0.0,0.0,0.0,0.0,0.0,0.0,0.0,0.0,0.0,0.0,0.0
77.95,0.0002626582515966019,0.0001250626876722028,0.0001750704658625196,0.0001625495776211837,0.000125030163526958,6.251086126214785e-05,8.751181409490779e-05,0.00012501125101259825,2.5001156303480457e-05,0.0,1.2500125001250723e-05,1.2500078125488996e-05,1.2500015625020242e-05,0.0,0.0,0.0,0.0,0.0,0.0,0.0,0.0,0.0,0.0,0.0,0.0,0.0,0.0,0.0,0.0,0.0,0.0,0.0,0.0,0.0,0.0,0.0,0.0,0.0,0.0,0.0,0.0,0.0,0.0,0.0,0.0,0.0,0.0,0.0,0.0,0.0,0.0,0.0,0.0,0.0,0.0,0.0,0.0,0.0,0.0,0.0,0.0,0.0,0.0,0.0,0.0,0.0,0.0,0.0,0.0,0.0,0.0,0.0,0.0,0.0,0.0,0.0,0.0,0.0,0.0,0.0,0.0,0.0,0.0
78.05000000000001,0.00022513564422562676,0.00017508776274105905,8.753523293124736e-05,0.000125038136631662,8.752111446885816e-05,2.5004344504855588e-05,7.501012636705316e-05,6.250562550629024e-05,5.000231260695381e-05,2.5000437507654252e-05,8.750087500874263e-05,3.7500234376461656e-05,2.5000031250036932e-05,0.0,0.0,0.0,0.0,0.0,0.0,0.0,0.0,0.0,0.0,0.0,0.0,0.0,0.0,0.0,0.0,0.0,0.0,0.0,0.0,0.0,0.0,0.0,0.0,0.0,0.0,0.0,0.0,0.0,0.0,0.0,0.0,0.0,0.0,0.0,0.0,0.0,0.0,0.0,0.0,0.0,0.0,0.0,0.0,0.0,0.0,0.0,0.0,0.0,0.0,0.0,0.0,0.0,0.0,0.0,0.0,0.0,0.0,0.0,0.0,0.0,0.0,0.0,0.0,0.0,0.0,0.0,0.0,0.0,0.0
78.15,0.0001500904294837725,0.00015007522520664335,0.00016256543258662536,0.00010003050930534382,0.00013753317987965377,0.00010001737801943656,5.000675091137588e-05,3.750337530377947e-05,2.5001156303480457e-05,2.5000437507657806e-05,0.0,2.500015625097799e-05,1.2500015625020242e-05,0.0,0.0,0.0,0.0,0.0,0.0,0.0,0.0,0.0,0.0,0.0,0.0,0.0,0.0,0.0,0.0,0.0,0.0,0.0,0.0,0.0,0.0,0.0,0.0,0.0,0.0,0.0,0.0,0.0,0.0,0.0,0.0,0.0,0.0,0.0,0.0,0.0,0.0,0.0,0.0,0.0,0.0,0.0,0.0,0.0,0.0,0.0,0.0,0.0,0.0,0.0,0.0,0.0,0.0,0.0,0.0,0.0,0.0,0.0,0.0,0.0,0.0,0.0,0.0,0.0,0.0,0.0,0.0,0.0,0.0
78.25,0.00022513564422562676,8.754388137052952e-05,0.00021258556569017217,0.0001125343229684958,8.752111446885816e-05,0.00010001737801942235,6.250843863921096e-05,8.750787570880633e-05,6.250289075869226e-05,1.2500218753827126e-05,5.0000500004995783e-05,0.0,1.2500015625018466e-05,0.0,0.0,0.0,0.0,0.0,0.0,0.0,0.0,0.0,0.0,0.0,0.0,0.0,0.0,0.0,0.0,0.0,0.0,0.0,0.0,0.0,0.0,0.0,0.0,0.0,0.0,0.0,0.0,0.0,0.0,0.0,0.0,0.0,0.0,0.0,0.0,0.0,0.0,0.0,0.0,0.0,0.0,0.0,0.0,0.0,0.0,0.0,0.0,0.0,0.0,0.0,0.0,0.0,0.0,0.0,0.0,0.0,0.0,0.0,0.0,0.0,0.0,0.0,0.0,0.0,0.0,0.0,0.0,0.0,0.0
78.35000000000001,0.00020012057264503,0.00015007522520664335,0.00020008053241430814,7.502288197900785e-05,0.000125030163526958,0.00015002606702915484,3.750506318353191e-05,3.750337530377947e-05,1.2500578151740228e-05,1.2500218753828903e-05,1.2500125001250723e-05,3.750023437646698e-05,0.0,0.0,0.0,3.750000000000213e-05,0.0,0.0,0.0,0.0,0.0,0.0,0.0,0.0,0.0,0.0,0.0,0.0,0.0,0.0,0.0,0.0,0.0,0.0,0.0,0.0,0.0,0.0,0.0,0.0,0.0,0.0,0.0,0.0,0.0,0.0,0.0,0.0,0.0,0.0,0.0,0.0,0.0,0.0,0.0,0.0,0.0,0.0,0.0,0.0,0.0,0.0,0.0,0.0,0.0,0.0,0.0,0.0,0.0,0.0,0.0,0.0,0.0,0.0,0.0,0.0,0.0,0.0,0.0,0.0,0.0,0.0,0.0
78.45,0.00013758289369345813,0.0002376191065771853,0.00012505033275894258,6.251906831583989e-05,0.00013753317987965377,0.00010001737801943656,7.501012636706381e-05,1.2501125101259824e-05,6.250289075870114e-05,1.2500218753828903e-05,0.0,0.0,1.2500015625020242e-05,1.250000000000071e-05,0.0,0.0,0.0,0.0,0.0,0.0,0.0,0.0,0.0,0.0,0.0,0.0,0.0,0.0,0.0,0.0,0.0,0.0,0.0,0.0,0.0,0.0,0.0,0.0,0.0,0.0,0.0,0.0,0.0,0.0,0.0,0.0,0.0,0.0,0.0,0.0,0.0,0.0,0.0,0.0,0.0,0.0,0.0,0.0,0.0,0.0,0.0,0.0,0.0,0.0,0.0,0.0,0.0,0.0,0.0,0.0,0.0,0.0,0.0,0.0,0.0,0.0,0.0,0.0,0.0,0.0,0.0,0.0,0.0
78.55000000000001,0.00021262810843531417,8.754388137052952e-05,0.00015006039931070978,0.0001625495776211606,7.501809811616412e-05,2.5004344504855588e-05,0.00012501687727842193,0.00010000900081006437,3.7501734455215354e-05,7.500131252296276e-05,1.2500125001248946e-05,0.0,1.2500015625018466e-05,0.0,0.0,0.0,0.0,0.0,0.0,0.0,0.0,0.0,0.0,0.0,0.0,0.0,0.0,0.0,0.0,0.0,0.0,0.0,0.0,0.0,0.0,0.0,0.0,0.0,0.0,0.0,0.0,0.0,0.0,0.0,0.0,0.0,0.0,0.0,0.0,0.0,0.0,0.0,0.0,0.0,0.0,0.0,0.0,0.0,0.0,0.0,0.0,0.0,0.0,0.0,0.0,0.0,0.0,0.0,0.0,0.0,0.0,0.0,0.0,0.0,0.0,0.0,0.0,0.0,0.0,0.0,0.0,0.0,0.0
78.65,0.00022513564422565875,7.503761260332167e-05,0.00015006039931073108,0.00013754195029484775,5.0012065410783196e-05,0.0001250217225242957,7.501012636706381e-05,3.750337530377947e-05,6.250289075870114e-05,6.250109376914451e-05,0.0,1.2500078125488996e-05,3.750004687506073e-05,0.0,0.0,0.0,0.0,0.0,0.0,0.0,0.0,0.0,0.0,0.0,0.0,0.0,0.0,0.0,0.0,0.0,0.0,0.0,0.0,0.0,0.0,0.0,0.0,0.0,0.0,0.0,0.0,0.0,0.0,0.0,0.0,0.0,0.0,0.0,0.0,0.0,0.0,0.0,0.0,0.0,0.0,0.0,0.0,0.0,0.0,0.0,0.0,0.0,0.0,0.0,0.0,0.0,0.0,0.0,0.0,0.0,0.0,0.0,0.0,0.0,0.0,0.0,0.0,0.0,0.0,0.0,0.0,0.0,0.0
78.75,0.00013758289369343856,0.00012506268767218501,0.00015006039931070978,0.0001750533912843268,0.0001250301635269402,7.501303351456677e-05,6.250843863921096e-05,0.0,5.000231260695381e-05,0.0,5.0000500004995783e-05,1.2500078125487219e-05,1.2500015625018466e-05,0.0,0.0,0.0,0.0,0.0,0.0,0.0,0.0,0.0,0.0,0.0,0.0,0.0,0.0,0.0,0.0,0.0,0.0,0.0,0.0,0.0,0.0,0.0,0.0,0.0,0.0,0.0,0.0,0.0,0.0,0.0,0.0,0.0,0.0,0.0,0.0,0.0,0.0,0.0,0.0,0.0,0.0,0.0,0.0,0.0,0.0,0.0,0.0,0.0,0.0,0.0,0.0,0.0,0.0,0.0,0.0,0.0,0.0,0.0,0.0,0.0,0.0,0.0,0.0,0.0,0.0,0.0,0.0,0.0,0.0
78.85000000000001,0.0002126281084353444,0.0001250626876722028,0.00012505033275894258,0.00018755720494751966,0.00011252714717426219,0.00011251955027186613,0.00010001350182275176,5.0004500405039296e-05,2.5001156303480457e-05,3.7500656261486706e-05,1.2500125001250723e-05,2.500015625097799e-05,0.0,0.0,1.250000000000071e-05,0.0,0.0,0.0,0.0,0.0,0.0,0.0,0.0,0.0,0.0,0.0,0.0,0.0,0.0,0.0,0.0,0.0,0.0,0.0,0.0,0.0,0.0,0.0,0.0,0.0,0.0,0.0,0.0,0.0,0.0,0.0,0.0,0.0,0.0,0.0,0.0,0.0,0.0,0.0,0.0,0.0,0.0,0.0,0.0,0.0,0.0,0.0,0.0,0.0,0.0,0.0,0.0,0.0,0.0,0.0,0.0,0.0,0.0,0.0,0.0,0.0,0.0,0.0,0.0,0.0,0.0,0.0,0.0
78.95,0.00017510550106440126,0.00021260656904274476,0.00011254529948304832,0.00013754195029484775,5.0012065410783196e-05,0.00013752389477672528,2.500337545568794e-05,8.750787570881877e-05,2.5001156303480457e-05,1.2500218753828903e-05,5.000050000500289e-05,6.250039062744497e-05,0.0,1.250000000000071e-05,0.0,0.0,0.0,0.0,0.0,0.0,0.0,0.0,0.0,0.0,0.0,0.0,0.0,0.0,0.0,0.0,0.0,0.0,0.0,0.0,0.0,0.0,0.0,0.0,0.0,0.0,0.0,0.0,0.0,0.0,0.0,0.0,0.0,0.0,0.0,0.0,0.0,0.0,0.0,0.0,0.0,0.0,0.0,0.0,0.0,0.0,0.0,0.0,0.0,0.0,0.0,0.0,0.0,0.0,0.0,0.0,0.0,0.0,0.0,0.0,0.0,0.0,0.0,0.0,0.0,0.0,0.0,0.0,0.0
79.05000000000001,0.00011256782211281338,0.00017508776274105905,0.00021258556569017217,8.75266956421634e-05,0.00015003619623232825,5.0008689009711176e-05,0.00010001350182273755,1.2501125101258047e-05,1.2500578151738453e-05,1.2500218753827126e-05,1.2500125001248946e-05,2.5000156250974437e-05,1.2500015625018466e-05,1.2499999999998935e-05,0.0,0.0,0.0,0.0,0.0,0.0,0.0,0.0,0.0,0.0,0.0,0.0,0.0,0.0,0.0,0.0,0.0,0.0,0.0,0.0,0.0,0.0,0.0,0.0,0.0,0.0,0.0,0.0,0.0,0.0,0.0,0.0,0.0,0.0,0.0,0.0,0.0,0.0,0.0,0.0,0.0,0.0,0.0,0.0,0.0,0.0,0.0,0.0,0.0,0.0,0.0,0.0,0.0,0.0,0.0,0.0,0.0,0.0,0.0,0.0,0.0,0.0,0.0,0.0,0.0,0.0,0.0,0.0,0.0
79.15,0.00011256782211282937,0.00016258149397386362,0.00010004026620715407,0.0001625495776211837,0.00010002413082156639,0.00010001737801943656,7.501012636706381e-05,2.5002250202519648e-05,2.5001156303480457e-05,3.7500656261486706e-05,1.2500125001250723e-05,3.750023437646698e-05,0.0,0.0,0.0,0.0,0.0,0.0,0.0,0.0,0.0,0.0,0.0,0.0,0.0,0.0,0.0,0.0,0.0,0.0,0.0,0.0,0.0,0.0,0.0,0.0,0.0,0.0,0.0,0.0,0.0,0.0,0.0,0.0,0.0,0.0,0.0,0.0,0.0,0.0,0.0,0.0,0.0,0.0,0.0,0.0,0.0,0.0,0.0,0.0,0.0,0.0,0.0,0.0,0.0,0.0,0.0,0.0,0.0,0.0,0.0,0.0,0.0,0.0,0.0,0.0,0.0,0.0,0.0,0.0,0.0,0.0,0.0
79.25,0.00015009042948375118,0.00016258149397384053,0.0001375553660348173,0.000125038136631662,5.001206541077609e-05,7.501303351456677e-05,2.5003375455684386e-05,3.7503375303774146e-05,3.7501734455215354e-05,0.0,2.5000250002497892e-05,0.0,3.7500046875055395e-05,0.0,0.0,0.0,0.0,0.0,0.0,0.0,0.0,0.0,0.0,0.0,0.0,0.0,0.0,0.0,0.0,0.0,0.0,0.0,0.0,0.0,0.0,0.0,0.0,0.0,0.0,0.0,0.0,0.0,0.0,0.0,0.0,0.0,0.0,0.0,0.0,0.0,0.0,0.0,0.0,0.0,0.0,0.0,0.0,0.0,0.0,0.0,0.0,0.0,0.0,0.0,0.0,0.0,0.0,0.0,0.0,0.0,0.0,0.0,0.0,0.0,0.0,0.0,0.0,0.0,0.0,0.0,0.0,0.0,0.0
79.35000000000001,0.00018761303685471562,0.00017508776274108393,0.00012505033275894258,0.00012503813663167977,8.752111446887058e-05,0.00010001737801943656,0.00011251518955059572,3.750337530377947e-05,7.500346891044137e-05,1.2500218753828903e-05,5.000050000500289e-05,0.0,0.0,0.0,0.0,0.0,0.0,0.0,0.0,0.0,0.0,0.0,0.0,0.0,0.0,0.0,0.0,0.0,0.0,0.0,0.0,0.0,0.0,0.0,0.0,0.0,0.0,0.0,0.0,0.0,0.0,0.0,0.0,0.0,0.0,0.0,0.0,0.0,0.0,0.0,0.0,0.0,0.0,0.0,0.0,0.0,0.0,0.0,0.0,0.0,0.0,0.0,0.0,0.0,0.0,0.0,0.0,0.0,0.0,0.0,0.0,0.0,0.0,0.0,0.0,0.0,0.0,0.0,0.0,0.0,0.0,0.0,0.0
79.45,0.00011256782211282937,0.00011255641890498252,0.00012505033275894258,0.00011253432296851179,0.00011252714717426219,0.00010001737801943656,3.750506318353191e-05,5.0004500405039296e-05,3.7501734455220687e-05,3.7500656261486706e-05,1.2500125001250723e-05,2.500015625097799e-05,1.2500015625020242e-05,0.0,1.250000000000071e-05,0.0,0.0,0.0,0.0,0.0,0.0,0.0,0.0,0.0,0.0,0.0,0.0,0.0,0.0,0.0,0.0,0.0,0.0,0.0,0.0,0.0,0.0,0.0,0.0,0.0,0.0,0.0,0.0,0.0,0.0,0.0,0.0,0.0,0.0,0.0,0.0,0.0,0.0,0.0,0.0,0.0,0.0,0.0,0.0,0.0,0.0,0.0,0.0,0.0,0.0,0.0,0.0,0.0,0.0,0.0,0.0,0.0,0.0,0.0,0.0,0.0,0.0,0.0,0.0,0.0,0.0,0.0,0.0
79.55000000000001,0.00015009042948375118,0.00011255641890496653,0.00015006039931070978,0.0001125343229684958,6.25150817634701e-05,6.251086126213897e-05,0.00010001350182273755,3.7503375303774146e-05,1.2500578151738453e-05,2.5000437507654252e-05,0.0,2.5000156250974437e-05,0.0,0.0,0.0,0.0,0.0,0.0,0.0,0.0,0.0,0.0,0.0,0.0,0.0,0.0,0.0,0.0,0.0,0.0,0.0,0.0,0.0,0.0,0.0,0.0,0.0,0.0,0.0,0.0,0.0,0.0,0.0,0.0,0.0,0.0,0.0,0.0,0.0,0.0,0.0,0.0,0.0,0.0,0.0,0.0,0.0,0.0,0.0,0.0,0.0,0.0,0.0,0.0,0.0,0.0,0.0,0.0,0.0,0.0,0.0,0.0,0.0,0.0,0.0,0.0,0.0,0.0,0.0,0.0,0.0,0.0,0.0
79.65,0.00017510550106440126,0.00021260656904274476,0.00012505033275894258,0.00010003050930534382,5.0012065410783196e-05,6.251086126214785e-05,6.250843863921984e-05,5.0004500405039296e-05,5.000231260696091e-05,1.2500218753828903e-05,1.2500125001250723e-05,1.2500078125488996e-05,1.2500015625020242e-05,0.0,0.0,1.250000000000071e-05,0.0,0.0,0.0,0.0,0.0,0.0,0.0,0.0,0.0,0.0,0.0,0.0,0.0,0.0,0.0,0.0,0.0,0.0,0.0,0.0,0.0,0.0,0.0,0.0,0.0,0.0,0.0,0.0,0.0,0.0,0.0,0.0,0.0,0.0,0.0,0.0,0.0,0.0,0.0,0.0,0.0,0.0,0.0,0.0,0.0,0.0,0.0,0.0,0.0,0.0,0.0,0.0,0.0,0.0,0.0,0.0,0.0,0.0,0.0,0.0,0.0,0.0,0.0,0.0,0.0,0.0,0.0
79.75,0.00010006028632250078,0.00023761910657715154,0.00010004026620713985,0.000125038136631662,7.501809811616412e-05,6.251086126213897e-05,5.000675091136877e-05,2.5002250202516094e-05,2.5001156303476906e-05,0.0,0.0,3.7500234376461656e-05,0.0,1.2499999999998935e-05,0.0,0.0,0.0,0.0,0.0,0.0,0.0,0.0,0.0,0.0,0.0,0.0,0.0,0.0,0.0,0.0,0.0,0.0,0.0,0.0,0.0,0.0,0.0,0.0,0.0,0.0,0.0,0.0,0.0,0.0,0.0,0.0,0.0,0.0,0.0,0.0,0.0,0.0,0.0,0.0,0.0,0.0,0.0,0.0,0.0,0.0,0.0,0.0,0.0,0.0,0.0,0.0,0.0,0.0,0.0,0.0,0.0,0.0,0.0,0.0,0.0,0.0,0.0,0.0,0.0,0.0,0.0,0.0,0.0
79.85000000000001,0.000100060286322515,8.754388137054196e-05,0.00010004026620715407,7.502288197900785e-05,5.0012065410783196e-05,7.501303351457742e-05,5.000675091137588e-05,2.5002250202519648e-05,6.250289075870114e-05,1.2500218753828903e-05,1.2500125001250723e-05,1.2500078125488996e-05,0.0,0.0,0.0,0.0,0.0,0.0,0.0,0.0,0.0,0.0,0.0,0.0,0.0,0.0,0.0,0.0,0.0,0.0,0.0,0.0,0.0,0.0,0.0,0.0,0.0,0.0,0.0,0.0,0.0,0.0,0.0,0.0,0.0,0.0,0.0,0.0,0.0,0.0,0.0,0.0,0.0,0.0,0.0,0.0,0.0,0.0,0.0,0.0,0.0,0.0,0.0,0.0,0.0,0.0,0.0,0.0,0.0,0.0,0.0,0.0,0.0,0.0,0.0,0.0,0.0,0.0,0.0,0.0,0.0,0.0,0.0
79.95,0.0001500904294837725,0.00013756895643942307,0.00011254529948304832,0.00011253432296851179,5.0012065410783196e-05,8.7515205767007e-05,3.750506318353191e-05,3.750337530377947e-05,3.7501734455220687e-05,1.2500218753828903e-05,2.5000250002501446e-05,0.0,1.2500015625020242e-05,0.0,1.250000000000071e-05,0.0,0.0,0.0,0.0,0.0,0.0,0.0,0.0,0.0,0.0,0.0,0.0,0.0,0.0,0.0,0.0,0.0,0.0,0.0,0.0,0.0,0.0,0.0,0.0,0.0,0.0,0.0,0.0,0.0,0.0,0.0,0.0,0.0,0.0,0.0,0.0,0.0,0.0,0.0,0.0,0.0,0.0,0.0,0.0,0.0,0.0,0.0,0.0,0.0,0.0,0.0,0.0,0.0,0.0,0.0,0.0,0.0,0.0,0.0,0.0,0.0,0.0,0.0,0.0,0.0,0.0,0.0,0.0
80.05000000000001,5.003014316125039e-05,0.00016258149397384053,5.0020133103569926e-05,0.0001000305093053296,0.00010002413082155218,8.751520576699455e-05,0.00012501687727842193,2.5002250202516094e-05,2.5001156303476906e-05,1.2500218753827126e-05,0.0,3.7500234376461656e-05,0.0,0.0,0.0,0.0,0.0,0.0,0.0,0.0,0.0,0.0,0.0,0.0,0.0,0.0,0.0,0.0,0.0,0.0,0.0,0.0,0.0,0.0,0.0,0.0,0.0,0.0,0.0,0.0,0.0,0.0,0.0,0.0,0.0,0.0,0.0,0.0,0.0,0.0,0.0,0.0,0.0,0.0,0.0,0.0,0.0,0.0,0.0,0.0,0.0,0.0,0.0,0.0,0.0,0.0,0.0,0.0,0.0,0.0,0.0,0.0,0.0,0.0,0.0,0.0,0.0,0.0,0.0,0.0,0.0,0.0,0.0
80.15,0.0002501507158062875,0.00013756895643942307,0.00015006039931073108,0.00013754195029484775,0.00010002413082156639,3.750651675728871e-05,7.501012636706381e-05,3.750337530377947e-05,5.000231260696091e-05,0.0,5.000050000500289e-05,2.500015625097799e-05,1.2500015625020242e-05,0.0,0.0,0.0,0.0,0.0,0.0,0.0,0.0,0.0,0.0,0.0,0.0,0.0,0.0,0.0,0.0,0.0,0.0,0.0,0.0,0.0,0.0,0.0,0.0,0.0,0.0,0.0,0.0,0.0,0.0,0.0,0.0,0.0,0.0,0.0,0.0,0.0,0.0,0.0,0.0,0.0,0.0,0.0,0.0,0.0,0.0,0.0,0.0,0.0,0.0,0.0,0.0,0.0,0.0,0.0,0.0,0.0,0.0,0.0,0.0,0.0,0.0,0.0,0.0,0.0,0.0,0.0,0.0,0.0,0.0
80.25,0.00013758289369343856,0.00012506268767218501,0.00015006039931070978,0.0001000305093053296,0.00013753317987963423,6.251086126213897e-05,2.5003375455684386e-05,3.7503375303774146e-05,2.5001156303476906e-05,6.250109376913563e-05,1.2500125001248946e-05,0.0,1.2500015625018466e-05,0.0,0.0,0.0,0.0,0.0,0.0,0.0,0.0,0.0,0.0,0.0,0.0,0.0,0.0,0.0,0.0,0.0,0.0,0.0,0.0,0.0,0.0,0.0,0.0,0.0,0.0,0.0,0.0,0.0,0.0,0.0,0.0,0.0,0.0,0.0,0.0,0.0,0.0,0.0,0.0,0.0,0.0,0.0,0.0,0.0,0.0,0.0,0.0,0.0,0.0,0.0,0.0,0.0,0.0,0.0,0.0,0.0,0.0,0.0,0.0,0.0,0.0,0.0,0.0,0.0,0.0,0.0,0.0,0.0,0.0
80.35000000000001,0.00020012057264503,0.00010005015013776224,0.00010004026620715407,6.251906831583989e-05,8.752111446887058e-05,3.750651675728871e-05,8.751181409490779e-05,5.0004500405039296e-05,1.2500578151740228e-05,3.7500656261486706e-05,0.0,1.2500078125488996e-05,0.0,0.0,0.0,0.0,0.0,0.0,0.0,0.0,0.0,0.0,0.0,0.0,0.0,0.0,0.0,0.0,0.0,0.0,0.0,0.0,0.0,0.0,0.0,0.0,0.0,0.0,0.0,0.0,0.0,0.0,0.0,0.0,0.0,0.0,0.0,0.0,0.0,0.0,0.0,0.0,0.0,0.0,0.0,0.0,0.0,0.0,0.0,0.0,0.0,0.0,0.0,0.0,0.0,0.0,0.0,0.0,0.0,0.0,0.0,0.0,0.0,0.0,0.0,0.0,0.0,0.0,0.0,0.0,0.0,0.0,0.0
80.45,0.00012507535790314374,0.0001875940315083042,0.00022509059896609664,0.00010003050930534382,3.7509049058087395e-05,6.251086126214785e-05,3.750506318353191e-05,3.750337530377947e-05,2.5001156303480457e-05,1.2500218753828903e-05,5.000050000500289e-05,2.500015625097799e-05,0.0,0.0,0.0,0.0,0.0,0.0,0.0,0.0,0.0,0.0,0.0,0.0,0.0,0.0,0.0,0.0,0.0,0.0,0.0,0.0,0.0,0.0,0.0,0.0,0.0,0.0,0.0,0.0,0.0,0.0,0.0,0.0,0.0,0.0,0.0,0.0,0.0,0.0,0.0,0.0,0.0,0.0,0.0,0.0,0.0,0.0,0.0,0.0,0.0,0.0,0.0,0.0,0.0,0.0,0.0,0.0,0.0,0.0,0.0,0.0,0.0,0.0,0.0,0.0,0.0,0.0,0.0,0.0,0.0,0.0,0.0
80.55000000000001,0.00020012057264500157,0.00016258149397384053,0.00011254529948303233,7.50228819789972e-05,0.0001125271471742462,0.00013752389477670574,1.2501687727842193e-05,1.2501125101258047e-05,0.0,3.750065626148138e-05,1.2500125001248946e-05,1.2500078125487219e-05,0.0,0.0,0.0,0.0,0.0,0.0,0.0,0.0,0.0,0.0,0.0,0.0,0.0,0.0,0.0,0.0,0.0,0.0,0.0,0.0,0.0,0.0,0.0,0.0,0.0,0.0,0.0,0.0,0.0,0.0,0.0,0.0,0.0,0.0,0.0,0.0,0.0,0.0,0.0,0.0,0.0,0.0,0.0,0.0,0.0,0.0,0.0,0.0,0.0,0.0,0.0,0.0,0.0,0.0,0.0,0.0,0.0,0.0,0.0,0.0,0.0,0.0,0.0,0.0,0.0,0.0,0.0,0.0,0.0,0.0,0.0
80.65,8.755275053220063e-05,0.0001250626876722028,0.00012505033275894258,0.00011253432296851179,7.501809811617479e-05,6.251086126214785e-05,0.00010001350182275176,7.500675060755894e-05,2.5001156303480457e-05,1.2500218753828903e-05,2.5000250002501446e-05,1.2500078125488996e-05,0.0,0.0,0.0,0.0,0.0,0.0,0.0,0.0,0.0,0.0,0.0,0.0,0.0,0.0,0.0,0.0,0.0,0.0,0.0,0.0,0.0,0.0,0.0,0.0,0.0,0.0,0.0,0.0,0.0,0.0,0.0,0.0,0.0,0.0,0.0,0.0,0.0,0.0,0.0,0.0,0.0,0.0,0.0,0.0,0.0,0.0,0.0,0.0,0.0,0.0,0.0,0.0,0.0,0.0,0.0,0.0,0.0,0.0,0.0,0.0,0.0,0.0,0.0,0.0,0.0,0.0,0.0,0.0,0.0,0.0,0.0
80.75,0.00012507535790312596,8.754388137052952e-05,0.0001250503327589248,6.2519068315831e-05,0.00010002413082155218,6.251086126213897e-05,3.750506318352658e-05,2.5002250202516094e-05,2.5001156303476906e-05,0.0,1.2500125001248946e-05,0.0,0.0,0.0,3.7499999999996805e-05,0.0,0.0,0.0,0.0,0.0,0.0,0.0,0.0,0.0,0.0,0.0,0.0,0.0,0.0,0.0,0.0,0.0,0.0,0.0,0.0,0.0,0.0,0.0,0.0,0.0,0.0,0.0,0.0,0.0,0.0,0.0,0.0,0.0,0.0,0.0,0.0,0.0,0.0,0.0,0.0,0.0,0.0,0.0,0.0,0.0,0.0,0.0,0.0,0.0,0.0,0.0,0.0,0.0,0.0,0.0,0.0,0.0,0.0,0.0,0.0,0.0,0.0,0.0,0.0,0.0,0.0,0.0,0.0
80.85000000000001,0.00022513564422565875,8.754388137054196e-05,0.00011254529948304832,0.00013754195029484775,0.00015003619623234958,0.00010001737801943656,0.0,6.250562550629913e-05,6.250289075870114e-05,1.2500218753828903e-05,0.0,2.500015625097799e-05,1.2500015625020242e-05,0.0,0.0,0.0,0.0,0.0,0.0,0.0,0.0,0.0,0.0,0.0,0.0,0.0,0.0,0.0,0.0,0.0,0.0,0.0,0.0,0.0,0.0,0.0,0.0,0.0,0.0,0.0,0.0,0.0,0.0,0.0,0.0,0.0,0.0,0.0,0.0,0.0,0.0,0.0,0.0,0.0,0.0,0.0,0.0,0.0,0.0,0.0,0.0,0.0,0.0,0.0,0.0,0.0,0.0,0.0,0.0,0.0,0.0,0.0,0.0,0.0,0.0,0.0,0.0,0.0,0.0,0.0,0.0,0.0,0.0
80.95,0.00022513564422565875,0.0001875940315083042,0.00018757549913841386,8.752669564217584e-05,5.0012065410783196e-05,2.500434450485914e-05,5.000675091137588e-05,6.250562550629913e-05,5.000231260696091e-05,0.0,1.2500125001250723e-05,2.500015625097799e-05,0.0,0.0,0.0,0.0,0.0,0.0,0.0,0.0,0.0,0.0,0.0,0.0,0.0,0.0,0.0,0.0,0.0,0.0,0.0,0.0,0.0,0.0,0.0,0.0,0.0,0.0,0.0,0.0,0.0,0.0,0.0,0.0,0.0,0.0,0.0,0.0,0.0,0.0,0.0,0.0,0.0,0.0,0.0,0.0,0.0,0.0,0.0,0.0,0.0,0.0,0.0,0.0,0.0,0.0,0.0,0.0,0.0,0.0,0.0,0.0,0.0,0.0,0.0,0.0,0.0,0.0,0.0,0.0,0.0,0.0,0.0
81.05000000000001,8.755275053218819e-05,0.00013756895643940353,8.753523293124736e-05,6.2519068315831e-05,0.00010002413082155218,8.751520576699455e-05,8.751181409489535e-05,1.2501125101258047e-05,1.2500578151738453e-05,5.0000875015308504e-05,1.2500125001248946e-05,1.2500078125487219e-05,0.0,0.0,0.0,0.0,0.0,0.0,0.0,0.0,0.0,0.0,0.0,0.0,0.0,0.0,0.0,0.0,0.0,0.0,0.0,0.0,0.0,0.0,0.0,0.0,0.0,0.0,0.0,0.0,0.0,0.0,0.0,0.0,0.0,0.0,0.0,0.0,0.0,0.0,0.0,0.0,0.0,0.0,0.0,0.0,0.0,0.0,0.0,0.0,0.0,0.0,0.0,0.0,0.0,0.0,0.0,0.0,0.0,0.0,0.0,0.0,0.0,0.0,0.0,0.0,0.0,0.0,0.0,0.0,0.0,0.0,0.0
81.15,0.00012507535790314374,0.0001250626876722028,0.00012505033275894258,8.752669564217584e-05,6.2515081763479e-05,7.501303351457742e-05,1.250168772784397e-05,2.5002250202519648e-05,2.5001156303480457e-05,1.2500218753828903e-05,2.5000250002501446e-05,1.2500078125488996e-05,0.0,0.0,0.0,0.0,0.0,0.0,0.0,0.0,0.0,0.0,0.0,0.0,0.0,0.0,0.0,0.0,0.0,0.0,0.0,0.0,0.0,0.0,0.0,0.0,0.0,0.0,0.0,0.0,0.0,0.0,0.0,0.0,0.0,0.0,0.0,0.0,0.0,0.0,0.0,0.0,0.0,0.0,0.0,0.0,0.0,0.0,0.0,0.0,0.0,0.0,0.0,0.0,0.0,0.0,0.0,0.0,0.0,0.0,0.0,0.0,0.0,0.0,0.0,0.0,0.0,0.0,0.0,0.0,0.0,0.0,0.0
81.25,0.00016259796527406378,8.754388137052952e-05,6.25251663794624e-05,0.0001125343229684958,8.752111446885816e-05,5.0008689009711176e-05,2.5003375455684386e-05,1.2501125101258047e-05,1.2500578151738453e-05,3.750065626148138e-05,5.0000500004995783e-05,0.0,0.0,1.2499999999998935e-05,0.0,0.0,0.0,0.0,0.0,0.0,0.0,0.0,0.0,0.0,0.0,0.0,0.0,0.0,0.0,0.0,0.0,0.0,0.0,0.0,0.0,0.0,0.0,0.0,0.0,0.0,0.0,0.0,0.0,0.0,0.0,0.0,0.0,0.0,0.0,0.0,0.0,0.0,0.0,0.0,0.0,0.0,0.0,0.0,0.0,0.0,0.0,0.0,0.0,0.0,0.0,0.0,0.0,0.0,0.0,0.0,0.0,0.0,0.0,0.0,0.0,0.0,0.0,0.0,0.0,0.0,0.0,0.0,0.0
81.35000000000001,0.00013758289369345813,0.00011255641890498252,0.00012505033275894258,5.001525465267191e-05,0.000125030163526958,7.501303351457742e-05,2.500337545568794e-05,2.5002250202519648e-05,1.2500578151740228e-05,2.5000437507657806e-05,2.5000250002501446e-05,0.0,1.2500015625020242e-05,0.0,0.0,0.0,0.0,0.0,0.0,0.0,0.0,0.0,0.0,0.0,0.0,0.0,0.0,0.0,0.0,0.0,0.0,0.0,0.0,0.0,0.0,0.0,0.0,0.0,0.0,0.0,0.0,0.0,0.0,0.0,0.0,0.0,0.0,0.0,0.0,0.0,0.0,0.0,0.0,0.0,0.0,0.0,0.0,0.0,0.0,0.0,0.0,0.0,0.0,0.0,0.0,0.0,0.0,0.0,0.0,0.0,0.0,0.0,0.0,0.0,0.0,0.0,0.0,0.0,0.0,0.0,0.0,0.0,0.0
81.45,0.00012507535790314374,6.25313438361014e-05,7.503019965536554e-05,6.251906831583989e-05,6.2515081763479e-05,3.750651675728871e-05,5.000675091137588e-05,2.5002250202519648e-05,3.7501734455220687e-05,0.0,3.750037500375217e-05,1.2500078125488996e-05,1.2500015625020242e-05,0.0,0.0,0.0,0.0,0.0,0.0,0.0,0.0,0.0,0.0,0.0,0.0,0.0,0.0,0.0,0.0,0.0,0.0,0.0,0.0,0.0,0.0,0.0,0.0,0.0,0.0,0.0,0.0,0.0,0.0,0.0,0.0,0.0,0.0,0.0,0.0,0.0,0.0,0.0,0.0,0.0,0.0,0.0,0.0,0.0,0.0,0.0,0.0,0.0,0.0,0.0,0.0,0.0,0.0,0.0,0.0,0.0,0.0,0.0,0.0,0.0,0.0,0.0,0.0,0.0,0.0,0.0,0.0,0.0,0.0
81.55000000000001,0.00010006028632250078,8.754388137052952e-05,0.0001375553660348173,7.50228819789972e-05,6.25150817634701e-05,0.00010001737801942235,3.750506318352658e-05,8.750787570880633e-05,0.0,3.750065626148138e-05,1.2500125001248946e-05,0.0,0.0,0.0,0.0,0.0,0.0,0.0,0.0,0.0,0.0,0.0,0.0,0.0,0.0,0.0,0.0,0.0,0.0,0.0,0.0,0.0,0.0,0.0,0.0,0.0,0.0,0.0,0.0,0.0,0.0,0.0,0.0,0.0,0.0,0.0,0.0,0.0,0.0,0.0,0.0,0.0,0.0,0.0,0.0,0.0,0.0,0.0,0.0,0.0,0.0,0.0,0.0,0.0,0.0,0.0,0.0,0.0,0.0,0.0,0.0,0.0,0.0,0.0,0.0,0.0,0.0,0.0,0.0,0.0,0.0,0.0,0.0
81.65,0.00018761303685471562,0.00016258149397386362,7.503019965536554e-05,3.751144098950393e-05,5.0012065410783196e-05,6.251086126214785e-05,3.750506318353191e-05,1.2501125101259824e-05,2.5001156303480457e-05,2.5000437507657806e-05,0.0,3.750023437646698e-05,0.0,0.0,0.0,0.0,0.0,0.0,0.0,0.0,0.0,0.0,0.0,0.0,0.0,0.0,0.0,0.0,0.0,0.0,0.0,0.0,0.0,0.0,0.0,0.0,0.0,0.0,0.0,0.0,0.0,0.0,0.0,0.0,0.0,0.0,0.0,0.0,0.0,0.0,0.0,0.0,0.0,0.0,0.0,0.0,0.0,0.0,0.0,0.0,0.0,0.0,0.0,0.0,0.0,0.0,0.0,0.0,0.0,0.0,0.0,0.0,0.0,0.0,0.0,0.0,0.0,0.0,0.0,0.0,0.0,0.0,0.0
81.75,0.00016259796527406378,0.00013756895643940353,0.0001250503327589248,5.00152546526648e-05,7.501809811616412e-05,6.251086126213897e-05,5.000675091136877e-05,3.7503375303774146e-05,3.7501734455215354e-05,3.750065626148138e-05,1.2500125001248946e-05,1.2500078125487219e-05,0.0,0.0,0.0,0.0,0.0,0.0,0.0,0.0,0.0,0.0,0.0,0.0,0.0,0.0,0.0,0.0,0.0,0.0,0.0,0.0,0.0,0.0,0.0,0.0,0.0,0.0,0.0,0.0,0.0,0.0,0.0,0.0,0.0,0.0,0.0,0.0,0.0,0.0,0.0,0.0,0.0,0.0,0.0,0.0,0.0,0.0,0.0,0.0,0.0,0.0,0.0,0.0,0.0,0.0,0.0,0.0,0.0,0.0,0.0,0.0,0.0,0.0,0.0,0.0,0.0,0.0,0.0,0.0,0.0,0.0,0.0
81.85000000000001,0.00012507535790314374,0.00016258149397386362,0.00013755536603483683,0.00010003050930534382,0.00010002413082156639,5.000868900971828e-05,2.500337545568794e-05,2.5002250202519648e-05,1.2500578151740228e-05,0.0,2.5000250002501446e-05,0.0,0.0,1.250000000000071e-05,0.0,0.0,0.0,0.0,0.0,0.0,0.0,0.0,0.0,0.0,0.0,0.0,0.0,0.0,0.0,0.0,0.0,0.0,0.0,0.0,0.0,0.0,0.0,0.0,0.0,0.0,0.0,0.0,0.0,0.0,0.0,0.0,0.0,0.0,0.0,0.0,0.0,0.0,0.0,0.0,0.0,0.0,0.0,0.0,0.0,0.0,0.0,0.0,0.0,0.0,0.0,0.0,0.0,0.0,0.0,0.0,0.0,0.0,0.0,0.0,0.0,0.0,0.0,0.0,0.0,0.0,0.0,0.0,0.0
81.95,8.755275053220063e-05,0.00017508776274108393,8.75352329312598e-05,8.752669564217584e-05,2.5006032705391598e-05,6.251086126214785e-05,3.750506318353191e-05,5.0004500405039296e-05,1.2500578151740228e-05,1.2500218753828903e-05,1.2500125001250723e-05,1.2500078125488996e-05,0.0,0.0,0.0,0.0,0.0,0.0,0.0,0.0,0.0,0.0,0.0,0.0,0.0,0.0,0.0,0.0,0.0,0.0,0.0,0.0,0.0,0.0,0.0,0.0,0.0,0.0,0.0,0.0,0.0,0.0,0.0,0.0,0.0,0.0,0.0,0.0,0.0,0.0,0.0,0.0,0.0,0.0,0.0,0.0,0.0,0.0,0.0,0.0,0.0,0.0,0.0,0.0,0.0,0.0,0.0,0.0,0.0,0.0,0.0,0.0,0.0,0.0,0.0,0.0,0.0,0.0,0.0,0.0,0.0,0.0,0.0
82.05000000000001,8.755275053218819e-05,0.00012506268767218501,3.7515099827677445e-05,0.0001500457639579944,0.00010002413082155218,0.00010001737801942235,2.5003375455684386e-05,5.000450040503219e-05,0.0,0.0,2.5000250002497892e-05,0.0,0.0,0.0,1.2499999999998935e-05,0.0,0.0,0.0,0.0,0.0,0.0,0.0,0.0,0.0,0.0,0.0,0.0,0.0,0.0,0.0,0.0,0.0,0.0,0.0,0.0,0.0,0.0,0.0,0.0,0.0,0.0,0.0,0.0,0.0,0.0,0.0,0.0,0.0,0.0,0.0,0.0,0.0,0.0,0.0,0.0,0.0,0.0,0.0,0.0,0.0,0.0,0.0,0.0,0.0,0.0,0.0,0.0,0.0,0.0,0.0,0.0,0.0,0.0,0.0,0.0,0.0,0.0,0.0,0.0,0.0,0.0,0.0,0.0
82.15,0.00017510550106440126,8.754388137054196e-05,0.00012505033275894258,8.752669564217584e-05,6.2515081763479e-05,6.251086126214785e-05,2.500337545568794e-05,3.750337530377947e-05,1.2500578151740228e-05,1.2500218753828903e-05,2.5000250002501446e-05,0.0,1.2500015625020242e-05,0.0,0.0,0.0,0.0,0.0,0.0,0.0,0.0,0.0,0.0,0.0,0.0,0.0,0.0,0.0,0.0,0.0,0.0,0.0,0.0,0.0,0.0,0.0,0.0,0.0,0.0,0.0,0.0,0.0,0.0,0.0,0.0,0.0,0.0,0.0,0.0,0.0,0.0,0.0,0.0,0.0,0.0,0.0,0.0,0.0,0.0,0.0,0.0,0.0,0.0,0.0,0.0,0.0,0.0,0.0,0.0,0.0,0.0,0.0,0.0,0.0,0.0,0.0,0.0,0.0,0.0,0.0,0.0,0.0,0.0
82.25,0.00013758289369343856,0.00016258149397384053,8.753523293124736e-05,2.50076273263324e-05,3.750904905808206e-05,5.0008689009711176e-05,3.750506318352658e-05,2.5002250202516094e-05,1.2500578151738453e-05,1.2500218753827126e-05,1.2500125001248946e-05,0.0,0.0,0.0,0.0,0.0,0.0,0.0,0.0,0.0,0.0,0.0,0.0,0.0,0.0,0.0,0.0,0.0,0.0,0.0,0.0,0.0,0.0,0.0,0.0,0.0,0.0,0.0,0.0,0.0,0.0,0.0,0.0,0.0,0.0,0.0,0.0,0.0,0.0,0.0,0.0,0.0,0.0,0.0,0.0,0.0,0.0,0.0,0.0,0.0,0.0,0.0,0.0,0.0,0.0,0.0,0.0,0.0,0.0,0.0,0.0,0.0,0.0,0.0,0.0,0.0,0.0,0.0,0.0,0.0,0.0,0.0,0.0
82.35000000000001,0.00011256782211282937,0.00011255641890498252,6.252516637947129e-05,0.00012503813663167977,3.7509049058087395e-05,7.501303351457742e-05,5.000675091137588e-05,6.250562550629913e-05,1.2500578151740228e-05,1.2500218753828903e-05,2.5000250002501446e-05,1.2500078125488996e-05,0.0,1.250000000000071e-05,0.0,0.0,0.0,0.0,0.0,0.0,0.0,0.0,0.0,0.0,0.0,0.0,0.0,0.0,0.0,0.0,0.0,0.0,0.0,0.0,0.0,0.0,0.0,0.0,0.0,0.0,0.0,0.0,0.0,0.0,0.0,0.0,0.0,0.0,0.0,0.0,0.0,0.0,0.0,0.0,0.0,0.0,0.0,0.0,0.0,0.0,0.0,0.0,0.0,0.0,0.0,0.0,0.0,0.0,0.0,0.0,0.0,0.0,0.0,0.0,0.0,0.0,0.0,0.0,0.0,0.0,0.0,0.0,0.0
82.45,0.00011256782211282937,0.0001250626876722028,0.00011254529948304832,3.751144098950393e-05,0.00011252714717426219,3.750651675728871e-05,0.0,2.5002250202519648e-05,0.0,2.5000437507657806e-05,1.2500125001250723e-05,0.0,0.0,0.0,0.0,0.0,0.0,0.0,0.0,0.0,0.0,0.0,0.0,0.0,0.0,0.0,0.0,0.0,0.0,0.0,0.0,0.0,0.0,0.0,0.0,0.0,0.0,0.0,0.0,0.0,0.0,0.0,0.0,0.0,0.0,0.0,0.0,0.0,0.0,0.0,0.0,0.0,0.0,0.0,0.0,0.0,0.0,0.0,0.0,0.0,0.0,0.0,0.0,0.0,0.0,0.0,0.0,0.0,0.0,0.0,0.0,0.0,0.0,0.0,0.0,0.0,0.0,0.0,0.0,0.0,0.0,0.0,0.0
82.55000000000001,0.00010006028632250078,0.00011255641890496653,0.00011254529948303233,8.75266956421634e-05,6.25150817634701e-05,2.5004344504855588e-05,7.501012636705316e-05,0.0,6.250289075869226e-05,3.750065626148138e-05,2.5000250002497892e-05,1.2500078125487219e-05,0.0,0.0,0.0,0.0,0.0,0.0,0.0,0.0,0.0,0.0,0.0,0.0,0.0,0.0,0.0,0.0,0.0,0.0,0.0,0.0,0.0,0.0,0.0,0.0,0.0,0.0,0.0,0.0,0.0,0.0,0.0,0.0,0.0,0.0,0.0,0.0,0.0,0.0,0.0,0.0,0.0,0.0,0.0,0.0,0.0,0.0,0.0,0.0,0.0,0.0,0.0,0.0,0.0,0.0,0.0,0.0,0.0,0.0,0.0,0.0,0.0,0.0,0.0,0.0,0.0,0.0,0.0,0.0,0.0,0.0,0.0
82.65,7.504521474188624e-05,0.00011255641890498252,7.503019965536554e-05,0.00017505339128435167,8.752111446887058e-05,7.501303351457742e-05,2.500337545568794e-05,2.5002250202519648e-05,3.7501734455220687e-05,0.0,0.0,1.2500078125488996e-05,0.0,0.0,0.0,0.0,0.0,0.0,0.0,0.0,0.0,0.0,0.0,0.0,0.0,0.0,0.0,0.0,0.0,0.0,0.0,0.0,0.0,0.0,0.0,0.0,0.0,0.0,0.0,0.0,0.0,0.0,0.0,0.0,0.0,0.0,0.0,0.0,0.0,0.0,0.0,0.0,0.0,0.0,0.0,0.0,0.0,0.0,0.0,0.0,0.0,0.0,0.0,0.0,0.0,0.0,0.0,0.0,0.0,0.0,0.0,0.0,0.0,0.0,0.0,0.0,0.0,0.0,0.0,0.0,0.0,0.0,0.0
82.75,6.253767895156298e-05,7.503761260331101e-05,7.503019965535489e-05,6.2519068315831e-05,8.752111446885816e-05,6.251086126213897e-05,1.2501687727842193e-05,1.2501125101258047e-05,1.2500578151738453e-05,5.0000875015308504e-05,1.2500125001248946e-05,0.0,0.0,0.0,0.0,0.0,0.0,0.0,0.0,0.0,0.0,0.0,0.0,0.0,0.0,0.0,0.0,0.0,0.0,0.0,0.0,0.0,0.0,0.0,0.0,0.0,0.0,0.0,0.0,0.0,0.0,0.0,0.0,0.0,0.0,0.0,0.0,0.0,0.0,0.0,0.0,0.0,0.0,0.0,0.0,0.0,0.0,0.0,0.0,0.0,0.0,0.0,0.0,0.0,0.0,0.0,0.0,0.0,0.0,0.0,0.0,0.0,0.0,0.0,0.0,0.0,0.0,0.0,0.0,0.0,0.0,0.0,0.0
82.85000000000001,0.0001500904294837725,0.0001250626876722028,8.75352329312598e-05,8.752669564217584e-05,5.0012065410783196e-05,1.250217225242957e-05,7.501012636706381e-05,1.2501125101259824e-05,3.7501734455220687e-05,1.2500218753828903e-05,2.5000250002501446e-05,0.0,0.0,0.0,0.0,0.0,0.0,0.0,0.0,0.0,0.0,0.0,0.0,0.0,0.0,0.0,0.0,0.0,0.0,0.0,0.0,0.0,0.0,0.0,0.0,0.0,0.0,0.0,0.0,0.0,0.0,0.0,0.0,0.0,0.0,0.0,0.0,0.0,0.0,0.0,0.0,0.0,0.0,0.0,0.0,0.0,0.0,0.0,0.0,0.0,0.0,0.0,0.0,0.0,0.0,0.0,0.0,0.0,0.0,0.0,0.0,0.0,0.0,0.0,0.0,0.0,0.0,0.0,0.0,0.0,0.0,0.0,0.0
82.95,0.00013758289369345813,7.503761260332167e-05,0.00012505033275894258,7.502288197900785e-05,7.501809811617479e-05,0.0,3.750506318353191e-05,1.2501125101259824e-05,0.0,0.0,2.5000250002501446e-05,0.0,0.0,0.0,0.0,0.0,0.0,0.0,0.0,0.0,0.0,0.0,0.0,0.0,0.0,0.0,0.0,0.0,0.0,0.0,0.0,0.0,0.0,0.0,0.0,0.0,0.0,0.0,0.0,0.0,0.0,0.0,0.0,0.0,0.0,0.0,0.0,0.0,0.0,0.0,0.0,0.0,0.0,0.0,0.0,0.0,0.0,0.0,0.0,0.0,0.0,0.0,0.0,0.0,0.0,0.0,0.0,0.0,0.0,0.0,0.0,0.0,0.0,0.0,0.0,0.0,0.0,0.0,0.0,0.0,0.0,0.0,0.0
83.05000000000001,0.00013758289369343856,0.00012506268767218501,2.5010066551784963e-05,3.75114409894986e-05,8.752111446885816e-05,5.0008689009711176e-05,5.000675091136877e-05,6.250562550629024e-05,1.2500578151738453e-05,3.750065626148138e-05,0.0,0.0,0.0,0.0,0.0,0.0,0.0,0.0,0.0,0.0,0.0,0.0,0.0,0.0,0.0,0.0,0.0,0.0,0.0,0.0,0.0,0.0,0.0,0.0,0.0,0.0,0.0,0.0,0.0,0.0,0.0,0.0,0.0,0.0,0.0,0.0,0.0,0.0,0.0,0.0,0.0,0.0,0.0,0.0,0.0,0.0,0.0,0.0,0.0,0.0,0.0,0.0,0.0,0.0,0.0,0.0,0.0,0.0,0.0,0.0,0.0,0.0,0.0,0.0,0.0,0.0,0.0,0.0,0.0,0.0,0.0,0.0,0.0
83.15,0.00018761303685471562,7.503761260332167e-05,7.503019965536554e-05,0.00013754195029484775,5.0012065410783196e-05,0.00010001737801943656,5.000675091137588e-05,7.500675060755894e-05,1.2500578151740228e-05,0.0,0.0,0.0,0.0,1.250000000000071e-05,0.0,0.0,0.0,0.0,0.0,0.0,0.0,0.0,0.0,0.0,0.0,0.0,0.0,0.0,0.0,0.0,0.0,0.0,0.0,0.0,0.0,0.0,0.0,0.0,0.0,0.0,0.0,0.0,0.0,0.0,0.0,0.0,0.0,0.0,0.0,0.0,0.0,0.0,0.0,0.0,0.0,0.0,0.0,0.0,0.0,0.0,0.0,0.0,0.0,0.0,0.0,0.0,0.0,0.0,0.0,0.0,0.0,0.0,0.0,0.0,0.0,0.0,0.0,0.0,0.0,0.0,0.0,0.0,0.0
83.25,0.00012507535790312596,0.00012506268767218501,6.25251663794624e-05,8.75266956421634e-05,2.5006032705388044e-05,0.0,2.5003375455684386e-05,0.0,0.0,0.0,2.5000250002497892e-05,1.2500078125487219e-05,0.0,2.499999999999787e-05,0.0,0.0,0.0,0.0,0.0,0.0,0.0,0.0,0.0,0.0,0.0,0.0,0.0,0.0,0.0,0.0,0.0,0.0,0.0,0.0,0.0,0.0,0.0,0.0,0.0,0.0,0.0,0.0,0.0,0.0,0.0,0.0,0.0,0.0,0.0,0.0,0.0,0.0,0.0,0.0,0.0,0.0,0.0,0.0,0.0,0.0,0.0,0.0,0.0,0.0,0.0,0.0,0.0,0.0,0.0,0.0,0.0,0.0,0.0,0.0,0.0,0.0,0.0,0.0,0.0,0.0,0.0,0.0,0.0
83.35000000000001,0.00011256782211282937,0.0001250626876722028,2.5010066551788517e-05,6.251906831583989e-05,0.00010002413082156639,2.500434450485914e-05,1.250168772784397e-05,3.750337530377947e-05,2.5001156303480457e-05,1.2500218753828903e-05,2.5000250002501446e-05,0.0,0.0,0.0,0.0,0.0,0.0,0.0,0.0,0.0,0.0,0.0,0.0,0.0,0.0,0.0,0.0,0.0,0.0,0.0,0.0,0.0,0.0,0.0,0.0,0.0,0.0,0.0,0.0,0.0,0.0,0.0,0.0,0.0,0.0,0.0,0.0,0.0,0.0,0.0,0.0,0.0,0.0,0.0,0.0,0.0,0.0,0.0,0.0,0.0,0.0,0.0,0.0,0.0,0.0,0.0,0.0,0.0,0.0,0.0,0.0,0.0,0.0,0.0,0.0,0.0,0.0,0.0,0.0,0.0,0.0,0.0,0.0
83.45,0.00012507535790314374,8.754388137054196e-05,5.0020133103577035e-05,6.251906831583989e-05,3.7509049058087395e-05,3.750651675728871e-05,2.500337545568794e-05,0.0,3.7501734455220687e-05,1.2500218753828903e-05,1.2500125001250723e-05,0.0,0.0,0.0,0.0,0.0,0.0,0.0,0.0,0.0,0.0,0.0,0.0,0.0,0.0,0.0,0.0,0.0,0.0,0.0,0.0,0.0,0.0,0.0,0.0,0.0,0.0,0.0,0.0,0.0,0.0,0.0,0.0,0.0,0.0,0.0,0.0,0.0,0.0,0.0,0.0,0.0,0.0,0.0,0.0,0.0,0.0,0.0,0.0,0.0,0.0,0.0,0.0,0.0,0.0,0.0,0.0,0.0,0.0,0.0,0.0,0.0,0.0,0.0,0.0,0.0,0.0,0.0,0.0,0.0,0.0,0.0,0.0
83.55000000000001,0.00011256782211281338,3.7518806301655504e-05,0.00011254529948303233,3.75114409894986e-05,8.752111446885816e-05,3.7506516757283384e-05,1.2501687727842193e-05,1.2501125101258047e-05,1.2500578151738453e-05,2.5000437507654252e-05,1.2500125001248946e-05,0.0,0.0,0.0,0.0,0.0,0.0,0.0,0.0,0.0,0.0,0.0,0.0,0.0,0.0,0.0,0.0,0.0,0.0,0.0,0.0,0.0,0.0,0.0,0.0,0.0,0.0,0.0,0.0,0.0,0.0,0.0,0.0,0.0,0.0,0.0,0.0,0.0,0.0,0.0,0.0,0.0,0.0,0.0,0.0,0.0,0.0,0.0,0.0,0.0,0.0,0.0,0.0,0.0,0.0,0.0,0.0,0.0,0.0,0.0,0.0,0.0,0.0,0.0,0.0,0.0,0.0,0.0,0.0,0.0,0.0,0.0,0.0
83.65,0.00016259796527408687,0.00011255641890498252,8.75352329312598e-05,7.502288197900785e-05,6.2515081763479e-05,3.750651675728871e-05,3.750506318353191e-05,3.750337530377947e-05,3.7501734455220687e-05,5.000087501531561e-05,0.0,0.0,0.0,0.0,0.0,0.0,0.0,0.0,0.0,0.0,0.0,0.0,0.0,0.0,0.0,0.0,0.0,0.0,0.0,0.0,0.0,0.0,0.0,0.0,0.0,0.0,0.0,0.0,0.0,0.0,0.0,0.0,0.0,0.0,0.0,0.0,0.0,0.0,0.0,0.0,0.0,0.0,0.0,0.0,0.0,0.0,0.0,0.0,0.0,0.0,0.0,0.0,0.0,0.0,0.0,0.0,0.0,0.0,0.0,0.0,0.0,0.0,0.0,0.0,0.0,0.0,0.0,0.0,0.0,0.0,0.0,0.0,0.0
83.75,0.00011256782211281338,0.00010005015013774802,0.0001375553660348173,8.75266956421634e-05,5.001206541077609e-05,3.7506516757283384e-05,7.501012636705316e-05,1.2501125101258047e-05,1.2500578151738453e-05,3.750065626148138e-05,0.0,1.2500078125487219e-05,1.2500015625018466e-05,0.0,0.0,0.0,0.0,0.0,0.0,0.0,0.0,0.0,0.0,0.0,0.0,0.0,0.0,0.0,0.0,0.0,0.0,0.0,0.0,0.0,0.0,0.0,0.0,0.0,0.0,0.0,0.0,0.0,0.0,0.0,0.0,0.0,0.0,0.0,0.0,0.0,0.0,0.0,0.0,0.0,0.0,0.0,0.0,0.0,0.0,0.0,0.0,0.0,0.0,0.0,0.0,0.0,0.0,0.0,0.0,0.0,0.0,0.0,0.0,0.0,0.0,0.0,0.0,0.0,0.0,0.0,0.0,0.0,0.0
83.85000000000001,7.504521474188624e-05,6.25313438361014e-05,8.75352329312598e-05,7.502288197900785e-05,5.0012065410783196e-05,6.251086126214785e-05,2.500337545568794e-05,1.2501125101259824e-05,2.5001156303480457e-05,3.7500656261486706e-05,1.2500125001250723e-05,1.2500078125488996e-05,0.0,0.0,0.0,0.0,0.0,0.0,0.0,0.0,0.0,0.0,0.0,0.0,0.0,0.0,0.0,0.0,0.0,0.0,0.0,0.0,0.0,0.0,0.0,0.0,0.0,0.0,0.0,0.0,0.0,0.0,0.0,0.0,0.0,0.0,0.0,0.0,0.0,0.0,0.0,0.0,0.0,0.0,0.0,0.0,0.0,0.0,0.0,0.0,0.0,0.0,0.0,0.0,0.0,0.0,0.0,0.0,0.0,0.0,0.0,0.0,0.0,0.0,0.0,0.0,0.0,0.0,0.0,0.0,0.0,0.0,0.0
83.95,0.00011256782211282937,0.00010005015013776224,2.5010066551788517e-05,5.001525465267191e-05,5.0012065410783196e-05,1.250217225242957e-05,2.500337545568794e-05,2.5002250202519648e-05,2.5001156303480457e-05,0.0,0.0,0.0,0.0,0.0,0.0,0.0,0.0,0.0,0.0,0.0,0.0,0.0,0.0,0.0,0.0,0.0,0.0,0.0,0.0,0.0,0.0,0.0,0.0,0.0,0.0,0.0,0.0,0.0,0.0,0.0,0.0,0.0,0.0,0.0,0.0,0.0,0.0,0.0,0.0,0.0,0.0,0.0,0.0,0.0,0.0,0.0,0.0,0.0,0.0,0.0,0.0,0.0,0.0,0.0,0.0,0.0,0.0,0.0,0.0,0.0,0.0,0.0,0.0,0.0,0.0,0.0,0.0,0.0,0.0,0.0,0.0,0.0,0.0
84.05000000000001,0.00010006028632250078,0.00011255641890496653,0.0001250503327589248,6.2519068315831e-05,0.0001125271471742462,3.7506516757283384e-05,2.5003375455684386e-05,2.5002250202516094e-05,3.7501734455215354e-05,0.0,3.750037500374684e-05,0.0,0.0,0.0,0.0,0.0,0.0,0.0,0.0,0.0,0.0,0.0,0.0,0.0,0.0,0.0,0.0,0.0,0.0,0.0,0.0,0.0,0.0,0.0,0.0,0.0,0.0,0.0,0.0,0.0,0.0,0.0,0.0,0.0,0.0,0.0,0.0,0.0,0.0,0.0,0.0,0.0,0.0,0.0,0.0,0.0,0.0,0.0,0.0,0.0,0.0,0.0,0.0,0.0,0.0,0.0,0.0,0.0,0.0,0.0,0.0,0.0,0.0,0.0,0.0,0.0,0.0,0.0,0.0,0.0,0.0,0.0,0.0
84.15,0.000100060286322515,7.503761260332167e-05,3.751509982768277e-05,3.751144098950393e-05,5.0012065410783196e-05,2.500434450485914e-05,5.000675091137588e-05,1.2501125101259824e-05,1.2500578151740228e-05,1.2500218753828903e-05,0.0,0.0,0.0,0.0,0.0,0.0,0.0,0.0,0.0,0.0,0.0,0.0,0.0,0.0,0.0,0.0,0.0,0.0,0.0,0.0,0.0,0.0,0.0,0.0,0.0,0.0,0.0,0.0,0.0,0.0,0.0,0.0,0.0,0.0,0.0,0.0,0.0,0.0,0.0,0.0,0.0,0.0,0.0,0.0,0.0,0.0,0.0,0.0,0.0,0.0,0.0,0.0,0.0,0.0,0.0,0.0,0.0,0.0,0.0,0.0,0.0,0.0,0.0,0.0,0.0,0.0,0.0,0.0,0.0,0.0,0.0,0.0,0.0
84.25,0.00011256782211281338,8.754388137052952e-05,7.503019965535489e-05,6.2519068315831e-05,5.001206541077609e-05,2.5004344504855588e-05,5.000675091136877e-05,1.2501125101258047e-05,1.2500578151738453e-05,2.5000437507654252e-05,1.2500125001248946e-05,0.0,0.0,0.0,0.0,0.0,0.0,0.0,0.0,0.0,0.0,0.0,0.0,0.0,0.0,0.0,0.0,0.0,0.0,0.0,0.0,0.0,0.0,0.0,0.0,0.0,0.0,0.0,0.0,0.0,0.0,0.0,0.0,0.0,0.0,0.0,0.0,0.0,0.0,0.0,0.0,0.0,0.0,0.0,0.0,0.0,0.0,0.0,0.0,0.0,0.0,0.0,0.0,0.0,0.0,0.0,0.0,0.0,0.0,0.0,0.0,0.0,0.0,0.0,0.0,0.0,0.0,0.0,0.0,0.0,0.0,0.0,0.0
84.35000000000001,0.000100060286322515,7.503761260332167e-05,0.00015006039931073108,0.00012503813663167977,7.501809811617479e-05,3.750651675728871e-05,3.750506318353191e-05,1.2501125101259824e-05,0.0,1.2500218753828903e-05,0.0,0.0,1.2500015625020242e-05,0.0,0.0,0.0,0.0,0.0,0.0,0.0,0.0,0.0,0.0,0.0,0.0,0.0,0.0,0.0,0.0,0.0,0.0,0.0,0.0,0.0,0.0,0.0,0.0,0.0,0.0,0.0,0.0,0.0,0.0,0.0,0.0,0.0,0.0,0.0,0.0,0.0,0.0,0.0,0.0,0.0,0.0,0.0,0.0,0.0,0.0,0.0,0.0,0.0,0.0,0.0,0.0,0.0,0.0,0.0,0.0,0.0,0.0,0.0,0.0,0.0,0.0,0.0,0.0,0.0,0.0,0.0,0.0,0.0,0.0
84.45,7.504521474188624e-05,0.00011255641890498252,0.00010004026620715407,6.251906831583989e-05,3.7509049058087395e-05,5.000868900971828e-05,2.500337545568794e-05,0.0,0.0,2.5000437507657806e-05,1.2500125001250723e-05,0.0,0.0,0.0,0.0,0.0,0.0,0.0,0.0,0.0,0.0,0.0,0.0,0.0,0.0,0.0,0.0,0.0,0.0,0.0,0.0,0.0,0.0,0.0,0.0,0.0,0.0,0.0,0.0,0.0,0.0,0.0,0.0,0.0,0.0,0.0,0.0,0.0,0.0,0.0,0.0,0.0,0.0,0.0,0.0,0.0,0.0,0.0,0.0,0.0,0.0,0.0,0.0,0.0,0.0,0.0,0.0,0.0,0.0,0.0,0.0,0.0,0.0,0.0,0.0,0.0,0.0,0.0,0.0,0.0,0.0,0.0,0.0
84.55000000000001,0.00013758289369343856,3.7518806301655504e-05,7.503019965535489e-05,6.2519068315831e-05,2.5006032705388044e-05,0.0,6.250843863921096e-05,1.2501125101258047e-05,1.2500578151738453e-05,2.5000437507654252e-05,0.0,0.0,0.0,1.2499999999998935e-05,0.0,0.0,0.0,0.0,0.0,0.0,0.0,0.0,0.0,0.0,0.0,0.0,0.0,0.0,0.0,0.0,0.0,0.0,0.0,0.0,0.0,0.0,0.0,0.0,0.0,0.0,0.0,0.0,0.0,0.0,0.0,0.0,0.0,0.0,0.0,0.0,0.0,0.0,0.0,0.0,0.0,0.0,0.0,0.0,0.0,0.0,0.0,0.0,0.0,0.0,0.0,0.0,0.0,0.0,0.0,0.0,0.0,0.0,0.0,0.0,0.0,0.0,0.0,0.0,0.0,0.0,0.0,0.0,0.0
84.65,0.000100060286322515,5.002507506888112e-05,6.252516637947129e-05,0.00010003050930534382,7.501809811617479e-05,7.501303351457742e-05,2.500337545568794e-05,1.2501125101259824e-05,1.2500578151740228e-05,1.2500218753828903e-05,0.0,1.2500078125488996e-05,0.0,0.0,0.0,0.0,0.0,0.0,0.0,0.0,0.0,0.0,0.0,0.0,0.0,0.0,0.0,0.0,0.0,0.0,0.0,0.0,0.0,0.0,0.0,0.0,0.0,0.0,0.0,0.0,0.0,0.0,0.0,0.0,0.0,0.0,0.0,0.0,0.0,0.0,0.0,0.0,0.0,0.0,0.0,0.0,0.0,0.0,0.0,0.0,0.0,0.0,0.0,0.0,0.0,0.0,0.0,0.0,0.0,0.0,0.0,0.0,0.0,0.0,0.0,0.0,0.0,0.0,0.0,0.0,0.0,0.0,0.0
84.75,6.253767895156298e-05,7.503761260331101e-05,6.25251663794624e-05,2.50076273263324e-05,6.25150817634701e-05,2.5004344504855588e-05,0.0,0.0,1.2500578151738453e-05,2.5000437507654252e-05,0.0,0.0,0.0,0.0,0.0,0.0,0.0,0.0,0.0,0.0,0.0,0.0,0.0,0.0,0.0,0.0,0.0,0.0,0.0,0.0,0.0,0.0,0.0,0.0,0.0,0.0,0.0,0.0,0.0,0.0,0.0,0.0,0.0,0.0,0.0,0.0,0.0,0.0,0.0,0.0,0.0,0.0,0.0,0.0,0.0,0.0,0.0,0.0,0.0,0.0,0.0,0.0,0.0,0.0,0.0,0.0,0.0,0.0,0.0,0.0,0.0,0.0,0.0,0.0,0.0,0.0,0.0,0.0,0.0,0.0,0.0,0.0,0.0
84.85000000000001,0.000100060286322515,5.002507506888112e-05,0.00013755536603483683,8.752669564217584e-05,1.2503016352695799e-05,1.250217225242957e-05,2.500337545568794e-05,6.250562550629913e-05,3.7501734455220687e-05,1.2500218753828903e-05,1.2500125001250723e-05,0.0,1.2500015625020242e-05,0.0,0.0,0.0,0.0,0.0,0.0,0.0,0.0,0.0,0.0,0.0,0.0,0.0,0.0,0.0,0.0,0.0,0.0,0.0,0.0,0.0,0.0,0.0,0.0,0.0,0.0,0.0,0.0,0.0,0.0,0.0,0.0,0.0,0.0,0.0,0.0,0.0,0.0,0.0,0.0,0.0,0.0,0.0,0.0,0.0,0.0,0.0,0.0,0.0,0.0,0.0,0.0,0.0,0.0,0.0,0.0,0.0,0.0,0.0,0.0,0.0,0.0,0.0,0.0,0.0,0.0,0.0,0.0,0.0,0.0
84.95,6.253767895157187e-05,3.751880630166084e-05,6.252516637947129e-05,6.251906831583989e-05,0.0,6.251086126214785e-05,1.250168772784397e-05,3.750337530377947e-05,2.5001156303480457e-05,2.5000437507657806e-05,1.2500125001250723e-05,0.0,0.0,0.0,0.0,0.0,0.0,0.0,0.0,0.0,0.0,0.0,0.0,0.0,0.0,0.0,0.0,0.0,0.0,0.0,0.0,0.0,0.0,0.0,0.0,0.0,0.0,0.0,0.0,0.0,0.0,0.0,0.0,0.0,0.0,0.0,0.0,0.0,0.0,0.0,0.0,0.0,0.0,0.0,0.0,0.0,0.0,0.0,0.0,0.0,0.0,0.0,0.0,0.0,0.0,0.0,0.0,0.0,0.0,0.0,0.0,0.0,0.0,0.0,0.0,0.0,0.0,0.0,0.0,0.0,0.0,0.0,0.0
85.05000000000001,0.00011256782211281338,7.503761260331101e-05,6.25251663794624e-05,5.00152546526648e-05,5.001206541077609e-05,3.7506516757283384e-05,1.2501687727842193e-05,0.0,0.0,0.0,1.2500125001248946e-05,0.0,0.0,0.0,0.0,0.0,0.0,0.0,0.0,0.0,0.0,0.0,0.0,0.0,0.0,0.0,0.0,0.0,0.0,0.0,0.0,0.0,0.0,0.0,0.0,0.0,0.0,0.0,0.0,0.0,0.0,0.0,0.0,0.0,0.0,0.0,0.0,0.0,0.0,0.0,0.0,0.0,0.0,0.0,0.0,0.0,0.0,0.0,0.0,0.0,0.0,0.0,0.0,0.0,0.0,0.0,0.0,0.0,0.0,0.0,0.0,0.0,0.0,0.0,0.0,0.0,0.0,0.0,0.0,0.0,0.0,0.0,0.0
85.15,5.00301431612575e-05,0.00010005015013776224,6.252516637947129e-05,6.251906831583989e-05,8.752111446887058e-05,5.000868900971828e-05,1.250168772784397e-05,5.0004500405039296e-05,5.000231260696091e-05,1.2500218753828903e-05,0.0,0.0,0.0,0.0,0.0,0.0,0.0,0.0,0.0,0.0,0.0,0.0,0.0,0.0,0.0,0.0,0.0,0.0,0.0,0.0,0.0,0.0,0.0,0.0,0.0,0.0,0.0,0.0,0.0,0.0,0.0,0.0,0.0,0.0,0.0,0.0,0.0,0.0,0.0,0.0,0.0,0.0,0.0,0.0,0.0,0.0,0.0,0.0,0.0,0.0,0.0,0.0,0.0,0.0,0.0,0.0,0.0,0.0,0.0,0.0,0.0,0.0,0.0,0.0,0.0,0.0,0.0,0.0,0.0,0.0,0.0,0.0,0.0
85.25,0.00013758289369343856,0.00013756895643940353,5.0020133103569926e-05,6.2519068315831e-05,1.2503016352694022e-05,6.251086126213897e-05,3.750506318352658e-05,0.0,1.2500578151738453e-05,2.5000437507654252e-05,0.0,0.0,0.0,0.0,0.0,0.0,0.0,0.0,0.0,0.0,0.0,0.0,0.0,0.0,0.0,0.0,0.0,0.0,0.0,0.0,0.0,0.0,0.0,0.0,0.0,0.0,0.0,0.0,0.0,0.0,0.0,0.0,0.0,0.0,0.0,0.0,0.0,0.0,0.0,0.0,0.0,0.0,0.0,0.0,0.0,0.0,0.0,0.0,0.0,0.0,0.0,0.0,0.0,0.0,0.0,0.0,0.0,0.0,0.0,0.0,0.0,0.0,0.0,0.0,0.0,0.0,0.0,0.0,0.0,0.0,0.0,0.0,0.0
85.35000000000001,0.000100060286322515,7.503761260332167e-05,8.75352329312598e-05,5.001525465267191e-05,2.5006032705391598e-05,1.250217225242957e-05,6.250843863921984e-05,1.2501125101259824e-05,1.2500578151740228e-05,1.2500218753828903e-05,0.0,0.0,0.0,0.0,0.0,0.0,0.0,0.0,0.0,0.0,0.0,0.0,0.0,0.0,0.0,0.0,0.0,0.0,0.0,0.0,0.0,0.0,0.0,0.0,0.0,0.0,0.0,0.0,0.0,0.0,0.0,0.0,0.0,0.0,0.0,0.0,0.0,0.0,0.0,0.0,0.0,0.0,0.0,0.0,0.0,0.0,0.0,0.0,0.0,0.0,0.0,0.0,0.0,0.0,0.0,0.0,0.0,0.0,0.0,0.0,0.0,0.0,0.0,0.0,0.0,0.0,0.0,0.0,0.0,0.0,0.0,0.0,0.0
85.45,2.501507158062875e-05,7.503761260332167e-05,7.503019965536554e-05,8.752669564217584e-05,2.5006032705391598e-05,1.250217225242957e-05,3.750506318353191e-05,1.2501125101259824e-05,2.5001156303480457e-05,1.2500218753828903e-05,0.0,0.0,0.0,0.0,0.0,0.0,0.0,0.0,0.0,0.0,0.0,0.0,0.0,0.0,0.0,0.0,0.0,0.0,0.0,0.0,0.0,0.0,0.0,0.0,0.0,0.0,0.0,0.0,0.0,0.0,0.0,0.0,0.0,0.0,0.0,0.0,0.0,0.0,0.0,0.0,0.0,0.0,0.0,0.0,0.0,0.0,0.0,0.0,0.0,0.0,0.0,0.0,0.0,0.0,0.0,0.0,0.0,0.0,0.0,0.0,0.0,0.0,0.0,0.0,0.0,0.0,0.0,0.0,0.0,0.0,0.0,0.0,0.0
85.55000000000001,0.00010006028632250078,8.754388137052952e-05,6.25251663794624e-05,6.2519068315831e-05,5.001206541077609e-05,1.2502172252427794e-05,2.5003375455684386e-05,0.0,0.0,0.0,0.0,0.0,0.0,0.0,0.0,0.0,0.0,0.0,0.0,0.0,0.0,0.0,0.0,0.0,0.0,0.0,0.0,0.0,0.0,0.0,0.0,0.0,0.0,0.0,0.0,0.0,0.0,0.0,0.0,0.0,0.0,0.0,0.0,0.0,0.0,0.0,0.0,0.0,0.0,0.0,0.0,0.0,0.0,0.0,0.0,0.0,0.0,0.0,0.0,0.0,0.0,0.0,0.0,0.0,0.0,0.0,0.0,0.0,0.0,0.0,0.0,0.0,0.0,0.0,0.0,0.0,0.0,0.0,0.0,0.0,0.0,0.0,0.0
85.65,8.755275053220063e-05,6.25313438361014e-05,6.252516637947129e-05,5.001525465267191e-05,3.7509049058087395e-05,2.500434450485914e-05,1.250168772784397e-05,1.2501125101259824e-05,0.0,1.2500218753828903e-05,0.0,0.0,0.0,0.0,0.0,0.0,0.0,0.0,0.0,0.0,0.0,0.0,0.0,0.0,0.0,0.0,0.0,0.0,0.0,0.0,0.0,0.0,0.0,0.0,0.0,0.0,0.0,0.0,0.0,0.0,0.0,0.0,0.0,0.0,0.0,0.0,0.0,0.0,0.0,0.0,0.0,0.0,0.0,0.0,0.0,0.0,0.0,0.0,0.0,0.0,0.0,0.0,0.0,0.0,0.0,0.0,0.0,0.0,0.0,0.0,0.0,0.0,0.0,0.0,0.0,0.0,0.0,0.0,0.0,0.0,0.0,0.0,0.0
85.75,0.00010006028632250078,6.253134383609251e-05,6.25251663794624e-05,5.00152546526648e-05,3.750904905808206e-05,3.7506516757283384e-05,1.2501687727842193e-05,5.000450040503219e-05,1.2500578151738453e-05,1.2500218753827126e-05,1.2500125001248946e-05,0.0,3.7500046875055395e-05,0.0,0.0,0.0,0.0,0.0,0.0,0.0,0.0,0.0,0.0,0.0,0.0,0.0,0.0,0.0,0.0,0.0,0.0,0.0,0.0,0.0,0.0,0.0,0.0,0.0,0.0,0.0,0.0,0.0,0.0,0.0,0.0,0.0,0.0,0.0,0.0,0.0,0.0,0.0,0.0,0.0,0.0,0.0,0.0,0.0,0.0,0.0,0.0,0.0,0.0,0.0,0.0,0.0,0.0,0.0,0.0,0.0,0.0,0.0,0.0,0.0,0.0,0.0,0.0,0.0,0.0,0.0,0.0,0.0,0.0
85.85000000000001,3.752260737094312e-05,0.0001250626876722028,3.751509982768277e-05,3.751144098950393e-05,3.7509049058087395e-05,7.501303351457742e-05,1.250168772784397e-05,0.0,1.2500578151740228e-05,3.7500656261486706e-05,0.0,0.0,0.0,0.0,0.0,0.0,0.0,0.0,0.0,0.0,0.0,0.0,0.0,0.0,0.0,0.0,0.0,0.0,0.0,0.0,0.0,0.0,0.0,0.0,0.0,0.0,0.0,0.0,0.0,0.0,0.0,0.0,0.0,0.0,0.0,0.0,0.0,0.0,0.0,0.0,0.0,0.0,0.0,0.0,0.0,0.0,0.0,0.0,0.0,0.0,0.0,0.0,0.0,0.0,0.0,0.0,0.0,0.0,0.0,0.0,0.0,0.0,0.0,0.0,0.0,0.0,0.0,0.0,0.0,0.0,0.0,0.0,0.0
85.95,6.253767895157187e-05,0.0001250626876722028,3.751509982768277e-05,0.00012503813663167977,3.7509049058087395e-05,2.500434450485914e-05,3.750506318353191e-05,5.0004500405039296e-05,2.5001156303480457e-05,0.0,0.0,0.0,0.0,0.0,0.0,0.0,0.0,0.0,0.0,0.0,0.0,0.0,0.0,0.0,0.0,0.0,0.0,0.0,0.0,0.0,0.0,0.0,0.0,0.0,0.0,0.0,0.0,0.0,0.0,0.0,0.0,0.0,0.0,0.0,0.0,0.0,0.0,0.0,0.0,0.0,0.0,0.0,0.0,0.0,0.0,0.0,0.0,0.0,0.0,0.0,0.0,0.0,0.0,0.0,0.0,0.0,0.0,0.0,0.0,0.0,0.0,0.0,0.0,0.0,0.0,0.0,0.0,0.0,0.0,0.0,0.0,0.0,0.0
86.05000000000001,6.253767895156298e-05,3.7518806301655504e-05,0.00011254529948303233,3.75114409894986e-05,1.2503016352694022e-05,3.7506516757283384e-05,0.0,1.2501125101258047e-05,5.000231260695381e-05,1.2500218753827126e-05,0.0,0.0,0.0,0.0,0.0,0.0,0.0,0.0,0.0,0.0,0.0,0.0,0.0,0.0,0.0,0.0,0.0,0.0,0.0,0.0,0.0,0.0,0.0,0.0,0.0,0.0,0.0,0.0,0.0,0.0,0.0,0.0,0.0,0.0,0.0,0.0,0.0,0.0,0.0,0.0,0.0,0.0,0.0,0.0,0.0,0.0,0.0,0.0,0.0,0.0,0.0,0.0,0.0,0.0,0.0,0.0,0.0,0.0,0.0,0.0,0.0,0.0,0.0,0.0,0.0,0.0,0.0,0.0,0.0,0.0,0.0,0.0,0.0
86.15,5.00301431612575e-05,0.00010005015013776224,6.252516637947129e-05,5.001525465267191e-05,3.7509049058087395e-05,2.500434450485914e-05,1.250168772784397e-05,1.2501125101259824e-05,3.7501734455220687e-05,0.0,0.0,0.0,0.0,0.0,0.0,0.0,0.0,0.0,0.0,0.0,0.0,0.0,0.0,0.0,0.0,0.0,0.0,0.0,0.0,0.0,0.0,0.0,0.0,0.0,0.0,0.0,0.0,0.0,0.0,0.0,0.0,0.0,0.0,0.0,0.0,0.0,0.0,0.0,0.0,0.0,0.0,0.0,0.0,0.0,0.0,0.0,0.0,0.0,0.0,0.0,0.0,0.0,0.0,0.0,0.0,0.0,0.0,0.0,0.0,0.0,0.0,0.0,0.0,0.0,0.0,0.0,0.0,0.0,0.0,0.0,0.0,0.0,0.0
86.25,2.5015071580625196e-05,7.503761260331101e-05,7.503019965535489e-05,7.50228819789972e-05,2.5006032705388044e-05,3.7506516757283384e-05,3.750506318352658e-05,2.5002250202516094e-05,3.7501734455215354e-05,1.2500218753827126e-05,1.2500125001248946e-05,1.2500078125487219e-05,0.0,0.0,0.0,0.0,0.0,0.0,0.0,0.0,0.0,0.0,0.0,0.0,0.0,0.0,0.0,0.0,0.0,0.0,0.0,0.0,0.0,0.0,0.0,0.0,0.0,0.0,0.0,0.0,0.0,0.0,0.0,0.0,0.0,0.0,0.0,0.0,0.0,0.0,0.0,0.0,0.0,0.0,0.0,0.0,0.0,0.0,0.0,0.0,0.0,0.0,0.0,0.0,0.0,0.0,0.0,0.0,0.0,0.0,0.0,0.0,0.0,0.0,0.0,0.0,0.0,0.0,0.0,0.0,0.0,0.0,0.0
86.35000000000001,0.00011256782211282937,8.754388137054196e-05,7.503019965536554e-05,3.751144098950393e-05,2.5006032705391598e-05,1.250217225242957e-05,1.250168772784397e-05,3.750337530377947e-05,0.0,0.0,1.2500125001250723e-05,0.0,0.0,0.0,0.0,0.0,0.0,0.0,0.0,0.0,0.0,0.0,0.0,0.0,0.0,0.0,0.0,0.0,0.0,0.0,0.0,0.0,0.0,0.0,0.0,0.0,0.0,0.0,0.0,0.0,0.0,0.0,0.0,0.0,0.0,0.0,0.0,0.0,0.0,0.0,0.0,0.0,0.0,0.0,0.0,0.0,0.0,0.0,0.0,0.0,0.0,0.0,0.0,0.0,0.0,0.0,0.0,0.0,0.0,0.0,0.0,0.0,0.0,0.0,0.0,0.0,0.0,0.0,0.0,0.0,0.0,0.0,0.0
86.45,8.755275053220063e-05,0.00011255641890498252,7.503019965536554e-05,2.5007627326335955e-05,6.2515081763479e-05,6.251086126214785e-05,1.250168772784397e-05,2.5002250202519648e-05,0.0,1.2500218753828903e-05,0.0,0.0,0.0,0.0,0.0,0.0,0.0,0.0,0.0,0.0,0.0,0.0,0.0,0.0,0.0,0.0,0.0,0.0,0.0,0.0,0.0,0.0,0.0,0.0,0.0,0.0,0.0,0.0,0.0,0.0,0.0,0.0,0.0,0.0,0.0,0.0,0.0,0.0,0.0,0.0,0.0,0.0,0.0,0.0,0.0,0.0,0.0,0.0,0.0,0.0,0.0,0.0,0.0,0.0,0.0,0.0,0.0,0.0,0.0,0.0,0.0,0.0,0.0,0.0,0.0,0.0,0.0,0.0,0.0,0.0,0.0,0.0,0.0
86.55000000000001,0.00013758289369343856,6.253134383609251e-05,3.7515099827677445e-05,7.50228819789972e-05,1.2503016352694022e-05,3.7506516757283384e-05,1.2501687727842193e-05,0.0,1.2500578151738453e-05,2.5000437507654252e-05,0.0,0.0,0.0,0.0,0.0,0.0,0.0,0.0,0.0,0.0,0.0,0.0,0.0,0.0,0.0,0.0,0.0,0.0,0.0,0.0,0.0,0.0,0.0,0.0,0.0,0.0,0.0,0.0,0.0,0.0,0.0,0.0,0.0,0.0,0.0,0.0,0.0,0.0,0.0,0.0,0.0,0.0,0.0,0.0,0.0,0.0,0.0,0.0,0.0,0.0,0.0,0.0,0.0,0.0,0.0,0.0,0.0,0.0,0.0,0.0,0.0,0.0,0.0,0.0,0.0,0.0,0.0,0.0,0.0,0.0,0.0,0.0,0.0
86.65,8.755275053220063e-05,5.002507506888112e-05,8.75352329312598e-05,6.251906831583989e-05,5.0012065410783196e-05,3.750651675728871e-05,1.250168772784397e-05,1.2501125101259824e-05,2.5001156303480457e-05,1.2500218753828903e-05,0.0,0.0,0.0,0.0,0.0,0.0,0.0,0.0,0.0,0.0,0.0,0.0,0.0,0.0,0.0,0.0,0.0,0.0,0.0,0.0,0.0,0.0,0.0,0.0,0.0,0.0,0.0,0.0,0.0,0.0,0.0,0.0,0.0,0.0,0.0,0.0,0.0,0.0,0.0,0.0,0.0,0.0,0.0,0.0,0.0,0.0,0.0,0.0,0.0,0.0,0.0,0.0,0.0,0.0,0.0,0.0,0.0,0.0,0.0,0.0,0.0,0.0,0.0,0.0,0.0,0.0,0.0,0.0,0.0,0.0,0.0,0.0,0.0
86.75,2.5015071580625196e-05,5.002507506887401e-05,6.25251663794624e-05,1.25038136631662e-05,3.750904905808206e-05,3.7506516757283384e-05,0.0,0.0,1.2500578151738453e-05,0.0,0.0,0.0,0.0,0.0,0.0,0.0,0.0,0.0,0.0,0.0,0.0,0.0,0.0,0.0,0.0,0.0,0.0,0.0,0.0,0.0,0.0,0.0,0.0,0.0,0.0,0.0,0.0,0.0,0.0,0.0,0.0,0.0,0.0,0.0,0.0,0.0,0.0,0.0,0.0,0.0,0.0,0.0,0.0,0.0,0.0,0.0,0.0,0.0,0.0,0.0,0.0,0.0,0.0,0.0,0.0,0.0,0.0,0.0,0.0,0.0,0.0,0.0,0.0,0.0,0.0,0.0,0.0,0.0,0.0,0.0,0.0,0.0,0.0
86.85000000000001,0.00011256782211282937,3.751880630166084e-05,3.751509982768277e-05,0.0,1.2503016352695799e-05,2.500434450485914e-05,1.250168772784397e-05,1.2501125101259824e-05,1.2500578151740228e-05,0.0,0.0,0.0,0.0,0.0,0.0,0.0,0.0,0.0,0.0,0.0,0.0,0.0,0.0,0.0,0.0,0.0,0.0,0.0,0.0,0.0,0.0,0.0,0.0,0.0,0.0,0.0,0.0,0.0,0.0,0.0,0.0,0.0,0.0,0.0,0.0,0.0,0.0,0.0,0.0,0.0,0.0,0.0,0.0,0.0,0.0,0.0,0.0,0.0,0.0,0.0,0.0,0.0,0.0,0.0,0.0,0.0,0.0,0.0,0.0,0.0,0.0,0.0,0.0,0.0,0.0,0.0,0.0,0.0,0.0,0.0,0.0,0.0,0.0
86.95,5.00301431612575e-05,7.503761260332167e-05,7.503019965536554e-05,5.001525465267191e-05,3.7509049058087395e-05,0.0,1.250168772784397e-05,1.2501125101259824e-05,3.7501734455220687e-05,1.2500218753828903e-05,0.0,1.2500078125488996e-05,0.0,0.0,0.0,0.0,0.0,0.0,0.0,0.0,0.0,0.0,0.0,0.0,0.0,0.0,0.0,0.0,0.0,0.0,0.0,0.0,0.0,0.0,0.0,0.0,0.0,0.0,0.0,0.0,0.0,0.0,0.0,0.0,0.0,0.0,0.0,0.0,0.0,0.0,0.0,0.0,0.0,0.0,0.0,0.0,0.0,0.0,0.0,0.0,0.0,0.0,0.0,0.0,0.0,0.0,0.0,0.0,0.0,0.0,0.0,0.0,0.0,0.0,0.0,0.0,0.0,0.0,0.0,0.0,0.0,0.0,0.0
87.05000000000001,6.253767895156298e-05,8.754388137052952e-05,3.7515099827677445e-05,8.75266956421634e-05,6.25150817634701e-05,3.7506516757283384e-05,0.0,1.2501125101258047e-05,0.0,0.0,0.0,0.0,0.0,0.0,0.0,0.0,0.0,0.0,0.0,0.0,0.0,0.0,0.0,0.0,0.0,0.0,0.0,0.0,0.0,0.0,0.0,0.0,0.0,0.0,0.0,0.0,0.0,0.0,0.0,0.0,0.0,0.0,0.0,0.0,0.0,0.0,0.0,0.0,0.0,0.0,0.0,0.0,0.0,0.0,0.0,0.0,0.0,0.0,0.0,0.0,0.0,0.0,0.0,0.0,0.0,0.0,0.0,0.0,0.0,0.0,0.0,0.0,0.0,0.0,0.0,0.0,0.0,0.0,0.0,0.0,0.0,0.0,0.0
